depth_m,rop_m_h,wob_kg,pump_kpa,hookload_kg,torque_kpa,rpm,flow_l_min,temp_out_c,temp_in_c,rop_over_rpm,wob_over_rpm,mse_shape_term,pump_flow_ratio,depth_gradient,rop_gradient,wob_gradient,rpm_gradient,torque_prev,torque_growth_prev,predicted_torque_kpa,predicted_growth_kpa_per_depth_step,absolute_residual_correction_kpa,torque_ok,growth_ok,residual_screen_ok,safe
1306.65,4.26,5543.312,12251.17,40553.29,716.39,34.826,2774.33,47.59,40.91,0.1223223992901166,159.17164879194715,678.0712238536948,4.415902216241074,0.3100000000001728,-0.1900000000000004,-7318.368,-14.914000000000001,724.32,-12.620000000000005,697.6911824290667,-18.69881757093333,272.15225,True,True,False,False
1306.65,4.26,5543.312,12251.17,40553.29,716.39,36.219500000000004,2774.33,47.59,40.91,0.11761619797025916,153.04771868612988,651.9832816029133,4.415902216241074,0.3100000000001728,-0.1900000000000004,-7318.368,-13.520499999999998,724.32,-12.620000000000005,693.952252116968,-22.43774788303199,277.81503,True,True,False,False
1306.65,4.26,5543.312,12251.17,40553.29,716.39,37.613,2774.33,47.59,40.91,0.11325871073143035,147.37755171410015,627.8283703020666,4.415902216241074,0.3100000000001728,-0.1900000000000004,-7318.368,-12.127000000000002,724.32,-12.620000000000005,684.1392497249769,-32.25075027502305,289.10944,True,True,False,False
1306.65,4.26,5543.312,12251.17,40553.29,716.39,39.0065,2774.33,47.59,40.91,0.109212564336391,142.11251606495028,605.3993184366883,4.415902216241074,0.3100000000001728,-0.1900000000000004,-7318.368,-10.7335,724.32,-12.620000000000005,685.2256199506805,-31.164380049319448,289.10944,True,True,False,False
1306.65,4.26,5543.312,12251.17,40553.29,716.39,40.4,2774.33,47.59,40.91,0.10544554194441728,137.21068967300275,584.5175380069917,4.415902216241074,0.3100000000001728,-0.1900000000000004,-7318.368,-9.340000000000003,724.32,-12.620000000000005,687.104198873851,-29.285801126148954,287.96307,True,True,False,False
1306.65,4.26,5543.312,12251.17,40553.29,716.39,41.7935,2774.33,47.59,40.91,0.10192972347542743,132.6357416192532,565.0282592980186,4.415902216241074,0.3100000000001728,-0.1900000000000004,-7318.368,-7.9465,724.32,-12.620000000000005,687.5176869899641,-28.872313010035896,287.96307,True,True,False,False
1306.65,4.26,5543.312,12251.17,40553.29,716.39,43.187,2774.33,47.59,40.91,0.09864079239954635,128.35603009340704,546.796688197914,4.415902216241074,0.3100000000001728,-0.1900000000000004,-7318.368,-6.553000000000004,724.32,-12.620000000000005,696.35869257662,-20.031307423379985,279.24768,True,True,False,False
1306.65,4.26,5543.312,12251.17,40553.29,716.39,44.5805,2774.33,47.59,40.91,0.09555747253715251,124.34386953165915,529.704884204868,4.415902216241074,0.3100000000001728,-0.1900000000000004,-7318.368,-5.159500000000001,724.32,-12.620000000000005,707.8975581002143,-8.492441899785717,267.57355,True,True,False,False
1306.65,4.26,5543.312,12251.17,40553.29,716.39,45.974000000000004,2774.33,47.59,40.91,0.09266106728452891,120.57493103547807,513.6492062111365,4.415902216241074,0.3100000000001728,-0.1900000000000004,-7318.368,-3.7659999999999982,724.32,-12.620000000000005,737.4164439937093,21.026443993709336,237.68224,True,True,True,True
1306.65,4.26,5543.312,12251.17,40553.29,716.39,47.3675,2774.33,47.59,40.91,0.08993508017237388,117.02774862452634,498.5382091404822,4.415902216241074,0.3100000000001728,-0.1900000000000004,-7318.368,-2.3725000000000023,724.32,-12.620000000000005,736.0944383893518,19.70443838935182,238.41559,True,True,True,True
1306.65,4.26,5543.312,12251.17,40553.29,716.39,48.760999999999996,2774.33,47.59,40.91,0.08736490048676401,113.68331015189784,484.2909012470848,4.415902216241074,0.3100000000001728,-0.1900000000000004,-7318.368,-0.9790000000000063,724.32,-12.620000000000005,745.0048126934554,28.614812693455406,228.71887,True,True,True,True
1306.65,4.26,5543.312,12251.17,40553.29,716.39,50.1545,2774.33,47.59,40.91,0.08493754129863638,110.52471641578092,470.83529193122666,4.415902216241074,0.3100000000001728,-0.1900000000000004,-7318.368,0.41449999999999676,724.32,-12.620000000000005,738.4168066123189,22.026806612318865,234.33932,True,True,True,True
1306.65,4.26,5543.312,12251.17,40553.29,716.39,51.548,2774.33,47.59,40.91,0.08264141998445293,107.53689556264267,458.10717509685776,4.415902216241074,0.3100000000001728,-0.1900000000000004,-7318.368,1.8079999999999998,724.32,-12.620000000000005,738.5637899292317,22.173789929231702,233.05827,True,True,True,True
1306.65,4.26,5543.312,12251.17,40553.29,716.39,52.941500000000005,2774.33,47.59,40.91,0.08046617340902366,104.70636259444173,446.0491046523218,4.415902216241074,0.3100000000001728,-0.1900000000000004,-7318.368,3.201500000000003,724.32,-12.620000000000005,737.2763552775846,20.886355277584585,233.05827,True,True,True,True
1306.65,4.26,5543.312,12251.17,40553.29,716.39,54.335,2774.33,47.59,40.91,0.07840250154775924,102.0210158825616,434.6095276597124,4.415902216241074,0.3100000000001728,-0.1900000000000004,-7318.368,4.594999999999999,724.32,-12.620000000000005,740.9554474617591,24.565447461759163,227.95018,True,True,True,True
1306.65,4.26,5543.312,12251.17,40553.29,716.39,55.7285,2774.33,47.59,40.91,0.07644203457042564,99.46996421095196,423.74204753865536,4.415902216241074,0.3100000000001728,-0.1900000000000004,-7318.368,5.988499999999995,724.32,-12.620000000000005,739.3954996310679,23.00549963106789,227.95018,True,True,True,True
1306.65,4.26,5543.312,12251.17,40553.29,716.39,57.122,2774.33,47.59,40.91,0.07457721937997235,97.04337913512519,413.4047951156333,4.415902216241074,0.3100000000001728,-0.1900000000000004,-7318.368,7.381999999999998,724.32,-12.620000000000005,739.5568703305448,23.16687033054484,226.1075,True,True,True,True
1306.65,4.26,5543.312,12251.17,40553.29,716.39,58.5155,2774.33,47.59,40.91,0.07280122236328455,94.73236843686941,403.5598895410636,4.415902216241074,0.3100000000001728,-0.1900000000000004,-7318.368,8.775500000000001,724.32,-12.620000000000005,738.3502839077659,21.96028390776587,225.52008,True,True,True,True
1306.65,4.26,5543.312,12251.17,40553.29,716.39,59.909,2774.33,47.59,40.91,0.07110784571420245,92.52886723983264,394.17297444168696,4.415902216241074,0.3100000000001728,-0.1900000000000004,-7318.368,10.168999999999997,724.32,-12.620000000000005,734.7019543827196,18.31195438271959,227.26958,True,True,True,True
1306.65,4.26,5543.312,12251.17,40553.29,716.39,61.302499999999995,2774.33,47.59,40.91,0.06949145516917818,90.425543975767,385.2128173367674,4.415902216241074,0.3100000000001728,-0.1900000000000004,-7318.368,11.562499999999993,724.32,-12.620000000000005,726.7517667366915,10.361766736691493,233.22325,True,True,True,True
1306.65,4.26,5543.312,12251.17,40553.29,716.39,62.696,2774.33,47.59,40.91,0.0679469173799458,88.41571889090662,376.6509624752622,4.415902216241074,0.3100000000001728,-0.1900000000000004,-7318.368,12.955999999999996,724.32,-12.620000000000005,720.6475916035538,4.257591603553806,237.23975,True,True,True,True
1306.65,4.26,5543.312,12251.17,40553.29,716.39,64.0895,2774.33,47.59,40.91,0.06646954545643911,86.4932931838555,368.4614289632244,4.415902216241074,0.3100000000001728,-0.1900000000000004,-7318.368,14.349499999999999,724.32,-12.620000000000005,715.553227900277,-0.8367720997230208,240.16121,True,True,True,True
1306.65,4.26,5543.312,12251.17,40553.29,716.39,65.483,2774.33,47.59,40.91,0.06505505146289797,84.65268719129107,360.6204474348999,4.415902216241074,0.3100000000001728,-0.1900000000000004,-7318.368,15.743000000000002,724.32,-12.620000000000005,713.3005474506375,-3.089452549362477,240.16121,True,True,True,True
1306.65,4.26,5543.312,12251.17,40553.29,716.39,66.8765,2774.33,47.59,40.91,0.06369950485298267,82.88878630178336,353.10622964559707,4.415902216241074,0.3100000000001728,-0.1900000000000004,-7318.368,17.13649999999999,724.32,-12.620000000000005,713.1207183772023,-3.2692816227977346,238.01357,True,True,True,True
1306.65,4.26,5543.312,12251.17,40553.29,716.39,68.27000000000001,2774.33,47.59,40.91,0.06239929599532303,81.19689349352726,345.8987662824261,4.415902216241074,0.3100000000001728,-0.1900000000000004,-7318.368,18.53000000000001,724.32,-12.620000000000005,710.7230325081807,-5.666967491819264,238.01357,True,True,True,True
1306.65,4.26,5543.312,12251.17,40553.29,716.39,69.6635,2774.33,47.59,40.91,0.06115110407672448,79.57268756848727,338.97964904175575,4.415902216241074,0.3100000000001728,-0.1900000000000004,-7318.368,19.923499999999997,724.32,-12.620000000000005,706.2944425619224,-10.095557438077549,239.97847,True,True,True,True
1306.65,4.26,5543.312,12251.17,40553.29,716.39,71.057,2774.33,47.59,40.91,0.059951868782078206,78.01218630096702,332.3319136421195,4.415902216241074,0.3100000000001728,-0.1900000000000004,-7318.368,21.317,724.32,-12.620000000000005,705.4957681235,-10.89423187649993,238.25134,True,True,True,True
1306.65,4.26,5543.312,12251.17,40553.29,716.39,72.4505,2774.33,47.59,40.91,0.05879876524249294,76.51171383894226,325.939900953894,4.415902216241074,0.3100000000001728,-0.1900000000000004,-7318.368,22.710500000000003,724.32,-12.620000000000005,706.4512141249521,-9.93878587504787,234.71156,True,True,True,True
1306.65,4.26,5543.312,12251.17,40553.29,716.39,73.844,2774.33,47.59,40.91,0.05768918181992875,75.0678717963833,319.78913385259284,4.415902216241074,0.3100000000001728,-0.1900000000000004,-7318.368,24.103999999999992,724.32,-12.620000000000005,703.8116619716789,-12.578338028321127,234.71156,True,True,True,True
1306.65,4.26,5543.312,12251.17,40553.29,716.39,75.2375,2774.33,47.59,40.91,0.05662070036058215,73.67751355803271,313.8662077572194,4.415902216241074,0.3100000000001728,-0.1900000000000004,-7318.368,25.497499999999995,724.32,-12.620000000000005,702.0261637132329,-14.363836286767082,233.80536,True,True,True,True
1306.65,4.26,5543.312,12251.17,40553.29,716.39,76.631,2774.33,47.59,40.91,0.0555910786027707,72.33772138771879,308.15869311168206,4.415902216241074,0.3100000000001728,-0.1900000000000004,-7318.368,26.891,724.32,-12.620000000000005,699.2851558925842,-17.10484410741583,233.80536,True,True,True,True
1306.65,4.26,5543.312,12251.17,40553.29,716.39,78.02449999999999,2774.33,47.59,40.91,0.05459823446996477,71.04578598971112,302.6550483161693,4.415902216241074,0.3100000000001728,-0.1900000000000004,-7318.368,28.284499999999987,724.32,-12.620000000000005,696.4974844800635,-19.892515519936524,233.80536,True,True,True,True
1306.65,4.26,5543.312,12251.17,40553.29,716.39,79.418,2774.33,47.59,40.91,0.05364023201742385,69.79918822182391,297.34454182496984,4.415902216241074,0.3100000000001728,-0.1900000000000004,-7318.368,29.678000000000004,724.32,-12.620000000000005,701.7693197990516,-14.620680200948414,225.70164,True,True,True,True
1306.65,4.26,5543.312,12251.17,40553.29,716.39,80.8115,2774.33,47.59,40.91,0.05271526883283606,68.59558270053665,292.21718230428615,4.415902216241074,0.3100000000001728,-0.1900000000000004,-7318.368,31.071499999999993,724.32,-12.620000000000005,694.387143703502,-22.002856296497953,230.21002,True,True,True,True
1306.65,4.26,5543.312,12251.17,40553.29,716.39,82.205,2774.33,47.59,40.91,0.05182166471842753,67.43278307362347,287.263655893636,4.415902216241074,0.3100000000001728,-0.1900000000000004,-7318.368,32.464999999999996,724.32,-12.620000000000005,691.4735561744524,-24.916443825547617,230.21002,True,True,True,True
1306.65,4.26,5543.312,12251.17,40553.29,716.39,83.5985,2774.33,47.59,40.91,0.05095785150501682,66.30874876572248,282.4752697419778,4.415902216241074,0.3100000000001728,-0.1900000000000004,-7318.368,33.8585,724.32,-12.620000000000005,688.5221698357882,-27.867830164211796,230.21002,True,True,True,True
1306.65,4.26,5543.312,12251.17,40553.29,716.39,84.99199999999999,2774.33,47.59,40.91,0.050122363868100955,65.22157302779588,277.84390109841047,4.415902216241074,0.3100000000001728,-0.1900000000000004,-7318.368,35.25199999999999,724.32,-12.620000000000005,685.5348438968673,-30.855156103132686,230.21002,True,True,True,True
1306.65,4.26,5543.312,12251.17,40553.29,716.39,86.38550000000001,2774.33,47.59,40.91,0.049313831032825745,64.16947214324773,273.36195133023534,4.415902216241074,0.3100000000001728,-0.1900000000000004,-7318.368,36.645500000000006,724.32,-12.620000000000005,681.2567258052147,-35.13327419478526,231.46661,True,True,True,True
1306.65,4.26,5543.312,12251.17,40553.29,716.39,87.779,2774.33,47.59,40.91,0.048530969269062425,63.15077566216549,269.02230432082496,4.415902216241074,0.3100000000001728,-0.1900000000000004,-7318.368,38.038999999999994,724.32,-12.620000000000005,678.202627956299,-38.187372043700975,231.46661,True,True,True,True
1306.65,4.26,5543.312,12251.17,40553.29,716.39,89.1725,2774.33,47.59,40.91,0.04777257509016148,62.16391755121907,264.8182887681932,4.415902216241074,0.3100000000001728,-0.1900000000000004,-7318.368,39.4325,724.32,-12.620000000000005,682.0591511911425,-34.33084880885747,224.52495,True,True,True,True
1306.65,4.26,5543.312,12251.17,40553.29,716.39,90.566,2774.33,47.59,40.91,0.04703751907959367,61.20742816059638,260.7436439641406,4.415902216241074,0.3100000000001728,-0.1900000000000004,-7318.368,40.826,724.32,-12.620000000000005,678.9443972189478,-37.44560278105223,224.52495,True,True,True,True
1306.65,4.26,5543.312,12251.17,40553.29,716.39,91.95949999999999,2774.33,47.59,40.91,0.04632474027887559,60.27992692130855,256.7924886847744,4.415902216241074,0.3100000000001728,-0.1900000000000004,-7318.368,42.21949999999999,724.32,-12.620000000000005,675.8013778373278,-40.58862216267221,224.52495,True,True,True,True
1306.65,4.26,5543.312,12251.17,40553.29,716.39,93.35300000000001,2774.33,47.59,40.91,0.04563324107813095,59.38011569654841,252.95929286729623,4.415902216241074,0.3100000000001728,-0.1900000000000004,-7318.368,43.61300000000001,724.32,-12.620000000000005,672.6313588175251,-43.75864118247489,224.52495,True,True,True,True
1306.65,4.26,5543.312,12251.17,40553.29,716.39,94.7465,2774.33,47.59,40.91,0.044962082557539515,58.50677271976514,249.23885178619946,4.415902216241074,0.3100000000001728,-0.1900000000000004,-7318.368,45.006499999999996,724.32,-12.620000000000005,667.6198118601224,-48.77018813987763,226.34067,True,True,True,True
1306.65,4.26,5543.312,12251.17,40553.29,716.39,96.14,2774.33,47.59,40.91,0.04431038023392573,57.65874705992566,245.6262624752833,4.415902216241074,0.3100000000001728,-0.1900000000000004,-7318.368,46.4,724.32,-12.620000000000005,664.3992984097542,-51.99070159024575,226.34067,True,True,True,True
1306.65,4.26,5783.437636363637,12251.17,40553.29,716.39,34.826,2774.33,47.59,40.91,0.1223223992901166,166.06665911379366,707.4439678247609,4.415902216241074,0.3100000000001728,-0.1900000000000004,-7078.242363636364,-14.914000000000001,724.32,-12.620000000000005,699.2070440861532,-17.18295591384674,270.74557,True,True,False,False
1306.65,4.26,5783.437636363637,12251.17,40553.29,716.39,36.219500000000004,2774.33,47.59,40.91,0.11761619797025916,159.67745210966976,680.2259459871932,4.415902216241074,0.3100000000001728,-0.1900000000000004,-7078.242363636364,-13.520499999999998,724.32,-12.620000000000005,705.141853373799,-11.248146626200992,266.97458,True,True,False,False
1306.65,4.26,5783.437636363637,12251.17,40553.29,716.39,37.613,2774.33,47.59,40.91,0.11325871073143035,153.76166438736533,655.0246902901763,4.415902216241074,0.3100000000001728,-0.1900000000000004,-7078.242363636364,-12.127000000000002,724.32,-12.620000000000005,684.7105791722703,-31.6794208277297,289.10944,True,True,False,False
1306.65,4.26,5783.437636363637,12251.17,40553.29,716.39,39.0065,2774.33,47.59,40.91,0.109212564336391,148.26855749926497,631.6240549468687,4.415902216241074,0.3100000000001728,-0.1900000000000004,-7078.242363636364,-10.7335,724.32,-12.620000000000005,686.0032568478055,-30.386743152194526,289.10944,True,True,False,False
1306.65,4.26,5783.437636363637,12251.17,40553.29,716.39,40.4,2774.33,47.59,40.91,0.10544554194441728,143.1543933962684,609.8377158681034,4.415902216241074,0.3100000000001728,-0.1900000000000004,-7078.242363636364,-9.340000000000003,724.32,-12.620000000000005,688.0739110710938,-28.316088928906197,287.96307,True,True,False,False
1306.65,4.26,5783.437636363637,12251.17,40553.29,716.39,41.7935,2774.33,47.59,40.91,0.10192972347542743,138.38126737369134,589.504199011925,4.415902216241074,0.3100000000001728,-0.1900000000000004,-7078.242363636364,-7.9465,724.32,-12.620000000000005,688.6666659441631,-27.723334055836858,287.96307,True,True,False,False
1306.65,4.26,5783.437636363637,12251.17,40553.29,716.39,43.187,2774.33,47.59,40.91,0.09864079239954635,133.91616695874848,570.4828712442684,4.415902216241074,0.3100000000001728,-0.1900000000000004,-7078.242363636364,-6.553000000000004,724.32,-12.620000000000005,697.6753696110886,-18.71463038891136,279.24768,True,True,False,False
1306.65,4.26,5783.437636363637,12251.17,40553.29,716.39,44.5805,2774.33,47.59,40.91,0.09555747253715251,129.73020730214847,552.6506831071524,4.415902216241074,0.3100000000001728,-0.1900000000000004,-7078.242363636364,-5.159500000000001,724.32,-12.620000000000005,709.371449381455,-7.018550618544964,267.57355,True,True,False,False
1306.65,4.26,5783.437636363637,12251.17,40553.29,716.39,45.974000000000004,2774.33,47.59,40.91,0.09266106728452891,125.79800562417086,535.8995039589678,4.415902216241074,0.3100000000001728,-0.1900000000000004,-7078.242363636364,-3.7659999999999982,724.32,-12.620000000000005,739.0380190023805,22.648019002380465,237.68224,True,True,True,True
1306.65,4.26,5783.437636363637,12251.17,40553.29,716.39,47.3675,2774.33,47.59,40.91,0.08993508017237388,122.09716607941037,520.1339274982881,4.415902216241074,0.3100000000001728,-0.1900000000000004,-7078.242363636364,-2.3725000000000023,724.32,-12.620000000000005,737.8550077384334,21.465007738433428,238.41559,True,True,True,True
1306.65,4.26,5783.437636363637,12251.17,40553.29,716.39,48.760999999999996,2774.33,47.59,40.91,0.08736490048676401,118.60785295124761,505.2694535723147,4.415902216241074,0.3100000000001728,-0.1900000000000004,-7078.242363636364,-0.9790000000000063,724.32,-12.620000000000005,746.896431976172,30.506431976172053,228.71887,True,True,True,True
1306.65,4.26,5783.437636363637,12251.17,40553.29,716.39,50.1545,2774.33,47.59,40.91,0.08493754129863638,115.31243499688367,491.23097308672436,4.415902216241074,0.3100000000001728,-0.1900000000000004,-7078.242363636364,0.41449999999999676,724.32,-12.620000000000005,740.4321936075787,24.042193607578724,234.33932,True,True,True,True
1306.65,4.26,5783.437636363637,12251.17,40553.29,716.39,51.548,2774.33,47.59,40.91,0.08264141998445293,112.19518747901857,477.95149866061905,4.415902216241074,0.3100000000001728,-0.1900000000000004,-7078.242363636364,1.8079999999999998,724.32,-12.620000000000005,740.6962529980153,24.30625299801534,233.05827,True,True,True,True
1306.65,4.26,5783.437636363637,12251.17,40553.29,716.39,52.941500000000005,2774.33,47.59,40.91,0.08046617340902366,109.24204125537801,465.37109574791026,4.415902216241074,0.3100000000001728,-0.1900000000000004,-7078.242363636364,3.201500000000003,724.32,-12.620000000000005,739.5197311829087,23.1297311829087,233.05827,True,True,True,True
1306.65,4.26,5783.437636363637,12251.17,40553.29,716.39,54.335,2774.33,47.59,40.91,0.07840250154775924,106.44037047802091,453.43597823636907,4.415902216241074,0.3100000000001728,-0.1900000000000004,-7078.242363636364,4.594999999999999,724.32,-12.620000000000005,743.3040471621267,26.914047162126735,227.95018,True,True,True,True
1306.65,4.26,5783.437636363637,12251.17,40553.29,716.39,55.7285,2774.33,47.59,40.91,0.07644203457042564,103.77881214432158,442.09773973480986,4.415902216241074,0.3100000000001728,-0.1900000000000004,-7078.242363636364,5.988499999999995,724.32,-12.620000000000005,741.8440608511346,25.454060851134614,227.95018,True,True,True,True
1306.65,4.26,5783.437636363637,12251.17,40553.29,716.39,57.122,2774.33,47.59,40.91,0.07457721937997235,101.24711206044124,431.31269737747965,4.415902216241074,0.3100000000001728,-0.1900000000000004,-7078.242363636364,7.381999999999998,724.32,-12.620000000000005,740.2578340322499,23.867834032249903,227.95018,True,True,True,True
1306.65,4.26,5783.437636363637,12251.17,40553.29,716.39,58.5155,2774.33,47.59,40.91,0.07280122236328455,98.83599281434225,421.04132938909794,4.415902216241074,0.3100000000001728,-0.1900000000000004,-7078.242363636364,8.775500000000001,724.32,-12.620000000000005,739.1418032591308,22.75180325913084,227.36276,True,True,True,True
1306.65,4.26,5783.437636363637,12251.17,40553.29,716.39,59.909,2774.33,47.59,40.91,0.07110784571420245,96.53704017470825,411.2477911442571,4.415902216241074,0.3100000000001728,-0.1900000000000004,-7078.242363636364,10.168999999999997,724.32,-12.620000000000005,737.4224985693932,21.03249856939317,227.26958,True,True,True,True
1306.65,4.26,5783.437636363637,12251.17,40553.29,716.39,61.302499999999995,2774.33,47.59,40.91,0.06949145516917818,94.34260498382663,401.8994972311014,4.415902216241074,0.3100000000001728,-0.1900000000000004,-7078.242363636364,11.562499999999993,724.32,-12.620000000000005,730.3643292882325,13.974329288232525,232.41365,True,True,True,True
1306.65,4.26,5783.437636363637,12251.17,40553.29,716.39,62.696,2774.33,47.59,40.91,0.0679469173799458,92.24571813381904,392.9667592500691,4.415902216241074,0.3100000000001728,-0.1900000000000004,-7078.242363636364,12.955999999999996,724.32,-12.620000000000005,723.3158519862379,6.925851986237944,237.4532,True,True,True,True
1306.65,4.26,5783.437636363637,12251.17,40553.29,716.39,64.0895,2774.33,47.59,40.91,0.06646954545643911,90.24001663491867,384.4224708647535,4.415902216241074,0.3100000000001728,-0.1900000000000004,-7078.242363636364,14.349499999999999,724.32,-12.620000000000005,718.5102726492897,2.1202726492897455,240.16121,True,True,True,True
1306.65,4.26,5783.437636363637,12251.17,40553.29,716.39,65.483,2774.33,47.59,40.91,0.06505505146289797,88.31967912349705,376.2418330660974,4.415902216241074,0.3100000000001728,-0.1900000000000004,-7078.242363636364,15.743000000000002,724.32,-12.620000000000005,716.3297153064582,-0.06028469354180288,240.16121,True,True,True,True
1306.65,4.26,5783.437636363637,12251.17,40553.29,716.39,66.8765,2774.33,47.59,40.91,0.06369950485298267,86.47936943297374,368.4021137844681,4.415902216241074,0.3100000000001728,-0.1900000000000004,-7078.242363636364,17.13649999999999,724.32,-12.620000000000005,716.2190036936671,-0.17099630633288143,238.01357,True,True,True,True
1306.65,4.26,5783.437636363637,12251.17,40553.29,716.39,68.27000000000001,2774.33,47.59,40.91,0.06239929599532303,84.71418707557417,360.88243694194597,4.415902216241074,0.3100000000001728,-0.1900000000000004,-7078.242363636364,18.53000000000001,724.32,-12.620000000000005,713.8876136892741,-2.5023863107259103,238.01357,True,True,True,True
1306.65,4.26,5783.437636363637,12251.17,40553.29,716.39,69.6635,2774.33,47.59,40.91,0.06115110407672448,83.01962366725779,353.6635968225182,4.415902216241074,0.3100000000001728,-0.1900000000000004,-7078.242363636364,19.923499999999997,724.32,-12.620000000000005,709.5226673353343,-6.867332664665696,239.97847,True,True,True,True
1306.65,4.26,5783.437636363637,12251.17,40553.29,716.39,71.057,2774.33,47.59,40.91,0.059951868782078206,81.39152447995428,346.72789428460527,4.415902216241074,0.3100000000001728,-0.1900000000000004,-7078.242363636364,21.317,724.32,-12.620000000000005,707.058013182991,-9.33198681700901,239.97847,True,True,True,True
1306.65,4.26,5783.437636363637,12251.17,40553.29,716.39,72.4505,2774.33,47.59,40.91,0.05879876524249294,79.82605443078491,340.05899187514365,4.415902216241074,0.3100000000001728,-0.1900000000000004,-7078.242363636364,22.710500000000003,724.32,-12.620000000000005,706.2596017629695,-10.130398237030477,238.25134,True,True,True,True
1306.65,4.26,5783.437636363637,12251.17,40553.29,716.39,73.844,2774.33,47.59,40.91,0.05768918181992875,78.31966792215981,333.6417853484008,4.415902216241074,0.3100000000001728,-0.1900000000000004,-7078.242363636364,24.103999999999992,724.32,-12.620000000000005,704.4943900273205,-11.895609972679495,237.43358,True,True,True,True
1306.65,4.26,5783.437636363637,12251.17,40553.29,716.39,75.2375,2774.33,47.59,40.91,0.05662070036058215,76.86908203348803,327.46228946265893,4.415902216241074,0.3100000000001728,-0.1900000000000004,-7078.242363636364,25.497499999999995,724.32,-12.620000000000005,704.5791833288222,-11.810816671177804,234.71156,True,True,True,True
1306.65,4.26,5783.437636363637,12251.17,40553.29,716.39,76.631,2774.33,47.59,40.91,0.0555910786027707,75.47125263786697,321.5075362373133,4.415902216241074,0.3100000000001728,-0.1900000000000004,-7078.242363636364,26.891,724.32,-12.620000000000005,701.8906745080628,-14.499325491937157,234.71156,True,True,True,True
1306.65,4.26,5783.437636363637,12251.17,40553.29,716.39,78.02449999999999,2774.33,47.59,40.91,0.05459823446996477,74.12335307807528,315.76548411260063,4.415902216241074,0.3100000000001728,-0.1900000000000004,-7078.242363636364,28.284499999999987,724.32,-12.620000000000005,700.0598310784565,-16.33016892154353,233.80536,True,True,True,True
1306.65,4.26,5783.437636363637,12251.17,40553.29,716.39,79.418,2774.33,47.59,40.91,0.05364023201742385,72.82275508752274,310.22493667284687,4.415902216241074,0.3100000000001728,-0.1900000000000004,-7078.242363636364,29.678000000000004,724.32,-12.620000000000005,705.3805136272823,-11.009486372717674,225.70164,True,True,True,True
1306.65,4.26,5783.437636363637,12251.17,40553.29,716.39,80.8115,2774.33,47.59,40.91,0.05271526883283606,71.56701168517631,304.875469778851,4.415902216241074,0.3100000000001728,-0.1900000000000004,-7078.242363636364,31.071499999999993,724.32,-12.620000000000005,702.5538772098519,-13.836122790148124,225.70164,True,True,True,True
1306.65,4.26,5783.437636363637,12251.17,40553.29,716.39,82.205,2774.33,47.59,40.91,0.05182166471842753,70.35384181022803,299.7073661115714,4.415902216241074,0.3100000000001728,-0.1900000000000004,-7078.242363636364,32.464999999999996,724.32,-12.620000000000005,695.1774762525943,-21.212523747405726,230.21002,True,True,True,True
1306.65,4.26,5783.437636363637,12251.17,40553.29,716.39,83.5985,2774.33,47.59,40.91,0.05095785150501682,69.1811164935079,294.7115562623436,4.415902216241074,0.3100000000001728,-0.1900000000000004,-7078.242363636364,33.8585,724.32,-12.620000000000005,692.2701345637748,-24.119865436225155,230.21002,True,True,True,True
1306.65,4.26,5783.437636363637,12251.17,40553.29,716.39,84.99199999999999,2774.33,47.59,40.91,0.050122363868100955,68.04684638926948,289.8795656182879,4.415902216241074,0.3100000000001728,-0.1900000000000004,-7078.242363636364,35.25199999999999,724.32,-12.620000000000005,689.3254089924404,-27.064591007559557,230.21002,True,True,True,True
1306.65,4.26,5783.437636363637,12251.17,40553.29,716.39,86.38550000000001,2774.33,47.59,40.91,0.049313831032825745,66.94917051373744,285.20346638852146,4.415902216241074,0.3100000000001728,-0.1900000000000004,-7078.242363636364,36.645500000000006,724.32,-12.620000000000005,685.0885168800445,-31.301483119955492,231.46661,True,True,True,True
1306.65,4.26,5783.437636363637,12251.17,40553.29,716.39,87.779,2774.33,47.59,40.91,0.048530969269062425,65.88634605631519,280.6758341999027,4.415902216241074,0.3100000000001728,-0.1900000000000004,-7078.242363636364,38.038999999999994,724.32,-12.620000000000005,682.0743360776921,-34.31566392230786,231.46661,True,True,True,True
1306.65,4.26,5783.437636363637,12251.17,40553.29,716.39,89.1725,2774.33,47.59,40.91,0.04777257509016148,64.85673914611452,276.28970876244784,4.415902216241074,0.3100000000001728,-0.1900000000000004,-7078.242363636364,39.4325,724.32,-12.620000000000005,679.0278631411237,-37.36213685887628,231.46661,True,True,True,True
1306.65,4.26,5783.437636363637,12251.17,40553.29,716.39,90.566,2774.33,47.59,40.91,0.04703751907959367,63.85881647091425,272.0385581660947,4.415902216241074,0.3100000000001728,-0.1900000000000004,-7078.242363636364,40.826,724.32,-12.620000000000005,682.8922543151822,-33.4977456848178,224.52495,True,True,True,True
1306.65,4.26,5783.437636363637,12251.17,40553.29,716.39,91.95949999999999,2774.33,47.59,40.91,0.04632474027887559,62.891137658126674,267.9162464236196,4.415902216241074,0.3100000000001728,-0.1900000000000004,-7078.242363636364,42.21949999999999,724.32,-12.620000000000005,679.7855785460549,-36.604421453945065,224.52495,True,True,True,True
1306.65,4.26,5783.437636363637,12251.17,40553.29,716.39,93.35300000000001,2774.33,47.59,40.91,0.04563324107813095,61.95234833814969,263.91700392051763,4.415902216241074,0.3100000000001728,-0.1900000000000004,-7078.242363636364,43.61300000000001,724.32,-12.620000000000005,676.6508181211567,-39.73918187884328,224.52495,True,True,True,True
1306.65,4.26,5783.437636363637,12251.17,40553.29,716.39,94.7465,2774.33,47.59,40.91,0.044962082557539515,61.04117381985048,260.035400472563,4.415902216241074,0.3100000000001728,-0.1900000000000004,-7078.242363636364,45.006499999999996,724.32,-12.620000000000005,671.6734926153025,-44.71650738469748,226.34067,True,True,True,True
1306.65,4.26,5783.437636363637,12251.17,40553.29,716.39,96.14,2774.33,47.59,40.91,0.04431038023392573,60.15641331607264,256.2663207264694,4.415902216241074,0.3100000000001728,-0.1900000000000004,-7078.242363636364,46.4,724.32,-12.620000000000005,668.4862085717099,-47.903791428290106,226.34067,True,True,True,True
1306.65,4.26,6023.563272727272,12251.17,40553.29,716.39,34.826,2774.33,47.59,40.91,0.1223223992901166,172.96166943564012,736.8167117958269,4.415902216241074,0.3100000000001728,-0.1900000000000004,-6838.116727272728,-14.914000000000001,724.32,-12.620000000000005,695.6432853819117,-20.746714618088276,274.41852,True,True,False,False
1306.65,4.26,6023.563272727272,12251.17,40553.29,716.39,36.219500000000004,2774.33,47.59,40.91,0.11761619797025916,166.30718553320963,708.4686103714731,4.415902216241074,0.3100000000001728,-0.1900000000000004,-6838.116727272728,-13.520499999999998,724.32,-12.620000000000005,706.8976777751612,-9.492322224838745,265.5679,True,True,False,False
1306.65,4.26,6023.563272727272,12251.17,40553.29,716.39,37.613,2774.33,47.59,40.91,0.11325871073143035,160.1457770606305,682.221010278286,4.415902216241074,0.3100000000001728,-0.1900000000000004,-6838.116727272728,-12.127000000000002,724.32,-12.620000000000005,696.1222101332354,-20.267789866764588,278.26913,True,True,False,False
1306.65,4.26,6023.563272727272,12251.17,40553.29,716.39,39.0065,2774.33,47.59,40.91,0.109212564336391,154.42459893357963,657.8487914570492,4.415902216241074,0.3100000000001728,-0.1900000000000004,-6838.116727272728,-10.7335,724.32,-12.620000000000005,686.7808937449305,-29.60910625506949,289.10944,True,True,False,False
1306.65,4.26,6023.563272727272,12251.17,40553.29,716.39,40.4,2774.33,47.59,40.91,0.10544554194441728,149.09809711953406,635.1578937292151,4.415902216241074,0.3100000000001728,-0.1900000000000004,-6838.116727272728,-9.340000000000003,724.32,-12.620000000000005,689.0436232683365,-27.34637673166344,287.96307,True,True,False,False
1306.65,4.26,6023.563272727272,12251.17,40553.29,716.39,41.7935,2774.33,47.59,40.91,0.10192972347542743,144.12679312812946,613.9801387258316,4.415902216241074,0.3100000000001728,-0.1900000000000004,-6838.116727272728,-7.9465,724.32,-12.620000000000005,689.8156448983622,-26.57435510163782,287.96307,True,True,False,False
1306.65,4.26,6023.563272727272,12251.17,40553.29,716.39,43.187,2774.33,47.59,40.91,0.09864079239954635,139.47630382408988,594.1690542906229,4.415902216241074,0.3100000000001728,-0.1900000000000004,-6838.116727272728,-6.553000000000004,724.32,-12.620000000000005,698.9920466455571,-17.397953354442848,279.24768,True,True,False,False
1306.65,4.26,6023.563272727272,12251.17,40553.29,716.39,44.5805,2774.33,47.59,40.91,0.09555747253715251,135.11654507263776,575.5964820094368,4.415902216241074,0.3100000000001728,-0.1900000000000004,-6838.116727272728,-5.159500000000001,724.32,-12.620000000000005,710.8453406626958,-5.544659337304211,267.57355,True,True,False,False
1306.65,4.26,6023.563272727272,12251.17,40553.29,716.39,45.974000000000004,2774.33,47.59,40.91,0.09266106728452891,131.0210802128636,558.149801706799,4.415902216241074,0.3100000000001728,-0.1900000000000004,-6838.116727272728,-3.7659999999999982,724.32,-12.620000000000005,740.6595940110516,24.269594011051595,237.68224,True,True,True,True
1306.65,4.26,6023.563272727272,12251.17,40553.29,716.39,47.3675,2774.33,47.59,40.91,0.08993508017237388,127.16658353429438,541.7296458560941,4.415902216241074,0.3100000000001728,-0.1900000000000004,-6838.116727272728,-2.3725000000000023,724.32,-12.620000000000005,739.6155770875151,23.22557708751515,238.41559,True,True,True,True
1306.65,4.26,6023.563272727272,12251.17,40553.29,716.39,48.760999999999996,2774.33,47.59,40.91,0.08736490048676401,123.53239575059735,526.2480058975447,4.415902216241074,0.3100000000001728,-0.1900000000000004,-6838.116727272728,-0.9790000000000063,724.32,-12.620000000000005,748.7880512588888,32.39805125888881,228.71887,True,True,True,True
1306.65,4.26,6023.563272727272,12251.17,40553.29,716.39,50.1545,2774.33,47.59,40.91,0.08493754129863638,120.1001535779864,511.62665424222206,4.415902216241074,0.3100000000001728,-0.1900000000000004,-6838.116727272728,0.41449999999999676,724.32,-12.620000000000005,742.4475806028386,26.057580602838584,234.33932,True,True,True,True
1306.65,4.26,6023.563272727272,12251.17,40553.29,716.39,51.548,2774.33,47.59,40.91,0.08264141998445293,116.85347939539444,497.79582222438034,4.415902216241074,0.3100000000001728,-0.1900000000000004,-6838.116727272728,1.8079999999999998,724.32,-12.620000000000005,742.828716066799,26.438716066798975,233.05827,True,True,True,True
1306.65,4.26,6023.563272727272,12251.17,40553.29,716.39,52.941500000000005,2774.33,47.59,40.91,0.08046617340902366,113.77771991631427,484.6930868434988,4.415902216241074,0.3100000000001728,-0.1900000000000004,-6838.116727272728,3.201500000000003,724.32,-12.620000000000005,741.7631070882329,25.373107088232928,233.05827,True,True,True,True
1306.65,4.26,6023.563272727272,12251.17,40553.29,716.39,54.335,2774.33,47.59,40.91,0.07840250154775924,110.85972507348022,472.26242881302574,4.415902216241074,0.3100000000001728,-0.1900000000000004,-6838.116727272728,4.594999999999999,724.32,-12.620000000000005,745.6526468624943,29.262646862494307,227.95018,True,True,True,True
1306.65,4.26,6023.563272727272,12251.17,40553.29,716.39,55.7285,2774.33,47.59,40.91,0.07644203457042564,108.08766007769118,460.4534319309644,4.415902216241074,0.3100000000001728,-0.1900000000000004,-6838.116727272728,5.988499999999995,724.32,-12.620000000000005,744.2926220712012,27.902622071201222,227.95018,True,True,True,True
1306.65,4.26,6023.563272727272,12251.17,40553.29,716.39,57.122,2774.33,47.59,40.91,0.07457721937997235,105.45084498575729,449.22059963932605,4.415902216241074,0.3100000000001728,-0.1900000000000004,-6838.116727272728,7.381999999999998,724.32,-12.620000000000005,742.8014796187205,26.411479618720477,227.95018,True,True,True,True
1306.65,4.26,6023.563272727272,12251.17,40553.29,716.39,58.5155,2774.33,47.59,40.91,0.07280122236328455,102.93961719181507,438.5227692371322,4.415902216241074,0.3100000000001728,-0.1900000000000004,-6838.116727272728,8.775500000000001,724.32,-12.620000000000005,741.7760044952613,25.386004495261318,227.36276,True,True,True,True
1306.65,4.26,6023.563272727272,12251.17,40553.29,716.39,59.909,2774.33,47.59,40.91,0.07110784571420245,100.54521310958386,428.3226078468272,4.415902216241074,0.3100000000001728,-0.1900000000000004,-6838.116727272728,10.168999999999997,724.32,-12.620000000000005,738.3003608713011,21.910360871301123,229.11226,True,True,True,True
1306.65,4.26,6023.563272727272,12251.17,40553.29,716.39,61.302499999999995,2774.33,47.59,40.91,0.06949145516917818,98.25966599188625,418.5861771254354,4.415902216241074,0.3100000000001728,-0.1900000000000004,-6838.116727272728,11.562499999999993,724.32,-12.620000000000005,733.1672910096955,16.777291009695546,232.41365,True,True,True,True
1306.65,4.26,6023.563272727272,12251.17,40553.29,716.39,62.696,2774.33,47.59,40.91,0.0679469173799458,96.07571737673146,409.282556024876,4.415902216241074,0.3100000000001728,-0.1900000000000004,-6838.116727272728,12.955999999999996,724.32,-12.620000000000005,727.0071683991954,10.617168399195407,236.6436,True,True,True,True
1306.65,4.26,6023.563272727272,12251.17,40553.29,716.39,64.0895,2774.33,47.59,40.91,0.06646954545643911,93.98674008598182,400.3835127662826,4.415902216241074,0.3100000000001728,-0.1900000000000004,-6838.116727272728,14.349499999999999,724.32,-12.620000000000005,722.0634630281853,5.673463028185324,239.56506,True,True,True,True
1306.65,4.26,6023.563272727272,12251.17,40553.29,716.39,65.483,2774.33,47.59,40.91,0.06505505146289797,91.98667105570303,391.8632186972949,4.415902216241074,0.3100000000001728,-0.1900000000000004,-6838.116727272728,15.743000000000002,724.32,-12.620000000000005,719.1454279620835,2.7554279620835587,240.37466,True,True,True,True
1306.65,4.26,6023.563272727272,12251.17,40553.29,716.39,66.8765,2774.33,47.59,40.91,0.06369950485298267,90.0699525641641,383.6979979233391,4.415902216241074,0.3100000000001728,-0.1900000000000004,-6838.116727272728,17.13649999999999,724.32,-12.620000000000005,719.317289010132,2.9272890101319717,238.01357,True,True,True,True
1306.65,4.26,6023.563272727272,12251.17,40553.29,716.39,68.27000000000001,2774.33,47.59,40.91,0.06239929599532303,88.23148065762108,375.8661076014658,4.415902216241074,0.3100000000001728,-0.1900000000000004,-6838.116727272728,18.53000000000001,724.32,-12.620000000000005,717.0521948703674,0.6621948703674434,238.01357,True,True,True,True
1306.65,4.26,6023.563272727272,12251.17,40553.29,716.39,69.6635,2774.33,47.59,40.91,0.06115110407672448,86.46655976602831,368.3475446032806,4.415902216241074,0.3100000000001728,-0.1900000000000004,-6838.116727272728,19.923499999999997,724.32,-12.620000000000005,712.7508921087461,-3.6391078912538433,239.97847,True,True,True,True
1306.65,4.26,6023.563272727272,12251.17,40553.29,716.39,71.057,2774.33,47.59,40.91,0.059951868782078206,84.77086265894155,361.123874927091,4.415902216241074,0.3100000000001728,-0.1900000000000004,-6838.116727272728,21.317,724.32,-12.620000000000005,710.3473853176772,-6.042614682322778,239.97847,True,True,True,True
1306.65,4.26,6023.563272727272,12251.17,40553.29,716.39,72.4505,2774.33,47.59,40.91,0.05879876524249294,83.14039502262754,354.17808279639337,4.415902216241074,0.3100000000001728,-0.1900000000000004,-6838.116727272728,22.710500000000003,724.32,-12.620000000000005,707.8806419888774,-8.509358011122572,239.97847,True,True,True,True
1306.65,4.26,6023.563272727272,12251.17,40553.29,716.39,73.844,2774.33,47.59,40.91,0.05768918181992875,81.57146404793632,347.4944368442087,4.415902216241074,0.3100000000001728,-0.1900000000000004,-6838.116727272728,24.103999999999992,724.32,-12.620000000000005,705.3542421063995,-11.035757893600476,239.97847,True,True,True,True
1306.65,4.26,6023.563272727272,12251.17,40553.29,716.39,75.2375,2774.33,47.59,40.91,0.05662070036058215,80.06065050894331,341.0583711680985,4.415902216241074,0.3100000000001728,-0.1900000000000004,-6838.116727272728,25.497499999999995,724.32,-12.620000000000005,705.316391787185,-11.073608212814975,237.43358,True,True,True,True
1306.65,4.26,6023.563272727272,12251.17,40553.29,716.39,76.631,2774.33,47.59,40.91,0.0555910786027707,78.60478388801515,334.8563793629445,4.415902216241074,0.3100000000001728,-0.1900000000000004,-6838.116727272728,26.891,724.32,-12.620000000000005,705.4023973471742,-10.987602652825785,234.71156,True,True,True,True
1306.65,4.26,6023.563272727272,12251.17,40553.29,716.39,78.02449999999999,2774.33,47.59,40.91,0.05459823446996477,77.20092016643943,328.87591990903195,4.415902216241074,0.3100000000001728,-0.1900000000000004,-6838.116727272728,28.284499999999987,724.32,-12.620000000000005,702.7159734532164,-13.67402654678358,234.71156,True,True,True,True
1306.65,4.26,6023.563272727272,12251.17,40553.29,716.39,79.418,2774.33,47.59,40.91,0.05364023201742385,75.84632195322156,323.10533152072384,4.415902216241074,0.3100000000001728,-0.1900000000000004,-6838.116727272728,29.678000000000004,724.32,-12.620000000000005,708.9917074555132,-7.3982925444868215,225.70164,True,True,True,True
1306.65,4.26,6023.563272727272,12251.17,40553.29,716.39,80.8115,2774.33,47.59,40.91,0.05271526883283606,74.53844066981596,317.53375725341596,4.415902216241074,0.3100000000001728,-0.1900000000000004,-6838.116727272728,31.071499999999993,724.32,-12.620000000000005,706.2122336410064,-10.177766358993608,225.70164,True,True,True,True
1306.65,4.26,6023.563272727272,12251.17,40553.29,716.39,82.205,2774.33,47.59,40.91,0.05182166471842753,73.27490054683258,312.1510763295068,4.415902216241074,0.3100000000001728,-0.1900000000000004,-6838.116727272728,32.464999999999996,724.32,-12.620000000000005,703.3897734059315,-13.000226594068522,225.70164,True,True,True,True
1306.65,4.26,6023.563272727272,12251.17,40553.29,716.39,83.5985,2774.33,47.59,40.91,0.05095785150501682,72.0534842212933,306.9478427827095,4.415902216241074,0.3100000000001728,-0.1900000000000004,-6838.116727272728,33.8585,724.32,-12.620000000000005,696.0180992917612,-20.37190070823874,230.21002,True,True,True,True
1306.65,4.26,6023.563272727272,12251.17,40553.29,716.39,84.99199999999999,2774.33,47.59,40.91,0.050122363868100955,70.87211975074305,301.9152301381654,4.415902216241074,0.3100000000001728,-0.1900000000000004,-6838.116727272728,35.25199999999999,724.32,-12.620000000000005,693.1159740880137,-23.274025911986314,230.21002,True,True,True,True
1306.65,4.26,6023.563272727272,12251.17,40553.29,716.39,86.38550000000001,2774.33,47.59,40.91,0.049313831032825745,69.72886888422714,297.0449814468076,4.415902216241074,0.3100000000001728,-0.1900000000000004,-6838.116727272728,36.645500000000006,724.32,-12.620000000000005,688.9203079548743,-27.469692045125726,231.46661,True,True,True,True
1306.65,4.26,6023.563272727272,12251.17,40553.29,716.39,87.779,2774.33,47.59,40.91,0.048530969269062425,68.62191645046488,292.32936407898035,4.415902216241074,0.3100000000001728,-0.1900000000000004,-6838.116727272728,38.038999999999994,724.32,-12.620000000000005,685.9460441990852,-30.44395580091475,231.46661,True,True,True,True
1306.65,4.26,6023.563272727272,12251.17,40553.29,716.39,89.1725,2774.33,47.59,40.91,0.04777257509016148,67.54956074100997,287.7611287567025,4.415902216241074,0.3100000000001728,-0.1900000000000004,-6838.116727272728,39.4325,724.32,-12.620000000000005,682.938240740519,-33.45175925948104,231.46661,True,True,True,True
1306.65,4.26,6023.563272727272,12251.17,40553.29,716.39,90.566,2774.33,47.59,40.91,0.04703751907959367,66.51020478123212,283.3334723680488,4.415902216241074,0.3100000000001728,-0.1900000000000004,-6838.116727272728,40.826,724.32,-12.620000000000005,679.8984457620026,-36.491554237997434,231.46661,True,True,True,True
1306.65,4.26,6023.563272727272,12251.17,40553.29,716.39,91.95949999999999,2774.33,47.59,40.91,0.04632474027887559,65.50234839494478,279.04000416246475,4.415902216241074,0.3100000000001728,-0.1900000000000004,-6838.116727272728,42.21949999999999,724.32,-12.620000000000005,683.7697792547822,-32.62022074521781,224.52495,True,True,True,True
1306.65,4.26,6023.563272727272,12251.17,40553.29,716.39,93.35300000000001,2774.33,47.59,40.91,0.04563324107813095,64.52458097975095,274.87471497373906,4.415902216241074,0.3100000000001728,-0.1900000000000004,-6838.116727272728,43.61300000000001,724.32,-12.620000000000005,680.6702774247882,-35.71972257521179,224.52495,True,True,True,True
1306.65,4.26,6023.563272727272,12251.17,40553.29,716.39,94.7465,2774.33,47.59,40.91,0.044962082557539515,63.575574919935804,270.83194915892653,4.415902216241074,0.3100000000001728,-0.1900000000000004,-6838.116727272728,45.006499999999996,724.32,-12.620000000000005,675.7271733704825,-40.66282662951744,226.34067,True,True,True,True
1306.65,4.26,6023.563272727272,12251.17,40553.29,716.39,96.14,2774.33,47.59,40.91,0.04431038023392573,62.65407957221961,266.9063789776555,4.415902216241074,0.3100000000001728,-0.1900000000000004,-6838.116727272728,46.4,724.32,-12.620000000000005,672.5731187336655,-43.81688126633446,226.34067,True,True,True,True
1306.65,4.26,6263.688909090909,12251.17,40553.29,716.39,34.826,2774.33,47.59,40.91,0.1223223992901166,179.85667975748663,766.189455766893,4.415902216241074,0.3100000000001728,-0.1900000000000004,-6597.991090909091,-14.914000000000001,724.32,-12.620000000000005,695.4365518241545,-20.953448175845438,274.73444,True,True,False,False
1306.65,4.26,6263.688909090909,12251.17,40553.29,716.39,36.219500000000004,2774.33,47.59,40.91,0.11761619797025916,172.93691895674954,736.7112747557529,4.415902216241074,0.3100000000001728,-0.1900000000000004,-6597.991090909091,-13.520499999999998,724.32,-12.620000000000005,703.4153735144141,-12.974626485585873,269.39935,True,True,False,False
1306.65,4.26,6263.688909090909,12251.17,40553.29,716.39,37.613,2774.33,47.59,40.91,0.11325871073143035,166.52988973389571,709.4173302663958,4.415902216241074,0.3100000000001728,-0.1900000000000004,-6597.991090909091,-12.127000000000002,724.32,-12.620000000000005,697.9417085258411,-18.44829147415885,277.02097,True,True,False,False
1306.65,4.26,6263.688909090909,12251.17,40553.29,716.39,39.0065,2774.33,47.59,40.91,0.109212564336391,160.5806403678943,684.0735279672297,4.415902216241074,0.3100000000001728,-0.1900000000000004,-6597.991090909091,-10.7335,724.32,-12.620000000000005,698.2403238549462,-18.14967614505383,278.42764,True,True,False,False
1306.65,4.26,6263.688909090909,12251.17,40553.29,716.39,40.4,2774.33,47.59,40.91,0.10544554194441728,155.04180084279972,660.4780715903267,4.415902216241074,0.3100000000001728,-0.1900000000000004,-6597.991090909091,-9.340000000000003,724.32,-12.620000000000005,700.69512867847,-15.694871321529945,277.28128,True,True,False,False
1306.65,4.26,6263.688909090909,12251.17,40553.29,716.39,41.7935,2774.33,47.59,40.91,0.10192972347542743,149.87231888256764,638.456078439738,4.415902216241074,0.3100000000001728,-0.1900000000000004,-6597.991090909091,-7.9465,724.32,-12.620000000000005,690.8061155517798,-25.583884448220147,288.12158,True,True,False,False
1306.65,4.26,6263.688909090909,12251.17,40553.29,716.39,43.187,2774.33,47.59,40.91,0.09864079239954635,145.0364406894313,617.8552373369772,4.415902216241074,0.3100000000001728,-0.1900000000000004,-6597.991090909091,-6.553000000000004,724.32,-12.620000000000005,700.1502153792444,-16.239784620755586,279.4062,True,True,False,False
1306.65,4.26,6263.688909090909,12251.17,40553.29,716.39,44.5805,2774.33,47.59,40.91,0.09555747253715251,140.50288284312708,598.5422809117213,4.415902216241074,0.3100000000001728,-0.1900000000000004,-6597.991090909091,-5.159500000000001,724.32,-12.620000000000005,712.1607236431553,-4.229276356844707,267.73206,True,True,False,False
1306.65,4.26,6263.688909090909,12251.17,40553.29,716.39,45.974000000000004,2774.33,47.59,40.91,0.09266106728452891,136.2441548015564,580.4000994546302,4.415902216241074,0.3100000000001728,-0.1900000000000004,-6597.991090909091,-3.7659999999999982,724.32,-12.620000000000005,742.1226302013633,25.73263020136335,237.84077,True,True,True,True
1306.65,4.26,6263.688909090909,12251.17,40553.29,716.39,47.3675,2774.33,47.59,40.91,0.08993508017237388,132.23600098917842,563.3253642139,4.415902216241074,0.3100000000001728,-0.1900000000000004,-6597.991090909091,-2.3725000000000023,724.32,-12.620000000000005,741.2176076182374,24.82760761823738,238.57413,True,True,True,True
1306.65,4.26,6263.688909090909,12251.17,40553.29,716.39,48.760999999999996,2774.33,47.59,40.91,0.08736490048676401,128.45693854994713,547.2265582227747,4.415902216241074,0.3100000000001728,-0.1900000000000004,-6597.991090909091,-0.9790000000000063,724.32,-12.620000000000005,750.5211317232462,34.1311317232462,228.87741,True,True,True,True
1306.65,4.26,6263.688909090909,12251.17,40553.29,716.39,50.1545,2774.33,47.59,40.91,0.08493754129863638,124.88787215908916,532.0223353977198,4.415902216241074,0.3100000000001728,-0.1900000000000004,-6597.991090909091,0.41449999999999676,724.32,-12.620000000000005,744.304428779739,27.91442877973907,234.49786,True,True,True,True
1306.65,4.26,6263.688909090909,12251.17,40553.29,716.39,51.548,2774.33,47.59,40.91,0.08264141998445293,121.51177131177035,517.6401457881416,4.415902216241074,0.3100000000001728,-0.1900000000000004,-6597.991090909091,1.8079999999999998,724.32,-12.620000000000005,744.8026403172232,28.412640317223236,233.21681,True,True,True,True
1306.65,4.26,6263.688909090909,12251.17,40553.29,716.39,52.941500000000005,2774.33,47.59,40.91,0.08046617340902366,118.31339857725055,504.0150779390873,4.415902216241074,0.3100000000001728,-0.1900000000000004,-6597.991090909091,3.201500000000003,724.32,-12.620000000000005,743.8479441751978,27.45794417519778,233.21681,True,True,True,True
1306.65,4.26,6263.688909090909,12251.17,40553.29,716.39,54.335,2774.33,47.59,40.91,0.07840250154775924,115.27907966893953,491.08887938968235,4.415902216241074,0.3100000000001728,-0.1900000000000004,-6597.991090909091,4.594999999999999,724.32,-12.620000000000005,747.8427077445025,31.452707744502504,228.10872,True,True,True,True
1306.65,4.26,6263.688909090909,12251.17,40553.29,716.39,55.7285,2774.33,47.59,40.91,0.07644203457042564,112.3965080110608,478.80912412711893,4.415902216241074,0.3100000000001728,-0.1900000000000004,-6597.991090909091,5.988499999999995,724.32,-12.620000000000005,746.5826444729086,30.19264447290857,228.10872,True,True,True,True
1306.65,4.26,6263.688909090909,12251.17,40553.29,716.39,57.122,2774.33,47.59,40.91,0.07457721937997235,109.65457791107335,467.1285019011724,4.415902216241074,0.3100000000001728,-0.1900000000000004,-6597.991090909091,7.381999999999998,724.32,-12.620000000000005,745.1865863868317,28.796586386831677,228.10872,True,True,True,True
1306.65,4.26,6263.688909090909,12251.17,40553.29,716.39,58.5155,2774.33,47.59,40.91,0.07280122236328455,107.04324156928791,456.0042090851665,4.415902216241074,0.3100000000001728,-0.1900000000000004,-6597.991090909091,8.775500000000001,724.32,-12.620000000000005,744.2516669130325,27.861666913032536,227.5213,True,True,True,True
1306.65,4.26,6263.688909090909,12251.17,40553.29,716.39,59.909,2774.33,47.59,40.91,0.07110784571420245,104.55338604445949,445.3974245493974,4.415902216241074,0.3100000000001728,-0.1900000000000004,-6597.991090909091,10.168999999999997,724.32,-12.620000000000005,740.8623662396153,24.472366239615326,229.2708,True,True,True,True
1306.65,4.26,6263.688909090909,12251.17,40553.29,716.39,61.302499999999995,2774.33,47.59,40.91,0.06949145516917818,102.17672699994588,435.27285701976945,4.415902216241074,0.3100000000001728,-0.1900000000000004,-6597.991090909091,11.562499999999993,724.32,-12.620000000000005,733.1615063932679,16.77150639326794,235.2224,True,True,True,True
1306.65,4.26,6263.688909090909,12251.17,40553.29,716.39,62.696,2774.33,47.59,40.91,0.0679469173799458,99.90571661964388,425.5983527996829,4.415902216241074,0.3100000000001728,-0.1900000000000004,-6597.991090909091,12.955999999999996,724.32,-12.620000000000005,727.0801376441842,10.690137644184233,239.45235,True,True,True,True
1306.65,4.26,6263.688909090909,12251.17,40553.29,716.39,64.0895,2774.33,47.59,40.91,0.06646954545643911,97.733463537045,416.3445546678117,4.415902216241074,0.3100000000001728,-0.1900000000000004,-6597.991090909091,14.349499999999999,724.32,-12.620000000000005,724.0544433240731,7.6644433240730905,240.53113,True,True,True,True
1306.65,4.26,6263.688909090909,12251.17,40553.29,716.39,65.483,2774.33,47.59,40.91,0.06505505146289797,95.65366298790902,407.48460432849237,4.415902216241074,0.3100000000001728,-0.1900000000000004,-6597.991090909091,15.743000000000002,724.32,-12.620000000000005,722.0181321948573,5.628132194857358,240.53113,True,True,True,True
1306.65,4.26,6263.688909090909,12251.17,40553.29,716.39,66.8765,2774.33,47.59,40.91,0.06369950485298267,93.66053569535448,398.99388206221005,4.415902216241074,0.3100000000001728,-0.1900000000000004,-6597.991090909091,17.13649999999999,724.32,-12.620000000000005,721.2360546732765,4.846054673276512,239.19308,True,True,True,True
1306.65,4.26,6263.688909090909,12251.17,40553.29,716.39,68.27000000000001,2774.33,47.59,40.91,0.06239929599532303,91.748774239668,390.84977826098566,4.415902216241074,0.3100000000001728,-0.1900000000000004,-6597.991090909091,18.53000000000001,724.32,-12.620000000000005,719.2507115983358,2.860711598335797,238.97963,True,True,True,True
1306.65,4.26,6263.688909090909,12251.17,40553.29,716.39,69.6635,2774.33,47.59,40.91,0.06115110407672448,89.91349586479883,383.031492384043,4.415902216241074,0.3100000000001728,-0.1900000000000004,-6597.991090909091,19.923499999999997,724.32,-12.620000000000005,715.0130524290329,-1.3769475709671042,240.94453,True,True,True,True
1306.65,4.26,6263.688909090909,12251.17,40553.29,716.39,71.057,2774.33,47.59,40.91,0.059951868782078206,88.15020083792882,375.51985556957675,4.415902216241074,0.3100000000001728,-0.1900000000000004,-6597.991090909091,21.317,724.32,-12.620000000000005,712.6706929992384,-3.719307000761546,240.94453,True,True,True,True
1306.65,4.26,6263.688909090909,12251.17,40553.29,716.39,72.4505,2774.33,47.59,40.91,0.05879876524249294,86.4547356144702,368.29717371764303,4.415902216241074,0.3100000000001728,-0.1900000000000004,-6597.991090909091,22.710500000000003,724.32,-12.620000000000005,710.2627448368556,-6.127255163144355,240.94453,True,True,True,True
1306.65,4.26,6263.688909090909,12251.17,40553.29,716.39,73.844,2774.33,47.59,40.91,0.05768918181992875,84.82326017371282,361.34708834001657,4.415902216241074,0.3100000000001728,-0.1900000000000004,-6597.991090909091,24.103999999999992,724.32,-12.620000000000005,707.7929210897756,-8.597078910224354,240.94453,True,True,True,True
1306.65,4.26,6263.688909090909,12251.17,40553.29,716.39,75.2375,2774.33,47.59,40.91,0.05662070036058215,83.25221898439861,354.65445287353805,4.415902216241074,0.3100000000001728,-0.1900000000000004,-6597.991090909091,25.497499999999995,724.32,-12.620000000000005,705.2646598158602,-11.125340184139759,240.94453,True,True,True,True
1306.65,4.26,6263.688909090909,12251.17,40553.29,716.39,76.631,2774.33,47.59,40.91,0.0555910786027707,81.73831513816333,348.20522248857577,4.415902216241074,0.3100000000001728,-0.1900000000000004,-6597.991090909091,26.891,724.32,-12.620000000000005,704.4082760700749,-11.981723929925124,239.2174,True,True,True,True
1306.65,4.26,6263.688909090909,12251.17,40553.29,716.39,78.02449999999999,2774.33,47.59,40.91,0.05459823446996477,80.2784872548036,341.98635570546327,4.415902216241074,0.3100000000001728,-0.1900000000000004,-6597.991090909091,28.284499999999987,724.32,-12.620000000000005,705.3122555984843,-11.077744401515702,235.67763,True,True,True,True
1306.65,4.26,6263.688909090909,12251.17,40553.29,716.39,79.418,2774.33,47.59,40.91,0.05364023201742385,78.86988881892039,335.98572636860087,4.415902216241074,0.3100000000001728,-0.1900000000000004,-6597.991090909091,29.678000000000004,724.32,-12.620000000000005,710.7306326069861,-5.659367393013895,227.57391,True,True,True,True
1306.65,4.26,6263.688909090909,12251.17,40553.29,716.39,80.8115,2774.33,47.59,40.91,0.05271526883283606,77.50986965445561,330.1920447279809,4.415902216241074,0.3100000000001728,-0.1900000000000004,-6597.991090909091,31.071499999999993,724.32,-12.620000000000005,708.9045256190359,-7.485474380964092,226.66771,True,True,True,True
1306.65,4.26,6263.688909090909,12251.17,40553.29,716.39,82.205,2774.33,47.59,40.91,0.05182166471842753,76.19595928343713,324.5947865474422,4.415902216241074,0.3100000000001728,-0.1900000000000004,-6597.991090909091,32.464999999999996,724.32,-12.620000000000005,706.1276290309484,-10.26237096905163,226.66771,True,True,True,True
1306.65,4.26,6263.688909090909,12251.17,40553.29,716.39,83.5985,2774.33,47.59,40.91,0.05095785150501682,74.92585194907872,319.18412930307534,4.415902216241074,0.3100000000001728,-0.1900000000000004,-6597.991090909091,33.8585,724.32,-12.620000000000005,703.3083766418182,-13.081623358181787,226.66771,True,True,True,True
1306.65,4.26,6263.688909090909,12251.17,40553.29,716.39,84.99199999999999,2774.33,47.59,40.91,0.050122363868100955,73.69739311221664,313.95089465804284,4.415902216241074,0.3100000000001728,-0.1900000000000004,-6597.991090909091,35.25199999999999,724.32,-12.620000000000005,695.9404747304619,-20.44952526953807,231.17609,True,True,True,True
1306.65,4.26,6263.688909090909,12251.17,40553.29,716.39,86.38550000000001,2774.33,47.59,40.91,0.049313831032825745,72.50856725471684,308.8864965050937,4.415902216241074,0.3100000000001728,-0.1900000000000004,-6597.991090909091,36.645500000000006,724.32,-12.620000000000005,691.786034576579,-24.60396542342096,232.43268,True,True,True,True
1306.65,4.26,6263.688909090909,12251.17,40553.29,716.39,87.779,2774.33,47.59,40.91,0.048530969269062425,71.35748684461457,303.98289395805807,4.415902216241074,0.3100000000001728,-0.1900000000000004,-6597.991090909091,38.038999999999994,724.32,-12.620000000000005,688.8516878673533,-27.538312132646638,232.43268,True,True,True,True
1306.65,4.26,6263.688909090909,12251.17,40553.29,716.39,89.1725,2774.33,47.59,40.91,0.04777257509016148,70.24238233590543,299.2325487509571,4.415902216241074,0.3100000000001728,-0.1900000000000004,-6597.991090909091,39.4325,724.32,-12.620000000000005,685.8825538867892,-30.50744611321079,232.43268,True,True,True,True
1306.65,4.26,6263.688909090909,12251.17,40553.29,716.39,90.566,2774.33,47.59,40.91,0.04703751907959367,69.16159309154999,294.62838657000293,4.415902216241074,0.3100000000001728,-0.1900000000000004,-6597.991090909091,40.826,724.32,-12.620000000000005,682.880238405112,-33.509761594888005,232.43268,True,True,True,True
1306.65,4.26,6263.688909090909,12251.17,40553.29,716.39,91.95949999999999,2774.33,47.59,40.91,0.04632474027887559,68.1135591317629,290.16376190130995,4.415902216241074,0.3100000000001728,-0.1900000000000004,-6597.991090909091,42.21949999999999,724.32,-12.620000000000005,679.8462498609703,-36.543750139029726,232.43268,True,True,True,True
1306.65,4.26,6263.688909090909,12251.17,40553.29,716.39,93.35300000000001,2774.33,47.59,40.91,0.04563324107813095,67.09681362135223,285.8324260269605,4.415902216241074,0.3100000000001728,-0.1900000000000004,-6597.991090909091,43.61300000000001,724.32,-12.620000000000005,676.7820066258807,-39.607993374119246,232.43268,True,True,True,True
1306.65,4.26,6263.688909090909,12251.17,40553.29,716.39,94.7465,2774.33,47.59,40.91,0.044962082557539515,66.10997602002115,281.62849784529004,4.415902216241074,0.3100000000001728,-0.1900000000000004,-6597.991090909091,45.006499999999996,724.32,-12.620000000000005,678.8147896725377,-37.57521032746229,227.30673,True,True,True,True
1306.65,4.26,6263.688909090909,12251.17,40553.29,716.39,96.14,2774.33,47.59,40.91,0.04431038023392573,65.15174582836659,277.5464372288416,4.415902216241074,0.3100000000001728,-0.1900000000000004,-6597.991090909091,46.4,724.32,-12.620000000000005,675.6939644424962,-40.69603555750382,227.30673,True,True,True,True
1306.65,4.26,6503.814545454546,12251.17,40553.29,716.39,34.826,2774.33,47.59,40.91,0.1223223992901166,186.75169007933314,795.5621997379592,4.415902216241074,0.3100000000001728,-0.1900000000000004,-6357.865454545455,-14.914000000000001,724.32,-12.620000000000005,693.8045558152254,-22.585444184774587,276.47562,True,True,False,False
1306.65,4.26,6503.814545454546,12251.17,40553.29,716.39,36.219500000000004,2774.33,47.59,40.91,0.11761619797025916,179.56665238028944,764.953939140033,4.415902216241074,0.3100000000001728,-0.1900000000000004,-6357.865454545455,-13.520499999999998,724.32,-12.620000000000005,702.3548527009326,-14.035147299067376,270.80902,True,True,False,False
1306.65,4.26,6503.814545454546,12251.17,40553.29,716.39,37.613,2774.33,47.59,40.91,0.11325871073143035,172.91400240716092,736.6136502545055,4.415902216241074,0.3100000000001728,-0.1900000000000004,-6357.865454545455,-12.127000000000002,724.32,-12.620000000000005,693.5878365571187,-22.802163442881238,281.94617,True,True,False,False
1306.65,4.26,6503.814545454546,12251.17,40553.29,716.39,39.0065,2774.33,47.59,40.91,0.109212564336391,166.73668180220895,710.2982644774102,4.415902216241074,0.3100000000001728,-0.1900000000000004,-6357.865454545455,-10.7335,724.32,-12.620000000000005,699.1723796973838,-17.217620302616183,278.27322,True,True,False,False
1306.65,4.26,6503.814545454546,12251.17,40553.29,716.39,40.4,2774.33,47.59,40.91,0.10544554194441728,160.9855045660654,685.7982494514386,4.415902216241074,0.3100000000001728,-0.1900000000000004,-6357.865454545455,-9.340000000000003,724.32,-12.620000000000005,700.4125825749315,-15.977417425068438,278.53354,True,True,False,False
1306.65,4.26,6503.814545454546,12251.17,40553.29,716.39,41.7935,2774.33,47.59,40.91,0.10192972347542743,155.6178446370058,662.9320181536447,4.415902216241074,0.3100000000001728,-0.1900000000000004,-6357.865454545455,-7.9465,724.32,-12.620000000000005,701.5431377188695,-14.846862281130484,278.53354,True,True,False,False
1306.65,4.26,6503.814545454546,12251.17,40553.29,716.39,43.187,2774.33,47.59,40.91,0.09864079239954635,150.5965775547727,641.5414203833317,4.415902216241074,0.3100000000001728,-0.1900000000000004,-6357.865454545455,-6.553000000000004,724.32,-12.620000000000005,700.2146341129318,-16.17536588706821,280.65845,True,True,False,False
1306.65,4.26,6503.814545454546,12251.17,40553.29,716.39,44.5805,2774.33,47.59,40.91,0.09555747253715251,145.88922061361637,621.4880798140058,4.415902216241074,0.3100000000001728,-0.1900000000000004,-6357.865454545455,-5.159500000000001,724.32,-12.620000000000005,711.8092975415836,-4.58070245841634,269.55737,True,True,False,False
1306.65,4.26,6503.814545454546,12251.17,40553.29,716.39,45.974000000000004,2774.33,47.59,40.91,0.09266106728452891,141.46722939024917,602.6503972024616,4.415902216241074,0.3100000000001728,-0.1900000000000004,-6357.865454545455,-3.7659999999999982,724.32,-12.620000000000005,741.9188878272219,25.528887827221865,239.66609,True,True,True,True
1306.65,4.26,6503.814545454546,12251.17,40553.29,716.39,47.3675,2774.33,47.59,40.91,0.08993508017237388,137.30541844406244,584.9210825717059,4.415902216241074,0.3100000000001728,-0.1900000000000004,-6357.865454545455,-2.3725000000000023,724.32,-12.620000000000005,741.1528595845066,24.7628595845066,240.39944,True,True,True,True
1306.65,4.26,6503.814545454546,12251.17,40553.29,716.39,48.760999999999996,2774.33,47.59,40.91,0.08736490048676401,133.38148134929688,568.2051105480048,4.415902216241074,0.3100000000001728,-0.1900000000000004,-6357.865454545455,-0.9790000000000063,724.32,-12.620000000000005,749.8636024463927,33.47360244639276,231.42656,True,True,True,True
1306.65,4.26,6503.814545454546,12251.17,40553.29,716.39,50.1545,2774.33,47.59,40.91,0.08493754129863638,129.67559074019192,552.4180165532175,4.415902216241074,0.3100000000001728,-0.1900000000000004,-6357.865454545455,0.41449999999999676,724.32,-12.620000000000005,744.3437262974597,27.953726297459752,236.47395,True,True,True,True
1306.65,4.26,6503.814545454546,12251.17,40553.29,716.39,51.548,2774.33,47.59,40.91,0.08264141998445293,126.17006322814625,537.484469351903,4.415902216241074,0.3100000000001728,-0.1900000000000004,-6357.865454545455,1.8079999999999998,724.32,-12.620000000000005,744.9590139084678,28.56901390846781,235.1929,True,True,True,True
1306.65,4.26,6503.814545454546,12251.17,40553.29,716.39,52.941500000000005,2774.33,47.59,40.91,0.08046617340902366,122.84907723818684,523.3370690346759,4.415902216241074,0.3100000000001728,-0.1900000000000004,-6357.865454545455,3.201500000000003,724.32,-12.620000000000005,744.1152306029828,27.725230602982833,235.1929,True,True,True,True
1306.65,4.26,6503.814545454546,12251.17,40553.29,716.39,54.335,2774.33,47.59,40.91,0.07840250154775924,119.69843426439886,509.91532996633913,4.415902216241074,0.3100000000001728,-0.1900000000000004,-6357.865454545455,4.594999999999999,724.32,-12.620000000000005,748.215217967331,31.825217967331014,230.08481,True,True,True,True
1306.65,4.26,6503.814545454546,12251.17,40553.29,716.39,55.7285,2774.33,47.59,40.91,0.07644203457042564,116.70535594443041,497.16481632327356,4.415902216241074,0.3100000000001728,-0.1900000000000004,-6357.865454545455,5.988499999999995,724.32,-12.620000000000005,747.0551162154362,30.66511621543623,230.08481,True,True,True,True
1306.65,4.26,6503.814545454546,12251.17,40553.29,716.39,57.122,2774.33,47.59,40.91,0.07457721937997235,113.85831083638939,485.03640416301886,4.415902216241074,0.3100000000001728,-0.1900000000000004,-6357.865454545455,7.381999999999998,724.32,-12.620000000000005,745.7541424957633,29.364142495763303,230.08481,True,True,True,True
1306.65,4.26,6503.814545454546,12251.17,40553.29,716.39,58.5155,2774.33,47.59,40.91,0.07280122236328455,111.14686594676077,473.4856489332009,4.415902216241074,0.3100000000001728,-0.1900000000000004,-6357.865454545455,8.775500000000001,724.32,-12.620000000000005,744.9097786716239,28.519778671623953,229.49739,True,True,True,True
1306.65,4.26,6503.814545454546,12251.17,40553.29,716.39,59.909,2774.33,47.59,40.91,0.07110784571420245,108.5615589793351,462.47224125196755,4.415902216241074,0.3100000000001728,-0.1900000000000004,-6357.865454545455,10.168999999999997,724.32,-12.620000000000005,741.6068209487498,25.21682094874984,231.24689,True,True,True,True
1306.65,4.26,6503.814545454546,12251.17,40553.29,716.39,61.302499999999995,2774.33,47.59,40.91,0.06949145516917818,106.09378800800552,451.9595369141035,4.415902216241074,0.3100000000001728,-0.1900000000000004,-6357.865454545455,11.562499999999993,724.32,-12.620000000000005,733.9883786371919,17.5983786371919,237.19849,True,True,True,True
1306.65,4.26,6503.814545454546,12251.17,40553.29,716.39,62.696,2774.33,47.59,40.91,0.0679469173799458,103.7357158625563,441.9141495744899,4.415902216241074,0.3100000000001728,-0.1900000000000004,-6357.865454545455,12.955999999999996,724.32,-12.620000000000005,727.9857637495246,11.595763749524622,241.42844,True,True,True,True
1306.65,4.26,6503.814545454546,12251.17,40553.29,716.39,64.0895,2774.33,47.59,40.91,0.06646954545643911,101.48018698810817,432.3055965693408,4.415902216241074,0.3100000000001728,-0.1900000000000004,-6357.865454545455,14.349499999999999,724.32,-12.620000000000005,723.1927167107812,6.802716710781169,244.3499,True,True,True,True
1306.65,4.26,6503.814545454546,12251.17,40553.29,716.39,65.483,2774.33,47.59,40.91,0.06505505146289797,99.320654920115,423.1059899596899,4.415902216241074,0.3100000000001728,-0.1900000000000004,-6357.865454545455,15.743000000000002,724.32,-12.620000000000005,723.071210573139,6.681210573138969,242.50722,True,True,True,True
1306.65,4.26,6503.814545454546,12251.17,40553.29,716.39,66.8765,2774.33,47.59,40.91,0.06369950485298267,97.25111882654487,414.28976620108114,4.415902216241074,0.3100000000001728,-0.1900000000000004,-6357.865454545455,17.13649999999999,724.32,-12.620000000000005,723.1678513422804,6.777851342280428,240.35957,True,True,True,True
1306.65,4.26,6503.814545454546,12251.17,40553.29,716.39,68.27000000000001,2774.33,47.59,40.91,0.06239929599532303,95.26606782171491,405.83344892050553,4.415902216241074,0.3100000000001728,-0.1900000000000004,-6357.865454545455,18.53000000000001,724.32,-12.620000000000005,721.0353489317729,4.645348931772901,240.35957,True,True,True,True
1306.65,4.26,6503.814545454546,12251.17,40553.29,716.39,69.6635,2774.33,47.59,40.91,0.06115110407672448,93.36043196356935,397.71544016480544,4.415902216241074,0.3100000000001728,-0.1900000000000004,-6357.865454545455,19.923499999999997,724.32,-12.620000000000005,717.0747885549838,0.6847885549838111,242.11102,True,True,True,True
1306.65,4.26,6503.814545454546,12251.17,40553.29,716.39,71.057,2774.33,47.59,40.91,0.059951868782078206,91.52953901691609,389.9158362120626,4.415902216241074,0.3100000000001728,-0.1900000000000004,-6357.865454545455,21.317,724.32,-12.620000000000005,714.7935764864638,-1.5964235135361378,242.11102,True,True,True,True
1306.65,4.26,6503.814545454546,12251.17,40553.29,716.39,72.4505,2774.33,47.59,40.91,0.05879876524249294,89.76907620631285,382.41626463889276,4.415902216241074,0.3100000000001728,-0.1900000000000004,-6357.865454545455,22.710500000000003,724.32,-12.620000000000005,712.444423490498,-3.9455765095019615,242.11102,True,True,True,True
1306.65,4.26,6503.814545454546,12251.17,40553.29,716.39,73.844,2774.33,47.59,40.91,0.05768918181992875,88.07505629948933,375.1997398358246,4.415902216241074,0.3100000000001728,-0.1900000000000004,-6357.865454545455,24.103999999999992,724.32,-12.620000000000005,710.0311758788157,-6.358824121184284,242.11102,True,True,True,True
1306.65,4.26,6503.814545454546,12251.17,40553.29,716.39,75.2375,2774.33,47.59,40.91,0.05662070036058215,86.44378745985391,368.25053457897764,4.415902216241074,0.3100000000001728,-0.1900000000000004,-6357.865454545455,25.497499999999995,724.32,-12.620000000000005,707.5573950076215,-8.832604992378492,242.11102,True,True,True,True
1306.65,4.26,6503.814545454546,12251.17,40553.29,716.39,76.631,2774.33,47.59,40.91,0.0555910786027707,84.87184638831151,361.55406561420705,4.415902216241074,0.3100000000001728,-0.1900000000000004,-6357.865454545455,26.891,724.32,-12.620000000000005,705.0263831865301,-11.36361681346989,242.11102,True,True,True,True
1306.65,4.26,6503.814545454546,12251.17,40553.29,716.39,78.02449999999999,2774.33,47.59,40.91,0.05459823446996477,83.35605434316776,355.09679150189464,4.415902216241074,0.3100000000001728,-0.1900000000000004,-6357.865454545455,28.284499999999987,724.32,-12.620000000000005,704.1683338863303,-12.221666113669698,240.3839,True,True,True,True
1306.65,4.26,6503.814545454546,12251.17,40553.29,716.39,79.418,2774.33,47.59,40.91,0.05364023201742385,81.89345568461923,348.8661212164779,4.415902216241074,0.3100000000001728,-0.1900000000000004,-6357.865454545455,29.678000000000004,724.32,-12.620000000000005,710.4533224068965,-5.936677593103468,231.46242,True,True,True,True
1306.65,4.26,6503.814545454546,12251.17,40553.29,716.39,80.8115,2774.33,47.59,40.91,0.05271526883283606,80.48129863909527,342.85033220254587,4.415902216241074,0.3100000000001728,-0.1900000000000004,-6357.865454545455,31.071499999999993,724.32,-12.620000000000005,710.4901891790967,-5.899810820903326,228.7404,True,True,True,True
1306.65,4.26,6503.814545454546,12251.17,40553.29,716.39,82.205,2774.33,47.59,40.91,0.05182166471842753,79.1170180200417,337.03849676537766,4.415902216241074,0.3100000000001728,-0.1900000000000004,-6357.865454545455,32.464999999999996,724.32,-12.620000000000005,707.7588562379965,-8.63114376200349,228.7404,True,True,True,True
1306.65,4.26,6503.814545454546,12251.17,40553.29,716.39,83.5985,2774.33,47.59,40.91,0.05095785150501682,77.79821967686414,331.4204158234412,4.415902216241074,0.3100000000001728,-0.1900000000000004,-6357.865454545455,33.8585,724.32,-12.620000000000005,705.8898527223438,-10.500147277656197,227.8342,True,True,True,True
1306.65,4.26,6503.814545454546,12251.17,40553.29,716.39,84.99199999999999,2774.33,47.59,40.91,0.050122363868100955,76.52266647369024,325.9865591779204,4.415902216241074,0.3100000000001728,-0.1900000000000004,-6357.865454545455,35.25199999999999,724.32,-12.620000000000005,703.0729282537695,-13.317071746230454,227.8342,True,True,True,True
1306.65,4.26,6503.814545454546,12251.17,40553.29,716.39,86.38550000000001,2774.33,47.59,40.91,0.049313831032825745,75.28826562520653,320.7280115633799,4.415902216241074,0.3100000000001728,-0.1900000000000004,-6357.865454545455,36.645500000000006,724.32,-12.620000000000005,698.9597140791433,-17.430285920856704,229.09079,True,True,True,True
1306.65,4.26,6503.814545454546,12251.17,40553.29,716.39,87.779,2774.33,47.59,40.91,0.048530969269062425,74.09305723876427,315.6364238371358,4.415902216241074,0.3100000000001728,-0.1900000000000004,-6357.865454545455,38.038999999999994,724.32,-12.620000000000005,691.5569073412855,-24.833092658714463,233.59917,True,True,True,True
1306.65,4.26,6503.814545454546,12251.17,40553.29,716.39,89.1725,2774.33,47.59,40.91,0.04777257509016148,72.93520393080088,310.7039687452118,4.415902216241074,0.3100000000001728,-0.1900000000000004,-6357.865454545455,39.4325,724.32,-12.620000000000005,688.6264428387236,-27.763557161276367,233.59917,True,True,True,True
1306.65,4.26,6503.814545454546,12251.17,40553.29,716.39,90.566,2774.33,47.59,40.91,0.04703751907959367,71.81298140186786,305.9233007719571,4.415902216241074,0.3100000000001728,-0.1900000000000004,-6357.865454545455,40.826,724.32,-12.620000000000005,685.6616068538856,-30.7283931461144,233.59917,True,True,True,True
1306.65,4.26,6503.814545454546,12251.17,40553.29,716.39,91.95949999999999,2774.33,47.59,40.91,0.04632474027887559,70.72476986858102,301.28751964015515,4.415902216241074,0.3100000000001728,-0.1900000000000004,-6357.865454545455,42.21949999999999,724.32,-12.620000000000005,682.6639619222366,-33.726038077763405,233.59917,True,True,True,True
1306.65,4.26,6503.814545454546,12251.17,40553.29,716.39,93.35300000000001,2774.33,47.59,40.91,0.04563324107813095,69.66904626295351,296.790137080182,4.415902216241074,0.3100000000001728,-0.1900000000000004,-6357.865454545455,43.61300000000001,724.32,-12.620000000000005,679.6349772820513,-36.75502271794869,233.59917,True,True,True,True
1306.65,4.26,6503.814545454546,12251.17,40553.29,716.39,94.7465,2774.33,47.59,40.91,0.044962082557539515,68.64437712010648,292.4250465316536,4.415902216241074,0.3100000000001728,-0.1900000000000004,-6357.865454545455,45.006499999999996,724.32,-12.620000000000005,674.7603161308427,-41.62968386915725,235.41489,True,True,True,True
1306.65,4.26,6503.814545454546,12251.17,40553.29,716.39,96.14,2774.33,47.59,40.91,0.04431038023392573,67.64941208451356,288.18649548002776,4.415902216241074,0.3100000000001728,-0.1900000000000004,-6357.865454545455,46.4,724.32,-12.620000000000005,678.6143859569909,-37.775614043009114,228.47322,True,True,True,True
1306.65,4.26,6743.940181818181,12251.17,40553.29,716.39,34.826,2774.33,47.59,40.91,0.1223223992901166,193.64670040117963,824.9349437090251,4.415902216241074,0.3100000000001728,-0.1900000000000004,-6117.739818181819,-14.914000000000001,724.32,-12.620000000000005,693.9137402262182,-22.47625977378175,276.47562,True,True,False,False
1306.65,4.26,6743.940181818181,12251.17,40553.29,716.39,36.219500000000004,2774.33,47.59,40.91,0.11761619797025916,186.1963858038293,793.1966035243128,4.415902216241074,0.3100000000001728,-0.1900000000000004,-6117.739818181819,-13.520499999999998,724.32,-12.620000000000005,702.2150777370605,-14.174922262939504,271.29794,True,True,False,False
1306.65,4.26,6743.940181818181,12251.17,40553.29,716.39,37.613,2774.33,47.59,40.91,0.11325871073143035,179.2981150804261,763.8099702426151,4.415902216241074,0.3100000000001728,-0.1900000000000004,-6117.739818181819,-12.127000000000002,724.32,-12.620000000000005,694.0017563364431,-22.388243663556864,282.10358,True,True,False,False
1306.65,4.26,6743.940181818181,12251.17,40553.29,716.39,39.0065,2774.33,47.59,40.91,0.109212564336391,172.8927232365236,736.5230009875905,4.415902216241074,0.3100000000001728,-0.1900000000000004,-6117.739818181819,-10.7335,724.32,-12.620000000000005,696.2770734792745,-20.112926520725523,281.94617,True,True,False,False
1306.65,4.26,6743.940181818181,12251.17,40553.29,716.39,40.4,2774.33,47.59,40.91,0.10544554194441728,166.92920828933103,711.1184273125501,4.415902216241074,0.3100000000001728,-0.1900000000000004,-6117.739818181819,-9.340000000000003,724.32,-12.620000000000005,702.788972018268,-13.601027981731932,277.12686,True,True,False,False
1306.65,4.26,6743.940181818181,12251.17,40553.29,716.39,41.7935,2774.33,47.59,40.91,0.10192972347542743,161.3633703914439,687.4079578675511,4.415902216241074,0.3100000000001728,-0.1900000000000004,-6117.739818181819,-7.9465,724.32,-12.620000000000005,702.6921166730685,-13.697883326931446,278.53354,True,True,False,False
1306.65,4.26,6743.940181818181,12251.17,40553.29,716.39,43.187,2774.33,47.59,40.91,0.09864079239954635,156.1567144201141,665.227603429686,4.415902216241074,0.3100000000001728,-0.1900000000000004,-6117.739818181819,-6.553000000000004,724.32,-12.620000000000005,711.7987977196659,-4.591202280334073,270.39096,True,True,False,False
1306.65,4.26,6743.940181818181,12251.17,40553.29,716.39,44.5805,2774.33,47.59,40.91,0.09555747253715251,151.2755583841057,644.4338787162902,4.415902216241074,0.3100000000001728,-0.1900000000000004,-6117.739818181819,-5.159500000000001,724.32,-12.620000000000005,713.2831888228244,-3.1068111771755866,269.55737,True,True,False,False
1306.65,4.26,6743.940181818181,12251.17,40553.29,716.39,45.974000000000004,2774.33,47.59,40.91,0.09266106728452891,146.69030397894196,624.9006949502926,4.415902216241074,0.3100000000001728,-0.1900000000000004,-6117.739818181819,-3.7659999999999982,724.32,-12.620000000000005,743.540462835893,27.150462835892995,239.66609,True,True,True,True
1306.65,4.26,6743.940181818181,12251.17,40553.29,716.39,47.3675,2774.33,47.59,40.91,0.08993508017237388,142.37483589894646,606.5168009295119,4.415902216241074,0.3100000000001728,-0.1900000000000004,-6117.739818181819,-2.3725000000000023,724.32,-12.620000000000005,742.9134289335883,26.52342893358832,240.39944,True,True,True,True
1306.65,4.26,6743.940181818181,12251.17,40553.29,716.39,48.760999999999996,2774.33,47.59,40.91,0.08736490048676401,138.30602414864663,589.1836628732347,4.415902216241074,0.3100000000001728,-0.1900000000000004,-6117.739818181819,-0.9790000000000063,724.32,-12.620000000000005,751.7552217291094,35.36522172910941,231.42656,True,True,True,True
1306.65,4.26,6743.940181818181,12251.17,40553.29,716.39,50.1545,2774.33,47.59,40.91,0.08493754129863638,134.46330932129464,572.8136977087152,4.415902216241074,0.3100000000001728,-0.1900000000000004,-6117.739818181819,0.41449999999999676,724.32,-12.620000000000005,745.7860542106883,29.396054210688362,237.04701,True,True,True,True
1306.65,4.26,6743.940181818181,12251.17,40553.29,716.39,51.548,2774.33,47.59,40.91,0.08264141998445293,130.82835514452213,557.3287929156642,4.415902216241074,0.3100000000001728,-0.1900000000000004,-6117.739818181819,1.8079999999999998,724.32,-12.620000000000005,746.5184178952202,30.128417895220196,235.76596,True,True,True,True
1306.65,4.26,6743.940181818181,12251.17,40553.29,716.39,52.941500000000005,2774.33,47.59,40.91,0.08046617340902366,127.38475589912309,542.6590601302644,4.415902216241074,0.3100000000001728,-0.1900000000000004,-6117.739818181819,3.201500000000003,724.32,-12.620000000000005,745.7855474262758,29.39554742627581,235.76596,True,True,True,True
1306.65,4.26,6743.940181818181,12251.17,40553.29,716.39,54.335,2774.33,47.59,40.91,0.07840250154775924,124.11778885985815,528.7417805429957,4.415902216241074,0.3100000000001728,-0.1900000000000004,-6117.739818181819,4.594999999999999,724.32,-12.620000000000005,750.5638176676986,34.173817667698586,230.08481,True,True,True,True
1306.65,4.26,6743.940181818181,12251.17,40553.29,716.39,55.7285,2774.33,47.59,40.91,0.07644203457042564,121.01420387780001,515.5205085194281,4.415902216241074,0.3100000000001728,-0.1900000000000004,-6117.739818181819,5.988499999999995,724.32,-12.620000000000005,749.5036774355028,33.11367743550284,230.08481,True,True,True,True
1306.65,4.26,6743.940181818181,12251.17,40553.29,716.39,57.122,2774.33,47.59,40.91,0.07457721937997235,118.06204376170544,502.94430642486515,4.415902216241074,0.3100000000001728,-0.1900000000000004,-6117.739818181819,7.381999999999998,724.32,-12.620000000000005,748.297788082234,31.907788082233992,230.08481,True,True,True,True
1306.65,4.26,6743.940181818181,12251.17,40553.29,716.39,58.5155,2774.33,47.59,40.91,0.07280122236328455,115.2504903242336,490.9670887812351,4.415902216241074,0.3100000000001728,-0.1900000000000004,-6117.739818181819,8.775500000000001,724.32,-12.620000000000005,747.5439799077544,31.153979907754433,229.49739,True,True,True,True
1306.65,4.26,6743.940181818181,12251.17,40553.29,716.39,59.909,2774.33,47.59,40.91,0.07110784571420245,112.56973191421072,479.54705795453765,4.415902216241074,0.3100000000001728,-0.1900000000000004,-6117.739818181819,10.168999999999997,724.32,-12.620000000000005,744.3273651354234,27.93736513542342,231.24689,True,True,True,True
1306.65,4.26,6743.940181818181,12251.17,40553.29,716.39,61.302499999999995,2774.33,47.59,40.91,0.06949145516917818,110.01084901606514,468.6462168084375,4.415902216241074,0.3100000000001728,-0.1900000000000004,-6117.739818181819,11.562499999999993,724.32,-12.620000000000005,736.7913403586549,20.40134035865492,237.19849,True,True,True,True
1306.65,4.26,6743.940181818181,12251.17,40553.29,716.39,62.696,2774.33,47.59,40.91,0.0679469173799458,107.56571510546871,458.2299463492967,4.415902216241074,0.3100000000001728,-0.1900000000000004,-6117.739818181819,12.955999999999996,724.32,-12.620000000000005,730.867479332404,14.47747933240396,241.42844,True,True,True,True
1306.65,4.26,6743.940181818181,12251.17,40553.29,716.39,64.0895,2774.33,47.59,40.91,0.06646954545643911,105.22691043917133,448.26663847086985,4.415902216241074,0.3100000000001728,-0.1900000000000004,-6117.739818181819,14.349499999999999,724.32,-12.620000000000005,726.1497614597938,9.759761459793822,244.3499,True,True,True,True
1306.65,4.26,6743.940181818181,12251.17,40553.29,716.39,65.483,2774.33,47.59,40.91,0.06505505146289797,102.98764685232098,438.72737559088733,4.415902216241074,0.3100000000001728,-0.1900000000000004,-6117.739818181819,15.743000000000002,724.32,-12.620000000000005,724.257696544194,7.867696544194018,244.3499,True,True,True,True
1306.65,4.26,6743.940181818181,12251.17,40553.29,716.39,66.8765,2774.33,47.59,40.91,0.06369950485298267,100.84170195773524,429.58565033995205,4.415902216241074,0.3100000000001728,-0.1900000000000004,-6117.739818181819,17.13649999999999,724.32,-12.620000000000005,724.4234547739798,8.03345477397977,242.20226,True,True,True,True
1306.65,4.26,6743.940181818181,12251.17,40553.29,716.39,68.27000000000001,2774.33,47.59,40.91,0.06239929599532303,98.78336140376182,420.81711958002535,4.415902216241074,0.3100000000001728,-0.1900000000000004,-6117.739818181819,18.53000000000001,724.32,-12.620000000000005,724.1999301128661,7.809930112866141,240.35957,True,True,True,True
1306.65,4.26,6743.940181818181,12251.17,40553.29,716.39,69.6635,2774.33,47.59,40.91,0.06115110407672448,96.80736806233988,412.3993879455678,4.415902216241074,0.3100000000001728,-0.1900000000000004,-6117.739818181819,19.923499999999997,724.32,-12.620000000000005,720.0895581282002,3.6995581282002377,242.32448,True,True,True,True
1306.65,4.26,6743.940181818181,12251.17,40553.29,716.39,71.057,2774.33,47.59,40.91,0.059951868782078206,94.90887719590334,404.3118168545482,4.415902216241074,0.3100000000001728,-0.1900000000000004,-6117.739818181819,21.317,724.32,-12.620000000000005,717.8694934209548,1.4794934209547819,242.32448,True,True,True,True
1306.65,4.26,6743.940181818181,12251.17,40553.29,716.39,72.4505,2774.33,47.59,40.91,0.05879876524249294,93.0834167981555,396.53535556014236,4.415902216241074,0.3100000000001728,-0.1900000000000004,-6117.739818181819,22.710500000000003,724.32,-12.620000000000005,715.7925907916012,-0.5974092083987443,242.11102,True,True,True,True
1306.65,4.26,6743.940181818181,12251.17,40553.29,716.39,73.844,2774.33,47.59,40.91,0.05768918181992875,91.32685242526583,389.0523913316324,4.415902216241074,0.3100000000001728,-0.1900000000000004,-6117.739818181819,24.103999999999992,724.32,-12.620000000000005,713.4359193153167,-2.9540806846832766,242.11102,True,True,True,True
1306.65,4.26,6743.940181818181,12251.17,40553.29,716.39,75.2375,2774.33,47.59,40.91,0.05662070036058215,89.6353559353092,381.84661628441717,4.415902216241074,0.3100000000001728,-0.1900000000000004,-6117.739818181819,25.497499999999995,724.32,-12.620000000000005,711.0166188468436,-5.3733811531564015,242.11102,True,True,True,True
1306.65,4.26,6743.940181818181,12251.17,40553.29,716.39,76.631,2774.33,47.59,40.91,0.0555910786027707,88.00537763845968,374.9029087398382,4.415902216241074,0.3100000000001728,-0.1900000000000004,-6117.739818181819,26.891,724.32,-12.620000000000005,708.5381060256416,-7.851893974358404,242.11102,True,True,True,True
1306.65,4.26,6743.940181818181,12251.17,40553.29,716.39,78.02449999999999,2774.33,47.59,40.91,0.05459823446996477,86.4336214315319,368.2072272983259,4.415902216241074,0.3100000000001728,-0.1900000000000004,-6117.739818181819,28.284499999999987,724.32,-12.620000000000005,706.0035534095279,-10.386446590472133,242.11102,True,True,True,True
1306.65,4.26,6743.940181818181,12251.17,40553.29,716.39,79.418,2774.33,47.59,40.91,0.05364023201742385,84.91702255031805,361.74651606435486,4.415902216241074,0.3100000000001728,-0.1900000000000004,-6117.739818181819,29.678000000000004,724.32,-12.620000000000005,711.5196248777054,-4.870375122294604,234.00731,True,True,True,True
1306.65,4.26,6743.940181818181,12251.17,40553.29,716.39,80.8115,2774.33,47.59,40.91,0.05271526883283606,83.45272762373492,355.50861967711074,4.415902216241074,0.3100000000001728,-0.1900000000000004,-6117.739818181819,31.071499999999993,724.32,-12.620000000000005,711.4265302293918,-4.963469770608185,231.46242,True,True,True,True
1306.65,4.26,6743.940181818181,12251.17,40553.29,716.39,82.205,2774.33,47.59,40.91,0.05182166471842753,82.03807675664625,349.482206983313,4.415902216241074,0.3100000000001728,-0.1900000000000004,-6117.739818181819,32.464999999999996,724.32,-12.620000000000005,711.4627763161384,-4.927223683861598,228.7404,True,True,True,True
1306.65,4.26,6743.940181818181,12251.17,40553.29,716.39,83.5985,2774.33,47.59,40.91,0.05095785150501682,80.67058740464954,343.656702343807,4.415902216241074,0.3100000000001728,-0.1900000000000004,-6117.739818181819,33.8585,724.32,-12.620000000000005,708.7316132266975,-7.658386773302482,228.7404,True,True,True,True
1306.65,4.26,6743.940181818181,12251.17,40553.29,716.39,84.99199999999999,2774.33,47.59,40.91,0.050122363868100955,79.34793983516381,338.0222236977978,4.415902216241074,0.3100000000001728,-0.1900000000000004,-6117.739818181819,35.25199999999999,724.32,-12.620000000000005,706.8634933493428,-9.526506650657211,227.8342,True,True,True,True
1306.65,4.26,6743.940181818181,12251.17,40553.29,716.39,86.38550000000001,2774.33,47.59,40.91,0.049313831032825745,78.06796399569623,332.56952662166594,4.415902216241074,0.3100000000001728,-0.1900000000000004,-6117.739818181819,36.645500000000006,724.32,-12.620000000000005,702.791505153973,-13.598494846026938,229.09079,True,True,True,True
1306.65,4.26,6743.940181818181,12251.17,40553.29,716.39,87.779,2774.33,47.59,40.91,0.048530969269062425,76.82862763291395,327.28995371621346,4.415902216241074,0.3100000000001728,-0.1900000000000004,-6117.739818181819,38.038999999999994,724.32,-12.620000000000005,699.936992537874,-16.45300746212604,229.09079,True,True,True,True
1306.65,4.26,6743.940181818181,12251.17,40553.29,716.39,89.1725,2774.33,47.59,40.91,0.04777257509016148,75.62802552569633,322.17538873946637,4.415902216241074,0.3100000000001728,-0.1900000000000004,-6117.739818181819,39.4325,724.32,-12.620000000000005,692.5368204381188,-23.853179561881234,233.59917,True,True,True,True
1306.65,4.26,6743.940181818181,12251.17,40553.29,716.39,90.566,2774.33,47.59,40.91,0.04703751907959367,74.46436971218571,317.21821497391113,4.415902216241074,0.3100000000001728,-0.1900000000000004,-6117.739818181819,40.826,724.32,-12.620000000000005,689.60946395012,-26.78053604987997,233.59917,True,True,True,True
1306.65,4.26,6743.940181818181,12251.17,40553.29,716.39,91.95949999999999,2774.33,47.59,40.91,0.04632474027887559,73.33598060539913,312.4112773790003,4.415902216241074,0.3100000000001728,-0.1900000000000004,-6117.739818181819,42.21949999999999,724.32,-12.620000000000005,686.6481626309637,-29.74183736903626,233.59917,True,True,True,True
1306.65,4.26,6743.940181818181,12251.17,40553.29,716.39,93.35300000000001,2774.33,47.59,40.91,0.04563324107813095,72.24127890455478,307.74784813340335,4.415902216241074,0.3100000000001728,-0.1900000000000004,-6117.739818181819,43.61300000000001,724.32,-12.620000000000005,683.6544365856829,-32.735563414317085,233.59917,True,True,True,True
1306.65,4.26,6743.940181818181,12251.17,40553.29,716.39,94.7465,2774.33,47.59,40.91,0.044962082557539515,71.17877822019182,303.2215952180171,4.415902216241074,0.3100000000001728,-0.1900000000000004,-6117.739818181819,45.006499999999996,724.32,-12.620000000000005,678.8139968860229,-37.576003113977094,235.41489,True,True,True,True
1306.65,4.26,6743.940181818181,12251.17,40553.29,716.39,96.14,2774.33,47.59,40.91,0.04431038023392573,70.14707834066053,298.82655373121383,4.415902216241074,0.3100000000001728,-0.1900000000000004,-6117.739818181819,46.4,724.32,-12.620000000000005,675.7596304695325,-40.63036953046753,235.41489,True,True,True,True
1306.65,4.26,6984.065818181818,12251.17,40553.29,716.39,34.826,2774.33,47.59,40.91,0.1223223992901166,200.5417107230261,854.3076876800912,4.415902216241074,0.3100000000001728,-0.1900000000000004,-5877.614181818182,-14.914000000000001,724.32,-12.620000000000005,694.022924637211,-22.367075362789024,276.47562,True,True,False,False
1306.65,4.26,6984.065818181818,12251.17,40553.29,716.39,36.219500000000004,2774.33,47.59,40.91,0.11761619797025916,192.8261192273692,821.4392679085927,4.415902216241074,0.3100000000001728,-0.1900000000000004,-5877.614181818182,-13.520499999999998,724.32,-12.620000000000005,702.564224892329,-13.825775107671006,271.29794,True,True,False,False
1306.65,4.26,6984.065818181818,12251.17,40553.29,716.39,37.613,2774.33,47.59,40.91,0.11325871073143035,185.6822277536913,791.0062902307249,4.415902216241074,0.3100000000001728,-0.1900000000000004,-5877.614181818182,-12.127000000000002,724.32,-12.620000000000005,694.0841636645957,-22.30583633540425,282.5925,True,True,False,False
1306.65,4.26,6984.065818181818,12251.17,40553.29,716.39,39.0065,2774.33,47.59,40.91,0.109212564336391,179.04876467083827,762.747737497771,4.415902216241074,0.3100000000001728,-0.1900000000000004,-5877.614181818182,-10.7335,724.32,-12.620000000000005,696.8973007084307,-19.492699291569238,282.10358,True,True,False,False
1306.65,4.26,6984.065818181818,12251.17,40553.29,716.39,40.4,2774.33,47.59,40.91,0.10544554194441728,172.87291201259671,736.4386051736619,4.415902216241074,0.3100000000001728,-0.1900000000000004,-5877.614181818182,-9.340000000000003,724.32,-12.620000000000005,700.0857411002764,-16.30425889972355,280.7998,True,True,False,False
1306.65,4.26,6984.065818181818,12251.17,40553.29,716.39,41.7935,2774.33,47.59,40.91,0.10192972347542743,167.10889614588206,711.8838975814575,4.415902216241074,0.3100000000001728,-0.1900000000000004,-5877.614181818182,-7.9465,724.32,-12.620000000000005,704.6747137913301,-11.715286208669909,277.69992,True,True,False,False
1306.65,4.26,6984.065818181818,12251.17,40553.29,716.39,43.187,2774.33,47.59,40.91,0.09864079239954635,161.71685128545553,688.9137864760404,4.415902216241074,0.3100000000001728,-0.1900000000000004,-5877.614181818182,-6.553000000000004,724.32,-12.620000000000005,713.1154747541344,-3.2745252458655614,270.39096,True,True,False,False
1306.65,4.26,6984.065818181818,12251.17,40553.29,716.39,44.5805,2774.33,47.59,40.91,0.09555747253715251,156.66189615459498,667.3796776185746,4.415902216241074,0.3100000000001728,-0.1900000000000004,-5877.614181818182,-5.159500000000001,724.32,-12.620000000000005,725.5974731704714,9.207473170471417,258.71698,True,True,True,True
1306.65,4.26,6984.065818181818,12251.17,40553.29,716.39,45.974000000000004,2774.33,47.59,40.91,0.09266106728452891,151.91337856763474,647.1509926981239,4.415902216241074,0.3100000000001728,-0.1900000000000004,-5877.614181818182,-3.7659999999999982,724.32,-12.620000000000005,745.1620378445641,28.772037844564124,239.66609,True,True,True,True
1306.65,4.26,6984.065818181818,12251.17,40553.29,716.39,47.3675,2774.33,47.59,40.91,0.08993508017237388,147.44425335383048,628.1125192873178,4.415902216241074,0.3100000000001728,-0.1900000000000004,-5877.614181818182,-2.3725000000000023,724.32,-12.620000000000005,744.6739982826699,28.283998282669927,240.39944,True,True,True,True
1306.65,4.26,6984.065818181818,12251.17,40553.29,716.39,48.760999999999996,2774.33,47.59,40.91,0.08736490048676401,143.23056694799638,610.1622151984645,4.415902216241074,0.3100000000001728,-0.1900000000000004,-5877.614181818182,-0.9790000000000063,724.32,-12.620000000000005,753.6468410118262,37.25684101182617,231.42656,True,True,True,True
1306.65,4.26,6984.065818181818,12251.17,40553.29,716.39,50.1545,2774.33,47.59,40.91,0.08493754129863638,139.2510279023974,593.2093788642129,4.415902216241074,0.3100000000001728,-0.1900000000000004,-5877.614181818182,0.41449999999999676,724.32,-12.620000000000005,747.8014412059482,31.411441205948222,237.04701,True,True,True,True
1306.65,4.26,6984.065818181818,12251.17,40553.29,716.39,51.548,2774.33,47.59,40.91,0.08264141998445293,135.486647060898,577.1731164794255,4.415902216241074,0.3100000000001728,-0.1900000000000004,-5877.614181818182,1.8079999999999998,724.32,-12.620000000000005,748.6508809640038,32.26088096400383,235.76596,True,True,True,True
1306.65,4.26,6984.065818181818,12251.17,40553.29,716.39,52.941500000000005,2774.33,47.59,40.91,0.08046617340902366,131.92043456005936,561.9810512258529,4.415902216241074,0.3100000000001728,-0.1900000000000004,-5877.614181818182,3.201500000000003,724.32,-12.620000000000005,748.0289233316,31.63892333160004,235.76596,True,True,True,True
1306.65,4.26,6984.065818181818,12251.17,40553.29,716.39,54.335,2774.33,47.59,40.91,0.07840250154775924,128.53714345531748,547.5682311196524,4.415902216241074,0.3100000000001728,-0.1900000000000004,-5877.614181818182,4.594999999999999,724.32,-12.620000000000005,752.3393582860349,35.94935828603491,230.65787,True,True,True,True
1306.65,4.26,6984.065818181818,12251.17,40553.29,716.39,55.7285,2774.33,47.59,40.91,0.07644203457042564,125.32305181116963,533.8762007155826,4.415902216241074,0.3100000000001728,-0.1900000000000004,-5877.614181818182,5.988499999999995,724.32,-12.620000000000005,751.3791795735383,34.98917957353831,230.65787,True,True,True,True
1306.65,4.26,6984.065818181818,12251.17,40553.29,716.39,57.122,2774.33,47.59,40.91,0.07457721937997235,122.26577668702149,520.8522086867115,4.415902216241074,0.3100000000001728,-0.1900000000000004,-5877.614181818182,7.381999999999998,724.32,-12.620000000000005,750.8414336687046,34.45143366870457,230.08481,True,True,True,True
1306.65,4.26,6984.065818181818,12251.17,40553.29,716.39,58.5155,2774.33,47.59,40.91,0.07280122236328455,119.35411470170644,508.4485286292694,4.415902216241074,0.3100000000001728,-0.1900000000000004,-5877.614181818182,8.775500000000001,724.32,-12.620000000000005,750.178181143885,33.788181143885026,229.49739,True,True,True,True
1306.65,4.26,6984.065818181818,12251.17,40553.29,716.39,59.909,2774.33,47.59,40.91,0.07110784571420245,116.57790484908634,496.62187465710775,4.415902216241074,0.3100000000001728,-0.1900000000000004,-5877.614181818182,10.168999999999997,724.32,-12.620000000000005,747.047909322097,30.657909322096998,231.24689,True,True,True,True
1306.65,4.26,6984.065818181818,12251.17,40553.29,716.39,61.302499999999995,2774.33,47.59,40.91,0.06949145516917818,113.92791002412477,485.3328967027715,4.415902216241074,0.3100000000001728,-0.1900000000000004,-5877.614181818182,11.562499999999993,724.32,-12.620000000000005,739.5943020801179,23.20430208011794,237.19849,True,True,True,True
1306.65,4.26,6984.065818181818,12251.17,40553.29,716.39,62.696,2774.33,47.59,40.91,0.0679469173799458,111.39571434838115,474.54574312410364,4.415902216241074,0.3100000000001728,-0.1900000000000004,-5877.614181818182,12.955999999999996,724.32,-12.620000000000005,733.7491949152834,17.35919491528341,241.42844,True,True,True,True
1306.65,4.26,6984.065818181818,12251.17,40553.29,716.39,64.0895,2774.33,47.59,40.91,0.06646954545643911,108.97363389023451,464.22768037239894,4.415902216241074,0.3100000000001728,-0.1900000000000004,-5877.614181818182,14.349499999999999,724.32,-12.620000000000005,729.1068062088066,12.716806208806588,244.3499,True,True,True,True
1306.65,4.26,6984.065818181818,12251.17,40553.29,716.39,65.483,2774.33,47.59,40.91,0.06505505146289797,106.65463878452697,454.3487612220848,4.415902216241074,0.3100000000001728,-0.1900000000000004,-5877.614181818182,15.743000000000002,724.32,-12.620000000000005,727.2868644000146,10.896864400014579,244.3499,True,True,True,True
1306.65,4.26,6984.065818181818,12251.17,40553.29,716.39,66.8765,2774.33,47.59,40.91,0.06369950485298267,104.43228508892561,444.8815344788231,4.415902216241074,0.3100000000001728,-0.1900000000000004,-5877.614181818182,17.13649999999999,724.32,-12.620000000000005,727.5217400904446,11.131740090444623,242.20226,True,True,True,True
1306.65,4.26,6984.065818181818,12251.17,40553.29,716.39,68.27000000000001,2774.33,47.59,40.91,0.06239929599532303,102.30065498580873,435.80079023954517,4.415902216241074,0.3100000000001728,-0.1900000000000004,-5877.614181818182,18.53000000000001,724.32,-12.620000000000005,725.5218294091939,9.13182940919387,242.20226,True,True,True,True
1306.65,4.26,6984.065818181818,12251.17,40553.29,716.39,69.6635,2774.33,47.59,40.91,0.06115110407672448,100.2543041611104,427.08333572633023,4.415902216241074,0.3100000000001728,-0.1900000000000004,-5877.614181818182,19.923499999999997,724.32,-12.620000000000005,723.3177829016121,6.92778290161209,242.32448,True,True,True,True
1306.65,4.26,6984.065818181818,12251.17,40553.29,716.39,71.057,2774.33,47.59,40.91,0.059951868782078206,98.28821537489061,418.707797497034,4.415902216241074,0.3100000000001728,-0.1900000000000004,-5877.614181818182,21.317,724.32,-12.620000000000005,721.158865555641,4.768865555641014,242.32448,True,True,True,True
1306.65,4.26,6984.065818181818,12251.17,40553.29,716.39,72.4505,2774.33,47.59,40.91,0.05879876524249294,96.39775738999815,410.65444648139203,4.415902216241074,0.3100000000001728,-0.1900000000000004,-5877.614181818182,22.710500000000003,724.32,-12.620000000000005,718.9273028925091,2.5373028925091603,242.32448,True,True,True,True
1306.65,4.26,6984.065818181818,12251.17,40553.29,716.39,73.844,2774.33,47.59,40.91,0.05768918181992875,94.57864855104233,402.9050428274403,4.415902216241074,0.3100000000001728,-0.1900000000000004,-5877.614181818182,24.103999999999992,724.32,-12.620000000000005,716.8406627518177,0.4506627518177311,242.11102,True,True,True,True
1306.65,4.26,6984.065818181818,12251.17,40553.29,716.39,75.2375,2774.33,47.59,40.91,0.05662070036058215,92.8269244107645,395.44269798985675,4.415902216241074,0.3100000000001728,-0.1900000000000004,-5877.614181818182,25.497499999999995,724.32,-12.620000000000005,714.4758426860657,-1.9141573139343109,242.11102,True,True,True,True
1306.65,4.26,6984.065818181818,12251.17,40553.29,716.39,76.631,2774.33,47.59,40.91,0.0555910786027707,91.13890888860787,388.2517518654695,4.415902216241074,0.3100000000001728,-0.1900000000000004,-5877.614181818182,26.891,724.32,-12.620000000000005,712.049828864753,-4.340171135247033,242.11102,True,True,True,True
1306.65,4.26,6984.065818181818,12251.17,40553.29,716.39,78.02449999999999,2774.33,47.59,40.91,0.05459823446996477,89.51118851989607,381.3176630947572,4.415902216241074,0.3100000000001728,-0.1900000000000004,-5877.614181818182,28.284499999999987,724.32,-12.620000000000005,709.5659000079206,-6.824099992079368,242.11102,True,True,True,True
1306.65,4.26,6984.065818181818,12251.17,40553.29,716.39,79.418,2774.33,47.59,40.91,0.05364023201742385,87.94058941601688,374.62691091223184,4.415902216241074,0.3100000000001728,-0.1900000000000004,-5877.614181818182,29.678000000000004,724.32,-12.620000000000005,715.1308187059361,-1.2591812940638647,234.00731,True,True,True,True
1306.65,4.26,6984.065818181818,12251.17,40553.29,716.39,80.8115,2774.33,47.59,40.91,0.05271526883283606,86.42415660837457,368.1669071516757,4.415902216241074,0.3100000000001728,-0.1900000000000004,-5877.614181818182,31.071499999999993,724.32,-12.620000000000005,712.5399953031244,-3.850004696875544,234.00731,True,True,True,True
1306.65,4.26,6984.065818181818,12251.17,40553.29,716.39,82.205,2774.33,47.59,40.91,0.05182166471842753,84.95913549325081,361.9259172012484,4.415902216241074,0.3100000000001728,-0.1900000000000004,-5877.614181818182,32.464999999999996,724.32,-12.620000000000005,711.6269167311943,-4.763083268805644,232.28018,True,True,True,True
1306.65,4.26,6984.065818181818,12251.17,40553.29,716.39,83.5985,2774.33,47.59,40.91,0.05095785150501682,83.54295513243495,355.8929888641728,4.415902216241074,0.3100000000001728,-0.1900000000000004,-5877.614181818182,33.8585,724.32,-12.620000000000005,712.4795779546841,-3.9104220453158405,228.7404,True,True,True,True
1306.65,4.26,6984.065818181818,12251.17,40553.29,716.39,84.99199999999999,2774.33,47.59,40.91,0.050122363868100955,82.1732131966374,350.05788821767527,4.415902216241074,0.3100000000001728,-0.1900000000000004,-5877.614181818182,35.25199999999999,724.32,-12.620000000000005,709.7478542212832,-6.642145778716781,228.7404,True,True,True,True
1306.65,4.26,6984.065818181818,12251.17,40553.29,716.39,86.38550000000001,2774.33,47.59,40.91,0.049313831032825745,80.84766236618594,344.41104167995206,4.415902216241074,0.3100000000001728,-0.1900000000000004,-5877.614181818182,36.645500000000006,724.32,-12.620000000000005,706.6232962288028,-9.766703771197172,229.09079,True,True,True,True
1306.65,4.26,6984.065818181818,12251.17,40553.29,716.39,87.779,2774.33,47.59,40.91,0.048530969269062425,79.56419802706365,338.9434835952911,4.415902216241074,0.3100000000001728,-0.1900000000000004,-5877.614181818182,38.038999999999994,724.32,-12.620000000000005,703.8087006592672,-12.581299340732812,229.09079,True,True,True,True
1306.65,4.26,6984.065818181818,12251.17,40553.29,716.39,89.1725,2774.33,47.59,40.91,0.04777257509016148,78.3208471205918,333.646808733721,4.415902216241074,0.3100000000001728,-0.1900000000000004,-5877.614181818182,39.4325,724.32,-12.620000000000005,700.9555751127093,-15.434424887290675,229.09079,True,True,True,True
1306.65,4.26,6984.065818181818,12251.17,40553.29,716.39,90.566,2774.33,47.59,40.91,0.04703751907959367,77.11575802250358,328.51312917586523,4.415902216241074,0.3100000000001728,-0.1900000000000004,-5877.614181818182,40.826,724.32,-12.620000000000005,698.0656981215496,-18.324301878450342,229.09079,True,True,True,True
1306.65,4.26,6984.065818181818,12251.17,40553.29,716.39,91.95949999999999,2774.33,47.59,40.91,0.04632474027887559,75.94719134221725,323.5350351178455,4.415902216241074,0.3100000000001728,-0.1900000000000004,-5877.614181818182,42.21949999999999,724.32,-12.620000000000005,690.632363339691,-25.757636660309004,233.59917,True,True,True,True
1306.65,4.26,6984.065818181818,12251.17,40553.29,716.39,93.35300000000001,2774.33,47.59,40.91,0.04563324107813095,74.81351154615605,318.7055591866248,4.415902216241074,0.3100000000001728,-0.1900000000000004,-5877.614181818182,43.61300000000001,724.32,-12.620000000000005,687.6738958893144,-28.716104110685592,233.59917,True,True,True,True
1306.65,4.26,6984.065818181818,12251.17,40553.29,716.39,94.7465,2774.33,47.59,40.91,0.044962082557539515,73.71317932027715,314.0181439043806,4.415902216241074,0.3100000000001728,-0.1900000000000004,-5877.614181818182,45.006499999999996,724.32,-12.620000000000005,682.8676776412029,-33.522322358797055,235.41489,True,True,True,True
1306.65,4.26,6984.065818181818,12251.17,40553.29,716.39,96.14,2774.33,47.59,40.91,0.04431038023392573,72.6447445968075,309.46661198239997,4.415902216241074,0.3100000000001728,-0.1900000000000004,-5877.614181818182,46.4,724.32,-12.620000000000005,679.8465406314882,-36.543459368511776,235.41489,True,True,True,True
1306.65,4.26,7224.191454545455,12251.17,40553.29,716.39,34.826,2774.33,47.59,40.91,0.1223223992901166,207.43672104487263,883.6804316511574,4.415902216241074,0.3100000000001728,-0.1900000000000004,-5637.488545454546,-14.914000000000001,724.32,-12.620000000000005,692.4056991360944,-23.98430086390556,278.20203,True,True,False,False
1306.65,4.26,7224.191454545455,12251.17,40553.29,716.39,36.219500000000004,2774.33,47.59,40.91,0.11761619797025916,199.4558526509091,849.6819322928727,4.415902216241074,0.3100000000001728,-0.1900000000000004,-5637.488545454546,-13.520499999999998,724.32,-12.620000000000005,702.9133720475975,-13.47662795240251,271.29794,True,True,False,False
1306.65,4.26,7224.191454545455,12251.17,40553.29,716.39,37.613,2774.33,47.59,40.91,0.11325871073143035,192.0663404269565,818.2026102188347,4.415902216241074,0.3100000000001728,-0.1900000000000004,-5637.488545454546,-12.127000000000002,724.32,-12.620000000000005,694.6554931118891,-21.7345068881109,282.5925,True,True,False,False
1306.65,4.26,7224.191454545455,12251.17,40553.29,716.39,39.0065,2774.33,47.59,40.91,0.109212564336391,185.20480610515295,788.9724740079515,4.415902216241074,0.3100000000001728,-0.1900000000000004,-5637.488545454546,-10.7335,724.32,-12.620000000000005,697.1860154864152,-19.203984513584828,282.5925,True,True,False,False
1306.65,4.26,7224.191454545455,12251.17,40553.29,716.39,40.4,2774.33,47.59,40.91,0.10544554194441728,178.81661573586237,761.7587830347736,4.415902216241074,0.3100000000001728,-0.1900000000000004,-5637.488545454546,-9.340000000000003,724.32,-12.620000000000005,700.3249845475192,-16.065015452480793,281.53027,True,True,False,False
1306.65,4.26,7224.191454545455,12251.17,40553.29,716.39,41.7935,2774.33,47.59,40.91,0.10192972347542743,172.8544219003202,736.3598372953641,4.415902216241074,0.3100000000001728,-0.1900000000000004,-5637.488545454546,-7.9465,724.32,-12.620000000000005,702.1507496302947,-14.239250369705246,281.37286,True,True,False,False
1306.65,4.26,7224.191454545455,12251.17,40553.29,716.39,43.187,2774.33,47.59,40.91,0.09864079239954635,167.27698815079694,712.599969522395,4.415902216241074,0.3100000000001728,-0.1900000000000004,-5637.488545454546,-6.553000000000004,724.32,-12.620000000000005,715.8388290346968,-0.5511709653031858,268.98428,True,True,False,False
1306.65,4.26,7224.191454545455,12251.17,40553.29,716.39,44.5805,2774.33,47.59,40.91,0.09555747253715251,162.0482339250843,690.3254765208592,4.415902216241074,0.3100000000001728,-0.1900000000000004,-5637.488545454546,-5.159500000000001,724.32,-12.620000000000005,727.0713644517123,10.681364451712284,258.71698,True,True,True,True
1306.65,4.26,7224.191454545455,12251.17,40553.29,716.39,45.974000000000004,2774.33,47.59,40.91,0.09266106728452891,157.13645315632752,669.4012904459552,4.415902216241074,0.3100000000001728,-0.1900000000000004,-5637.488545454546,-3.7659999999999982,724.32,-12.620000000000005,757.6239754020634,41.23397540206338,228.82573,True,True,True,True
1306.65,4.26,7224.191454545455,12251.17,40553.29,716.39,47.3675,2774.33,47.59,40.91,0.08993508017237388,152.5136708087145,649.7082376451237,4.415902216241074,0.3100000000001728,-0.1900000000000004,-5637.488545454546,-2.3725000000000023,724.32,-12.620000000000005,746.4345676317516,30.044567631751647,240.39944,True,True,True,True
1306.65,4.26,7224.191454545455,12251.17,40553.29,716.39,48.760999999999996,2774.33,47.59,40.91,0.08736490048676401,148.15510974734616,631.1407675236946,4.415902216241074,0.3100000000001728,-0.1900000000000004,-5637.488545454546,-0.9790000000000063,724.32,-12.620000000000005,755.5384602945429,39.14846029454293,231.42656,True,True,True,True
1306.65,4.26,7224.191454545455,12251.17,40553.29,716.39,50.1545,2774.33,47.59,40.91,0.08493754129863638,144.03874648350015,613.6050600197107,4.415902216241074,0.3100000000001728,-0.1900000000000004,-5637.488545454546,0.41449999999999676,724.32,-12.620000000000005,749.8168282012081,33.42682820120808,237.04701,True,True,True,True
1306.65,4.26,7224.191454545455,12251.17,40553.29,716.39,51.548,2774.33,47.59,40.91,0.08264141998445293,140.1449389772739,597.0174400431869,4.415902216241074,0.3100000000001728,-0.1900000000000004,-5637.488545454546,1.8079999999999998,724.32,-12.620000000000005,750.7833440327875,34.39334403278747,235.76596,True,True,True,True
1306.65,4.26,7224.191454545455,12251.17,40553.29,716.39,52.941500000000005,2774.33,47.59,40.91,0.08046617340902366,136.45611322099566,581.3030423214415,4.415902216241074,0.3100000000001728,-0.1900000000000004,-5637.488545454546,3.201500000000003,724.32,-12.620000000000005,750.2722992369243,33.88229923692427,235.76596,True,True,True,True
1306.65,4.26,7224.191454545455,12251.17,40553.29,716.39,54.335,2774.33,47.59,40.91,0.07840250154775924,132.9564980507768,566.3946816963091,4.415902216241074,0.3100000000001728,-0.1900000000000004,-5637.488545454546,4.594999999999999,724.32,-12.620000000000005,754.6879579864025,38.29795798640248,230.65787,True,True,True,True
1306.65,4.26,7224.191454545455,12251.17,40553.29,716.39,55.7285,2774.33,47.59,40.91,0.07644203457042564,129.63189974453925,552.2318929117372,4.415902216241074,0.3100000000001728,-0.1900000000000004,-5637.488545454546,5.988499999999995,724.32,-12.620000000000005,753.8277407936049,37.43774079360492,230.65787,True,True,True,True
1306.65,4.26,7224.191454545455,12251.17,40553.29,716.39,57.122,2774.33,47.59,40.91,0.07457721937997235,126.46950961233755,538.7601109485579,4.415902216241074,0.3100000000001728,-0.1900000000000004,-5637.488545454546,7.381999999999998,724.32,-12.620000000000005,752.812020173144,36.422020173144006,230.65787,True,True,True,True
1306.65,4.26,7224.191454545455,12251.17,40553.29,716.39,58.5155,2774.33,47.59,40.91,0.07280122236328455,123.45773907917929,525.9299684773038,4.415902216241074,0.3100000000001728,-0.1900000000000004,-5637.488545454546,8.775500000000001,724.32,-12.620000000000005,752.2393232979842,35.849323297984256,230.07045,True,True,True,True
1306.65,4.26,7224.191454545455,12251.17,40553.29,716.39,59.909,2774.33,47.59,40.91,0.07110784571420245,120.58607778396197,513.696691359678,4.415902216241074,0.3100000000001728,-0.1900000000000004,-5637.488545454546,10.168999999999997,724.32,-12.620000000000005,749.7684535087706,33.378453508770576,231.24689,True,True,True,True
1306.65,4.26,7224.191454545455,12251.17,40553.29,716.39,61.302499999999995,2774.33,47.59,40.91,0.06949145516917818,117.8449710321844,502.0195765971056,4.415902216241074,0.3100000000001728,-0.1900000000000004,-5637.488545454546,11.562499999999993,724.32,-12.620000000000005,742.397263801581,26.00726380158096,237.19849,True,True,True,True
1306.65,4.26,7224.191454545455,12251.17,40553.29,716.39,62.696,2774.33,47.59,40.91,0.0679469173799458,115.22571359129357,490.86153989891056,4.415902216241074,0.3100000000001728,-0.1900000000000004,-5637.488545454546,12.955999999999996,724.32,-12.620000000000005,736.6309104981627,20.240910498162748,241.42844,True,True,True,True
1306.65,4.26,7224.191454545455,12251.17,40553.29,716.39,64.0895,2774.33,47.59,40.91,0.06646954545643911,112.72035734129767,480.1887222739281,4.415902216241074,0.3100000000001728,-0.1900000000000004,-5637.488545454546,14.349499999999999,724.32,-12.620000000000005,732.0638509578193,15.673850957819354,244.3499,True,True,True,True
1306.65,4.26,7224.191454545455,12251.17,40553.29,716.39,65.483,2774.33,47.59,40.91,0.06505505146289797,110.32163071673295,469.97014685328236,4.415902216241074,0.3100000000001728,-0.1900000000000004,-5637.488545454546,15.743000000000002,724.32,-12.620000000000005,730.3160322558354,13.926032255835366,244.3499,True,True,True,True
1306.65,4.26,7224.191454545455,12251.17,40553.29,716.39,66.8765,2774.33,47.59,40.91,0.06369950485298267,108.022868220116,460.1774186176941,4.415902216241074,0.3100000000001728,-0.1900000000000004,-5637.488545454546,17.13649999999999,724.32,-12.620000000000005,730.6200254069093,14.230025406909363,242.20226,True,True,True,True
1306.65,4.26,7224.191454545455,12251.17,40553.29,716.39,68.27000000000001,2774.33,47.59,40.91,0.06239929599532303,105.81794856785565,450.78446089906504,4.415902216241074,0.3100000000001728,-0.1900000000000004,-5637.488545454546,18.53000000000001,724.32,-12.620000000000005,728.6864105902872,12.296410590287223,242.20226,True,True,True,True
1306.65,4.26,7224.191454545455,12251.17,40553.29,716.39,69.6635,2774.33,47.59,40.91,0.06115110407672448,103.70124025988092,441.7672835070927,4.415902216241074,0.3100000000001728,-0.1900000000000004,-5637.488545454546,19.923499999999997,724.32,-12.620000000000005,724.7033257902583,8.313325790258318,244.16716,True,True,True,True
1306.65,4.26,7224.191454545455,12251.17,40553.29,716.39,71.057,2774.33,47.59,40.91,0.059951868782078206,101.6675535538779,433.1037781395198,4.415902216241074,0.3100000000001728,-0.1900000000000004,-5637.488545454546,21.317,724.32,-12.620000000000005,722.6055558055616,6.215555805561621,244.16716,True,True,True,True
1306.65,4.26,7224.191454545455,12251.17,40553.29,716.39,72.4505,2774.33,47.59,40.91,0.05879876524249294,99.7120979818408,424.77353740264175,4.415902216241074,0.3100000000001728,-0.1900000000000004,-5637.488545454546,22.710500000000003,724.32,-12.620000000000005,722.2754701936124,5.885470193612377,242.32448,True,True,True,True
1306.65,4.26,7224.191454545455,12251.17,40553.29,716.39,73.844,2774.33,47.59,40.91,0.05768918181992875,97.83044467681884,416.75769432324824,4.415902216241074,0.3100000000001728,-0.1900000000000004,-5637.488545454546,24.103999999999992,724.32,-12.620000000000005,720.0319509881234,3.641950988123426,242.32448,True,True,True,True
1306.65,4.26,7224.191454545455,12251.17,40553.29,716.39,75.2375,2774.33,47.59,40.91,0.05662070036058215,96.0184928862198,409.03877969529634,4.415902216241074,0.3100000000001728,-0.1900000000000004,-5637.488545454546,25.497499999999995,724.32,-12.620000000000005,717.7216113250926,1.331611325092581,242.32448,True,True,True,True
1306.65,4.26,7224.191454545455,12251.17,40553.29,716.39,76.631,2774.33,47.59,40.91,0.0555910786027707,94.27244013875605,401.60059499110076,4.415902216241074,0.3100000000001728,-0.1900000000000004,-5637.488545454546,26.891,724.32,-12.620000000000005,715.5615517038644,-0.8284482961355479,242.11102,True,True,True,True
1306.65,4.26,7224.191454545455,12251.17,40553.29,716.39,78.02449999999999,2774.33,47.59,40.91,0.05459823446996477,92.58875560826023,394.4280988911886,4.415902216241074,0.3100000000001728,-0.1900000000000004,-5637.488545454546,28.284499999999987,724.32,-12.620000000000005,713.1282466063135,-3.26175339368649,242.11102,True,True,True,True
1306.65,4.26,7224.191454545455,12251.17,40553.29,716.39,79.418,2774.33,47.59,40.91,0.05364023201742385,90.9641562817157,387.5073057601089,4.415902216241074,0.3100000000001728,-0.1900000000000004,-5637.488545454546,29.678000000000004,724.32,-12.620000000000005,718.742012534167,2.352012534166988,234.00731,True,True,True,True
1306.65,4.26,7224.191454545455,12251.17,40553.29,716.39,80.8115,2774.33,47.59,40.91,0.05271526883283606,89.39558559301423,380.8251946262406,4.415902216241074,0.3100000000001728,-0.1900000000000004,-5637.488545454546,31.071499999999993,724.32,-12.620000000000005,716.198351734279,-0.1916482657210281,234.00731,True,True,True,True
1306.65,4.26,7224.191454545455,12251.17,40553.29,716.39,82.205,2774.33,47.59,40.91,0.05182166471842753,87.88019422985538,374.36962741918387,4.415902216241074,0.3100000000001728,-0.1900000000000004,-5637.488545454546,32.464999999999996,724.32,-12.620000000000005,713.6037097341409,-2.7862902658590656,234.00731,True,True,True,True
1306.65,4.26,7224.191454545455,12251.17,40553.29,716.39,83.5985,2774.33,47.59,40.91,0.05095785150501682,86.41532286022036,368.12927538453874,4.415902216241074,0.3100000000001728,-0.1900000000000004,-5637.488545454546,33.8585,724.32,-12.620000000000005,712.6877630195847,-3.7022369804152504,232.28018,True,True,True,True
1306.65,4.26,7224.191454545455,12251.17,40553.29,716.39,84.99199999999999,2774.33,47.59,40.91,0.050122363868100955,84.99848655811098,362.0935527375528,4.415902216241074,0.3100000000001728,-0.1900000000000004,-5637.488545454546,35.25199999999999,724.32,-12.620000000000005,710.8164039359971,-5.573596064002913,231.46242,True,True,True,True
1306.65,4.26,7224.191454545455,12251.17,40553.29,716.39,86.38550000000001,2774.33,47.59,40.91,0.049313831032825745,83.62736073667564,356.25255673823824,4.415902216241074,0.3100000000001728,-0.1900000000000004,-5637.488545454546,36.645500000000006,724.32,-12.620000000000005,709.5488830799998,-6.841116920000218,229.997,True,True,True,True
1306.65,4.26,7224.191454545455,12251.17,40553.29,716.39,87.779,2774.33,47.59,40.91,0.048530969269062425,82.29976842121336,350.59701347436885,4.415902216241074,0.3100000000001728,-0.1900000000000004,-5637.488545454546,38.038999999999994,724.32,-12.620000000000005,706.7742045570275,-9.615795442972512,229.997,True,True,True,True
1306.65,4.26,7224.191454545455,12251.17,40553.29,716.39,89.1725,2774.33,47.59,40.91,0.04777257509016148,81.01366871548724,345.11822872797563,4.415902216241074,0.3100000000001728,-0.1900000000000004,-5637.488545454546,39.4325,724.32,-12.620000000000005,704.8659527121046,-11.524047287895428,229.09079,True,True,True,True
1306.65,4.26,7224.191454545455,12251.17,40553.29,716.39,90.566,2774.33,47.59,40.91,0.04703751907959367,79.76714633282145,339.8080433778194,4.415902216241074,0.3100000000001728,-0.1900000000000004,-5637.488545454546,40.826,724.32,-12.620000000000005,702.0135552177842,-14.376444782215799,229.09079,True,True,True,True
1306.65,4.26,7224.191454545455,12251.17,40553.29,716.39,91.95949999999999,2774.33,47.59,40.91,0.04632474027887559,78.55840207903537,334.6587928566907,4.415902216241074,0.3100000000001728,-0.1900000000000004,-5637.488545454546,42.21949999999999,724.32,-12.620000000000005,699.1249411236136,-17.265058876386433,229.09079,True,True,True,True
1306.65,4.26,7224.191454545455,12251.17,40553.29,716.39,93.35300000000001,2774.33,47.59,40.91,0.04563324107813095,77.38574418775733,329.6632702398462,4.415902216241074,0.3100000000001728,-0.1900000000000004,-5637.488545454546,43.61300000000001,724.32,-12.620000000000005,691.693355192946,-24.696644807053985,233.59917,True,True,True,True
1306.65,4.26,7224.191454545455,12251.17,40553.29,716.39,94.7465,2774.33,47.59,40.91,0.044962082557539515,76.2475804203625,324.8146925907442,4.415902216241074,0.3100000000001728,-0.1900000000000004,-5637.488545454546,45.006499999999996,724.32,-12.620000000000005,686.9213583963831,-29.468641603616902,235.41489,True,True,True,True
1306.65,4.26,7224.191454545455,12251.17,40553.29,716.39,96.14,2774.33,47.59,40.91,0.04431038023392573,75.14241085295448,320.1066702335861,4.415902216241074,0.3100000000001728,-0.1900000000000004,-5637.488545454546,46.4,724.32,-12.620000000000005,683.9334507934439,-32.45654920655613,235.41489,True,True,True,True
1306.65,4.26,7464.317090909091,12251.17,40553.29,716.39,34.826,2774.33,47.59,40.91,0.1223223992901166,214.33173136671914,913.0531756222234,4.415902216241074,0.3100000000001728,-0.1900000000000004,-5397.362909090909,-14.914000000000001,724.32,-12.620000000000005,692.2497468283373,-24.14025317166272,278.46716,True,True,False,False
1306.65,4.26,7464.317090909091,12251.17,40553.29,716.39,36.219500000000004,2774.33,47.59,40.91,0.11761619797025916,206.085586074449,877.9245966771526,4.415902216241074,0.3100000000001728,-0.1900000000000004,-5397.362909090909,-13.520499999999998,724.32,-12.620000000000005,701.5359261852878,-14.854073814712137,273.02454,True,True,False,False
1306.65,4.26,7464.317090909091,12251.17,40553.29,716.39,37.613,2774.33,47.59,40.91,0.11325871073143035,198.4504531002217,845.3989302069443,4.415902216241074,0.3100000000001728,-0.1900000000000004,-5397.362909090909,-12.127000000000002,724.32,-12.620000000000005,695.2268225591822,-21.163177440817776,282.5925,True,True,False,False
1306.65,4.26,7464.317090909091,12251.17,40553.29,716.39,39.0065,2774.33,47.59,40.91,0.109212564336391,191.3608475394676,815.197210518132,4.415902216241074,0.3100000000001728,-0.1900000000000004,-5397.362909090909,-10.7335,724.32,-12.620000000000005,697.9636523835402,-18.426347616459793,282.5925,True,True,False,False
1306.65,4.26,7464.317090909091,12251.17,40553.29,716.39,40.4,2774.33,47.59,40.91,0.10544554194441728,184.76031945912803,787.0789608958854,4.415902216241074,0.3100000000001728,-0.1900000000000004,-5397.362909090909,-9.340000000000003,724.32,-12.620000000000005,700.8057746256213,-15.584225374378661,282.0192,True,True,False,False
1306.65,4.26,7464.317090909091,12251.17,40553.29,716.39,41.7935,2774.33,47.59,40.91,0.10192972347542743,178.59994765475838,760.8357770092706,4.415902216241074,0.3100000000001728,-0.1900000000000004,-5397.362909090909,-7.9465,724.32,-12.620000000000005,703.1423189165249,-13.247681083475072,281.53027,True,True,False,False
1306.65,4.26,7464.317090909091,12251.17,40553.29,716.39,43.187,2774.33,47.59,40.91,0.09864079239954635,172.83712501613834,736.2861525687493,4.415902216241074,0.3100000000001728,-0.1900000000000004,-5397.362909090909,-6.553000000000004,724.32,-12.620000000000005,713.4825629539309,-2.907437046069049,272.65723,True,True,False,False
1306.65,4.26,7464.317090909091,12251.17,40553.29,716.39,44.5805,2774.33,47.59,40.91,0.09555747253715251,167.43457169557362,713.2712754231436,4.415902216241074,0.3100000000001728,-0.1900000000000004,-5397.362909090909,-5.159500000000001,724.32,-12.620000000000005,729.9518414263124,13.561841426312412,257.3104,True,True,True,True
1306.65,4.26,7464.317090909091,12251.17,40553.29,716.39,45.974000000000004,2774.33,47.59,40.91,0.09266106728452891,162.3595277450203,691.6515881937864,4.415902216241074,0.3100000000001728,-0.1900000000000004,-5397.362909090909,-3.7659999999999982,724.32,-12.620000000000005,760.3695738482345,43.97957384823451,227.7017,True,True,True,True
1306.65,4.26,7464.317090909091,12251.17,40553.29,716.39,47.3675,2774.33,47.59,40.91,0.08993508017237388,157.58308826359854,671.3039560029297,4.415902216241074,0.3100000000001728,-0.1900000000000004,-5397.362909090909,-2.3725000000000023,724.32,-12.620000000000005,759.0354995296615,42.64549952966149,229.55908,True,True,True,True
1306.65,4.26,7464.317090909091,12251.17,40553.29,716.39,48.760999999999996,2774.33,47.59,40.91,0.08736490048676401,153.0796525466959,652.1193198489245,4.415902216241074,0.3100000000001728,-0.1900000000000004,-5397.362909090909,-0.9790000000000063,724.32,-12.620000000000005,757.4300795772597,41.04007957725969,231.42656,True,True,True,True
1306.65,4.26,7464.317090909091,12251.17,40553.29,716.39,50.1545,2774.33,47.59,40.91,0.08493754129863638,148.8264650646029,634.0007411752084,4.415902216241074,0.3100000000001728,-0.1900000000000004,-5397.362909090909,0.41449999999999676,724.32,-12.620000000000005,751.8322151964679,35.44221519646794,237.04701,True,True,True,True
1306.65,4.26,7464.317090909091,12251.17,40553.29,716.39,51.548,2774.33,47.59,40.91,0.08264141998445293,144.8032308936498,616.8617636069481,4.415902216241074,0.3100000000001728,-0.1900000000000004,-5397.362909090909,1.8079999999999998,724.32,-12.620000000000005,752.9158071015711,36.525807101571104,235.76596,True,True,True,True
1306.65,4.26,7464.317090909091,12251.17,40553.29,716.39,52.941500000000005,2774.33,47.59,40.91,0.08046617340902366,140.99179188193193,600.62503341703,4.415902216241074,0.3100000000001728,-0.1900000000000004,-5397.362909090909,3.201500000000003,724.32,-12.620000000000005,752.5156751422484,36.12567514224838,235.76596,True,True,True,True
1306.65,4.26,7464.317090909091,12251.17,40553.29,716.39,54.335,2774.33,47.59,40.91,0.07840250154775924,137.3758526462361,585.2211322729657,4.415902216241074,0.3100000000001728,-0.1900000000000004,-5397.362909090909,4.594999999999999,724.32,-12.620000000000005,757.03655768677,40.64655768677005,230.65787,True,True,True,True
1306.65,4.26,7464.317090909091,12251.17,40553.29,716.39,55.7285,2774.33,47.59,40.91,0.07644203457042564,133.94074767790886,570.5875851078918,4.415902216241074,0.3100000000001728,-0.1900000000000004,-5397.362909090909,5.988499999999995,724.32,-12.620000000000005,756.2763020136716,39.88630201367164,230.65787,True,True,True,True
1306.65,4.26,7464.317090909091,12251.17,40553.29,716.39,57.122,2774.33,47.59,40.91,0.07457721937997235,130.6732425376536,556.6680132104043,4.415902216241074,0.3100000000001728,-0.1900000000000004,-5397.362909090909,7.381999999999998,724.32,-12.620000000000005,755.3556657596147,38.965665759614694,230.65787,True,True,True,True
1306.65,4.26,7464.317090909091,12251.17,40553.29,716.39,58.5155,2774.33,47.59,40.91,0.07280122236328455,127.56136345665213,543.411408325338,4.415902216241074,0.3100000000001728,-0.1900000000000004,-5397.362909090909,8.775500000000001,724.32,-12.620000000000005,754.8735245341148,38.48352453411485,230.07045,True,True,True,True
1306.65,4.26,7464.317090909091,12251.17,40553.29,716.39,59.909,2774.33,47.59,40.91,0.07110784571420245,124.59425071883759,530.7715080622481,4.415902216241074,0.3100000000001728,-0.1900000000000004,-5397.362909090909,10.168999999999997,724.32,-12.620000000000005,751.915938613413,35.52593861341302,231.81995,True,True,True,True
1306.65,4.26,7464.317090909091,12251.17,40553.29,716.39,61.302499999999995,2774.33,47.59,40.91,0.06949145516917818,121.76203204024404,518.7062564914396,4.415902216241074,0.3100000000001728,-0.1900000000000004,-5397.362909090909,11.562499999999993,724.32,-12.620000000000005,744.6271664410127,28.237166441012732,237.77155,True,True,True,True
1306.65,4.26,7464.317090909091,12251.17,40553.29,716.39,62.696,2774.33,47.59,40.91,0.0679469173799458,119.05571283420599,507.1773366737175,4.415902216241074,0.3100000000001728,-0.1900000000000004,-5397.362909090909,12.955999999999996,724.32,-12.620000000000005,739.5126260810422,23.1226260810422,241.42844,True,True,True,True
1306.65,4.26,7464.317090909091,12251.17,40553.29,716.39,64.0895,2774.33,47.59,40.91,0.06646954545643911,116.46708079236085,496.14976417545716,4.415902216241074,0.3100000000001728,-0.1900000000000004,-5397.362909090909,14.349499999999999,724.32,-12.620000000000005,735.0208957068321,18.63089570683212,244.3499,True,True,True,True
1306.65,4.26,7464.317090909091,12251.17,40553.29,716.39,65.483,2774.33,47.59,40.91,0.06505505146289797,113.98862264893894,485.59153248447984,4.415902216241074,0.3100000000001728,-0.1900000000000004,-5397.362909090909,15.743000000000002,724.32,-12.620000000000005,733.345200111656,16.95520011165604,244.3499,True,True,True,True
1306.65,4.26,7464.317090909091,12251.17,40553.29,716.39,66.8765,2774.33,47.59,40.91,0.06369950485298267,111.61345135130638,475.47330275656515,4.415902216241074,0.3100000000001728,-0.1900000000000004,-5397.362909090909,17.13649999999999,724.32,-12.620000000000005,733.7183107233743,17.32831072337433,242.20226,True,True,True,True
1306.65,4.26,7464.317090909091,12251.17,40553.29,716.39,68.27000000000001,2774.33,47.59,40.91,0.06239929599532303,109.33524214990257,465.7681315585849,4.415902216241074,0.3100000000001728,-0.1900000000000004,-5397.362909090909,18.53000000000001,724.32,-12.620000000000005,731.8509917713806,15.460991771380577,242.20226,True,True,True,True
1306.65,4.26,7464.317090909091,12251.17,40553.29,716.39,69.6635,2774.33,47.59,40.91,0.06115110407672448,107.14817635865145,456.45123128785514,4.415902216241074,0.3100000000001728,-0.1900000000000004,-5397.362909090909,19.923499999999997,724.32,-12.620000000000005,727.93155056367,11.541550563670057,244.16716,True,True,True,True
1306.65,4.26,7464.317090909091,12251.17,40553.29,716.39,71.057,2774.33,47.59,40.91,0.059951868782078206,105.04689173286516,447.49975878200553,4.415902216241074,0.3100000000001728,-0.1900000000000004,-5397.362909090909,21.317,724.32,-12.620000000000005,725.8949279402478,9.504927940247853,244.16716,True,True,True,True
1306.65,4.26,7464.317090909091,12251.17,40553.29,716.39,72.4505,2774.33,47.59,40.91,0.05879876524249294,103.02643857368345,438.8926283238915,4.415902216241074,0.3100000000001728,-0.1900000000000004,-5397.362909090909,22.710500000000003,724.32,-12.620000000000005,723.7809556099501,7.390955609950083,244.16716,True,True,True,True
1306.65,4.26,7464.317090909091,12251.17,40553.29,716.39,73.844,2774.33,47.59,40.91,0.05768918181992875,101.08224080259535,430.6103458190562,4.415902216241074,0.3100000000001728,-0.1900000000000004,-5397.362909090909,24.103999999999992,724.32,-12.620000000000005,723.4366944246244,7.046694424624434,242.32448,True,True,True,True
1306.65,4.26,7464.317090909091,12251.17,40553.29,716.39,75.2375,2774.33,47.59,40.91,0.05662070036058215,99.2100613616751,422.63486140073593,4.415902216241074,0.3100000000001728,-0.1900000000000004,-5397.362909090909,25.497499999999995,724.32,-12.620000000000005,721.1808351643147,4.790835164314672,242.32448,True,True,True,True
1306.65,4.26,7464.317090909091,12251.17,40553.29,716.39,76.631,2774.33,47.59,40.91,0.0555910786027707,97.40597138890423,414.949438116732,4.415902216241074,0.3100000000001728,-0.1900000000000004,-5397.362909090909,26.891,724.32,-12.620000000000005,718.8598193427806,2.4698193427806245,242.32448,True,True,True,True
1306.65,4.26,7464.317090909091,12251.17,40553.29,716.39,78.02449999999999,2774.33,47.59,40.91,0.05459823446996477,95.66632269662439,407.53853468761986,4.415902216241074,0.3100000000001728,-0.1900000000000004,-5397.362909090909,28.284499999999987,724.32,-12.620000000000005,716.6905932047064,0.30059320470638795,242.11102,True,True,True,True
1306.65,4.26,7464.317090909091,12251.17,40553.29,716.39,79.418,2774.33,47.59,40.91,0.05364023201742385,93.98772314741454,400.3877006079859,4.415902216241074,0.3100000000001728,-0.1900000000000004,-5397.362909090909,29.678000000000004,724.32,-12.620000000000005,722.3532063623977,5.963206362397727,234.00731,True,True,True,True
1306.65,4.26,7464.317090909091,12251.17,40553.29,716.39,80.8115,2774.33,47.59,40.91,0.05271526883283606,92.36701457765389,393.48348210080553,4.415902216241074,0.3100000000001728,-0.1900000000000004,-5397.362909090909,31.071499999999993,724.32,-12.620000000000005,719.8567081654335,3.466708165433488,234.00731,True,True,True,True
1306.65,4.26,7464.317090909091,12251.17,40553.29,716.39,82.205,2774.33,47.59,40.91,0.05182166471842753,90.80125296645993,386.8133376371193,4.415902216241074,0.3100000000001728,-0.1900000000000004,-5397.362909090909,32.464999999999996,724.32,-12.620000000000005,717.3076298122829,0.9176298122829394,234.00731,True,True,True,True
1306.65,4.26,7464.317090909091,12251.17,40553.29,716.39,83.5985,2774.33,47.59,40.91,0.05095785150501682,89.28769058800577,380.36556190490455,4.415902216241074,0.3100000000001728,-0.1900000000000004,-5397.362909090909,33.8585,724.32,-12.620000000000005,714.7086006723761,-1.6813993276239216,234.00731,True,True,True,True
1306.65,4.26,7464.317090909091,12251.17,40553.29,716.39,84.99199999999999,2774.33,47.59,40.91,0.050122363868100955,87.82375991958457,374.1292172574303,4.415902216241074,0.3100000000001728,-0.1900000000000004,-5397.362909090909,35.25199999999999,724.32,-12.620000000000005,712.0620776741484,-4.327922325851546,234.00731,True,True,True,True
1306.65,4.26,7464.317090909091,12251.17,40553.29,716.39,86.38550000000001,2774.33,47.59,40.91,0.049313831032825745,86.40705910716534,368.09407179652436,4.415902216241074,0.3100000000001728,-0.1900000000000004,-5397.362909090909,36.645500000000006,724.32,-12.620000000000005,709.8408944917437,-6.549105508256275,233.53677,True,True,True,True
1306.65,4.26,7464.317090909091,12251.17,40553.29,716.39,87.779,2774.33,47.59,40.91,0.048530969269062425,85.03533881536305,362.2505433534466,4.415902216241074,0.3100000000001728,-0.1900000000000004,-5397.362909090909,38.038999999999994,724.32,-12.620000000000005,710.6459126784206,-5.7440873215794,229.997,True,True,True,True
1306.65,4.26,7464.317090909091,12251.17,40553.29,716.39,89.1725,2774.33,47.59,40.91,0.04777257509016148,83.7064903103827,356.58964872223027,4.415902216241074,0.3100000000001728,-0.1900000000000004,-5397.362909090909,39.4325,724.32,-12.620000000000005,707.870126087867,-8.519873912132994,229.997,True,True,True,True
1306.65,4.26,7464.317090909091,12251.17,40553.29,716.39,90.566,2774.33,47.59,40.91,0.04703751907959367,82.41853464313934,351.10295757977354,4.415902216241074,0.3100000000001728,-0.1900000000000004,-5397.362909090909,40.826,724.32,-12.620000000000005,705.9614123140186,-10.42858768598137,229.09079,True,True,True,True
1306.65,4.26,7464.317090909091,12251.17,40553.29,716.39,91.95949999999999,2774.33,47.59,40.91,0.04632474027887559,81.1696128158535,345.78255059553584,4.415902216241074,0.3100000000001728,-0.1900000000000004,-5397.362909090909,42.21949999999999,724.32,-12.620000000000005,703.1091418323407,-13.28085816765929,229.09079,True,True,True,True
1306.65,4.26,7464.317090909091,12251.17,40553.29,716.39,93.35300000000001,2774.33,47.59,40.91,0.04563324107813095,79.9579768293586,340.62098129306764,4.415902216241074,0.3100000000001728,-0.1900000000000004,-5397.362909090909,43.61300000000001,724.32,-12.620000000000005,700.2211915717729,-16.168808428227067,229.09079,True,True,True,True
1306.65,4.26,7464.317090909091,12251.17,40553.29,716.39,94.7465,2774.33,47.59,40.91,0.044962082557539515,78.78198152044783,335.61124127710775,4.415902216241074,0.3100000000001728,-0.1900000000000004,-5397.362909090909,45.006499999999996,724.32,-12.620000000000005,690.9750391515631,-25.414960848436863,235.41489,True,True,True,True
1306.65,4.26,7464.317090909091,12251.17,40553.29,716.39,96.14,2774.33,47.59,40.91,0.04431038023392573,77.64007710910145,330.7467284847722,4.415902216241074,0.3100000000001728,-0.1900000000000004,-5397.362909090909,46.4,724.32,-12.620000000000005,688.0203609553994,-28.369639044600603,235.41489,True,True,True,True
1306.65,4.26,7704.442727272727,12251.17,40553.29,716.39,34.826,2774.33,47.59,40.91,0.1223223992901166,221.2267416885656,942.4259195932894,4.415902216241074,0.3100000000001728,-0.1900000000000004,-5157.237272727273,-14.914000000000001,724.32,-12.620000000000005,692.35893123933,-24.031068760669996,278.46716,True,True,False,False
1306.65,4.26,7704.442727272727,12251.17,40553.29,716.39,36.219500000000004,2774.33,47.59,40.91,0.11761619797025916,212.71531949798884,906.1672610614326,4.415902216241074,0.3100000000001728,-0.1900000000000004,-5157.237272727273,-13.520499999999998,724.32,-12.620000000000005,701.6199366218065,-14.770063378193527,273.28967,True,True,False,False
1306.65,4.26,7704.442727272727,12251.17,40553.29,716.39,37.613,2774.33,47.59,40.91,0.11325871073143035,204.83456577348687,872.5952501950541,4.415902216241074,0.3100000000001728,-0.1900000000000004,-5157.237272727273,-12.127000000000002,724.32,-12.620000000000005,694.0716810592098,-22.318318940790164,284.31897,True,True,False,False
1306.65,4.26,7704.442727272727,12251.17,40553.29,716.39,39.0065,2774.33,47.59,40.91,0.109212564336391,197.51688897378227,841.4219470283125,4.415902216241074,0.3100000000001728,-0.1900000000000004,-5157.237272727273,-10.7335,724.32,-12.620000000000005,698.168230198634,-18.22176980136601,283.16556,True,True,False,False
1306.65,4.26,7704.442727272727,12251.17,40553.29,716.39,40.4,2774.33,47.59,40.91,0.10544554194441728,190.70402318239368,812.3991387569971,4.415902216241074,0.3100000000001728,-0.1900000000000004,-5157.237272727273,-9.340000000000003,724.32,-12.620000000000005,701.7754868228642,-14.614513177135791,282.0192,True,True,False,False
1306.65,4.26,7704.442727272727,12251.17,40553.29,716.39,41.7935,2774.33,47.59,40.91,0.10192972347542743,184.3454734091965,785.311716723177,4.415902216241074,0.3100000000001728,-0.1900000000000004,-5157.237272727273,-7.9465,724.32,-12.620000000000005,703.8023757515833,-12.58762424841666,282.0192,True,True,False,False
1306.65,4.26,7704.442727272727,12251.17,40553.29,716.39,43.187,2774.33,47.59,40.91,0.09864079239954635,178.39726188147975,759.9723356151037,4.415902216241074,0.3100000000001728,-0.1900000000000004,-5157.237272727273,-6.553000000000004,724.32,-12.620000000000005,714.6418303204307,-1.748169679569287,272.81464,True,True,False,False
1306.65,4.26,7704.442727272727,12251.17,40553.29,716.39,44.5805,2774.33,47.59,40.91,0.09555747253715251,172.82090946606291,736.217074325428,4.415902216241074,0.3100000000001728,-0.1900000000000004,-5157.237272727273,-5.159500000000001,724.32,-12.620000000000005,727.752850627475,11.36285062747504,260.98328,True,True,False,False
1306.65,4.26,7704.442727272727,12251.17,40553.29,716.39,45.974000000000004,2774.33,47.59,40.91,0.09266106728452891,167.58260233371306,713.9018859416177,4.415902216241074,0.3100000000001728,-0.1900000000000004,-5157.237272727273,-3.7659999999999982,724.32,-12.620000000000005,762.2738026654994,45.88380266549939,227.41905,True,True,True,True
1306.65,4.26,7704.442727272727,12251.17,40553.29,716.39,47.3675,2774.33,47.59,40.91,0.08993508017237388,162.65250571848253,692.8996743607356,4.415902216241074,0.3100000000001728,-0.1900000000000004,-5157.237272727273,-2.3725000000000023,724.32,-12.620000000000005,761.9200923162432,45.53009231624321,228.43506,True,True,True,True
1306.65,4.26,7704.442727272727,12251.17,40553.29,716.39,48.760999999999996,2774.33,47.59,40.91,0.08736490048676401,158.00419534604566,673.0978721741545,4.415902216241074,0.3100000000001728,-0.1900000000000004,-5157.237272727273,-0.9790000000000063,724.32,-12.620000000000005,770.1620614088046,53.772061408804575,220.5862,True,True,True,True
1306.65,4.26,7704.442727272727,12251.17,40553.29,716.39,50.1545,2774.33,47.59,40.91,0.08493754129863638,153.61418364570565,654.3964223307061,4.415902216241074,0.3100000000001728,-0.1900000000000004,-5157.237272727273,0.41449999999999676,724.32,-12.620000000000005,753.8476021917277,37.45760219172769,237.04701,True,True,True,True
1306.65,4.26,7704.442727272727,12251.17,40553.29,716.39,51.548,2774.33,47.59,40.91,0.08264141998445293,149.46152281002568,636.7060871707095,4.415902216241074,0.3100000000001728,-0.1900000000000004,-5157.237272727273,1.8079999999999998,724.32,-12.620000000000005,755.0482701703547,38.65827017035474,235.76596,True,True,True,True
1306.65,4.26,7704.442727272727,12251.17,40553.29,716.39,52.941500000000005,2774.33,47.59,40.91,0.08046617340902366,145.5274705428682,619.9470245126184,4.415902216241074,0.3100000000001728,-0.1900000000000004,-5157.237272727273,3.201500000000003,724.32,-12.620000000000005,754.7590510475726,38.36905104757261,235.76596,True,True,True,True
1306.65,4.26,7704.442727272727,12251.17,40553.29,716.39,54.335,2774.33,47.59,40.91,0.07840250154775924,141.7952072416954,604.0475828496225,4.415902216241074,0.3100000000001728,-0.1900000000000004,-5157.237272727273,4.594999999999999,724.32,-12.620000000000005,759.3851573871376,42.995157387137624,230.65787,True,True,True,True
1306.65,4.26,7704.442727272727,12251.17,40553.29,716.39,55.7285,2774.33,47.59,40.91,0.07644203457042564,138.24959561127847,588.9432773040463,4.415902216241074,0.3100000000001728,-0.1900000000000004,-5157.237272727273,5.988499999999995,724.32,-12.620000000000005,758.7248632337382,42.33486323373825,230.65787,True,True,True,True
1306.65,4.26,7704.442727272727,12251.17,40553.29,716.39,57.122,2774.33,47.59,40.91,0.07457721937997235,134.87697546296965,574.5759154722507,4.415902216241074,0.3100000000001728,-0.1900000000000004,-5157.237272727273,7.381999999999998,724.32,-12.620000000000005,757.8993113460853,41.50931134608527,230.65787,True,True,True,True
1306.65,4.26,7704.442727272727,12251.17,40553.29,716.39,58.5155,2774.33,47.59,40.91,0.07280122236328455,131.66498783412496,560.8928481733724,4.415902216241074,0.3100000000001728,-0.1900000000000004,-5157.237272727273,8.775500000000001,724.32,-12.620000000000005,757.5077257702453,41.11772577024533,230.07045,True,True,True,True
1306.65,4.26,7704.442727272727,12251.17,40553.29,716.39,59.909,2774.33,47.59,40.91,0.07110784571420245,128.6024236537132,547.8463247648182,4.415902216241074,0.3100000000001728,-0.1900000000000004,-5157.237272727273,10.168999999999997,724.32,-12.620000000000005,754.6364828000866,38.246482800086596,231.81995,True,True,True,True
1306.65,4.26,7704.442727272727,12251.17,40553.29,716.39,61.302499999999995,2774.33,47.59,40.91,0.06949145516917818,125.67909304830366,535.3929363857736,4.415902216241074,0.3100000000001728,-0.1900000000000004,-5157.237272727273,11.562499999999993,724.32,-12.620000000000005,747.4301281624756,31.04012816247564,237.77155,True,True,True,True
1306.65,4.26,7704.442727272727,12251.17,40553.29,716.39,62.696,2774.33,47.59,40.91,0.0679469173799458,122.88571207711841,523.4931334485244,4.415902216241074,0.3100000000001728,-0.1900000000000004,-5157.237272727273,12.955999999999996,724.32,-12.620000000000005,743.2734462781793,26.88344627817935,240.54933,True,True,True,True
1306.65,4.26,7704.442727272727,12251.17,40553.29,716.39,64.0895,2774.33,47.59,40.91,0.06646954545643911,120.21380424342401,512.1108060769863,4.415902216241074,0.3100000000001728,-0.1900000000000004,-5157.237272727273,14.349499999999999,724.32,-12.620000000000005,738.8570450701027,22.4670450701027,243.4708,True,True,True,True
1306.65,4.26,7704.442727272727,12251.17,40553.29,716.39,65.483,2774.33,47.59,40.91,0.06505505146289797,117.65561458114492,501.2129181156773,4.415902216241074,0.3100000000001728,-0.1900000000000004,-5157.237272727273,15.743000000000002,724.32,-12.620000000000005,736.3743679674767,19.984367967476715,244.3499,True,True,True,True
1306.65,4.26,7704.442727272727,12251.17,40553.29,716.39,66.8765,2774.33,47.59,40.91,0.06369950485298267,115.20403448249675,490.7691868954361,4.415902216241074,0.3100000000001728,-0.1900000000000004,-5157.237272727273,17.13649999999999,724.32,-12.620000000000005,736.8165960398392,20.426596039839183,242.20226,True,True,True,True
1306.65,4.26,7704.442727272727,12251.17,40553.29,716.39,68.27000000000001,2774.33,47.59,40.91,0.06239929599532303,112.85253573194947,480.75180221810473,4.415902216241074,0.3100000000001728,-0.1900000000000004,-5157.237272727273,18.53000000000001,724.32,-12.620000000000005,735.0155729524739,18.62557295247393,242.20226,True,True,True,True
1306.65,4.26,7704.442727272727,12251.17,40553.29,716.39,69.6635,2774.33,47.59,40.91,0.06115110407672448,110.59511245742196,471.13517906861756,4.415902216241074,0.3100000000001728,-0.1900000000000004,-5157.237272727273,19.923499999999997,724.32,-12.620000000000005,731.1597753370819,14.76977533708191,244.16716,True,True,True,True
1306.65,4.26,7704.442727272727,12251.17,40553.29,716.39,71.057,2774.33,47.59,40.91,0.059951868782078206,108.42622991185242,461.8957394244913,4.415902216241074,0.3100000000001728,-0.1900000000000004,-5157.237272727273,21.317,724.32,-12.620000000000005,729.1843000749342,12.794300074934199,244.16716,True,True,True,True
1306.65,4.26,7704.442727272727,12251.17,40553.29,716.39,72.4505,2774.33,47.59,40.91,0.05879876524249294,106.34077916552609,453.01171924514114,4.415902216241074,0.3100000000001728,-0.1900000000000004,-5157.237272727273,22.710500000000003,724.32,-12.620000000000005,727.1291229110533,10.7391229110533,244.16716,True,True,True,True
1306.65,4.26,7704.442727272727,12251.17,40553.29,716.39,73.844,2774.33,47.59,40.91,0.05768918181992875,104.33403692837186,444.4629973148641,4.415902216241074,0.3100000000001728,-0.1900000000000004,-5157.237272727273,24.103999999999992,724.32,-12.620000000000005,724.9987559763598,8.608755976359816,244.16716,True,True,True,True
1306.65,4.26,7704.442727272727,12251.17,40553.29,716.39,75.2375,2774.33,47.59,40.91,0.05662070036058215,102.40162983713039,436.23094310617546,4.415902216241074,0.3100000000001728,-0.1900000000000004,-5157.237272727273,25.497499999999995,724.32,-12.620000000000005,722.7973771187712,6.407377118771251,244.16716,True,True,True,True
1306.65,4.26,7704.442727272727,12251.17,40553.29,716.39,76.631,2774.33,47.59,40.91,0.0555910786027707,100.5395026390524,428.29828124236326,4.415902216241074,0.3100000000001728,-0.1900000000000004,-5157.237272727273,26.891,724.32,-12.620000000000005,722.3715421818921,5.9815421818921095,242.32448,True,True,True,True
1306.65,4.26,7704.442727272727,12251.17,40553.29,716.39,78.02449999999999,2774.33,47.59,40.91,0.05459823446996477,98.74388978498854,420.6489704840512,4.415902216241074,0.3100000000001728,-0.1900000000000004,-5157.237272727273,28.284499999999987,724.32,-12.620000000000005,720.0394846029038,3.64948460290384,242.32448,True,True,True,True
1306.65,4.26,7704.442727272727,12251.17,40553.29,716.39,79.418,2774.33,47.59,40.91,0.05364023201742385,97.01129001311335,413.2680954558629,4.415902216241074,0.3100000000001728,-0.1900000000000004,-5157.237272727273,29.678000000000004,724.32,-12.620000000000005,728.0210560744175,11.631056074417529,231.95065,True,True,True,True
1306.65,4.26,7704.442727272727,12251.17,40553.29,716.39,80.8115,2774.33,47.59,40.91,0.05271526883283606,95.33844356229353,406.14176957537046,4.415902216241074,0.3100000000001728,-0.1900000000000004,-5157.237272727273,31.071499999999993,724.32,-12.620000000000005,723.515064596588,7.125064596588004,234.00731,True,True,True,True
1306.65,4.26,7704.442727272727,12251.17,40553.29,716.39,82.205,2774.33,47.59,40.91,0.05182166471842753,93.72231170306448,399.2570478550547,4.415902216241074,0.3100000000001728,-0.1900000000000004,-5157.237272727273,32.464999999999996,724.32,-12.620000000000005,721.0115498904247,4.621549890424717,234.00731,True,True,True,True
1306.65,4.26,7704.442727272727,12251.17,40553.29,716.39,83.5985,2774.33,47.59,40.91,0.05095785150501682,92.16005831579118,392.6018484252704,4.415902216241074,0.3100000000001728,-0.1900000000000004,-5157.237272727273,33.8585,724.32,-12.620000000000005,718.4565654003626,2.066565400362606,234.00731,True,True,True,True
1306.65,4.26,7704.442727272727,12251.17,40553.29,716.39,84.99199999999999,2774.33,47.59,40.91,0.050122363868100955,90.64903328105815,386.16488177730776,4.415902216241074,0.3100000000001728,-0.1900000000000004,-5157.237272727273,35.25199999999999,724.32,-12.620000000000005,715.8526427697217,-0.5373572302783032,234.00731,True,True,True,True
1306.65,4.26,7704.442727272727,12251.17,40553.29,716.39,86.38550000000001,2774.33,47.59,40.91,0.049313831032825745,89.18675747765504,379.9355868548105,4.415902216241074,0.3100000000001728,-0.1900000000000004,-5157.237272727273,36.645500000000006,724.32,-12.620000000000005,711.9455584913782,-4.444441508621821,235.2639,True,True,True,True
1306.65,4.26,7704.442727272727,12251.17,40553.29,716.39,87.779,2774.33,47.59,40.91,0.048530969269062425,87.77090920951274,373.90407323252424,4.415902216241074,0.3100000000001728,-0.1900000000000004,-5157.237272727273,38.038999999999994,724.32,-12.620000000000005,710.9778411367278,-5.412158863272225,233.53677,True,True,True,True
1306.65,4.26,7704.442727272727,12251.17,40553.29,716.39,89.1725,2774.33,47.59,40.91,0.04777257509016148,86.39931190527814,368.0610687164849,4.415902216241074,0.3100000000001728,-0.1900000000000004,-5157.237272727273,39.4325,724.32,-12.620000000000005,709.058488306403,-7.331511693597008,232.71901,True,True,True,True
1306.65,4.26,7704.442727272727,12251.17,40553.29,716.39,90.566,2774.33,47.59,40.91,0.04703751907959367,85.0699229534572,362.39787178172764,4.415902216241074,0.3100000000001728,-0.1900000000000004,-5157.237272727273,40.826,724.32,-12.620000000000005,709.0030651866202,-7.386934813379753,229.997,True,True,True,True
1306.65,4.26,7704.442727272727,12251.17,40553.29,716.39,91.95949999999999,2774.33,47.59,40.91,0.04632474027887559,83.7808235526716,356.90630833438104,4.415902216241074,0.3100000000001728,-0.1900000000000004,-5157.237272727273,42.21949999999999,724.32,-12.620000000000005,707.0933425410678,-9.296657458932145,229.09079,True,True,True,True
1306.65,4.26,7704.442727272727,12251.17,40553.29,716.39,93.35300000000001,2774.33,47.59,40.91,0.04563324107813095,82.53020947095987,351.5786923462891,4.415902216241074,0.3100000000001728,-0.1900000000000004,-5157.237272727273,43.61300000000001,724.32,-12.620000000000005,704.2406508754044,-12.149349124595574,229.09079,True,True,True,True
1306.65,4.26,7704.442727272727,12251.17,40553.29,716.39,94.7465,2774.33,47.59,40.91,0.044962082557539515,81.31638262053316,346.40778996347126,4.415902216241074,0.3100000000001728,-0.1900000000000004,-5157.237272727273,45.006499999999996,724.32,-12.620000000000005,699.5370969819385,-16.85290301806151,230.90651,True,True,True,True
1306.65,4.26,7704.442727272727,12251.17,40553.29,716.39,96.14,2774.33,47.59,40.91,0.04431038023392573,80.13774336524843,341.3867867359583,4.415902216241074,0.3100000000001728,-0.1900000000000004,-5157.237272727273,46.4,724.32,-12.620000000000005,696.6156481925505,-19.774351807449534,230.90651,True,True,True,True
1306.65,4.26,7944.568363636364,12251.17,40553.29,716.39,34.826,2774.33,47.59,40.91,0.1223223992901166,228.1217520104121,971.7986635643556,4.415902216241074,0.3100000000001728,-0.1900000000000004,-4917.1116363636365,-14.914000000000001,724.32,-12.620000000000005,692.1599186288385,-24.230081371161532,278.77536,True,True,False,False
1306.65,4.26,7944.568363636364,12251.17,40553.29,716.39,36.219500000000004,2774.33,47.59,40.91,0.11761619797025916,219.34505292152875,934.4099254457125,4.415902216241074,0.3100000000001728,-0.1900000000000004,-4917.1116363636365,-13.520499999999998,724.32,-12.620000000000005,701.969083777075,-14.42091622292503,273.28967,True,True,False,False
1306.65,4.26,7944.568363636364,12251.17,40553.29,716.39,37.613,2774.33,47.59,40.91,0.11325871073143035,211.21867844675208,899.7915701831638,4.415902216241074,0.3100000000001728,-0.1900000000000004,-4917.1116363636365,-12.127000000000002,724.32,-12.620000000000005,694.3778737877531,-22.012126212246926,284.5841,True,True,False,False
1306.65,4.26,7944.568363636364,12251.17,40553.29,716.39,39.0065,2774.33,47.59,40.91,0.109212564336391,203.67293040809693,867.6466835384929,4.415902216241074,0.3100000000001728,-0.1900000000000004,-4917.1116363636365,-10.7335,724.32,-12.620000000000005,697.2194266660715,-19.170573333928473,284.892,True,True,False,False
1306.65,4.26,7944.568363636364,12251.17,40553.29,716.39,40.4,2774.33,47.59,40.91,0.10544554194441728,196.64772690565934,837.7193166181088,4.415902216241074,0.3100000000001728,-0.1900000000000004,-4917.1116363636365,-9.340000000000003,724.32,-12.620000000000005,702.745199020107,-13.644800979893034,282.0192,True,True,False,False
1306.65,4.26,7944.568363636364,12251.17,40553.29,716.39,41.7935,2774.33,47.59,40.91,0.10192972347542743,190.09099916363465,809.7876564370836,4.415902216241074,0.3100000000001728,-0.1900000000000004,-4917.1116363636365,-7.9465,724.32,-12.620000000000005,704.9513547057824,-11.438645294217622,282.0192,True,True,False,False
1306.65,4.26,7944.568363636364,12251.17,40553.29,716.39,43.187,2774.33,47.59,40.91,0.09864079239954635,183.95739874682118,783.6585186614582,4.415902216241074,0.3100000000001728,-0.1900000000000004,-4917.1116363636365,-6.553000000000004,724.32,-12.620000000000005,715.9585073548993,-0.4314926451006613,272.81464,True,True,False,False
1306.65,4.26,7944.568363636364,12251.17,40553.29,716.39,44.5805,2774.33,47.59,40.91,0.09555747253715251,178.20724723655223,759.1628732277125,4.415902216241074,0.3100000000001728,-0.1900000000000004,-4917.1116363636365,-5.159500000000001,724.32,-12.620000000000005,729.069332240747,12.679332240747044,261.1407,True,True,False,False
1306.65,4.26,7944.568363636364,12251.17,40553.29,716.39,45.974000000000004,2774.33,47.59,40.91,0.09266106728452891,172.80567692240587,736.1521836894489,4.415902216241074,0.3100000000001728,-0.1900000000000004,-4917.1116363636365,-3.7659999999999982,724.32,-12.620000000000005,760.222434558936,43.83243455893603,231.092,True,True,True,True
1306.65,4.26,7944.568363636364,12251.17,40553.29,716.39,47.3675,2774.33,47.59,40.91,0.08993508017237388,167.72192317336658,714.4953927185416,4.415902216241074,0.3100000000001728,-0.1900000000000004,-4917.1116363636365,-2.3725000000000023,724.32,-12.620000000000005,763.9633154739186,47.57331547391857,228.1524,True,True,True,True
1306.65,4.26,7944.568363636364,12251.17,40553.29,716.39,48.760999999999996,2774.33,47.59,40.91,0.08736490048676401,162.92873814539544,694.0764244993845,4.415902216241074,0.3100000000001728,-0.1900000000000004,-4917.1116363636365,-0.9790000000000063,724.32,-12.620000000000005,773.1777041290213,56.787704129021336,219.46217,True,True,True,True
1306.65,4.26,7944.568363636364,12251.17,40553.29,716.39,50.1545,2774.33,47.59,40.91,0.08493754129863638,158.4019022268084,674.7921034862038,4.415902216241074,0.3100000000001728,-0.1900000000000004,-4917.1116363636365,0.41449999999999676,724.32,-12.620000000000005,766.7033517358157,50.31335173581567,226.20665,True,True,True,True
1306.65,4.26,7944.568363636364,12251.17,40553.29,716.39,51.548,2774.33,47.59,40.91,0.08264141998445293,154.1198147264016,656.5504107344707,4.415902216241074,0.3100000000001728,-0.1900000000000004,-4917.1116363636365,1.8079999999999998,724.32,-12.620000000000005,757.1807332391384,40.790733239138376,235.76596,True,True,True,True
1306.65,4.26,7944.568363636364,12251.17,40553.29,716.39,52.941500000000005,2774.33,47.59,40.91,0.08046617340902366,150.06314920380447,639.269015608207,4.415902216241074,0.3100000000001728,-0.1900000000000004,-4917.1116363636365,3.201500000000003,724.32,-12.620000000000005,757.0024269528968,40.61242695289684,235.76596,True,True,True,True
1306.65,4.26,7944.568363636364,12251.17,40553.29,716.39,54.335,2774.33,47.59,40.91,0.07840250154775924,146.21456183715472,622.8740334262791,4.415902216241074,0.3100000000001728,-0.1900000000000004,-4917.1116363636365,4.594999999999999,724.32,-12.620000000000005,761.7337570875052,45.343757087505196,230.65787,True,True,True,True
1306.65,4.26,7944.568363636364,12251.17,40553.29,716.39,55.7285,2774.33,47.59,40.91,0.07644203457042564,142.5584435446481,607.2989695002008,4.415902216241074,0.3100000000001728,-0.1900000000000004,-4917.1116363636365,5.988499999999995,724.32,-12.620000000000005,761.173424453805,44.78342445380497,230.65787,True,True,True,True
1306.65,4.26,7944.568363636364,12251.17,40553.29,716.39,57.122,2774.33,47.59,40.91,0.07457721937997235,139.0807083882857,592.4838177340971,4.415902216241074,0.3100000000001728,-0.1900000000000004,-4917.1116363636365,7.381999999999998,724.32,-12.620000000000005,760.442956932556,44.05295693255596,230.65787,True,True,True,True
1306.65,4.26,7944.568363636364,12251.17,40553.29,716.39,58.5155,2774.33,47.59,40.91,0.07280122236328455,135.7686122115978,578.3742880214066,4.415902216241074,0.3100000000001728,-0.1900000000000004,-4917.1116363636365,8.775500000000001,724.32,-12.620000000000005,760.1419270063759,43.75192700637592,230.07045,True,True,True,True
1306.65,4.26,7944.568363636364,12251.17,40553.29,716.39,59.909,2774.33,47.59,40.91,0.07110784571420245,132.61059658858883,564.9211414673883,4.415902216241074,0.3100000000001728,-0.1900000000000004,-4917.1116363636365,10.168999999999997,724.32,-12.620000000000005,757.3570269867602,40.967026986760175,231.81995,True,True,True,True
1306.65,4.26,7944.568363636364,12251.17,40553.29,716.39,61.302499999999995,2774.33,47.59,40.91,0.06949145516917818,129.5961540563633,552.0796162801076,4.415902216241074,0.3100000000001728,-0.1900000000000004,-4917.1116363636365,11.562499999999993,724.32,-12.620000000000005,750.2330898839386,33.84308988393866,237.77155,True,True,True,True
1306.65,4.26,7944.568363636364,12251.17,40553.29,716.39,62.696,2774.33,47.59,40.91,0.0679469173799458,126.71571132003083,539.8089302233313,4.415902216241074,0.3100000000001728,-0.1900000000000004,-4917.1116363636365,12.955999999999996,724.32,-12.620000000000005,746.1551618610588,29.7651618610588,240.54933,True,True,True,True
1306.65,4.26,7944.568363636364,12251.17,40553.29,716.39,64.0895,2774.33,47.59,40.91,0.06646954545643911,123.96052769448718,528.0718479785154,4.415902216241074,0.3100000000001728,-0.1900000000000004,-4917.1116363636365,14.349499999999999,724.32,-12.620000000000005,741.8140898191155,25.424089819115466,243.4708,True,True,True,True
1306.65,4.26,7944.568363636364,12251.17,40553.29,716.39,65.483,2774.33,47.59,40.91,0.06505505146289797,121.3226065133509,516.8343037468749,4.415902216241074,0.3100000000001728,-0.1900000000000004,-4917.1116363636365,15.743000000000002,724.32,-12.620000000000005,740.2826404375552,23.8926404375552,243.4708,True,True,True,True
1306.65,4.26,7944.568363636364,12251.17,40553.29,716.39,66.8765,2774.33,47.59,40.91,0.06369950485298267,118.79461761368712,506.06507103430715,4.415902216241074,0.3100000000001728,-0.1900000000000004,-4917.1116363636365,17.13649999999999,724.32,-12.620000000000005,740.7939859705618,24.40398597056185,241.32315,True,True,True,True
1306.65,4.26,7944.568363636364,12251.17,40553.29,716.39,68.27000000000001,2774.33,47.59,40.91,0.06239929599532303,116.36982931399639,495.7354728776246,4.415902216241074,0.3100000000001728,-0.1900000000000004,-4917.1116363636365,18.53000000000001,724.32,-12.620000000000005,738.1801541335673,21.790154133567285,242.20226,True,True,True,True
1306.65,4.26,7944.568363636364,12251.17,40553.29,716.39,69.6635,2774.33,47.59,40.91,0.06115110407672448,114.0420485561925,485.81912684938,4.415902216241074,0.3100000000001728,-0.1900000000000004,-4917.1116363636365,19.923499999999997,724.32,-12.620000000000005,734.3880001104937,17.998000110493763,244.16716,True,True,True,True
1306.65,4.26,7944.568363636364,12251.17,40553.29,716.39,71.057,2774.33,47.59,40.91,0.059951868782078206,111.80556809083969,476.29172006697706,4.415902216241074,0.3100000000001728,-0.1900000000000004,-4917.1116363636365,21.317,724.32,-12.620000000000005,732.4736722096204,16.08367220962043,244.16716,True,True,True,True
1306.65,4.26,7944.568363636364,12251.17,40553.29,716.39,72.4505,2774.33,47.59,40.91,0.05879876524249294,109.65511975736874,467.1308101663908,4.415902216241074,0.3100000000001728,-0.1900000000000004,-4917.1116363636365,22.710500000000003,724.32,-12.620000000000005,730.4772902121566,14.087290212156631,244.16716,True,True,True,True
1306.65,4.26,7944.568363636364,12251.17,40553.29,716.39,73.844,2774.33,47.59,40.91,0.05768918181992875,107.58583305414837,458.315648810672,4.415902216241074,0.3100000000001728,-0.1900000000000004,-4917.1116363636365,24.103999999999992,724.32,-12.620000000000005,728.4034994128608,12.013499412860824,244.16716,True,True,True,True
1306.65,4.26,7944.568363636364,12251.17,40553.29,716.39,75.2375,2774.33,47.59,40.91,0.05662070036058215,105.5931983125857,449.82702481161505,4.415902216241074,0.3100000000001728,-0.1900000000000004,-4917.1116363636365,25.497499999999995,724.32,-12.620000000000005,726.2566009579933,9.866600957993342,244.16716,True,True,True,True
1306.65,4.26,7944.568363636364,12251.17,40553.29,716.39,76.631,2774.33,47.59,40.91,0.0555910786027707,103.67303388920058,441.6471243679945,4.415902216241074,0.3100000000001728,-0.1900000000000004,-4917.1116363636365,26.891,724.32,-12.620000000000005,724.040583136238,7.6505831362379695,244.16716,True,True,True,True
1306.65,4.26,7944.568363636364,12251.17,40553.29,716.39,78.02449999999999,2774.33,47.59,40.91,0.05459823446996477,101.8214568733527,433.7594062804825,4.415902216241074,0.3100000000001728,-0.1900000000000004,-4917.1116363636365,28.284499999999987,724.32,-12.620000000000005,723.6018312012967,7.211831201296718,242.32448,True,True,True,True
1306.65,4.26,7944.568363636364,12251.17,40553.29,716.39,79.418,2774.33,47.59,40.91,0.05364023201742385,100.03485687881219,426.1484903037399,4.415902216241074,0.3100000000001728,-0.1900000000000004,-4917.1116363636365,29.678000000000004,724.32,-12.620000000000005,731.6322499026483,15.242249902648268,231.95065,True,True,True,True
1306.65,4.26,7944.568363636364,12251.17,40553.29,716.39,80.8115,2774.33,47.59,40.91,0.05271526883283606,98.30987254693319,418.8000570499354,4.415902216241074,0.3100000000001728,-0.1900000000000004,-4917.1116363636365,31.071499999999993,724.32,-12.620000000000005,729.2300769115316,12.840076911531582,231.95065,True,True,True,True
1306.65,4.26,7944.568363636364,12251.17,40553.29,716.39,82.205,2774.33,47.59,40.91,0.05182166471842753,96.64337043966904,411.7007580729901,4.415902216241074,0.3100000000001728,-0.1900000000000004,-4917.1116363636365,32.464999999999996,724.32,-12.620000000000005,724.7154699685667,8.325469968566722,234.00731,True,True,True,True
1306.65,4.26,7944.568363636364,12251.17,40553.29,716.39,83.5985,2774.33,47.59,40.91,0.05095785150501682,95.03242604357659,404.8381349456363,4.415902216241074,0.3100000000001728,-0.1900000000000004,-4917.1116363636365,33.8585,724.32,-12.620000000000005,722.2045301283491,5.8145301283491335,234.00731,True,True,True,True
1306.65,4.26,7944.568363636364,12251.17,40553.29,716.39,84.99199999999999,2774.33,47.59,40.91,0.050122363868100955,93.47430664253174,398.2005462971852,4.415902216241074,0.3100000000001728,-0.1900000000000004,-4917.1116363636365,35.25199999999999,724.32,-12.620000000000005,719.6432078652948,3.2532078652948258,234.00731,True,True,True,True
1306.65,4.26,7944.568363636364,12251.17,40553.29,716.39,86.38550000000001,2774.33,47.59,40.91,0.049313831032825745,91.96645584814475,391.77710191309654,4.415902216241074,0.3100000000001728,-0.1900000000000004,-4917.1116363636365,36.645500000000006,724.32,-12.620000000000005,715.7773495662079,-0.6126504337920551,235.2639,True,True,True,True
1306.65,4.26,7944.568363636364,12251.17,40553.29,716.39,87.779,2774.33,47.59,40.91,0.048530969269062425,90.50647960366243,385.55760311160196,4.415902216241074,0.3100000000001728,-0.1900000000000004,-4917.1116363636365,38.038999999999994,724.32,-12.620000000000005,713.1224221829256,-3.267577817074425,235.2639,True,True,True,True
1306.65,4.26,7944.568363636364,12251.17,40553.29,716.39,89.1725,2774.33,47.59,40.91,0.04777257509016148,89.0921335001736,379.5324887107395,4.415902216241074,0.3100000000001728,-0.1900000000000004,-4917.1116363636365,39.4325,724.32,-12.620000000000005,710.4239745483762,-5.96602545162375,235.2639,True,True,True,True
1306.65,4.26,7944.568363636364,12251.17,40553.29,716.39,90.566,2774.33,47.59,40.91,0.04703751907959367,87.72131126377506,373.69278598368174,4.415902216241074,0.3100000000001728,-0.1900000000000004,-4917.1116363636365,40.826,724.32,-12.620000000000005,710.2289069019953,-6.161093098004699,232.71901,True,True,True,True
1306.65,4.26,7944.568363636364,12251.17,40553.29,716.39,91.95949999999999,2774.33,47.59,40.91,0.04632474027887559,86.39203428948973,368.03006607322624,4.415902216241074,0.3100000000001728,-0.1900000000000004,-4917.1116363636365,42.21949999999999,724.32,-12.620000000000005,710.1713390261623,-6.2186609738377,229.997,True,True,True,True
1306.65,4.26,7944.568363636364,12251.17,40553.29,716.39,93.35300000000001,2774.33,47.59,40.91,0.04563324107813095,85.10244211256115,362.5364033995105,4.415902216241074,0.3100000000001728,-0.1900000000000004,-4917.1116363636365,43.61300000000001,724.32,-12.620000000000005,707.3539059554032,-9.03609404459678,229.997,True,True,True,True
1306.65,4.26,7944.568363636364,12251.17,40553.29,716.39,94.7465,2774.33,47.59,40.91,0.044962082557539515,83.8507837206185,357.20433864983477,4.415902216241074,0.3100000000001728,-0.1900000000000004,-4917.1116363636365,45.006499999999996,724.32,-12.620000000000005,703.5907777371186,-12.799222262881358,230.90651,True,True,True,True
1306.65,4.26,7944.568363636364,12251.17,40553.29,716.39,96.14,2774.33,47.59,40.91,0.04431038023392573,82.63540962139541,352.0268449871444,4.415902216241074,0.3100000000001728,-0.1900000000000004,-4917.1116363636365,46.4,724.32,-12.620000000000005,700.702558354506,-15.687441645494005,230.90651,True,True,True,True
1306.65,4.26,8184.6939999999995,12251.17,40553.29,716.39,34.826,2774.33,47.59,40.91,0.1223223992901166,235.0167623322586,1001.1714075354216,4.415902216241074,0.3100000000001728,-0.1900000000000004,-4676.986000000001,-14.914000000000001,724.32,-12.620000000000005,693.7654714480344,-22.624528551965568,277.279,True,True,False,False
1306.65,4.26,8184.6939999999995,12251.17,40553.29,716.39,36.219500000000004,2774.33,47.59,40.91,0.11761619797025916,225.97478634506862,962.6525898299923,4.415902216241074,0.3100000000001728,-0.1900000000000004,-4676.986000000001,-13.520499999999998,724.32,-12.620000000000005,703.8145993405466,-12.575400659453408,271.7933,True,True,False,False
1306.65,4.26,8184.6939999999995,12251.17,40553.29,716.39,37.613,2774.33,47.59,40.91,0.11325871073143035,217.60279112001726,926.9878901712735,4.415902216241074,0.3100000000001728,-0.1900000000000004,-4676.986000000001,-12.127000000000002,724.32,-12.620000000000005,696.4455716432494,-19.944428356750564,283.08774,True,True,False,False
1306.65,4.26,8184.6939999999995,12251.17,40553.29,716.39,39.0065,2774.33,47.59,40.91,0.109212564336391,209.8289718424116,893.8714200486734,4.415902216241074,0.3100000000001728,-0.1900000000000004,-4676.986000000001,-10.7335,724.32,-12.620000000000005,699.2282952526498,-17.1617047473502,283.66077,True,True,False,False
1306.65,4.26,8184.6939999999995,12251.17,40553.29,716.39,40.4,2774.33,47.59,40.91,0.10544554194441728,202.591430628925,863.0394944792205,4.415902216241074,0.3100000000001728,-0.1900000000000004,-4676.986000000001,-9.340000000000003,724.32,-12.620000000000005,705.2112796255528,-11.178720374447153,280.52283,True,True,False,False
1306.65,4.26,8184.6939999999995,12251.17,40553.29,716.39,41.7935,2774.33,47.59,40.91,0.10192972347542743,195.83652491807277,834.2635961509901,4.415902216241074,0.3100000000001728,-0.1900000000000004,-4676.986000000001,-7.9465,724.32,-12.620000000000005,707.5967020681845,-8.79329793181546,280.52283,True,True,False,False
1306.65,4.26,8184.6939999999995,12251.17,40553.29,716.39,43.187,2774.33,47.59,40.91,0.09864079239954635,189.51753561216256,807.3447017078125,4.415902216241074,0.3100000000001728,-0.1900000000000004,-4676.986000000001,-6.553000000000004,724.32,-12.620000000000005,718.2826001608522,1.8926001608522256,271.80722,True,True,False,False
1306.65,4.26,8184.6939999999995,12251.17,40553.29,716.39,44.5805,2774.33,47.59,40.91,0.09555747253715251,183.59358500704153,782.1086721299969,4.415902216241074,0.3100000000001728,-0.1900000000000004,-4676.986000000001,-5.159500000000001,724.32,-12.620000000000005,732.0395919301909,15.649591930190923,259.64432,True,True,True,True
1306.65,4.26,8184.6939999999995,12251.17,40553.29,716.39,45.974000000000004,2774.33,47.59,40.91,0.09266106728452891,178.02875151109862,758.4024814372801,4.415902216241074,0.3100000000001728,-0.1900000000000004,-4676.986000000001,-3.7659999999999982,724.32,-12.620000000000005,763.1829683078415,46.792968307841534,229.75304,True,True,True,True
1306.65,4.26,8184.6939999999995,12251.17,40553.29,716.39,47.3675,2774.33,47.59,40.91,0.08993508017237388,172.79134062825057,736.0911110763475,4.415902216241074,0.3100000000001728,-0.1900000000000004,-4676.986000000001,-2.3725000000000023,724.32,-12.620000000000005,763.3108751794456,46.9208751794456,230.56541,True,True,True,True
1306.65,4.26,8184.6939999999995,12251.17,40553.29,716.39,48.760999999999996,2774.33,47.59,40.91,0.08736490048676401,167.8532809447452,715.0549768246145,4.415902216241074,0.3100000000001728,-0.1900000000000004,-4676.986000000001,-0.9790000000000063,724.32,-12.620000000000005,776.6119106920115,60.221910692011534,217.91959,True,True,True,True
1306.65,4.26,8184.6939999999995,12251.17,40553.29,716.39,50.1545,2774.33,47.59,40.91,0.08493754129863638,163.18962080791115,695.1877846417015,4.415902216241074,0.3100000000001728,-0.1900000000000004,-4676.986000000001,0.41449999999999676,724.32,-12.620000000000005,771.1026956402552,54.71269564025522,223.8227,True,True,True,True
1306.65,4.26,8184.6939999999995,12251.17,40553.29,716.39,51.548,2774.33,47.59,40.91,0.08264141998445293,158.77810664277746,676.394734298232,4.415902216241074,0.3100000000001728,-0.1900000000000004,-4676.986000000001,1.8079999999999998,724.32,-12.620000000000005,771.4134923284298,55.023492328429825,223.66566,True,True,True,True
1306.65,4.26,8184.6939999999995,12251.17,40553.29,716.39,52.941500000000005,2774.33,47.59,40.91,0.08046617340902366,154.59882786474074,658.5910067037955,4.415902216241074,0.3100000000001728,-0.1900000000000004,-4676.986000000001,3.201500000000003,724.32,-12.620000000000005,760.5057363299006,44.11573632990064,234.50603,True,True,True,True
1306.65,4.26,8184.6939999999995,12251.17,40553.29,716.39,54.335,2774.33,47.59,40.91,0.07840250154775924,150.63391643261403,641.7004840029358,4.415902216241074,0.3100000000001728,-0.1900000000000004,-4676.986000000001,4.594999999999999,724.32,-12.620000000000005,765.3422902595524,48.952290259552456,229.39793,True,True,True,True
1306.65,4.26,8184.6939999999995,12251.17,40553.29,716.39,55.7285,2774.33,47.59,40.91,0.07644203457042564,146.86729147801768,625.6546616963553,4.415902216241074,0.3100000000001728,-0.1900000000000004,-4676.986000000001,5.988499999999995,724.32,-12.620000000000005,764.8819191455514,48.49191914555138,229.39793,True,True,True,True
1306.65,4.26,8184.6939999999995,12251.17,40553.29,716.39,57.122,2774.33,47.59,40.91,0.07457721937997235,143.28444131360175,610.3917199959434,4.415902216241074,0.3100000000001728,-0.1900000000000004,-4676.986000000001,7.381999999999998,724.32,-12.620000000000005,764.2465359907063,47.856535990706334,229.39793,True,True,True,True
1306.65,4.26,8184.6939999999995,12251.17,40553.29,716.39,58.5155,2774.33,47.59,40.91,0.07280122236328455,139.87223658907064,595.8557278694409,4.415902216241074,0.3100000000001728,-0.1900000000000004,-4676.986000000001,8.775500000000001,724.32,-12.620000000000005,764.2724966507095,47.88249665070953,228.57408,True,True,True,True
1306.65,4.26,8184.6939999999995,12251.17,40553.29,716.39,59.909,2774.33,47.59,40.91,0.07110784571420245,136.61876952346444,581.9959581699585,4.415902216241074,0.3100000000001728,-0.1900000000000004,-4676.986000000001,10.168999999999997,724.32,-12.620000000000005,761.5739395816369,45.18393958163688,230.32358,True,True,True,True
1306.65,4.26,8184.6939999999995,12251.17,40553.29,716.39,61.302499999999995,2774.33,47.59,40.91,0.06949145516917818,133.51321506442292,568.7662961744415,4.415902216241074,0.3100000000001728,-0.1900000000000004,-4676.986000000001,11.562499999999993,724.32,-12.620000000000005,754.5324200136048,38.142420013604806,236.27518,True,True,True,True
1306.65,4.26,8184.6939999999995,12251.17,40553.29,716.39,62.696,2774.33,47.59,40.91,0.0679469173799458,130.54571056294324,556.1247269981383,4.415902216241074,0.3100000000001728,-0.1900000000000004,-4676.986000000001,12.955999999999996,724.32,-12.620000000000005,750.5332458521414,34.143245852141376,239.05296,True,True,True,True
1306.65,4.26,8184.6939999999995,12251.17,40553.29,716.39,64.0895,2774.33,47.59,40.91,0.06646954545643911,127.70725114555034,544.0328898800444,4.415902216241074,0.3100000000001728,-0.1900000000000004,-4676.986000000001,14.349499999999999,724.32,-12.620000000000005,746.2675029763313,29.877502976331357,241.97443,True,True,True,True
1306.65,4.26,8184.6939999999995,12251.17,40553.29,716.39,65.483,2774.33,47.59,40.91,0.06505505146289797,124.98959844555688,532.4556893780723,4.415902216241074,0.3100000000001728,-0.1900000000000004,-4676.986000000001,15.743000000000002,724.32,-12.620000000000005,744.808176701579,28.418176701579,241.97443,True,True,True,True
1306.65,4.26,8184.6939999999995,12251.17,40553.29,716.39,66.8765,2774.33,47.59,40.91,0.06369950485298267,122.3852007448775,521.3609551731781,4.415902216241074,0.3100000000001728,-0.1900000000000004,-4676.986000000001,17.13649999999999,724.32,-12.620000000000005,745.3886396952298,28.998639695229826,239.82678,True,True,True,True
1306.65,4.26,8184.6939999999995,12251.17,40553.29,716.39,68.27000000000001,2774.33,47.59,40.91,0.06239929599532303,119.8871228960433,510.7191435371444,4.415902216241074,0.3100000000001728,-0.1900000000000004,-4676.986000000001,18.53000000000001,724.32,-12.620000000000005,743.7202083371216,27.330208337121576,239.82678,True,True,True,True
1306.65,4.26,8184.6939999999995,12251.17,40553.29,716.39,69.6635,2774.33,47.59,40.91,0.06115110407672448,117.488984654963,500.5030746301424,4.415902216241074,0.3100000000001728,-0.1900000000000004,-4676.986000000001,19.923499999999997,724.32,-12.620000000000005,739.9916979063664,23.60169790636644,241.79169,True,True,True,True
1306.65,4.26,8184.6939999999995,12251.17,40553.29,716.39,71.057,2774.33,47.59,40.91,0.059951868782078206,115.18490626982694,490.6877007094628,4.415902216241074,0.3100000000001728,-0.1900000000000004,-4676.986000000001,21.317,724.32,-12.620000000000005,737.2594127525098,20.86941275250979,242.67079,True,True,True,True
1306.65,4.26,8184.6939999999995,12251.17,40553.29,716.39,72.4505,2774.33,47.59,40.91,0.05879876524249294,112.96946034921137,481.24990108764047,4.415902216241074,0.3100000000001728,-0.1900000000000004,-4676.986000000001,22.710500000000003,724.32,-12.620000000000005,735.321825921463,18.931825921462973,242.67079,True,True,True,True
1306.65,4.26,8184.6939999999995,12251.17,40553.29,716.39,73.844,2774.33,47.59,40.91,0.05768918181992875,110.83762917992486,472.1683003064799,4.415902216241074,0.3100000000001728,-0.1900000000000004,-4676.986000000001,24.103999999999992,724.32,-12.620000000000005,733.3046112575649,16.914611257564957,242.67079,True,True,True,True
1306.65,4.26,8184.6939999999995,12251.17,40553.29,716.39,75.2375,2774.33,47.59,40.91,0.05662070036058215,108.78476678804098,463.4231065170546,4.415902216241074,0.3100000000001728,-0.1900000000000004,-4676.986000000001,25.497499999999995,724.32,-12.620000000000005,731.2121932054185,14.822193205418557,242.67079,True,True,True,True
1306.65,4.26,8184.6939999999995,12251.17,40553.29,716.39,76.631,2774.33,47.59,40.91,0.0555910786027707,106.80656513934876,454.9959674936257,4.415902216241074,0.3100000000001728,-0.1900000000000004,-4676.986000000001,26.891,724.32,-12.620000000000005,729.0486743835526,12.65867438355258,242.67079,True,True,True,True
1306.65,4.26,8184.6939999999995,12251.17,40553.29,716.39,78.02449999999999,2774.33,47.59,40.91,0.05459823446996477,104.89902396171686,446.8698420769138,4.415902216241074,0.3100000000001728,-0.1900000000000004,-4676.986000000001,28.284499999999987,724.32,-12.620000000000005,726.817864323127,10.427864323126983,242.67079,True,True,True,True
1306.65,4.26,8184.6939999999995,12251.17,40553.29,716.39,79.418,2774.33,47.59,40.91,0.05364023201742385,103.058423744511,439.0288851516169,4.415902216241074,0.3100000000001728,-0.1900000000000004,-4676.986000000001,29.678000000000004,724.32,-12.620000000000005,734.8971302543165,18.507130254316507,232.29697,True,True,True,True
1306.65,4.26,8184.6939999999995,12251.17,40553.29,716.39,80.8115,2774.33,47.59,40.91,0.05271526883283606,101.28130153157284,431.4583445245003,4.415902216241074,0.3100000000001728,-0.1900000000000004,-4676.986000000001,31.071499999999993,724.32,-12.620000000000005,734.3848017508892,17.994801750889224,230.45428,True,True,True,True
1306.65,4.26,8184.6939999999995,12251.17,40553.29,716.39,82.205,2774.33,47.59,40.91,0.05182166471842753,99.56442917627359,424.1444682909255,4.415902216241074,0.3100000000001728,-0.1900000000000004,-4676.986000000001,32.464999999999996,724.32,-12.620000000000005,731.9724143387007,15.582414338700687,230.45428,True,True,True,True
1306.65,4.26,8184.6939999999995,12251.17,40553.29,716.39,83.5985,2774.33,47.59,40.91,0.05095785150501682,97.904793771362,417.0744214660021,4.415902216241074,0.3100000000001728,-0.1900000000000004,-4676.986000000001,33.8585,724.32,-12.620000000000005,729.505519148328,13.115519148327962,230.45428,True,True,True,True
1306.65,4.26,8184.6939999999995,12251.17,40553.29,716.39,84.99199999999999,2774.33,47.59,40.91,0.050122363868100955,96.29958000400532,410.23621081706267,4.415902216241074,0.3100000000001728,-0.1900000000000004,-4676.986000000001,35.25199999999999,724.32,-12.620000000000005,724.9301413690712,8.540141369071193,232.51094,True,True,True,True
1306.65,4.26,8184.6939999999995,12251.17,40553.29,716.39,86.38550000000001,2774.33,47.59,40.91,0.049313831032825745,94.74615421863443,403.61861697138266,4.415902216241074,0.3100000000001728,-0.1900000000000004,-4676.986000000001,36.645500000000006,724.32,-12.620000000000005,721.1055090492408,4.715509049240836,233.76753,True,True,True,True
1306.65,4.26,8184.6939999999995,12251.17,40553.29,716.39,87.779,2774.33,47.59,40.91,0.048530969269062425,93.24204999781212,397.21113299067963,4.415902216241074,0.3100000000001728,-0.1900000000000004,-4676.986000000001,38.038999999999994,724.32,-12.620000000000005,718.4904987125218,2.100498712521812,233.76753,True,True,True,True
1306.65,4.26,8184.6939999999995,12251.17,40553.29,716.39,89.1725,2774.33,47.59,40.91,0.04777257509016148,91.78495509506905,391.00390870499416,4.415902216241074,0.3100000000001728,-0.1900000000000004,-4676.986000000001,39.4325,724.32,-12.620000000000005,715.8307205559746,-0.5592794440253783,233.76753,True,True,True,True
1306.65,4.26,8184.6939999999995,12251.17,40553.29,716.39,90.566,2774.33,47.59,40.91,0.04703751907959367,90.37269957409292,384.98770018563584,4.415902216241074,0.3100000000001728,-0.1900000000000004,-4676.986000000001,40.826,724.32,-12.620000000000005,713.1282410490111,-3.261758950988906,233.76753,True,True,True,True
1306.65,4.26,8184.6939999999995,12251.17,40553.29,716.39,91.95949999999999,2774.33,47.59,40.91,0.04632474027887559,89.00324502630784,379.1538238120714,4.415902216241074,0.3100000000001728,-0.1900000000000004,-4676.986000000001,42.21949999999999,724.32,-12.620000000000005,712.1121284800067,-4.277871519993255,232.0404,True,True,True,True
1306.65,4.26,8184.6939999999995,12251.17,40553.29,716.39,93.35300000000001,2774.33,47.59,40.91,0.04563324107813095,87.67467475416242,373.4941144527319,4.415902216241074,0.3100000000001728,-0.1900000000000004,-4676.986000000001,43.61300000000001,724.32,-12.620000000000005,712.8697336672378,-3.520266332762162,228.50063,True,True,True,True
1306.65,4.26,8184.6939999999995,12251.17,40553.29,716.39,94.7465,2774.33,47.59,40.91,0.044962082557539515,86.38518482070383,368.00088733619833,4.415902216241074,0.3100000000001728,-0.1900000000000004,-4676.986000000001,45.006499999999996,724.32,-12.620000000000005,707.4845158653455,-8.905484134654444,231.06645,True,True,True,True
1306.65,4.26,8184.6939999999995,12251.17,40553.29,716.39,96.14,2774.33,47.59,40.91,0.04431038023392573,85.13307587754237,362.6669032383305,4.415902216241074,0.3100000000001728,-0.1900000000000004,-4676.986000000001,46.4,724.32,-12.620000000000005,705.5357301131414,-10.85426988685856,230.16025,True,True,True,True
1306.65,4.26,8424.819636363636,12251.17,40553.29,716.39,34.826,2774.33,47.59,40.91,0.1223223992901166,241.9117726541051,1030.5441515064877,4.415902216241074,0.3100000000001728,-0.1900000000000004,-4436.860363636364,-14.914000000000001,724.32,-12.620000000000005,694.3566504879334,-22.033349512066593,276.797,True,True,False,False
1306.65,4.26,8424.819636363636,12251.17,40553.29,716.39,36.219500000000004,2774.33,47.59,40.91,0.11761619797025916,232.60451976860853,990.8952542142722,4.415902216241074,0.3100000000001728,-0.1900000000000004,-4436.860363636364,-13.520499999999998,724.32,-12.620000000000005,704.337544103237,-12.052455896763036,271.6195,True,True,False,False
1306.65,4.26,8424.819636363636,12251.17,40553.29,716.39,37.613,2774.33,47.59,40.91,0.11325871073143035,223.98690379328247,954.1842101593833,4.415902216241074,0.3100000000001728,-0.1900000000000004,-4436.860363636364,-12.127000000000002,724.32,-12.620000000000005,697.4988957194489,-18.891104280551076,282.60574,True,True,False,False
1306.65,4.26,8424.819636363636,12251.17,40553.29,716.39,39.0065,2774.33,47.59,40.91,0.109212564336391,215.98501327672625,920.0961565588539,4.415902216241074,0.3100000000001728,-0.1900000000000004,-4436.860363636364,-10.7335,724.32,-12.620000000000005,700.4879267786811,-15.902073221318915,283.17877,True,True,False,False
1306.65,4.26,8424.819636363636,12251.17,40553.29,716.39,40.4,2774.33,47.59,40.91,0.10544554194441728,208.53513435219065,888.3596723403322,4.415902216241074,0.3100000000001728,-0.1900000000000004,-4436.860363636364,-9.340000000000003,724.32,-12.620000000000005,704.6714093032643,-11.718590696735646,282.0324,True,True,False,False
1306.65,4.26,8424.819636363636,12251.17,40553.29,716.39,41.7935,2774.33,47.59,40.91,0.10192972347542743,201.58205067251095,858.7395358648965,4.415902216241074,0.3100000000001728,-0.1900000000000004,-4436.860363636364,-7.9465,724.32,-12.620000000000005,709.2276756512897,-7.1623243487102854,280.04083,True,True,False,False
1306.65,4.26,8424.819636363636,12251.17,40553.29,716.39,43.187,2774.33,47.59,40.91,0.09864079239954635,195.077672477504,831.030884754167,4.415902216241074,0.3100000000001728,-0.1900000000000004,-4436.860363636364,-6.553000000000004,724.32,-12.620000000000005,720.0812718242271,3.691271824227101,271.32523,True,True,False,False
1306.65,4.26,8424.819636363636,12251.17,40553.29,716.39,44.5805,2774.33,47.59,40.91,0.09555747253715251,188.97992277753085,805.0544710322814,4.415902216241074,0.3100000000001728,-0.1900000000000004,-4436.860363636364,-5.159500000000001,724.32,-12.620000000000005,733.5065252036193,17.11652520361929,259.65128,True,True,True,True
1306.65,4.26,8424.819636363636,12251.17,40553.29,716.39,45.974000000000004,2774.33,47.59,40.91,0.09266106728452891,183.2518260997914,780.6527791851113,4.415902216241074,0.3100000000001728,-0.1900000000000004,-4436.860363636364,-3.7659999999999982,724.32,-12.620000000000005,765.0501182676845,48.66011826768454,229.50746,True,True,True,True
1306.65,4.26,8424.819636363636,12251.17,40553.29,716.39,47.3675,2774.33,47.59,40.91,0.08993508017237388,177.8607580831346,757.6868294341534,4.415902216241074,0.3100000000001728,-0.1900000000000004,-4436.860363636364,-2.3725000000000023,724.32,-12.620000000000005,765.3960447482539,49.006044748253885,230.24081,True,True,True,True
1306.65,4.26,8424.819636363636,12251.17,40553.29,716.39,48.760999999999996,2774.33,47.59,40.91,0.08736490048676401,172.77782374409495,736.0335291498444,4.415902216241074,0.3100000000001728,-0.1900000000000004,-4436.860363636364,-0.9790000000000063,724.32,-12.620000000000005,768.1991323917205,51.80913239172048,228.22398,True,True,True,True
1306.65,4.26,8424.819636363636,12251.17,40553.29,716.39,50.1545,2774.33,47.59,40.91,0.08493754129863638,167.9773393890139,715.5834657971992,4.415902216241074,0.3100000000001728,-0.1900000000000004,-4436.860363636364,0.41449999999999676,724.32,-12.620000000000005,767.5164438415696,51.12644384156965,229.42433,True,True,True,True
1306.65,4.26,8424.819636363636,12251.17,40553.29,716.39,51.548,2774.33,47.59,40.91,0.08264141998445293,163.43639855915336,696.2390578619933,4.415902216241074,0.3100000000001728,-0.1900000000000004,-4436.860363636364,1.8079999999999998,724.32,-12.620000000000005,768.7856862321743,52.395686232174285,228.42593,True,True,True,True
1306.65,4.26,8424.819636363636,12251.17,40553.29,716.39,52.941500000000005,2774.33,47.59,40.91,0.08046617340902366,159.134506525677,677.912997799384,4.415902216241074,0.3100000000001728,-0.1900000000000004,-4436.860363636364,3.201500000000003,724.32,-12.620000000000005,767.7051821815139,51.31518218151393,229.54996,True,True,True,True
1306.65,4.26,8424.819636363636,12251.17,40553.29,716.39,54.335,2774.33,47.59,40.91,0.07840250154775924,155.05327102807334,660.5269345795924,4.415902216241074,0.3100000000001728,-0.1900000000000004,-4436.860363636364,4.594999999999999,724.32,-12.620000000000005,775.4963861757403,59.10638617574034,221.59244,True,True,True,True
1306.65,4.26,8424.819636363636,12251.17,40553.29,716.39,55.7285,2774.33,47.59,40.91,0.07644203457042564,151.1761394113873,644.0103538925099,4.415902216241074,0.3100000000001728,-0.1900000000000004,-4436.860363636364,5.988499999999995,724.32,-12.620000000000005,764.2956140326102,47.905614032610174,232.4328,True,True,True,True
1306.65,4.26,8424.819636363636,12251.17,40553.29,716.39,57.122,2774.33,47.59,40.91,0.07457721937997235,147.4881742389178,628.2996222577898,4.415902216241074,0.3100000000001728,-0.1900000000000004,-4436.860363636364,7.381999999999998,724.32,-12.620000000000005,766.9197897314738,50.529789731473784,229.26833,True,True,True,True
1306.65,4.26,8424.819636363636,12251.17,40553.29,716.39,58.5155,2774.33,47.59,40.91,0.07280122236328455,143.97586096654348,613.3371677174753,4.415902216241074,0.3100000000001728,-0.1900000000000004,-4436.860363636364,8.775500000000001,724.32,-12.620000000000005,770.0016991075432,53.611699107543245,225.47908,True,True,True,True
1306.65,4.26,8424.819636363636,12251.17,40553.29,716.39,59.909,2774.33,47.59,40.91,0.07110784571420245,140.62694245834004,599.0707748725287,4.415902216241074,0.3100000000001728,-0.1900000000000004,-4436.860363636364,10.168999999999997,724.32,-12.620000000000005,767.3894849890136,50.99948498901358,227.22858,True,True,True,True
1306.65,4.26,8424.819636363636,12251.17,40553.29,716.39,61.302499999999995,2774.33,47.59,40.91,0.06949145516917818,137.43027607248254,585.4529760687756,4.415902216241074,0.3100000000001728,-0.1900000000000004,-4436.860363636364,11.562499999999993,724.32,-12.620000000000005,760.4303829557709,44.04038295577095,233.18018,True,True,True,True
1306.65,4.26,8424.819636363636,12251.17,40553.29,716.39,62.696,2774.33,47.59,40.91,0.0679469173799458,134.37570980585568,572.4405237729451,4.415902216241074,0.3100000000001728,-0.1900000000000004,-4436.860363636364,12.955999999999996,724.32,-12.620000000000005,756.7463975922473,40.356397592247276,235.72153,True,True,True,True
1306.65,4.26,8424.819636363636,12251.17,40553.29,716.39,64.0895,2774.33,47.59,40.91,0.06646954545643911,131.4539745966135,559.9939317815736,4.415902216241074,0.3100000000001728,-0.1900000000000004,-4436.860363636364,14.349499999999999,724.32,-12.620000000000005,752.5559838825707,36.165983882570686,238.64299,True,True,True,True
1306.65,4.26,8424.819636363636,12251.17,40553.29,716.39,65.483,2774.33,47.59,40.91,0.06505505146289797,128.65659037776285,548.0770750092698,4.415902216241074,0.3100000000001728,-0.1900000000000004,-4436.860363636364,15.743000000000002,724.32,-12.620000000000005,751.1687807146262,34.77878071462624,238.64299,True,True,True,True
1306.65,4.26,8424.819636363636,12251.17,40553.29,716.39,66.8765,2774.33,47.59,40.91,0.06369950485298267,125.97578387606788,536.6568393120491,4.415902216241074,0.3100000000001728,-0.1900000000000004,-4436.860363636364,17.13649999999999,724.32,-12.620000000000005,751.8183611689212,35.42836116892124,236.49535,True,True,True,True
1306.65,4.26,8424.819636363636,12251.17,40553.29,716.39,68.27000000000001,2774.33,47.59,40.91,0.06239929599532303,123.40441647809021,525.7028141966642,4.415902216241074,0.3100000000001728,-0.1900000000000004,-4436.860363636364,18.53000000000001,724.32,-12.620000000000005,750.2162256754414,33.82622567544138,236.49535,True,True,True,True
1306.65,4.26,8424.819636363636,12251.17,40553.29,716.39,69.6635,2774.33,47.59,40.91,0.06115110407672448,120.93592075373353,515.1870224109048,4.415902216241074,0.3100000000001728,-0.1900000000000004,-4436.860363636364,19.923499999999997,724.32,-12.620000000000005,746.5513588370048,30.161358837004855,238.46025,True,True,True,True
1306.65,4.26,8424.819636363636,12251.17,40553.29,716.39,71.057,2774.33,47.59,40.91,0.059951868782078206,118.56424444881422,505.08368135194854,4.415902216241074,0.3100000000001728,-0.1900000000000004,-4436.860363636364,21.317,724.32,-12.620000000000005,744.7593256586804,28.369325658680395,238.46025,True,True,True,True
1306.65,4.26,8424.819636363636,12251.17,40553.29,716.39,72.4505,2774.33,47.59,40.91,0.05879876524249294,116.28380094105403,495.36899200889013,4.415902216241074,0.3100000000001728,-0.1900000000000004,-4436.860363636364,22.710500000000003,724.32,-12.620000000000005,742.8805339940506,26.490533994050566,238.46025,True,True,True,True
1306.65,4.26,8424.819636363636,12251.17,40553.29,716.39,73.844,2774.33,47.59,40.91,0.05768918181992875,114.08942530570137,486.0209518022878,4.415902216241074,0.3100000000001728,-0.1900000000000004,-4436.860363636364,24.103999999999992,724.32,-12.620000000000005,740.0407908512925,23.650790851292527,239.33936,True,True,True,True
1306.65,4.26,8424.819636363636,12251.17,40553.29,716.39,75.2375,2774.33,47.59,40.91,0.05662070036058215,111.97633526349628,477.01918822249417,4.415902216241074,0.3100000000001728,-0.1900000000000004,-4436.860363636364,25.497499999999995,724.32,-12.620000000000005,738.0028532018673,21.612853201867324,239.33936,True,True,True,True
1306.65,4.26,8424.819636363636,12251.17,40553.29,716.39,76.631,2774.33,47.59,40.91,0.0555910786027707,109.94009638949694,468.344810619257,4.415902216241074,0.3100000000001728,-0.1900000000000004,-4436.860363636364,26.891,724.32,-12.620000000000005,735.8918333798906,19.501833379890627,239.33936,True,True,True,True
1306.65,4.26,8424.819636363636,12251.17,40553.29,716.39,78.02449999999999,2774.33,47.59,40.91,0.05459823446996477,107.97659105008103,459.98027787334513,4.415902216241074,0.3100000000001728,-0.1900000000000004,-4436.860363636364,28.284499999999987,724.32,-12.620000000000005,733.7116470787464,17.321647078746423,239.33936,True,True,True,True
1306.65,4.26,8424.819636363636,12251.17,40553.29,716.39,79.418,2774.33,47.59,40.91,0.05364023201742385,106.08199061020984,451.9092799994939,4.415902216241074,0.3100000000001728,-0.1900000000000004,-4436.860363636364,29.678000000000004,724.32,-12.620000000000005,741.8397602397738,25.44976023977381,228.96553,True,True,True,True
1306.65,4.26,8424.819636363636,12251.17,40553.29,716.39,80.8115,2774.33,47.59,40.91,0.05271526883283606,104.2527305162125,444.11663199906525,4.415902216241074,0.3100000000001728,-0.1900000000000004,-4436.860363636364,31.071499999999993,724.32,-12.620000000000005,739.5319124545047,23.141912454504677,228.96553,True,True,True,True
1306.65,4.26,8424.819636363636,12251.17,40553.29,716.39,82.205,2774.33,47.59,40.91,0.05182166471842753,102.48548791287816,436.58817850886095,4.415902216241074,0.3100000000001728,-0.1900000000000004,-4436.860363636364,32.464999999999996,724.32,-12.620000000000005,737.1650886893035,20.775088689303516,228.96553,True,True,True,True
1306.65,4.26,8424.819636363636,12251.17,40553.29,716.39,83.5985,2774.33,47.59,40.91,0.05095785150501682,100.77716149914741,429.31070798636796,4.415902216241074,0.3100000000001728,-0.1900000000000004,-4436.860363636364,33.8585,724.32,-12.620000000000005,736.584920033541,20.194920033541052,227.12285,True,True,True,True
1306.65,4.26,8424.819636363636,12251.17,40553.29,716.39,84.99199999999999,2774.33,47.59,40.91,0.050122363868100955,99.12485336547891,422.2718753369402,4.415902216241074,0.3100000000001728,-0.1900000000000004,-4436.860363636364,35.25199999999999,724.32,-12.620000000000005,734.10879850566,17.71879850566006,227.12285,True,True,True,True
1306.65,4.26,8424.819636363636,12251.17,40553.29,716.39,86.38550000000001,2774.33,47.59,40.91,0.049313831032825745,97.52585258912414,415.4601320296688,4.415902216241074,0.3100000000001728,-0.1900000000000004,-4436.860363636364,36.645500000000006,724.32,-12.620000000000005,728.2687362812972,11.878736281297165,230.4361,True,True,True,True
1306.65,4.26,8424.819636363636,12251.17,40553.29,716.39,87.779,2774.33,47.59,40.91,0.048530969269062425,95.97762039196182,408.86466286975735,4.415902216241074,0.3100000000001728,-0.1900000000000004,-4436.860363636364,38.038999999999994,724.32,-12.620000000000005,725.6936429911415,9.303642991141487,230.4361,True,True,True,True
1306.65,4.26,8424.819636363636,12251.17,40553.29,716.39,89.1725,2774.33,47.59,40.91,0.04777257509016148,94.4777766899645,402.4753286992488,4.415902216241074,0.3100000000001728,-0.1900000000000004,-4436.860363636364,39.4325,724.32,-12.620000000000005,723.0725343125964,6.682534312596431,230.4361,True,True,True,True
1306.65,4.26,8424.819636363636,12251.17,40553.29,716.39,90.566,2774.33,47.59,40.91,0.04703751907959367,93.0240878844108,396.28261438759,4.415902216241074,0.3100000000001728,-0.1900000000000004,-4436.860363636364,40.826,724.32,-12.620000000000005,720.4075343024721,4.017534302472086,230.4361,True,True,True,True
1306.65,4.26,8424.819636363636,12251.17,40553.29,716.39,91.95949999999999,2774.33,47.59,40.91,0.04632474027887559,91.61445576312596,390.2775815509166,4.415902216241074,0.3100000000001728,-0.1900000000000004,-4436.860363636364,42.21949999999999,724.32,-12.620000000000005,717.7006382707651,1.3106382707651392,230.4361,True,True,True,True
1306.65,4.26,8424.819636363636,12251.17,40553.29,716.39,93.35300000000001,2774.33,47.59,40.91,0.04563324107813095,90.2469073957637,384.4518255059533,4.415902216241074,0.3100000000001728,-0.1900000000000004,-4436.860363636364,43.61300000000001,724.32,-12.620000000000005,714.9537223898147,-1.4362776101852432,230.4361,True,True,True,True
1306.65,4.26,8424.819636363636,12251.17,40553.29,716.39,94.7465,2774.33,47.59,40.91,0.044962082557539515,88.91958592078916,378.79743602256184,4.415902216241074,0.3100000000001728,-0.1900000000000004,-4436.860363636364,45.006499999999996,724.32,-12.620000000000005,712.1476173968929,-4.242382603107103,230.45703,True,True,True,True
1306.65,4.26,8424.819636363636,12251.17,40553.29,716.39,96.14,2774.33,47.59,40.91,0.04431038023392573,87.63074213368935,373.3069614895166,4.415902216241074,0.3100000000001728,-0.1900000000000004,-4436.860363636364,46.4,724.32,-12.620000000000005,712.0478722086908,-4.342127791309167,227.73502,True,True,True,True
1306.65,4.26,8664.945272727273,12251.17,40553.29,716.39,34.826,2774.33,47.59,40.91,0.1223223992901166,248.8067829759516,1059.9168954775537,4.415902216241074,0.3100000000001728,-0.1900000000000004,-4196.7347272727275,-14.914000000000001,724.32,-12.620000000000005,691.3605187368169,-25.02948126318313,279.9023,True,True,False,False
1306.65,4.26,8664.945272727273,12251.17,40553.29,716.39,36.219500000000004,2774.33,47.59,40.91,0.11761619797025916,239.2342531921484,1019.1379185985521,4.415902216241074,0.3100000000001728,-0.1900000000000004,-4196.7347272727275,-13.520499999999998,724.32,-12.620000000000005,701.5813750963961,-14.808624903603913,274.72482,True,True,False,False
1306.65,4.26,8664.945272727273,12251.17,40553.29,716.39,37.613,2774.33,47.59,40.91,0.11325871073143035,230.37101646654764,981.3805301474929,4.415902216241074,0.3100000000001728,-0.1900000000000004,-4196.7347272727275,-12.127000000000002,724.32,-12.620000000000005,694.3816570515078,-22.008342948492214,286.2943,True,True,False,False
1306.65,4.26,8664.945272727273,12251.17,40553.29,716.39,39.0065,2774.33,47.59,40.91,0.109212564336391,222.14105471104094,946.3208930690342,4.415902216241074,0.3100000000001728,-0.1900000000000004,-4196.7347272727275,-10.7335,724.32,-12.620000000000005,698.1602475136967,-18.229752486303255,286.2841,True,True,False,False
1306.65,4.26,8664.945272727273,12251.17,40553.29,716.39,40.4,2774.33,47.59,40.91,0.10544554194441728,214.47883807545634,913.6798502014439,4.415902216241074,0.3100000000001728,-0.1900000000000004,-4196.7347272727275,-9.340000000000003,724.32,-12.620000000000005,702.5358053383977,-13.854194661602264,285.13773,True,True,False,False
1306.65,4.26,8664.945272727273,12251.17,40553.29,716.39,41.7935,2774.33,47.59,40.91,0.10192972347542743,207.3275764269491,883.2154755788031,4.415902216241074,0.3100000000001728,-0.1900000000000004,-4196.7347272727275,-7.9465,724.32,-12.620000000000005,705.5448980136919,-10.845101986308123,284.8726,True,True,False,False
1306.65,4.26,8664.945272727273,12251.17,40553.29,716.39,43.187,2774.33,47.59,40.91,0.09864079239954635,200.6378093428454,854.7170678005214,4.415902216241074,0.3100000000001728,-0.1900000000000004,-4196.7347272727275,-6.553000000000004,724.32,-12.620000000000005,718.2926632141643,1.9026632141643631,274.4305,True,True,False,False
1306.65,4.26,8664.945272727273,12251.17,40553.29,716.39,44.5805,2774.33,47.59,40.91,0.09555747253715251,194.36626054802016,828.0002699345658,4.415902216241074,0.3100000000001728,-0.1900000000000004,-4196.7347272727275,-5.159500000000001,724.32,-12.620000000000005,731.6386806450163,15.248680645016293,262.993,True,True,False,False
1306.65,4.26,8664.945272727273,12251.17,40553.29,716.39,45.974000000000004,2774.33,47.59,40.91,0.09266106728452891,188.47490068848418,802.9030769329426,4.415902216241074,0.3100000000001728,-0.1900000000000004,-4196.7347272727275,-3.7659999999999982,724.32,-12.620000000000005,759.1284346093635,42.73843460936348,237.05072,True,True,True,True
1306.65,4.26,8664.945272727273,12251.17,40553.29,716.39,47.3675,2774.33,47.59,40.91,0.08993508017237388,182.93017553801863,779.2825477919594,4.415902216241074,0.3100000000001728,-0.1900000000000004,-4196.7347272727275,-2.3725000000000023,724.32,-12.620000000000005,756.9378335797574,40.547833579757366,240.4596,True,True,True,True
1306.65,4.26,8664.945272727273,12251.17,40553.29,716.39,48.760999999999996,2774.33,47.59,40.91,0.08736490048676401,177.7023665434447,757.0120814750744,4.415902216241074,0.3100000000001728,-0.1900000000000004,-4196.7347272727275,-0.9790000000000063,724.32,-12.620000000000005,766.8280258443591,50.43802584435912,231.48671,True,True,True,True
1306.65,4.26,8664.945272727273,12251.17,40553.29,716.39,50.1545,2774.33,47.59,40.91,0.08493754129863638,172.76505797011666,735.9791469526969,4.415902216241074,0.3100000000001728,-0.1900000000000004,-4196.7347272727275,0.41449999999999676,724.32,-12.620000000000005,762.7535715594857,46.36357155948576,236.20259,True,True,True,True
1306.65,4.26,8664.945272727273,12251.17,40553.29,716.39,51.548,2774.33,47.59,40.91,0.08264141998445293,168.09469047552926,716.0833814257546,4.415902216241074,0.3100000000001728,-0.1900000000000004,-4196.7347272727275,1.8079999999999998,724.32,-12.620000000000005,768.0954869474423,51.705486947442296,231.2486,True,True,True,True
1306.65,4.26,8664.945272727273,12251.17,40553.29,716.39,52.941500000000005,2774.33,47.59,40.91,0.08046617340902366,163.67018518661328,697.2349888949725,4.415902216241074,0.3100000000001728,-0.1900000000000004,-4196.7347272727275,3.201500000000003,724.32,-12.620000000000005,767.9672653622288,51.577265362228786,231.53125,True,True,True,True
1306.65,4.26,8664.945272727273,12251.17,40553.29,716.39,54.335,2774.33,47.59,40.91,0.07840250154775924,159.47262562353268,679.3533851562491,4.415902216241074,0.3100000000001728,-0.1900000000000004,-4196.7347272727275,4.594999999999999,724.32,-12.620000000000005,771.8902434444673,55.50024344446729,227.54718,True,True,True,True
1306.65,4.26,8664.945272727273,12251.17,40553.29,716.39,55.7285,2774.33,47.59,40.91,0.07644203457042564,155.48498734475692,662.3660460886645,4.415902216241074,0.3100000000001728,-0.1900000000000004,-4196.7347272727275,5.988499999999995,724.32,-12.620000000000005,771.6297953698644,55.239795369864396,227.54718,True,True,True,True
1306.65,4.26,8664.945272727273,12251.17,40553.29,716.39,57.122,2774.33,47.59,40.91,0.07457721937997235,151.69190716423384,646.2075245196362,4.415902216241074,0.3100000000001728,-0.1900000000000004,-4196.7347272727275,7.381999999999998,724.32,-12.620000000000005,760.3442183989991,43.95421839899916,238.38754,True,True,True,True
1306.65,4.26,8664.945272727273,12251.17,40553.29,716.39,58.5155,2774.33,47.59,40.91,0.07280122236328455,148.07948534401632,630.8186075655095,4.415902216241074,0.3100000000001728,-0.1900000000000004,-4196.7347272727275,8.775500000000001,724.32,-12.620000000000005,760.3148554217987,43.924855421798725,237.80013,True,True,True,True
1306.65,4.26,8664.945272727273,12251.17,40553.29,716.39,59.909,2774.33,47.59,40.91,0.07110784571420245,144.63511539321567,616.1455915750987,4.415902216241074,0.3100000000001728,-0.1900000000000004,-4196.7347272727275,10.168999999999997,724.32,-12.620000000000005,758.4284953622106,42.0384953622106,238.91011,True,True,True,True
1306.65,4.26,8664.945272727273,12251.17,40553.29,716.39,61.302499999999995,2774.33,47.59,40.91,0.06949145516917818,141.3473370805422,602.1396559631096,4.415902216241074,0.3100000000001728,-0.1900000000000004,-4196.7347272727275,11.562499999999993,724.32,-12.620000000000005,751.5518108637573,35.161810863757296,244.86171,True,True,True,True
1306.65,4.26,8664.945272727273,12251.17,40553.29,716.39,62.696,2774.33,47.59,40.91,0.0679469173799458,138.20570904876809,588.756320547752,4.415902216241074,0.3100000000001728,-0.1900000000000004,-4196.7347272727275,12.955999999999996,724.32,-12.620000000000005,753.4369358069627,37.046935806962665,241.9127,True,True,True,True
1306.65,4.26,8664.945272727273,12251.17,40553.29,716.39,64.0895,2774.33,47.59,40.91,0.06646954545643911,135.2006980476767,575.9549736831026,4.415902216241074,0.3100000000001728,-0.1900000000000004,-4196.7347272727275,14.349499999999999,724.32,-12.620000000000005,749.3218512634194,32.93185126341939,244.83417,True,True,True,True
1306.65,4.26,8664.945272727273,12251.17,40553.29,716.39,65.483,2774.33,47.59,40.91,0.06505505146289797,132.32358230996886,563.6984606404673,4.415902216241074,0.3100000000001728,-0.1900000000000004,-4196.7347272727275,15.743000000000002,724.32,-12.620000000000005,748.2432061388063,31.853206138806286,244.59773,True,True,True,True
1306.65,4.26,8664.945272727273,12251.17,40553.29,716.39,66.8765,2774.33,47.59,40.91,0.06369950485298267,129.56636700725826,551.9527234509202,4.415902216241074,0.3100000000001728,-0.1900000000000004,-4196.7347272727275,17.13649999999999,724.32,-12.620000000000005,748.9619040537455,32.57190405374547,242.45009,True,True,True,True
1306.65,4.26,8664.945272727273,12251.17,40553.29,716.39,68.27000000000001,2774.33,47.59,40.91,0.06239929599532303,126.92171006013713,540.6864848561842,4.415902216241074,0.3100000000001728,-0.1900000000000004,-4196.7347272727275,18.53000000000001,724.32,-12.620000000000005,746.989037447355,30.599037447355045,242.88712,True,True,True,True
1306.65,4.26,8664.945272727273,12251.17,40553.29,716.39,69.6635,2774.33,47.59,40.91,0.06115110407672448,124.38285685250406,529.8709701916672,4.415902216241074,0.3100000000001728,-0.1900000000000004,-4196.7347272727275,19.923499999999997,724.32,-12.620000000000005,743.3878142012369,26.997814201236906,244.85202,True,True,True,True
1306.65,4.26,8664.945272727273,12251.17,40553.29,716.39,71.057,2774.33,47.59,40.91,0.059951868782078206,121.94358262780149,519.4796619944343,4.415902216241074,0.3100000000001728,-0.1900000000000004,-4196.7347272727275,21.317,724.32,-12.620000000000005,741.6569283841869,25.26692838418694,244.85202,True,True,True,True
1306.65,4.26,8664.945272727273,12251.17,40553.29,716.39,72.4505,2774.33,47.59,40.91,0.05879876524249294,119.59814153289668,509.4880829301398,4.415902216241074,0.3100000000001728,-0.1900000000000004,-4196.7347272727275,22.710500000000003,724.32,-12.620000000000005,739.8369318859741,23.446931885974095,244.85202,True,True,True,True
1306.65,4.26,8664.945272727273,12251.17,40553.29,716.39,73.844,2774.33,47.59,40.91,0.05768918181992875,117.34122143147788,499.8736032980957,4.415902216241074,0.3100000000001728,-0.1900000000000004,-4196.7347272727275,24.103999999999992,724.32,-12.620000000000005,737.9328694928716,21.54286949287166,244.85202,True,True,True,True
1306.65,4.26,8664.945272727273,12251.17,40553.29,716.39,75.2375,2774.33,47.59,40.91,0.05662070036058215,115.16790373895158,490.6152699279337,4.415902216241074,0.3100000000001728,-0.1900000000000004,-4196.7347272727275,25.497499999999995,724.32,-12.620000000000005,735.0703076319097,18.680307631909727,245.73112,True,True,True,True
1306.65,4.26,8664.945272727273,12251.17,40553.29,716.39,76.631,2774.33,47.59,40.91,0.0555910786027707,113.07362763964512,481.6936537448882,4.415902216241074,0.3100000000001728,-0.1900000000000004,-4196.7347272727275,26.891,724.32,-12.620000000000005,733.0117868098224,16.621786809822424,245.73112,True,True,True,True
1306.65,4.26,8664.945272727273,12251.17,40553.29,716.39,78.02449999999999,2774.33,47.59,40.91,0.05459823446996477,111.05415813844519,473.09071366977645,4.415902216241074,0.3100000000001728,-0.1900000000000004,-4196.7347272727275,28.284499999999987,724.32,-12.620000000000005,730.8822242679596,14.492224267959614,245.73112,True,True,True,True
1306.65,4.26,8664.945272727273,12251.17,40553.29,716.39,79.418,2774.33,47.59,40.91,0.05364023201742385,109.10555747590867,464.7896748473709,4.415902216241074,0.3100000000001728,-0.1900000000000004,-4196.7347272727275,29.678000000000004,724.32,-12.620000000000005,739.059184658825,22.669184658824975,235.3573,True,True,True,True
1306.65,4.26,8664.945272727273,12251.17,40553.29,716.39,80.8115,2774.33,47.59,40.91,0.05271526883283606,107.22415950085215,456.7749194736302,4.415902216241074,0.3100000000001728,-0.1900000000000004,-4196.7347272727275,31.071499999999993,724.32,-12.620000000000005,736.7984994764795,20.408499476479506,235.3573,True,True,True,True
1306.65,4.26,8664.945272727273,12251.17,40553.29,716.39,82.205,2774.33,47.59,40.91,0.05182166471842753,105.40654664948272,449.03188872679635,4.415902216241074,0.3100000000001728,-0.1900000000000004,-4196.7347272727275,32.464999999999996,724.32,-12.620000000000005,734.4772393582657,18.08723935826572,235.3573,True,True,True,True
1306.65,4.26,8664.945272727273,12251.17,40553.29,716.39,83.5985,2774.33,47.59,40.91,0.05095785150501682,103.64952922693283,441.5469945067338,4.415902216241074,0.3100000000001728,-0.1900000000000004,-4196.7347272727275,33.8585,724.32,-12.620000000000005,732.0984334675824,15.708433467582381,235.3573,True,True,True,True
1306.65,4.26,8664.945272727273,12251.17,40553.29,716.39,84.99199999999999,2774.33,47.59,40.91,0.050122363868100955,101.9501267269525,434.30753985681764,4.415902216241074,0.3100000000001728,-0.1900000000000004,-4196.7347272727275,35.25199999999999,724.32,-12.620000000000005,731.5075941920536,15.117594192053616,233.51462,True,True,True,True
1306.65,4.26,8664.945272727273,12251.17,40553.29,716.39,86.38550000000001,2774.33,47.59,40.91,0.049313831032825745,100.30555095961384,427.3016470879549,4.415902216241074,0.3100000000001728,-0.1900000000000004,-4196.7347272727275,36.645500000000006,724.32,-12.620000000000005,727.7654138307364,11.37541383073642,234.77121,True,True,True,True
1306.65,4.26,8664.945272727273,12251.17,40553.29,716.39,87.779,2774.33,47.59,40.91,0.048530969269062425,98.71319078611151,420.518192748835,4.415902216241074,0.3100000000001728,-0.1900000000000004,-4196.7347272727275,38.038999999999994,724.32,-12.620000000000005,725.230237587144,8.840237587143974,234.77121,True,True,True,True
1306.65,4.26,8664.945272727273,12251.17,40553.29,716.39,89.1725,2774.33,47.59,40.91,0.04777257509016148,97.17059828485996,413.9467486935034,4.415902216241074,0.3100000000001728,-0.1900000000000004,-4196.7347272727275,39.4325,724.32,-12.620000000000005,720.591142502812,4.20114250281199,236.82787,True,True,True,True
1306.65,4.26,8664.945272727273,12251.17,40553.29,716.39,90.566,2774.33,47.59,40.91,0.04703751907959367,95.67547619472867,407.5775285895441,4.415902216241074,0.3100000000001728,-0.1900000000000004,-4196.7347272727275,40.826,724.32,-12.620000000000005,717.9636219895268,1.5736219895268277,236.82787,True,True,True,True
1306.65,4.26,8664.945272727273,12251.17,40553.29,716.39,91.95949999999999,2774.33,47.59,40.91,0.04632474027887559,94.22566649994408,401.4013392897617,4.415902216241074,0.3100000000001728,-0.1900000000000004,-4196.7347272727275,42.21949999999999,724.32,-12.620000000000005,715.2930695703127,-1.0969304296872906,236.82787,True,True,True,True
1306.65,4.26,8664.945272727273,12251.17,40553.29,716.39,93.35300000000001,2774.33,47.59,40.91,0.04563324107813095,92.81914003736497,395.40953655917474,4.415902216241074,0.3100000000001728,-0.1900000000000004,-4196.7347272727275,43.61300000000001,724.32,-12.620000000000005,712.5814122842665,-3.808587715733438,236.82787,True,True,True,True
1306.65,4.26,8664.945272727273,12251.17,40553.29,716.39,94.7465,2774.33,47.59,40.91,0.044962082557539515,91.45398702087451,389.59398470892535,4.415902216241074,0.3100000000001728,-0.1900000000000004,-4196.7347272727275,45.006499999999996,724.32,-12.620000000000005,708.0855449782448,-8.304455021755189,238.57278,True,True,True,True
1306.65,4.26,8664.945272727273,12251.17,40553.29,716.39,96.14,2774.33,47.59,40.91,0.04431038023392573,90.12840838983632,383.94701974070273,4.415902216241074,0.3100000000001728,-0.1900000000000004,-4196.7347272727275,46.4,724.32,-12.620000000000005,707.0241408911543,-9.365859108845711,236.84566,True,True,True,True
1306.65,4.26,8905.07090909091,12251.17,40553.29,716.39,34.826,2774.33,47.59,40.91,0.1223223992901166,255.7017932977981,1089.2896394486197,4.415902216241074,0.3100000000001728,-0.1900000000000004,-3956.609090909091,-14.914000000000001,724.32,-12.620000000000005,691.4697031478097,-24.92029685219029,279.9023,True,True,False,False
1306.65,4.26,8905.07090909091,12251.17,40553.29,716.39,36.219500000000004,2774.33,47.59,40.91,0.11761619797025916,245.8639866156883,1047.380582982832,4.415902216241074,0.3100000000001728,-0.1900000000000004,-3956.609090909091,-13.520499999999998,724.32,-12.620000000000005,701.9305222516646,-14.459477748335416,274.72482,True,True,False,False
1306.65,4.26,8905.07090909091,12251.17,40553.29,716.39,37.613,2774.33,47.59,40.91,0.11325871073143035,236.75512913981285,1008.5768501356026,4.415902216241074,0.3100000000001728,-0.1900000000000004,-3956.609090909091,-12.127000000000002,724.32,-12.620000000000005,694.952986498801,-21.437013501198976,286.2943,True,True,False,False
1306.65,4.26,8905.07090909091,12251.17,40553.29,716.39,39.0065,2774.33,47.59,40.91,0.109212564336391,228.2970961453556,972.5456295792147,4.415902216241074,0.3100000000001728,-0.1900000000000004,-3956.609090909091,-10.7335,724.32,-12.620000000000005,698.3546629752749,-18.035337024725095,286.8673,True,True,False,False
1306.65,4.26,8905.07090909091,12251.17,40553.29,716.39,40.4,2774.33,47.59,40.91,0.10544554194441728,220.422541798722,939.0000280625555,4.415902216241074,0.3100000000001728,-0.1900000000000004,-3956.609090909091,-9.340000000000003,724.32,-12.620000000000005,703.5055175356405,-12.884482464359508,285.13773,True,True,False,False
1306.65,4.26,8905.07090909091,12251.17,40553.29,716.39,41.7935,2774.33,47.59,40.91,0.10192972347542743,213.07310218138724,907.6914152927095,4.415902216241074,0.3100000000001728,-0.1900000000000004,-3956.609090909091,-7.9465,724.32,-12.620000000000005,706.4287402491409,-9.961259750859085,285.13773,True,True,False,False
1306.65,4.26,8905.07090909091,12251.17,40553.29,716.39,43.187,2774.33,47.59,40.91,0.09864079239954635,206.19794620818683,878.4032508468757,4.415902216241074,0.3100000000001728,-0.1900000000000004,-3956.609090909091,-6.553000000000004,724.32,-12.620000000000005,717.6464191060547,1.25641910605475,276.39343,True,True,False,False
1306.65,4.26,8905.07090909091,12251.17,40553.29,716.39,44.5805,2774.33,47.59,40.91,0.09555747253715251,199.75259831850948,850.9460688368503,4.415902216241074,0.3100000000001728,-0.1900000000000004,-3956.609090909091,-5.159500000000001,724.32,-12.620000000000005,729.1635667993039,12.773566799303921,266.94202,True,True,False,False
1306.65,4.26,8905.07090909091,12251.17,40553.29,716.39,45.974000000000004,2774.33,47.59,40.91,0.09266106728452891,193.69797527717697,825.1533746807738,4.415902216241074,0.3100000000001728,-0.1900000000000004,-3956.609090909091,-3.7659999999999982,724.32,-12.620000000000005,757.5855351307299,41.19553513072992,240.2152,True,True,True,True
1306.65,4.26,8905.07090909091,12251.17,40553.29,716.39,47.3675,2774.33,47.59,40.91,0.08993508017237388,187.99959299290268,800.8782661497653,4.415902216241074,0.3100000000001728,-0.1900000000000004,-3956.609090909091,-2.3725000000000023,724.32,-12.620000000000005,758.2094502921203,41.81945029212034,240.94855,True,True,True,True
1306.65,4.26,8905.07090909091,12251.17,40553.29,716.39,48.760999999999996,2774.33,47.59,40.91,0.08736490048676401,182.62690934279448,777.9906338003044,4.415902216241074,0.3100000000001728,-0.1900000000000004,-3956.609090909091,-0.9790000000000063,724.32,-12.620000000000005,768.7196451270759,52.32964512707588,231.48671,True,True,True,True
1306.65,4.26,8905.07090909091,12251.17,40553.29,716.39,50.1545,2774.33,47.59,40.91,0.08493754129863638,177.5527765512194,756.3748281081946,4.415902216241074,0.3100000000001728,-0.1900000000000004,-3956.609090909091,0.41449999999999676,724.32,-12.620000000000005,763.9477000098237,47.55770000982375,237.02385,True,True,True,True
1306.65,4.26,8905.07090909091,12251.17,40553.29,716.39,51.548,2774.33,47.59,40.91,0.08264141998445293,172.75298239190516,735.9277049895159,4.415902216241074,0.3100000000001728,-0.1900000000000004,-3956.609090909091,1.8079999999999998,724.32,-12.620000000000005,765.8911580240384,49.50115802403843,235.58539,True,True,True,True
1306.65,4.26,8905.07090909091,12251.17,40553.29,716.39,52.941500000000005,2774.33,47.59,40.91,0.08046617340902366,168.20586384754955,716.5569799905611,4.415902216241074,0.3100000000001728,-0.1900000000000004,-3956.609090909091,3.201500000000003,724.32,-12.620000000000005,769.8294461991935,53.439446199193526,231.91245,True,True,True,True
1306.65,4.26,8905.07090909091,12251.17,40553.29,716.39,54.335,2774.33,47.59,40.91,0.07840250154775924,163.891980218992,698.1798357329058,4.415902216241074,0.3100000000001728,-0.1900000000000004,-3956.609090909091,4.594999999999999,724.32,-12.620000000000005,774.6990177053817,58.309017705381734,227.087,True,True,True,True
1306.65,4.26,8905.07090909091,12251.17,40553.29,716.39,55.7285,2774.33,47.59,40.91,0.07644203457042564,159.79383527812655,680.721738284819,4.415902216241074,0.3100000000001728,-0.1900000000000004,-3956.609090909091,5.988499999999995,724.32,-12.620000000000005,773.4145077129779,57.02450771297788,228.21103,True,True,True,True
1306.65,4.26,8905.07090909091,12251.17,40553.29,716.39,57.122,2774.33,47.59,40.91,0.07457721937997235,155.89564008954991,664.1154267814825,4.415902216241074,0.3100000000001728,-0.1900000000000004,-3956.609090909091,7.381999999999998,724.32,-12.620000000000005,773.0643776573448,56.67437765734485,228.21103,True,True,True,True
1306.65,4.26,8905.07090909091,12251.17,40553.29,716.39,58.5155,2774.33,47.59,40.91,0.07280122236328455,152.18310972148916,648.3000474135438,4.415902216241074,0.3100000000001728,-0.1900000000000004,-3956.609090909091,8.775500000000001,724.32,-12.620000000000005,762.2852077809761,45.89520778097608,238.46397,True,True,True,True
1306.65,4.26,8905.07090909091,12251.17,40553.29,716.39,59.909,2774.33,47.59,40.91,0.07110784571420245,148.6432883280913,633.2204082776689,4.415902216241074,0.3100000000001728,-0.1900000000000004,-3956.609090909091,10.168999999999997,724.32,-12.620000000000005,760.485190671931,44.09519067193105,239.57396,True,True,True,True
1306.65,4.26,8905.07090909091,12251.17,40553.29,716.39,61.302499999999995,2774.33,47.59,40.91,0.06949145516917818,145.2643980886018,618.8263358574436,4.415902216241074,0.3100000000001728,-0.1900000000000004,-3956.609090909091,11.562499999999993,724.32,-12.620000000000005,753.6909237082672,37.30092370826719,245.52556,True,True,True,True
1306.65,4.26,8905.07090909091,12251.17,40553.29,716.39,62.696,2774.33,47.59,40.91,0.0679469173799458,142.03570829168052,605.0721173225589,4.415902216241074,0.3100000000001728,-0.1900000000000004,-3956.609090909091,12.955999999999996,724.32,-12.620000000000005,749.9280111310529,33.53801113105294,248.30334,True,True,True,True
1306.65,4.26,8905.07090909091,12251.17,40553.29,716.39,64.0895,2774.33,47.59,40.91,0.06646954545643911,138.94742149873986,591.9160155846317,4.415902216241074,0.3100000000001728,-0.1900000000000004,-3956.609090909091,14.349499999999999,724.32,-12.620000000000005,745.8882557536431,29.498255753643093,251.22481,True,True,True,True
1306.65,4.26,8905.07090909091,12251.17,40553.29,716.39,65.483,2774.33,47.59,40.91,0.06505505146289797,135.99057424217483,579.3198462716648,4.415902216241074,0.3100000000001728,-0.1900000000000004,-3956.609090909091,15.743000000000002,724.32,-12.620000000000005,747.1702621782207,30.78026217822071,248.69984,True,True,True,True
1306.65,4.26,8905.07090909091,12251.17,40553.29,716.39,66.8765,2774.33,47.59,40.91,0.06369950485298267,133.15695013844865,567.2486075897912,4.415902216241074,0.3100000000001728,-0.1900000000000004,-3956.609090909091,17.13649999999999,724.32,-12.620000000000005,751.1599055567337,34.76990555673376,243.35037,True,True,True,True
1306.65,4.26,8905.07090909091,12251.17,40553.29,716.39,68.27000000000001,2774.33,47.59,40.91,0.06239929599532303,130.43900364218405,555.670155515704,4.415902216241074,0.3100000000001728,-0.1900000000000004,-3956.609090909091,18.53000000000001,724.32,-12.620000000000005,749.9267967290343,33.536796729034336,243.11394,True,True,True,True
1306.65,4.26,8905.07090909091,12251.17,40553.29,716.39,69.6635,2774.33,47.59,40.91,0.06115110407672448,127.82979295127458,544.5549179724296,4.415902216241074,0.3100000000001728,-0.1900000000000004,-3956.609090909091,19.923499999999997,724.32,-12.620000000000005,745.9521900976956,29.562190097695634,245.51587,True,True,True,True
1306.65,4.26,8905.07090909091,12251.17,40553.29,716.39,71.057,2774.33,47.59,40.91,0.059951868782078206,125.32292080678876,533.87564263692,4.415902216241074,0.3100000000001728,-0.1900000000000004,-3956.609090909091,21.317,724.32,-12.620000000000005,744.2824516419201,27.89245164192016,245.51587,True,True,True,True
1306.65,4.26,8905.07090909091,12251.17,40553.29,716.39,72.4505,2774.33,47.59,40.91,0.05879876524249294,122.91248212473933,523.6071738513895,4.415902216241074,0.3100000000001728,-0.1900000000000004,-3956.609090909091,22.710500000000003,724.32,-12.620000000000005,742.5212503101243,26.1312503101243,245.51587,True,True,True,True
1306.65,4.26,8905.07090909091,12251.17,40553.29,716.39,73.844,2774.33,47.59,40.91,0.05768918181992875,120.59301755725438,513.7262547939036,4.415902216241074,0.3100000000001728,-0.1900000000000004,-3956.609090909091,24.103999999999992,724.32,-12.620000000000005,740.6737640524195,24.283764052419542,245.51587,True,True,True,True
1306.65,4.26,8905.07090909091,12251.17,40553.29,716.39,75.2375,2774.33,47.59,40.91,0.05662070036058215,118.35947221440688,504.2113516333733,4.415902216241074,0.3100000000001728,-0.1900000000000004,-3956.609090909091,25.497499999999995,724.32,-12.620000000000005,738.7447872084365,22.354787208436505,245.51587,True,True,True,True
1306.65,4.26,8905.07090909091,12251.17,40553.29,716.39,76.631,2774.33,47.59,40.91,0.0555910786027707,116.2071588897933,495.0424968705194,4.415902216241074,0.3100000000001728,-0.1900000000000004,-3956.609090909091,26.891,724.32,-12.620000000000005,736.7387653862386,20.348765386238597,245.51587,True,True,True,True
1306.65,4.26,8905.07090909091,12251.17,40553.29,716.39,78.02449999999999,2774.33,47.59,40.91,0.05459823446996477,114.13172522680935,486.20114946620777,4.415902216241074,0.3100000000001728,-0.1900000000000004,-3956.609090909091,28.284499999999987,724.32,-12.620000000000005,733.7807219893994,17.390721989399367,246.39497,True,True,True,True
1306.65,4.26,8905.07090909091,12251.17,40553.29,716.39,79.418,2774.33,47.59,40.91,0.05364023201742385,112.12912434160751,477.6700696952479,4.415902216241074,0.3100000000001728,-0.1900000000000004,-3956.609090909091,29.678000000000004,724.32,-12.620000000000005,742.0065296101026,25.61652961010259,236.02115,True,True,True,True
1306.65,4.26,8905.07090909091,12251.17,40553.29,716.39,80.8115,2774.33,47.59,40.91,0.05271526883283606,110.19558848549181,469.43320694819505,4.415902216241074,0.3100000000001728,-0.1900000000000004,-3956.609090909091,31.071499999999993,724.32,-12.620000000000005,739.7930070306809,23.403007030680897,236.02115,True,True,True,True
1306.65,4.26,8905.07090909091,12251.17,40553.29,716.39,82.205,2774.33,47.59,40.91,0.05182166471842753,108.32760538608727,461.47559894473176,4.415902216241074,0.3100000000001728,-0.1900000000000004,-3956.609090909091,32.464999999999996,724.32,-12.620000000000005,737.5173105594546,21.1273105594546,236.02115,True,True,True,True
1306.65,4.26,8905.07090909091,12251.17,40553.29,716.39,83.5985,2774.33,47.59,40.91,0.05095785150501682,106.52189695471824,453.78328102709963,4.415902216241074,0.3100000000001728,-0.1900000000000004,-3956.609090909091,33.8585,724.32,-12.620000000000005,735.1825493186158,18.792549318615784,236.02115,True,True,True,True
1306.65,4.26,8905.07090909091,12251.17,40553.29,716.39,84.99199999999999,2774.33,47.59,40.91,0.050122363868100955,104.7754000884261,446.3432043766951,4.415902216241074,0.3100000000001728,-0.1900000000000004,-3956.609090909091,35.25199999999999,724.32,-12.620000000000005,732.7916285259081,16.40162852590811,236.02115,True,True,True,True
1306.65,4.26,8905.07090909091,12251.17,40553.29,716.39,86.38550000000001,2774.33,47.59,40.91,0.049313831032825745,103.08524933010354,439.143162146241,4.415902216241074,0.3100000000001728,-0.1900000000000004,-3956.609090909091,36.645500000000006,724.32,-12.620000000000005,729.0906741438474,12.700674143847436,237.27774,True,True,True,True
1306.65,4.26,8905.07090909091,12251.17,40553.29,716.39,87.779,2774.33,47.59,40.91,0.048530969269062425,101.44876118026122,432.1717226279127,4.415902216241074,0.3100000000001728,-0.1900000000000004,-3956.609090909091,38.038999999999994,724.32,-12.620000000000005,728.438096831584,12.048096831583962,235.43506,True,True,True,True
1306.65,4.26,8905.07090909091,12251.17,40553.29,716.39,89.1725,2774.33,47.59,40.91,0.04777257509016148,99.86341987975541,425.418168687758,4.415902216241074,0.3100000000001728,-0.1900000000000004,-3956.609090909091,39.4325,724.32,-12.620000000000005,725.8943271090432,9.504327109043174,235.43506,True,True,True,True
1306.65,4.26,8905.07090909091,12251.17,40553.29,716.39,90.566,2774.33,47.59,40.91,0.04703751907959367,98.32686450504654,418.8724427914982,4.415902216241074,0.3100000000001728,-0.1900000000000004,-3956.609090909091,40.826,724.32,-12.620000000000005,721.247630208808,4.857630208808018,237.49171,True,True,True,True
1306.65,4.26,8905.07090909091,12251.17,40553.29,716.39,91.95949999999999,2774.33,47.59,40.91,0.04632474027887559,96.83687723676219,412.5250970286069,4.415902216241074,0.3100000000001728,-0.1900000000000004,-3956.609090909091,42.21949999999999,724.32,-12.620000000000005,718.6134214020868,2.223421402086842,237.49171,True,True,True,True
1306.65,4.26,8905.07090909091,12251.17,40553.29,716.39,93.35300000000001,2774.33,47.59,40.91,0.04563324107813095,95.39137267896625,406.36724761239617,4.415902216241074,0.3100000000001728,-0.1900000000000004,-3956.609090909091,43.61300000000001,724.32,-12.620000000000005,715.937022710945,-0.4529772890549566,237.49171,True,True,True,True
1306.65,4.26,8905.07090909091,12251.17,40553.29,716.39,94.7465,2774.33,47.59,40.91,0.044962082557539515,93.98838812095984,400.3905333952889,4.415902216241074,0.3100000000001728,-0.1900000000000004,-3956.609090909091,45.006499999999996,724.32,-12.620000000000005,711.4753768564718,-4.914623143528161,239.23663,True,True,True,True
1306.65,4.26,8905.07090909091,12251.17,40553.29,716.39,96.14,2774.33,47.59,40.91,0.04431038023392573,92.62607464598331,394.58707799188886,4.415902216241074,0.3100000000001728,-0.1900000000000004,-3956.609090909091,46.4,724.32,-12.620000000000005,708.7200751009615,-7.669924899038506,239.23663,True,True,True,True
1306.65,4.26,9145.196545454546,12251.17,40553.29,716.39,34.826,2774.33,47.59,40.91,0.1223223992901166,262.5968036196446,1118.662383419686,4.415902216241074,0.3100000000001728,-0.1900000000000004,-3716.483454545454,-14.914000000000001,724.32,-12.620000000000005,755.8943630226696,39.50436302266962,215.58684,True,True,True,True
1306.65,4.26,9145.196545454546,12251.17,40553.29,716.39,36.219500000000004,2774.33,47.59,40.91,0.11761619797025916,252.4937200392282,1075.623247367112,4.415902216241074,0.3100000000001728,-0.1900000000000004,-3716.483454545454,-13.520499999999998,724.32,-12.620000000000005,766.5952516823237,50.205251682323706,210.40924,True,True,True,True
1306.65,4.26,9145.196545454546,12251.17,40553.29,716.39,37.613,2774.33,47.59,40.91,0.11325871073143035,243.13924181307806,1035.7731701237126,4.415902216241074,0.3100000000001728,-0.1900000000000004,-3716.483454545454,-12.127000000000002,724.32,-12.620000000000005,759.266930692188,42.87693069218801,222.5517,True,True,True,True
1306.65,4.26,9145.196545454546,12251.17,40553.29,716.39,39.0065,2774.33,47.59,40.91,0.109212564336391,234.45313757967028,998.7703660893953,4.415902216241074,0.3100000000001728,-0.1900000000000004,-3716.483454545454,-10.7335,724.32,-12.620000000000005,763.4479126653687,47.05791266536869,222.5517,True,True,True,True
1306.65,4.26,9145.196545454546,12251.17,40553.29,716.39,40.4,2774.33,47.59,40.91,0.10544554194441728,226.36624552198765,964.3202059236675,4.415902216241074,0.3100000000001728,-0.1900000000000004,-3716.483454545454,-9.340000000000003,724.32,-12.620000000000005,768.7907814906958,52.40078149069586,220.82217,True,True,True,True
1306.65,4.26,9145.196545454546,12251.17,40553.29,716.39,41.7935,2774.33,47.59,40.91,0.10192972347542743,218.8186279358254,932.1673550066162,4.415902216241074,0.3100000000001728,-0.1900000000000004,-3716.483454545454,-7.9465,724.32,-12.620000000000005,771.8932709611524,55.50327096115245,220.82217,True,True,True,True
1306.65,4.26,9145.196545454546,12251.17,40553.29,716.39,43.187,2774.33,47.59,40.91,0.09864079239954635,211.75808307352824,902.0894338932303,4.415902216241074,0.3100000000001728,-0.1900000000000004,-3716.483454545454,-6.553000000000004,724.32,-12.620000000000005,772.1831278788046,55.793127878804626,223.1734,True,True,True,True
1306.65,4.26,9145.196545454546,12251.17,40553.29,716.39,44.5805,2774.33,47.59,40.91,0.09555747253715251,205.13893608899878,873.8918677391349,4.415902216241074,0.3100000000001728,-0.1900000000000004,-3716.483454545454,-5.159500000000001,724.32,-12.620000000000005,771.0031502192165,54.61315021921655,226.57632,True,True,True,True
1306.65,4.26,9145.196545454546,12251.17,40553.29,716.39,45.974000000000004,2774.33,47.59,40.91,0.09266106728452891,198.92104986586975,847.4036724286052,4.415902216241074,0.3100000000001728,-0.1900000000000004,-3716.483454545454,-3.7659999999999982,724.32,-12.620000000000005,773.562807771237,57.17280777123699,225.8595,True,True,True,True
1306.65,4.26,9145.196545454546,12251.17,40553.29,716.39,47.3675,2774.33,47.59,40.91,0.08993508017237388,193.0690104477867,822.4739845075713,4.415902216241074,0.3100000000001728,-0.1900000000000004,-3716.483454545454,-2.3725000000000023,724.32,-12.620000000000005,774.325717273038,57.935717273037994,226.59285,True,True,True,True
1306.65,4.26,9145.196545454546,12251.17,40553.29,716.39,48.760999999999996,2774.33,47.59,40.91,0.08736490048676401,187.55145214214423,798.9691861255345,4.415902216241074,0.3100000000001728,-0.1900000000000004,-3716.483454545454,-0.9790000000000063,724.32,-12.620000000000005,773.7086917779567,57.3186917779567,228.38928,True,True,True,True
1306.65,4.26,9145.196545454546,12251.17,40553.29,716.39,50.1545,2774.33,47.59,40.91,0.08493754129863638,182.34049513232216,776.7705092636924,4.415902216241074,0.3100000000001728,-0.1900000000000004,-3716.483454545454,0.41449999999999676,724.32,-12.620000000000005,771.7685832209039,55.37858322090392,231.21835,True,True,True,True
1306.65,4.26,9145.196545454546,12251.17,40553.29,716.39,51.548,2774.33,47.59,40.91,0.08264141998445293,177.41127430828107,755.7720285532773,4.415902216241074,0.3100000000001728,-0.1900000000000004,-3716.483454545454,1.8079999999999998,724.32,-12.620000000000005,770.1944127187986,53.80441271879863,233.4146,True,True,True,True
1306.65,4.26,9145.196545454546,12251.17,40553.29,716.39,52.941500000000005,2774.33,47.59,40.91,0.08046617340902366,172.74154250848585,735.8789710861497,4.415902216241074,0.3100000000001728,-0.1900000000000004,-3716.483454545454,3.201500000000003,724.32,-12.620000000000005,770.7280802832287,54.33808028322869,233.25719,True,True,True,True
1306.65,4.26,9145.196545454546,12251.17,40553.29,716.39,54.335,2774.33,47.59,40.91,0.07840250154775924,168.3113348144513,717.0062863095626,4.415902216241074,0.3100000000001728,-0.1900000000000004,-3716.483454545454,4.594999999999999,724.32,-12.620000000000005,782.0043739975462,65.61437399754618,222.13025,True,True,True,True
1306.65,4.26,9145.196545454546,12251.17,40553.29,716.39,55.7285,2774.33,47.59,40.91,0.07644203457042564,164.10268321149616,699.0774304809737,4.415902216241074,0.3100000000001728,-0.1900000000000004,-3716.483454545454,5.988499999999995,724.32,-12.620000000000005,781.9438489623415,65.55384896234148,222.13025,True,True,True,True
1306.65,4.26,9145.196545454546,12251.17,40553.29,716.39,57.122,2774.33,47.59,40.91,0.07457721937997235,160.09937301486596,682.023329043329,4.415902216241074,0.3100000000001728,-0.1900000000000004,-3716.483454545454,7.381999999999998,724.32,-12.620000000000005,780.2821260270185,63.89212602701855,223.53693,True,True,True,True
1306.65,4.26,9145.196545454546,12251.17,40553.29,716.39,58.5155,2774.33,47.59,40.91,0.07280122236328455,156.28673409896203,665.7814872615783,4.415902216241074,0.3100000000001728,-0.1900000000000004,-3716.483454545454,8.775500000000001,724.32,-12.620000000000005,782.9904386801926,66.60043868019261,220.39294,True,True,True,True
1306.65,4.26,9145.196545454546,12251.17,40553.29,716.39,59.909,2774.33,47.59,40.91,0.07110784571420245,152.65146126296693,650.2952249802391,4.415902216241074,0.3100000000001728,-0.1900000000000004,-3716.483454545454,10.168999999999997,724.32,-12.620000000000005,771.3571325636827,54.96713256368275,231.42256,True,True,True,True
1306.65,4.26,9145.196545454546,12251.17,40553.29,716.39,61.302499999999995,2774.33,47.59,40.91,0.06949145516917818,149.18145909666146,635.5130157517777,4.415902216241074,0.3100000000001728,-0.1900000000000004,-3716.483454545454,11.562499999999993,724.32,-12.620000000000005,764.6452831348083,48.25528313480834,237.37416,True,True,True,True
1306.65,4.26,9145.196545454546,12251.17,40553.29,716.39,62.696,2774.33,47.59,40.91,0.0679469173799458,145.86570753459296,621.387914097366,4.415902216241074,0.3100000000001728,-0.1900000000000004,-3716.483454545454,12.955999999999996,724.32,-12.620000000000005,760.9611244190105,44.571124419010516,240.15195,True,True,True,True
1306.65,4.26,9145.196545454546,12251.17,40553.29,716.39,64.0895,2774.33,47.59,40.91,0.06646954545643911,142.69414494980302,607.8770574861609,4.415902216241074,0.3100000000001728,-0.1900000000000004,-3716.483454545454,14.349499999999999,724.32,-12.620000000000005,756.996698207734,40.606698207733984,243.07341,True,True,True,True
1306.65,4.26,9145.196545454546,12251.17,40553.29,716.39,65.483,2774.33,47.59,40.91,0.06505505146289797,139.65756617438083,594.9412319028623,4.415902216241074,0.3100000000001728,-0.1900000000000004,-3716.483454545454,15.743000000000002,724.32,-12.620000000000005,755.8258643602132,39.43586436021326,243.07341,True,True,True,True
1306.65,4.26,9145.196545454546,12251.17,40553.29,716.39,66.8765,2774.33,47.59,40.91,0.06369950485298267,136.74753326963904,582.5444917286623,4.415902216241074,0.3100000000001728,-0.1900000000000004,-3716.483454545454,17.13649999999999,724.32,-12.620000000000005,756.6827971964409,40.292797196440915,240.92577,True,True,True,True
1306.65,4.26,9145.196545454546,12251.17,40553.29,716.39,68.27000000000001,2774.33,47.59,40.91,0.06239929599532303,133.95629722423095,570.6538261752239,4.415902216241074,0.3100000000001728,-0.1900000000000004,-3716.483454545454,18.53000000000001,724.32,-12.620000000000005,757.8045126757527,41.41451267575269,238.4008,True,True,True,True
1306.65,4.26,9145.196545454546,12251.17,40553.29,716.39,69.6635,2774.33,47.59,40.91,0.06115110407672448,131.2767290500451,559.2388657531922,4.415902216241074,0.3100000000001728,-0.1900000000000004,-3716.483454545454,19.923499999999997,724.32,-12.620000000000005,757.5324046172012,41.14240461720124,237.16388,True,True,True,True
1306.65,4.26,9145.196545454546,12251.17,40553.29,716.39,71.057,2774.33,47.59,40.91,0.059951868782078206,128.70225898577604,548.2716232794058,4.415902216241074,0.3100000000001728,-0.1900000000000004,-3716.483454545454,21.317,724.32,-12.620000000000005,756.1602484592236,39.77024845922358,236.92744,True,True,True,True
1306.65,4.26,9145.196545454546,12251.17,40553.29,716.39,72.4505,2774.33,47.59,40.91,0.05879876524249294,126.22682271658198,537.7262647726393,4.415902216241074,0.3100000000001728,-0.1900000000000004,-3716.483454545454,22.710500000000003,724.32,-12.620000000000005,754.0208153163056,37.63081531630564,237.36447,True,True,True,True
1306.65,4.26,9145.196545454546,12251.17,40553.29,716.39,73.844,2774.33,47.59,40.91,0.05768918181992875,123.84481368303089,527.5789062897117,4.415902216241074,0.3100000000001728,-0.1900000000000004,-3716.483454545454,24.103999999999992,724.32,-12.620000000000005,752.2299051939987,35.839905193998675,237.36447,True,True,True,True
1306.65,4.26,9145.196545454546,12251.17,40553.29,716.39,75.2375,2774.33,47.59,40.91,0.05662070036058215,121.55104068986219,517.8074333388129,4.415902216241074,0.3100000000001728,-0.1900000000000004,-3716.483454545454,25.497499999999995,724.32,-12.620000000000005,750.3554087527368,33.965408752736835,237.36447,True,True,True,True
1306.65,4.26,9145.196545454546,12251.17,40553.29,716.39,76.631,2774.33,47.59,40.91,0.0555910786027707,119.34069013994149,508.39133999615075,4.415902216241074,0.3100000000001728,-0.1900000000000004,-3716.483454545454,26.891,724.32,-12.620000000000005,748.4018859304282,32.01188593042821,237.36447,True,True,True,True
1306.65,4.26,9145.196545454546,12251.17,40553.29,716.39,78.02449999999999,2774.33,47.59,40.91,0.05459823446996477,117.20929231517351,499.31158526263914,4.415902216241074,0.3100000000001728,-0.1900000000000004,-3716.483454545454,28.284499999999987,724.32,-12.620000000000005,746.3735709071282,29.983570907128183,237.36447,True,True,True,True
1306.65,4.26,9145.196545454546,12251.17,40553.29,716.39,79.418,2774.33,47.59,40.91,0.05364023201742385,115.15269120730633,490.550464543125,4.415902216241074,0.3100000000001728,-0.1900000000000004,-3716.483454545454,29.678000000000004,724.32,-12.620000000000005,754.6482257576693,38.258225757669265,226.99065,True,True,True,True
1306.65,4.26,9145.196545454546,12251.17,40553.29,716.39,80.8115,2774.33,47.59,40.91,0.05271526883283606,113.16701747013147,482.0914944227601,4.415902216241074,0.3100000000001728,-0.1900000000000004,-3716.483454545454,31.071499999999993,724.32,-12.620000000000005,751.6027611669135,35.21276116691354,227.86975,True,True,True,True
1306.65,4.26,9145.196545454546,12251.17,40553.29,716.39,82.205,2774.33,47.59,40.91,0.05182166471842753,111.24866412269184,473.9193091626672,4.415902216241074,0.3100000000001728,-0.1900000000000004,-3716.483454545454,32.464999999999996,724.32,-12.620000000000005,749.3726283426746,32.982628342674616,227.86975,True,True,True,True
1306.65,4.26,9145.196545454546,12251.17,40553.29,716.39,83.5985,2774.33,47.59,40.91,0.05095785150501682,109.39426468250365,466.01956754746556,4.415902216241074,0.3100000000001728,-0.1900000000000004,-3716.483454545454,33.8585,724.32,-12.620000000000005,747.0819117516804,30.691911751680436,227.86975,True,True,True,True
1306.65,4.26,9145.196545454546,12251.17,40553.29,716.39,84.99199999999999,2774.33,47.59,40.91,0.050122363868100955,107.60067344989969,458.37886889657267,4.415902216241074,0.3100000000001728,-0.1900000000000004,-3716.483454545454,35.25199999999999,724.32,-12.620000000000005,744.7335913265595,28.343591326559476,227.86975,True,True,True,True
1306.65,4.26,9145.196545454546,12251.17,40553.29,716.39,86.38550000000001,2774.33,47.59,40.91,0.049313831032825745,105.86494770059325,450.98467720452726,4.415902216241074,0.3100000000001728,-0.1900000000000004,-3716.483454545454,36.645500000000006,724.32,-12.620000000000005,741.0738629237553,24.683862923755328,229.12634,True,True,True,True
1306.65,4.26,9145.196545454546,12251.17,40553.29,716.39,87.779,2774.33,47.59,40.91,0.048530969269062425,104.1843315744109,443.82525250699047,4.415902216241074,0.3100000000001728,-0.1900000000000004,-3716.483454545454,38.038999999999994,724.32,-12.620000000000005,738.6185207732896,22.228520773289574,229.12634,True,True,True,True
1306.65,4.26,9145.196545454546,12251.17,40553.29,716.39,89.1725,2774.33,47.59,40.91,0.04777257509016148,102.55624147465088,436.88958868201274,4.415902216241074,0.3100000000001728,-0.1900000000000004,-3716.483454545454,39.4325,724.32,-12.620000000000005,737.9561024135165,21.566102413516546,227.28366,True,True,True,True
1306.65,4.26,9145.196545454546,12251.17,40553.29,716.39,90.566,2774.33,47.59,40.91,0.04703751907959367,100.97825281536441,430.1673569934524,4.415902216241074,0.3100000000001728,-0.1900000000000004,-3716.483454545454,40.826,724.32,-12.620000000000005,735.4035408939097,19.01354089390975,227.28366,True,True,True,True
1306.65,4.26,9145.196545454546,12251.17,40553.29,716.39,91.95949999999999,2774.33,47.59,40.91,0.04632474027887559,99.44808797358031,423.6488547674522,4.415902216241074,0.3100000000001728,-0.1900000000000004,-3716.483454545454,42.21949999999999,724.32,-12.620000000000005,732.8056756996812,16.415675699681174,227.28366,True,True,True,True
1306.65,4.26,9145.196545454546,12251.17,40553.29,716.39,93.35300000000001,2774.33,47.59,40.91,0.04563324107813095,97.96360532056752,417.32495866561766,4.415902216241074,0.3100000000001728,-0.1900000000000004,-3716.483454545454,43.61300000000001,724.32,-12.620000000000005,728.1078797196548,11.717879719654775,229.34032,True,True,True,True
1306.65,4.26,9145.196545454546,12251.17,40553.29,716.39,94.7465,2774.33,47.59,40.91,0.044962082557539515,96.52278922104519,411.1870820816525,4.415902216241074,0.3100000000001728,-0.1900000000000004,-3716.483454545454,45.006499999999996,724.32,-12.620000000000005,723.68045531673,7.290455316730004,231.08524,True,True,True,True
1306.65,4.26,9145.196545454546,12251.17,40553.29,716.39,96.14,2774.33,47.59,40.91,0.04431038023392573,95.12374090213028,405.227136243075,4.415902216241074,0.3100000000001728,-0.1900000000000004,-3716.483454545454,46.4,724.32,-12.620000000000005,720.9583829679952,4.568382967995262,231.08524,True,True,True,True
1306.65,4.26,9385.322181818181,12251.17,40553.29,716.39,34.826,2774.33,47.59,40.91,0.1223223992901166,269.49181394149105,1148.035127390752,4.415902216241074,0.3100000000001728,-0.1900000000000004,-3476.3578181818193,-14.914000000000001,724.32,-12.620000000000005,774.494392160225,58.10439216022496,197.096,True,True,True,True
1306.65,4.26,9385.322181818181,12251.17,40553.29,716.39,36.219500000000004,2774.33,47.59,40.91,0.11761619797025916,259.12345346276805,1103.8659117513919,4.415902216241074,0.3100000000001728,-0.1900000000000004,-3476.3578181818193,-13.520499999999998,724.32,-12.620000000000005,769.2484454684516,52.85844546845158,208.1052,True,True,True,True
1306.65,4.26,9385.322181818181,12251.17,40553.29,716.39,37.613,2774.33,47.59,40.91,0.11325871073143035,249.5233544863432,1062.969490111822,4.415902216241074,0.3100000000001728,-0.1900000000000004,-3476.3578181818193,-12.127000000000002,724.32,-12.620000000000005,762.1423067703406,45.752306770340624,220.24765,True,True,True,True
1306.65,4.26,9385.322181818181,12251.17,40553.29,716.39,39.0065,2774.33,47.59,40.91,0.109212564336391,240.60917901398489,1024.9951025995756,4.415902216241074,0.3100000000001728,-0.1900000000000004,-3476.3578181818193,-10.7335,724.32,-12.620000000000005,766.5295961933531,50.1395961933531,220.24765,True,True,True,True
1306.65,4.26,9385.322181818181,12251.17,40553.29,716.39,40.4,2774.33,47.59,40.91,0.10544554194441728,232.30994924525328,989.640383784779,4.415902216241074,0.3100000000001728,-0.1900000000000004,-3476.3578181818193,-9.340000000000003,724.32,-12.620000000000005,771.4813494008292,55.091349400829245,219.10132,True,True,True,True
1306.65,4.26,9385.322181818181,12251.17,40553.29,716.39,41.7935,2774.33,47.59,40.91,0.10192972347542743,224.5641536902635,956.6432947205225,4.415902216241074,0.3100000000001728,-0.1900000000000004,-3476.3578181818193,-7.9465,724.32,-12.620000000000005,775.1098616096873,58.719861609687314,218.75456,True,True,True,True
1306.65,4.26,9385.322181818181,12251.17,40553.29,716.39,43.187,2774.33,47.59,40.91,0.09864079239954635,217.31821993886962,925.7756169395846,4.415902216241074,0.3100000000001728,-0.1900000000000004,-3476.3578181818193,-6.553000000000004,724.32,-12.620000000000005,768.2382234923747,51.8482234923747,228.43498,True,True,True,True
1306.65,4.26,9385.322181818181,12251.17,40553.29,716.39,44.5805,2774.33,47.59,40.91,0.09555747253715251,210.52527385948807,896.8376666414191,4.415902216241074,0.3100000000001728,-0.1900000000000004,-3476.3578181818193,-5.159500000000001,724.32,-12.620000000000005,774.5159208949885,58.12592089498855,224.53745,True,True,True,True
1306.65,4.26,9385.322181818181,12251.17,40553.29,716.39,45.974000000000004,2774.33,47.59,40.91,0.09266106728452891,204.1441244545625,869.6539701764362,4.415902216241074,0.3100000000001728,-0.1900000000000004,-3476.3578181818193,-3.7659999999999982,724.32,-12.620000000000005,775.7619737222909,59.37197372229093,225.2819,True,True,True,True
1306.65,4.26,9385.322181818181,12251.17,40553.29,716.39,47.3675,2774.33,47.59,40.91,0.08993508017237388,198.13842790267068,844.0697028653772,4.415902216241074,0.3100000000001728,-0.1900000000000004,-3476.3578181818193,-2.3725000000000023,724.32,-12.620000000000005,778.390333252979,62.000333252978976,224.2888,True,True,True,True
1306.65,4.26,9385.322181818181,12251.17,40553.29,716.39,48.760999999999996,2774.33,47.59,40.91,0.08736490048676401,192.47599494149398,819.9477384507643,4.415902216241074,0.3100000000001728,-0.1900000000000004,-3476.3578181818193,-0.9790000000000063,724.32,-12.620000000000005,774.1097409923141,57.71974099231409,229.87985,True,True,True,True
1306.65,4.26,9385.322181818181,12251.17,40553.29,716.39,50.1545,2774.33,47.59,40.91,0.08493754129863638,187.12821371342488,797.16619041919,4.415902216241074,0.3100000000001728,-0.1900000000000004,-3476.3578181818193,0.41449999999999676,724.32,-12.620000000000005,770.764042237648,54.37404223764804,234.23828,True,True,True,True
1306.65,4.26,9385.322181818181,12251.17,40553.29,716.39,51.548,2774.33,47.59,40.91,0.08264141998445293,182.0695662246569,775.6163521170384,4.415902216241074,0.3100000000001728,-0.1900000000000004,-3476.3578181818193,1.8079999999999998,724.32,-12.620000000000005,773.2731953676604,56.88319536766039,232.46828,True,True,True,True
1306.65,4.26,9385.322181818181,12251.17,40553.29,716.39,52.941500000000005,2774.33,47.59,40.91,0.08046617340902366,177.2772211694221,755.2009621817381,4.415902216241074,0.3100000000001728,-0.1900000000000004,-3476.3578181818193,3.201500000000003,724.32,-12.620000000000005,773.7603661006622,57.37036610066218,232.46828,True,True,True,True
1306.65,4.26,9385.322181818181,12251.17,40553.29,716.39,54.335,2774.33,47.59,40.91,0.07840250154775924,172.73068940991058,735.8327368862191,4.415902216241074,0.3100000000001728,-0.1900000000000004,-3476.3578181818193,4.594999999999999,724.32,-12.620000000000005,781.6263501627575,65.2363501627575,224.85687,True,True,True,True
1306.65,4.26,9385.322181818181,12251.17,40553.29,716.39,55.7285,2774.33,47.59,40.91,0.07644203457042564,168.41153114486573,717.433122677128,4.415902216241074,0.3100000000001728,-0.1900000000000004,-3476.3578181818193,5.988499999999995,724.32,-12.620000000000005,785.3387297624863,68.94872976248632,221.18393,True,False,True,False
1306.65,4.26,9385.322181818181,12251.17,40553.29,716.39,57.122,2774.33,47.59,40.91,0.07457721937997235,164.30310594018198,699.9312313051753,4.415902216241074,0.3100000000001728,-0.1900000000000004,-3476.3578181818193,7.381999999999998,724.32,-12.620000000000005,785.1787684396611,68.78876843966111,221.18393,True,False,True,False
1306.65,4.26,9385.322181818181,12251.17,40553.29,716.39,58.5155,2774.33,47.59,40.91,0.07280122236328455,160.39035847643484,683.2629271096124,4.415902216241074,0.3100000000001728,-0.1900000000000004,-3476.3578181818193,8.775500000000001,724.32,-12.620000000000005,784.0143951653465,67.62439516534653,222.00319,True,False,True,False
1306.65,4.26,9385.322181818181,12251.17,40553.29,716.39,59.909,2774.33,47.59,40.91,0.07110784571420245,156.6596341978425,667.3700416828091,4.415902216241074,0.3100000000001728,-0.1900000000000004,-3476.3578181818193,10.168999999999997,724.32,-12.620000000000005,782.3870639573876,65.99706395738758,223.11317,True,True,True,True
1306.65,4.26,9385.322181818181,12251.17,40553.29,716.39,61.302499999999995,2774.33,47.59,40.91,0.06949145516917818,153.09852010472105,652.1996956461116,4.415902216241074,0.3100000000001728,-0.1900000000000004,-3476.3578181818193,11.562499999999993,724.32,-12.620000000000005,765.957674787912,49.56767478791198,238.86473,True,True,True,True
1306.65,4.26,9385.322181818181,12251.17,40553.29,716.39,62.696,2774.33,47.59,40.91,0.0679469173799458,149.69570677750534,637.7037108721728,4.415902216241074,0.3100000000001728,-0.1900000000000004,-3476.3578181818193,12.955999999999996,724.32,-12.620000000000005,762.3522699335306,45.96226993353059,241.64252,True,True,True,True
1306.65,4.26,9385.322181818181,12251.17,40553.29,716.39,64.0895,2774.33,47.59,40.91,0.06646954545643911,146.44086840086618,623.8380993876899,4.415902216241074,0.3100000000001728,-0.1900000000000004,-3476.3578181818193,14.349499999999999,724.32,-12.620000000000005,761.9404678102622,45.55046781026226,241.08669,True,True,True,True
1306.65,4.26,9385.322181818181,12251.17,40553.29,716.39,65.483,2774.33,47.59,40.91,0.06505505146289797,143.32455810658678,610.5626175340598,4.415902216241074,0.3100000000001728,-0.1900000000000004,-3476.3578181818193,15.743000000000002,724.32,-12.620000000000005,760.8417570695495,44.45175706954956,241.08669,True,True,True,True
1306.65,4.26,9385.322181818181,12251.17,40553.29,716.39,66.8765,2774.33,47.59,40.91,0.06369950485298267,140.3381164008294,597.8403758675331,4.415902216241074,0.3100000000001728,-0.1900000000000004,-3476.3578181818193,17.13649999999999,724.32,-12.620000000000005,761.7678073664213,45.37780736642128,238.93904,True,True,True,True
1306.65,4.26,9385.322181818181,12251.17,40553.29,716.39,68.27000000000001,2774.33,47.59,40.91,0.06239929599532303,137.47359080627785,585.6374968347436,4.415902216241074,0.3100000000001728,-0.1900000000000004,-3476.3578181818193,18.53000000000001,724.32,-12.620000000000005,760.4308553314554,44.04085533145542,238.93904,True,True,True,True
1306.65,4.26,9385.322181818181,12251.17,40553.29,716.39,69.6635,2774.33,47.59,40.91,0.06115110407672448,134.7236651488156,573.9228135339545,4.415902216241074,0.3100000000001728,-0.1900000000000004,-3476.3578181818193,19.923499999999997,724.32,-12.620000000000005,757.0205628622926,40.63056286229266,240.90395,True,True,True,True
1306.65,4.26,9385.322181818181,12251.17,40553.29,716.39,71.057,2774.33,47.59,40.91,0.059951868782078206,132.08159716476328,562.6676039218916,4.415902216241074,0.3100000000001728,-0.1900000000000004,-3476.3578181818193,21.317,724.32,-12.620000000000005,755.473119129066,39.08311912906606,240.90395,True,True,True,True
1306.65,4.26,9385.322181818181,12251.17,40553.29,716.39,72.4505,2774.33,47.59,40.91,0.05879876524249294,129.54116330842461,551.8453556938888,4.415902216241074,0.3100000000001728,-0.1900000000000004,-3476.3578181818193,22.710500000000003,724.32,-12.620000000000005,759.5562995119401,43.16629951194011,235.17715,True,True,True,True
1306.65,4.26,9385.322181818181,12251.17,40553.29,716.39,73.844,2774.33,47.59,40.91,0.05768918181992875,127.09660980880739,541.4315577855194,4.415902216241074,0.3100000000001728,-0.1900000000000004,-3476.3578181818193,24.103999999999992,724.32,-12.620000000000005,757.6213734840152,41.231373484015194,235.37775,True,True,True,True
1306.65,4.26,9385.322181818181,12251.17,40553.29,716.39,75.2375,2774.33,47.59,40.91,0.05662070036058215,124.74260916531746,531.4035150442523,4.415902216241074,0.3100000000001728,-0.1900000000000004,-3476.3578181818193,25.497499999999995,724.32,-12.620000000000005,755.8013574454745,39.41135744547455,235.37775,True,True,True,True
1306.65,4.26,9385.322181818181,12251.17,40553.29,716.39,76.631,2774.33,47.59,40.91,0.0555910786027707,122.47422139008965,521.7401831217819,4.415902216241074,0.3100000000001728,-0.1900000000000004,-3476.3578181818193,26.891,724.32,-12.620000000000005,753.9003336230552,37.5103336230552,235.37775,True,True,True,True
1306.65,4.26,9385.322181818181,12251.17,40553.29,716.39,78.02449999999999,2774.33,47.59,40.91,0.05459823446996477,120.28685940353765,512.4220210590704,4.415902216241074,0.3100000000001728,-0.1900000000000004,-3476.3578181818193,28.284499999999987,724.32,-12.620000000000005,751.9226423590366,35.53264235903657,235.37775,True,True,True,True
1306.65,4.26,9385.322181818181,12251.17,40553.29,716.39,79.418,2774.33,47.59,40.91,0.05364023201742385,118.17625807300514,503.4308593910019,4.415902216241074,0.3100000000001728,-0.1900000000000004,-3476.3578181818193,29.678000000000004,724.32,-12.620000000000005,760.2461444394156,43.85614443941563,225.00392,True,True,True,True
1306.65,4.26,9385.322181818181,12251.17,40553.29,716.39,80.8115,2774.33,47.59,40.91,0.05271526883283606,116.13844645477111,494.7497818973249,4.415902216241074,0.3100000000001728,-0.1900000000000004,-3476.3578181818193,31.071499999999993,724.32,-12.620000000000005,758.1269470658415,41.73694706584149,225.00392,True,True,True,True
1306.65,4.26,9385.322181818181,12251.17,40553.29,716.39,82.205,2774.33,47.59,40.91,0.05182166471842753,114.16972285929637,486.36301938060257,4.415902216241074,0.3100000000001728,-0.1900000000000004,-3476.3578181818193,32.464999999999996,724.32,-12.620000000000005,755.0632732743321,38.67327327433213,225.88303,True,True,True,True
1306.65,4.26,9385.322181818181,12251.17,40553.29,716.39,83.5985,2774.33,47.59,40.91,0.05095785150501682,112.26663241028905,478.2558540678313,4.415902216241074,0.3100000000001728,-0.1900000000000004,-3476.3578181818193,33.8585,724.32,-12.620000000000005,752.8166013331826,36.42660133318259,225.88303,True,True,True,True
1306.65,4.26,9385.322181818181,12251.17,40553.29,716.39,84.99199999999999,2774.33,47.59,40.91,0.050122363868100955,110.42594681137325,470.41453341645007,4.415902216241074,0.3100000000001728,-0.1900000000000004,-3476.3578181818193,35.25199999999999,724.32,-12.620000000000005,750.5108812756483,34.120881275648344,225.88303,True,True,True,True
1306.65,4.26,9385.322181818181,12251.17,40553.29,716.39,86.38550000000001,2774.33,47.59,40.91,0.049313831032825745,108.64464607108293,462.82619226281327,4.415902216241074,0.3100000000001728,-0.1900000000000004,-3476.3578181818193,36.645500000000006,724.32,-12.620000000000005,746.8923788521007,30.50237885210072,227.13962,True,True,True,True
1306.65,4.26,9385.322181818181,12251.17,40553.29,716.39,87.779,2774.33,47.59,40.91,0.048530969269062425,106.91990196856058,455.4787823860681,4.415902216241074,0.3100000000001728,-0.1900000000000004,-3476.3578181818193,38.038999999999994,724.32,-12.620000000000005,744.4769537481984,28.086953748198425,227.13962,True,True,True,True
1306.65,4.26,9385.322181818181,12251.17,40553.29,716.39,89.1725,2774.33,47.59,40.91,0.04777257509016148,105.24906306954631,448.36100867626726,4.415902216241074,0.3100000000001728,-0.1900000000000004,-3476.3578181818193,39.4325,724.32,-12.620000000000005,742.0105229816618,25.620522981661793,227.13962,True,True,True,True
1306.65,4.26,9385.322181818181,12251.17,40553.29,716.39,90.566,2774.33,47.59,40.91,0.04703751907959367,103.62964112568227,441.46227119540646,4.415902216241074,0.3100000000001728,-0.1900000000000004,-3476.3578181818193,40.826,724.32,-12.620000000000005,739.4954409588942,23.105440958894178,227.13962,True,True,True,True
1306.65,4.26,9385.322181818181,12251.17,40553.29,716.39,91.95949999999999,2774.33,47.59,40.91,0.04632474027887559,102.05929871039842,434.77261250629726,4.415902216241074,0.3100000000001728,-0.1900000000000004,-3476.3578181818193,42.21949999999999,724.32,-12.620000000000005,738.7766012619239,22.386601261923943,225.29694,True,True,True,True
1306.65,4.26,9385.322181818181,12251.17,40553.29,716.39,93.35300000000001,2774.33,47.59,40.91,0.04563324107813095,100.53583796216878,428.28266971883903,4.415902216241074,0.3100000000001728,-0.1900000000000004,-3476.3578181818193,43.61300000000001,724.32,-12.620000000000005,736.1707197605909,19.780719760590955,225.29694,True,True,True,True
1306.65,4.26,9385.322181818181,12251.17,40553.29,716.39,94.7465,2774.33,47.59,40.91,0.044962082557539515,99.0571903211305,421.9836307680159,4.415902216241074,0.3100000000001728,-0.1900000000000004,-3476.3578181818193,45.006499999999996,724.32,-12.620000000000005,729.7208609254257,13.330860925425668,229.09851,True,True,True,True
1306.65,4.26,9385.322181818181,12251.17,40553.29,716.39,96.14,2774.33,47.59,40.91,0.04431038023392573,97.62140715827724,415.86719449426107,4.415902216241074,0.3100000000001728,-0.1900000000000004,-3476.3578181818193,46.4,724.32,-12.620000000000005,727.0320179834665,10.64201798346653,229.09851,True,True,True,True
1306.65,4.26,9625.447818181818,12251.17,40553.29,716.39,34.826,2774.33,47.59,40.91,0.1223223992901166,276.3868242633376,1177.407871361818,4.415902216241074,0.3100000000001728,-0.1900000000000004,-3236.2321818181827,-14.914000000000001,724.32,-12.620000000000005,774.6035765712177,58.213576571217686,197.096,True,True,True,True
1306.65,4.26,9625.447818181818,12251.17,40553.29,716.39,36.219500000000004,2774.33,47.59,40.91,0.11761619797025916,265.75318688630796,1132.1085761356717,4.415902216241074,0.3100000000001728,-0.1900000000000004,-3236.2321818181827,-13.520499999999998,724.32,-12.620000000000005,769.5975926237201,53.207592623720075,208.1052,True,True,True,True
1306.65,4.26,9625.447818181818,12251.17,40553.29,716.39,37.613,2774.33,47.59,40.91,0.11325871073143035,255.90746715960842,1090.1658100999318,4.415902216241074,0.3100000000001728,-0.1900000000000004,-3236.2321818181827,-12.127000000000002,724.32,-12.620000000000005,762.7136362176338,46.32363621763386,220.24765,True,True,True,True
1306.65,4.26,9625.447818181818,12251.17,40553.29,716.39,39.0065,2774.33,47.59,40.91,0.109212564336391,246.76522044829957,1051.219839109756,4.415902216241074,0.3100000000001728,-0.1900000000000004,-3236.2321818181827,-10.7335,724.32,-12.620000000000005,767.3072330904781,50.917233090478135,220.24765,True,True,True,True
1306.65,4.26,9625.447818181818,12251.17,40553.29,716.39,40.4,2774.33,47.59,40.91,0.10544554194441728,238.25365296851896,1014.9605616458907,4.415902216241074,0.3100000000001728,-0.1900000000000004,-3236.2321818181827,-9.340000000000003,724.32,-12.620000000000005,772.4510615980719,56.06106159807189,219.10132,True,True,True,True
1306.65,4.26,9625.447818181818,12251.17,40553.29,716.39,41.7935,2774.33,47.59,40.91,0.10192972347542743,230.30967944470166,981.119234434429,4.415902216241074,0.3100000000001728,-0.1900000000000004,-3236.2321818181827,-7.9465,724.32,-12.620000000000005,775.6756496459176,59.2856496459176,219.33775,True,True,True,True
1306.65,4.26,9625.447818181818,12251.17,40553.29,716.39,43.187,2774.33,47.59,40.91,0.09864079239954635,222.87835680421102,949.4617999859389,4.415902216241074,0.3100000000001728,-0.1900000000000004,-3236.2321818181827,-6.553000000000004,724.32,-12.620000000000005,769.5549005268433,53.164900526843326,228.43498,True,True,True,True
1306.65,4.26,9625.447818181818,12251.17,40553.29,716.39,44.5805,2774.33,47.59,40.91,0.09555747253715251,215.9116116299774,919.7834655437035,4.415902216241074,0.3100000000001728,-0.1900000000000004,-3236.2321818181827,-5.159500000000001,724.32,-12.620000000000005,775.9898121762293,59.59981217622931,224.53745,True,True,True,True
1306.65,4.26,9625.447818181818,12251.17,40553.29,716.39,45.974000000000004,2774.33,47.59,40.91,0.09266106728452891,209.36719904325528,891.9042679242675,4.415902216241074,0.3100000000001728,-0.1900000000000004,-3236.2321818181827,-3.7659999999999982,724.32,-12.620000000000005,777.1183814946339,60.728381494633936,225.54707,True,True,True,True
1306.65,4.26,9625.447818181818,12251.17,40553.29,716.39,47.3675,2774.33,47.59,40.91,0.08993508017237388,203.2078453575547,865.665421223183,4.415902216241074,0.3100000000001728,-0.1900000000000004,-3236.2321818181827,-2.3725000000000023,724.32,-12.620000000000005,774.9471519917091,58.557151991709134,229.49255,True,True,True,True
1306.65,4.26,9625.447818181818,12251.17,40553.29,716.39,48.760999999999996,2774.33,47.59,40.91,0.08736490048676401,197.40053774084373,840.9262907759943,4.415902216241074,0.3100000000001728,-0.1900000000000004,-3236.2321818181827,-0.9790000000000063,724.32,-12.620000000000005,774.9609550015933,58.57095500159335,230.92026,True,True,True,True
1306.65,4.26,9625.447818181818,12251.17,40553.29,716.39,50.1545,2774.33,47.59,40.91,0.08493754129863638,191.91593229452764,817.5618715746876,4.415902216241074,0.3100000000001728,-0.1900000000000004,-3236.2321818181827,0.41449999999999676,724.32,-12.620000000000005,772.727213656736,56.337213656736026,234.2905,True,True,True,True
1306.65,4.26,9625.447818181818,12251.17,40553.29,716.39,51.548,2774.33,47.59,40.91,0.08264141998445293,186.7278581410328,795.4606756807998,4.415902216241074,0.3100000000001728,-0.1900000000000004,-3236.2321818181827,1.8079999999999998,724.32,-12.620000000000005,773.4431797987487,57.053179798748715,234.43076,True,True,True,True
1306.65,4.26,9625.447818181818,12251.17,40553.29,716.39,52.941500000000005,2774.33,47.59,40.91,0.08046617340902366,181.81289983035836,774.5229532773266,4.415902216241074,0.3100000000001728,-0.1900000000000004,-3236.2321818181827,3.201500000000003,724.32,-12.620000000000005,774.5302160050098,58.14021600500985,233.9418,True,True,True,True
1306.65,4.26,9625.447818181818,12251.17,40553.29,716.39,54.335,2774.33,47.59,40.91,0.07840250154775924,177.15004400536992,754.6591874628758,4.415902216241074,0.3100000000001728,-0.1900000000000004,-3236.2321818181827,4.594999999999999,724.32,-12.620000000000005,781.2201738621485,64.83017386214851,227.61165,True,True,True,True
1306.65,4.26,9625.447818181818,12251.17,40553.29,716.39,55.7285,2774.33,47.59,40.91,0.07644203457042564,172.72037907823537,735.7888148732826,4.415902216241074,0.3100000000001728,-0.1900000000000004,-3236.2321818181827,5.988499999999995,724.32,-12.620000000000005,782.640821866342,66.250821866342,226.3304,True,True,True,True
1306.65,4.26,9625.447818181818,12251.17,40553.29,716.39,57.122,2774.33,47.59,40.91,0.07457721937997235,168.50683886549805,717.8391335670217,4.415902216241074,0.3100000000001728,-0.1900000000000004,-3236.2321818181827,7.381999999999998,724.32,-12.620000000000005,786.2488880251551,69.85888802515512,222.65746,True,False,True,False
1306.65,4.26,9625.447818181818,12251.17,40553.29,716.39,58.5155,2774.33,47.59,40.91,0.07280122236328455,164.49398285390768,700.7443669576467,4.415902216241074,0.3100000000001728,-0.1900000000000004,-3236.2321818181827,8.775500000000001,724.32,-12.620000000000005,786.5817476465942,70.1917476465942,222.07004,True,False,True,False
1306.65,4.26,9625.447818181818,12251.17,40553.29,716.39,59.909,2774.33,47.59,40.91,0.07110784571420245,160.66780713271814,684.4448583853792,4.415902216241074,0.3100000000001728,-0.1900000000000004,-3236.2321818181827,10.168999999999997,724.32,-12.620000000000005,783.6340821430847,67.24408214308471,224.5867,True,True,True,True
1306.65,4.26,9625.447818181818,12251.17,40553.29,716.39,61.302499999999995,2774.33,47.59,40.91,0.06949145516917818,157.0155811127807,668.8863755404457,4.415902216241074,0.3100000000001728,-0.1900000000000004,-3236.2321818181827,11.562499999999993,724.32,-12.620000000000005,777.087067783789,60.697067783789066,230.5383,True,True,True,True
1306.65,4.26,9625.447818181818,12251.17,40553.29,716.39,62.696,2774.33,47.59,40.91,0.0679469173799458,153.52570602041777,654.0195076469796,4.415902216241074,0.3100000000001728,-0.1900000000000004,-3236.2321818181827,12.955999999999996,724.32,-12.620000000000005,764.1413646668005,47.751364666800555,242.73514,True,True,True,True
1306.65,4.26,9625.447818181818,12251.17,40553.29,716.39,64.0895,2774.33,47.59,40.91,0.06646954545643911,150.18759185192934,639.799141289219,4.415902216241074,0.3100000000001728,-0.1900000000000004,-3236.2321818181827,14.349499999999999,724.32,-12.620000000000005,760.3798123639625,43.98981236396253,245.60439,True,True,True,True
1306.65,4.26,9625.447818181818,12251.17,40553.29,716.39,65.483,2774.33,47.59,40.91,0.06505505146289797,146.99155003879278,626.1840031652572,4.415902216241074,0.3100000000001728,-0.1900000000000004,-3236.2321818181827,15.743000000000002,724.32,-12.620000000000005,760.3936300034951,44.00363000349512,244.56398,True,True,True,True
1306.65,4.26,9625.447818181818,12251.17,40553.29,716.39,66.8765,2774.33,47.59,40.91,0.06369950485298267,143.92869953201975,613.1362600064042,4.415902216241074,0.3100000000001728,-0.1900000000000004,-3236.2321818181827,17.13649999999999,724.32,-12.620000000000005,761.3887977610112,44.99879776101125,242.41634,True,True,True,True
1306.65,4.26,9625.447818181818,12251.17,40553.29,716.39,68.27000000000001,2774.33,47.59,40.91,0.06239929599532303,140.99088438832476,600.6211674942635,4.415902216241074,0.3100000000001728,-0.1900000000000004,-3236.2321818181827,18.53000000000001,724.32,-12.620000000000005,763.5954365125488,47.20543651254877,238.93904,True,True,True,True
1306.65,4.26,9625.447818181818,12251.17,40553.29,716.39,69.6635,2774.33,47.59,40.91,0.06115110407672448,138.17060124758615,588.6067613147169,4.415902216241074,0.3100000000001728,-0.1900000000000004,-3236.2321818181827,19.923499999999997,724.32,-12.620000000000005,760.2487876357045,43.858787635704516,240.90395,True,True,True,True
1306.65,4.26,9625.447818181818,12251.17,40553.29,716.39,71.057,2774.33,47.59,40.91,0.059951868782078206,135.46093534375055,577.0635845643773,4.415902216241074,0.3100000000001728,-0.1900000000000004,-3236.2321818181827,21.317,724.32,-12.620000000000005,758.7624912637523,42.372491263752295,240.90395,True,True,True,True
1306.65,4.26,9625.447818181818,12251.17,40553.29,716.39,72.4505,2774.33,47.59,40.91,0.05879876524249294,132.85550390026725,565.9644466151385,4.415902216241074,0.3100000000001728,-0.1900000000000004,-3236.2321818181827,22.710500000000003,724.32,-12.620000000000005,757.1776754312075,40.787675431207504,240.90395,True,True,True,True
1306.65,4.26,9625.447818181818,12251.17,40553.29,716.39,73.844,2774.33,47.59,40.91,0.05768918181992875,130.3484059345839,555.2842092813273,4.415902216241074,0.3100000000001728,-0.1900000000000004,-3236.2321818181827,24.103999999999992,724.32,-12.620000000000005,755.4999175796959,39.10991757969589,240.90395,True,True,True,True
1306.65,4.26,9625.447818181818,12251.17,40553.29,716.39,75.2375,2774.33,47.59,40.91,0.05662070036058215,127.93417764077276,544.9995967496919,4.415902216241074,0.3100000000001728,-0.1900000000000004,-3236.2321818181827,25.497499999999995,724.32,-12.620000000000005,759.4611733257123,43.071173325712266,235.17715,True,True,True,True
1306.65,4.26,9625.447818181818,12251.17,40553.29,716.39,76.631,2774.33,47.59,40.91,0.0555910786027707,125.60775264023783,535.0890262474131,4.415902216241074,0.3100000000001728,-0.1900000000000004,-3236.2321818181827,26.891,724.32,-12.620000000000005,757.4120564621667,41.02205646216669,235.37775,True,True,True,True
1306.65,4.26,9625.447818181818,12251.17,40553.29,716.39,78.02449999999999,2774.33,47.59,40.91,0.05459823446996477,123.36442649190181,525.5324568555017,4.415902216241074,0.3100000000001728,-0.1900000000000004,-3236.2321818181827,28.284499999999987,724.32,-12.620000000000005,755.4849889574294,39.09498895742945,235.37775,True,True,True,True
1306.65,4.26,9625.447818181818,12251.17,40553.29,716.39,79.418,2774.33,47.59,40.91,0.05364023201742385,121.19982493870397,516.3112542388789,4.415902216241074,0.3100000000001728,-0.1900000000000004,-3236.2321818181827,29.678000000000004,724.32,-12.620000000000005,763.8573382676464,47.46733826764637,225.00392,True,True,True,True
1306.65,4.26,9625.447818181818,12251.17,40553.29,716.39,80.8115,2774.33,47.59,40.91,0.05271526883283606,119.10987543941077,507.40806937188984,4.415902216241074,0.3100000000001728,-0.1900000000000004,-3236.2321818181827,31.071499999999993,724.32,-12.620000000000005,761.7853034969959,45.39530349699589,225.00392,True,True,True,True
1306.65,4.26,9625.447818181818,12251.17,40553.29,716.39,82.205,2774.33,47.59,40.91,0.05182166471842753,117.09078159590094,498.80672959853797,4.415902216241074,0.3100000000001728,-0.1900000000000004,-3236.2321818181827,32.464999999999996,724.32,-12.620000000000005,759.6462979667317,43.25629796673172,225.00392,True,True,True,True
1306.65,4.26,9625.447818181818,12251.17,40553.29,716.39,83.5985,2774.33,47.59,40.91,0.05095785150501682,115.13900013807446,490.4921405881972,4.415902216241074,0.3100000000001728,-0.1900000000000004,-3236.2321818181827,33.8585,724.32,-12.620000000000005,757.443670675427,41.05367067542704,225.00392,True,True,True,True
1306.65,4.26,9625.447818181818,12251.17,40553.29,716.39,84.99199999999999,2774.33,47.59,40.91,0.050122363868100955,113.25122017284684,482.4501979363275,4.415902216241074,0.3100000000001728,-0.1900000000000004,-3236.2321818181827,35.25199999999999,724.32,-12.620000000000005,754.3014463712215,37.91144637122147,225.88303,True,True,True,True
1306.65,4.26,9625.447818181818,12251.17,40553.29,716.39,86.38550000000001,2774.33,47.59,40.91,0.049313831032825745,111.42434444157263,474.6677073210994,4.415902216241074,0.3100000000001728,-0.1900000000000004,-3236.2321818181827,36.645500000000006,724.32,-12.620000000000005,750.7241699269306,34.3341699269306,227.13962,True,True,True,True
1306.65,4.26,9625.447818181818,12251.17,40553.29,716.39,87.779,2774.33,47.59,40.91,0.048530969269062425,109.65547236271028,467.1323122651458,4.415902216241074,0.3100000000001728,-0.1900000000000004,-3236.2321818181827,38.038999999999994,724.32,-12.620000000000005,748.3486618695915,31.958661869591538,227.13962,True,True,True,True
1306.65,4.26,9625.447818181818,12251.17,40553.29,716.39,89.1725,2774.33,47.59,40.91,0.04777257509016148,107.94188466444176,459.8324286705219,4.415902216241074,0.3100000000001728,-0.1900000000000004,-3236.2321818181827,39.4325,724.32,-12.620000000000005,745.9209005810571,29.530900581057153,227.13962,True,True,True,True
1306.65,4.26,9625.447818181818,12251.17,40553.29,716.39,90.566,2774.33,47.59,40.91,0.04703751907959367,106.28102943600014,452.75718539736056,4.415902216241074,0.3100000000001728,-0.1900000000000004,-3236.2321818181827,40.826,724.32,-12.620000000000005,743.4432980551286,27.053298055128607,227.13962,True,True,True,True
1306.65,4.26,9625.447818181818,12251.17,40553.29,716.39,91.95949999999999,2774.33,47.59,40.91,0.04632474027887559,104.67050944721655,445.89637024514246,4.415902216241074,0.3100000000001728,-0.1900000000000004,-3236.2321818181827,42.21949999999999,724.32,-12.620000000000005,740.9181200858856,24.528120085885575,227.13962,True,True,True,True
1306.65,4.26,9625.447818181818,12251.17,40553.29,716.39,93.35300000000001,2774.33,47.59,40.91,0.04563324107813095,103.10807060377006,439.24038077206046,4.415902216241074,0.3100000000001728,-0.1900000000000004,-3236.2321818181827,43.61300000000001,724.32,-12.620000000000005,740.1901790642225,23.80017906422256,225.29694,True,True,True,True
1306.65,4.26,9625.447818181818,12251.17,40553.29,716.39,94.7465,2774.33,47.59,40.91,0.044962082557539515,101.59159142121584,432.7801794543795,4.415902216241074,0.3100000000001728,-0.1900000000000004,-3236.2321818181827,45.006499999999996,724.32,-12.620000000000005,735.8311975643949,19.441197564394884,227.04185,True,True,True,True
1306.65,4.26,9625.447818181818,12251.17,40553.29,716.39,96.14,2774.33,47.59,40.91,0.04431038023392573,100.11907341442422,426.50725274544715,4.415902216241074,0.3100000000001728,-0.1900000000000004,-3236.2321818181827,46.4,724.32,-12.620000000000005,733.1755840292112,16.785584029211236,227.04185,True,True,True,True
1306.65,4.26,9865.573454545454,12251.17,40553.29,716.39,34.826,2774.33,47.59,40.91,0.1223223992901166,283.2818345851841,1206.780615332884,4.415902216241074,0.3100000000001728,-0.1900000000000004,-2996.106545454546,-14.914000000000001,724.32,-12.620000000000005,779.5245895954918,63.134589595491775,192.28416,True,True,True,True
1306.65,4.26,9865.573454545454,12251.17,40553.29,716.39,36.219500000000004,2774.33,47.59,40.91,0.11761619797025916,272.38292030984786,1160.3512405199517,4.415902216241074,0.3100000000001728,-0.1900000000000004,-2996.106545454546,-13.520499999999998,724.32,-12.620000000000005,774.7585683922698,58.36856839226982,203.29337,True,True,True,True
1306.65,4.26,9865.573454545454,12251.17,40553.29,716.39,37.613,2774.33,47.59,40.91,0.11325871073143035,262.2915798328736,1117.3621300880416,4.415902216241074,0.3100000000001728,-0.1900000000000004,-2996.106545454546,-12.127000000000002,724.32,-12.620000000000005,768.0967942782083,51.70679427820835,215.43582,True,True,True,True
1306.65,4.26,9865.573454545454,12251.17,40553.29,716.39,39.0065,2774.33,47.59,40.91,0.109212564336391,252.92126188261423,1077.4445756199366,4.415902216241074,0.3100000000001728,-0.1900000000000004,-2996.106545454546,-10.7335,724.32,-12.620000000000005,772.8966986008844,56.50669860088442,215.43582,True,True,True,True
1306.65,4.26,9865.573454545454,12251.17,40553.29,716.39,40.4,2774.33,47.59,40.91,0.10544554194441728,244.19735669178462,1040.2807395070024,4.415902216241074,0.3100000000001728,-0.1900000000000004,-2996.106545454546,-9.340000000000003,724.32,-12.620000000000005,778.232602408596,61.84260240859601,214.28949,True,True,True,True
1306.65,4.26,9865.573454545454,12251.17,40553.29,716.39,41.7935,2774.33,47.59,40.91,0.10192972347542743,236.0552051991398,1005.5951741483354,4.415902216241074,0.3100000000001728,-0.1900000000000004,-2996.106545454546,-7.9465,724.32,-12.620000000000005,777.6874673452338,61.29746734523383,218.47491,True,True,True,True
1306.65,4.26,9865.573454545454,12251.17,40553.29,716.39,43.187,2774.33,47.59,40.91,0.09864079239954635,228.43849366955246,973.1479830322934,4.415902216241074,0.3100000000001728,-0.1900000000000004,-2996.106545454546,-6.553000000000004,724.32,-12.620000000000005,775.1002152566243,58.71021525662434,224.20634,True,True,True,True
1306.65,4.26,9865.573454545454,12251.17,40553.29,716.39,44.5805,2774.33,47.59,40.91,0.09555747253715251,221.29794940046668,942.7292644459881,4.415902216241074,0.3100000000001728,-0.1900000000000004,-2996.106545454546,-5.159500000000001,724.32,-12.620000000000005,777.4637034574702,61.073703457470174,224.53745,True,True,True,True
1306.65,4.26,9865.573454545454,12251.17,40553.29,716.39,45.974000000000004,2774.33,47.59,40.91,0.09266106728452891,214.59027363194807,914.1545656720987,4.415902216241074,0.3100000000001728,-0.1900000000000004,-2996.106545454546,-3.7659999999999982,724.32,-12.620000000000005,775.2626615814299,58.87266158142995,229.02437,True,True,True,True
1306.65,4.26,9865.573454545454,12251.17,40553.29,716.39,47.3675,2774.33,47.59,40.91,0.08993508017237388,208.27726281243875,887.2611395809889,4.415902216241074,0.3100000000001728,-0.1900000000000004,-2996.106545454546,-2.3725000000000023,724.32,-12.620000000000005,775.4021488310251,59.012148831025115,230.79813,True,True,True,True
1306.65,4.26,9865.573454545454,12251.17,40553.29,716.39,48.760999999999996,2774.33,47.59,40.91,0.08736490048676401,202.3250805401935,861.9048431012243,4.415902216241074,0.3100000000001728,-0.1900000000000004,-2996.106545454546,-0.9790000000000063,724.32,-12.620000000000005,775.3790482833335,58.989048283333545,232.39378,True,True,True,True
1306.65,4.26,9865.573454545454,12251.17,40553.29,716.39,50.1545,2774.33,47.59,40.91,0.08493754129863638,196.7036508756304,837.9575527301854,4.415902216241074,0.3100000000001728,-0.1900000000000004,-2996.106545454546,0.41449999999999676,724.32,-12.620000000000005,773.3212902271912,56.9312902271912,235.7118,True,True,True,True
1306.65,4.26,9865.573454545454,12251.17,40553.29,716.39,51.548,2774.33,47.59,40.91,0.08264141998445293,191.3861500574087,815.304999244561,4.415902216241074,0.3100000000001728,-0.1900000000000004,-2996.106545454546,1.8079999999999998,724.32,-12.620000000000005,775.5756428675323,59.18564286753235,234.43076,True,True,True,True
1306.65,4.26,9865.573454545454,12251.17,40553.29,716.39,52.941500000000005,2774.33,47.59,40.91,0.08046617340902366,186.34857849129463,793.8449443729152,4.415902216241074,0.3100000000001728,-0.1900000000000004,-2996.106545454546,3.201500000000003,724.32,-12.620000000000005,775.8509539708809,59.46095397088095,234.86444,True,True,True,True
1306.65,4.26,9865.573454545454,12251.17,40553.29,716.39,54.335,2774.33,47.59,40.91,0.07840250154775924,181.56939860082923,773.4856380395324,4.415902216241074,0.3100000000001728,-0.1900000000000004,-2996.106545454546,4.594999999999999,724.32,-12.620000000000005,783.1350882597817,66.74508825978171,228.04533,True,True,True,True
1306.65,4.26,9865.573454545454,12251.17,40553.29,716.39,55.7285,2774.33,47.59,40.91,0.07644203457042564,177.02922701160497,754.1445070694372,4.415902216241074,0.3100000000001728,-0.1900000000000004,-2996.106545454546,5.988499999999995,724.32,-12.620000000000005,783.3744477836743,66.98444778367434,228.04533,True,True,True,True
1306.65,4.26,9865.573454545454,12251.17,40553.29,716.39,57.122,2774.33,47.59,40.91,0.07457721937997235,172.7105717908141,735.747035828868,4.415902216241074,0.3100000000001728,-0.1900000000000004,-2996.106545454546,7.381999999999998,724.32,-12.620000000000005,784.685905193657,68.29590519365706,226.76408,True,False,True,False
1306.65,4.26,9865.573454545454,12251.17,40553.29,716.39,58.5155,2774.33,47.59,40.91,0.07280122236328455,168.59760723138052,718.2258068056809,4.415902216241074,0.3100000000001728,-0.1900000000000004,-2996.106545454546,8.775500000000001,724.32,-12.620000000000005,788.7822635799904,72.39226357999041,222.50372,True,False,True,False
1306.65,4.26,9865.573454545454,12251.17,40553.29,716.39,59.909,2774.33,47.59,40.91,0.07110784571420245,164.67598006759377,701.5196750879494,4.415902216241074,0.3100000000001728,-0.1900000000000004,-2996.106545454546,10.168999999999997,724.32,-12.620000000000005,787.3276182731175,70.93761827311755,223.61371,True,False,True,False
1306.65,4.26,9865.573454545454,12251.17,40553.29,716.39,61.302499999999995,2774.33,47.59,40.91,0.06949145516917818,160.9326421208403,685.5730554347797,4.415902216241074,0.3100000000001728,-0.1900000000000004,-2996.106545454546,11.562499999999993,724.32,-12.620000000000005,779.4563442025177,63.06634420251771,230.97198,True,True,True,True
1306.65,4.26,9865.573454545454,12251.17,40553.29,716.39,62.696,2774.33,47.59,40.91,0.0679469173799458,157.35570526333018,670.3353044217865,4.415902216241074,0.3100000000001728,-0.1900000000000004,-2996.106545454546,12.955999999999996,724.32,-12.620000000000005,776.4421323737034,60.052132373703444,233.31609,True,True,True,True
1306.65,4.26,9865.573454545454,12251.17,40553.29,716.39,64.0895,2774.33,47.59,40.91,0.06646954545643911,153.93431530299253,655.7601831907481,4.415902216241074,0.3100000000001728,-0.1900000000000004,-2996.106545454546,14.349499999999999,724.32,-12.620000000000005,761.8633311119987,45.47333111199873,247.07791,True,True,True,True
1306.65,4.26,9865.573454545454,12251.17,40553.29,716.39,65.483,2774.33,47.59,40.91,0.06505505146289797,150.65854197099875,641.8053887964547,4.415902216241074,0.3100000000001728,-0.1900000000000004,-2996.106545454546,15.743000000000002,724.32,-12.620000000000005,760.9088665849017,44.51886658490173,247.07791,True,True,True,True
1306.65,4.26,9865.573454545454,12251.17,40553.29,716.39,66.8765,2774.33,47.59,40.91,0.06369950485298267,147.51928266321013,628.4321441452752,4.415902216241074,0.3100000000001728,-0.1900000000000004,-2996.106545454546,17.13649999999999,724.32,-12.620000000000005,763.3944622278667,47.004462227866725,243.50896,True,True,True,True
1306.65,4.26,9865.573454545454,12251.17,40553.29,716.39,68.27000000000001,2774.33,47.59,40.91,0.06239929599532303,144.5081779703717,615.6048381537834,4.415902216241074,0.3100000000001728,-0.1900000000000004,-2996.106545454546,18.53000000000001,724.32,-12.620000000000005,762.2423174983295,45.85231749832951,243.45674,True,True,True,True
1306.65,4.26,9865.573454545454,12251.17,40553.29,716.39,69.6635,2774.33,47.59,40.91,0.06115110407672448,141.61753734635667,603.2907090954793,4.415902216241074,0.3100000000001728,-0.1900000000000004,-2996.106545454546,19.923499999999997,724.32,-12.620000000000005,759.9997174872412,43.609717487241255,244.38124,True,True,True,True
1306.65,4.26,9865.573454545454,12251.17,40553.29,716.39,71.057,2774.33,47.59,40.91,0.059951868782078206,138.84027352273782,591.4595652068631,4.415902216241074,0.3100000000001728,-0.1900000000000004,-2996.106545454546,21.317,724.32,-12.620000000000005,762.0518633984385,45.66186339843853,240.90395,True,True,True,True
1306.65,4.26,9865.573454545454,12251.17,40553.29,716.39,72.4505,2774.33,47.59,40.91,0.05879876524249294,136.16984449210992,580.0835375363882,4.415902216241074,0.3100000000001728,-0.1900000000000004,-2996.106545454546,22.710500000000003,724.32,-12.620000000000005,760.5258427323107,44.13584273231072,240.90395,True,True,True,True
1306.65,4.26,9865.573454545454,12251.17,40553.29,716.39,73.844,2774.33,47.59,40.91,0.05768918181992875,133.6002020603604,569.1368607771352,4.415902216241074,0.3100000000001728,-0.1900000000000004,-2996.106545454546,24.103999999999992,724.32,-12.620000000000005,758.904661016197,42.51466101619701,240.90395,True,True,True,True
1306.65,4.26,9865.573454545454,12251.17,40553.29,716.39,75.2375,2774.33,47.59,40.91,0.05662070036058215,131.12574611622807,558.5956784551315,4.415902216241074,0.3100000000001728,-0.1900000000000004,-2996.106545454546,25.497499999999995,724.32,-12.620000000000005,757.1936057830984,40.80360578309842,240.90395,True,True,True,True
1306.65,4.26,9865.573454545454,12251.17,40553.29,716.39,76.631,2774.33,47.59,40.91,0.0555910786027707,128.741283890386,548.4378693730444,4.415902216241074,0.3100000000001728,-0.1900000000000004,-2996.106545454546,26.891,724.32,-12.620000000000005,755.3975799604578,39.00757996045786,240.90395,True,True,True,True
1306.65,4.26,9865.573454545454,12251.17,40553.29,716.39,78.02449999999999,2774.33,47.59,40.91,0.05459823446996477,126.44199358026597,538.642892651933,4.415902216241074,0.3100000000001728,-0.1900000000000004,-2996.106545454546,28.284499999999987,724.32,-12.620000000000005,758.8109006192989,42.42090061929889,235.61418,True,True,True,True
1306.65,4.26,9865.573454545454,12251.17,40553.29,716.39,79.418,2774.33,47.59,40.91,0.05364023201742385,124.22339180440281,529.1916490867559,4.415902216241074,0.3100000000001728,-0.1900000000000004,-2996.106545454546,29.678000000000004,724.32,-12.620000000000005,767.4685320958771,51.07853209587711,225.00392,True,True,True,True
1306.65,4.26,9865.573454545454,12251.17,40553.29,716.39,80.8115,2774.33,47.59,40.91,0.05271526883283606,122.08130442405043,520.0663568464547,4.415902216241074,0.3100000000001728,-0.1900000000000004,-2996.106545454546,31.071499999999993,724.32,-12.620000000000005,765.4436599281505,49.05365992815052,225.00392,True,True,True,True
1306.65,4.26,9865.573454545454,12251.17,40553.29,716.39,82.205,2774.33,47.59,40.91,0.05182166471842753,120.0118403325055,511.2504398164734,4.415902216241074,0.3100000000001728,-0.1900000000000004,-2996.106545454546,32.464999999999996,724.32,-12.620000000000005,763.3502180448737,46.96021804487373,225.00392,True,True,True,True
1306.65,4.26,9865.573454545454,12251.17,40553.29,716.39,83.5985,2774.33,47.59,40.91,0.05095785150501682,118.01136786585987,502.72842710856304,4.415902216241074,0.3100000000001728,-0.1900000000000004,-2996.106545454546,33.8585,724.32,-12.620000000000005,761.1916354034136,44.80163540341357,225.00392,True,True,True,True
1306.65,4.26,9865.573454545454,12251.17,40553.29,716.39,84.99199999999999,2774.33,47.59,40.91,0.050122363868100955,116.07649353432043,494.485862456205,4.415902216241074,0.3100000000001728,-0.1900000000000004,-2996.106545454546,35.25199999999999,724.32,-12.620000000000005,758.9711160810525,42.58111608105253,225.00392,True,True,True,True
1306.65,4.26,9865.573454545454,12251.17,40553.29,716.39,86.38550000000001,2774.33,47.59,40.91,0.049313831032825745,114.20404281206234,486.5092223793855,4.415902216241074,0.3100000000001728,-0.1900000000000004,-2996.106545454546,36.645500000000006,724.32,-12.620000000000005,755.4350656160182,39.04506561601818,226.26051,True,True,True,True
1306.65,4.26,9865.573454545454,12251.17,40553.29,716.39,87.779,2774.33,47.59,40.91,0.048530969269062425,112.39104275685997,478.78584214422347,4.415902216241074,0.3100000000001728,-0.1900000000000004,-2996.106545454546,38.038999999999994,724.32,-12.620000000000005,752.2203699909846,35.83036999098465,227.13962,True,True,True,True
1306.65,4.26,9865.573454545454,12251.17,40553.29,716.39,89.1725,2774.33,47.59,40.91,0.04777257509016148,110.63470625933722,471.3038486647765,4.415902216241074,0.3100000000001728,-0.1900000000000004,-2996.106545454546,39.4325,724.32,-12.620000000000005,749.8312781804523,33.44127818045229,227.13962,True,True,True,True
1306.65,4.26,9865.573454545454,12251.17,40553.29,716.39,90.566,2774.33,47.59,40.91,0.04703751907959367,108.93241774631801,464.05209959931466,4.415902216241074,0.3100000000001728,-0.1900000000000004,-2996.106545454546,40.826,724.32,-12.620000000000005,747.391155151363,31.001155151363037,227.13962,True,True,True,True
1306.65,4.26,9865.573454545454,12251.17,40553.29,716.39,91.95949999999999,2774.33,47.59,40.91,0.04632474027887559,107.28172018403465,457.0201279839876,4.415902216241074,0.3100000000001728,-0.1900000000000004,-2996.106545454546,42.21949999999999,724.32,-12.620000000000005,744.9023207946128,28.512320794612833,227.13962,True,True,True,True
1306.65,4.26,9865.573454545454,12251.17,40553.29,716.39,93.35300000000001,2774.33,47.59,40.91,0.04563324107813095,105.68030324537133,450.19809182528184,4.415902216241074,0.3100000000001728,-0.1900000000000004,-2996.106545454546,43.61300000000001,724.32,-12.620000000000005,742.3669564830884,25.97695648308843,227.13962,True,True,True,True
1306.65,4.26,9865.573454545454,12251.17,40553.29,716.39,94.7465,2774.33,47.59,40.91,0.044962082557539515,104.12599252130119,443.576728140743,4.415902216241074,0.3100000000001728,-0.1900000000000004,-2996.106545454546,45.006499999999996,724.32,-12.620000000000005,738.0421964348093,21.652196434809298,228.88454,True,True,True,True
1306.65,4.26,9865.573454545454,12251.17,40553.29,716.39,96.14,2774.33,47.59,40.91,0.04431038023392573,102.61673967057119,437.1473109966333,4.415902216241074,0.3100000000001728,-0.1900000000000004,-2996.106545454546,46.4,724.32,-12.620000000000005,737.2624941911669,20.87249419116688,227.04185,True,True,True,True
1306.65,4.26,10105.699090909091,12251.17,40553.29,716.39,34.826,2774.33,47.59,40.91,0.1223223992901166,290.17684490703056,1236.15335930395,4.415902216241074,0.3100000000001728,-0.1900000000000004,-2755.9809090909093,-14.914000000000001,724.32,-12.620000000000005,767.9647218824612,51.574721882461176,203.95322,True,True,True,True
1306.65,4.26,10105.699090909091,12251.17,40553.29,716.39,36.219500000000004,2774.33,47.59,40.91,0.11761619797025916,279.0126537333877,1188.5939049042315,4.415902216241074,0.3100000000001728,-0.1900000000000004,-2755.9809090909093,-13.520499999999998,724.32,-12.620000000000005,763.438663423515,47.048663423514995,214.96242,True,True,True,True
1306.65,4.26,10105.699090909091,12251.17,40553.29,716.39,37.613,2774.33,47.59,40.91,0.11325871073143035,268.67569250613883,1144.5584500761513,4.415902216241074,0.3100000000001728,-0.1900000000000004,-2755.9809090909093,-12.127000000000002,724.32,-12.620000000000005,756.9990716014781,40.60907160147815,227.10487,True,True,True,True
1306.65,4.26,10105.699090909091,12251.17,40553.29,716.39,39.0065,2774.33,47.59,40.91,0.109212564336391,259.0773033169289,1103.669312130117,4.415902216241074,0.3100000000001728,-0.1900000000000004,-2755.9809090909093,-10.7335,724.32,-12.620000000000005,762.005283373986,45.61528337398602,227.10487,True,True,True,True
1306.65,4.26,10105.699090909091,12251.17,40553.29,716.39,40.4,2774.33,47.59,40.91,0.10544554194441728,250.14106041505028,1065.600917368114,4.415902216241074,0.3100000000001728,-0.1900000000000004,-2755.9809090909093,-9.340000000000003,724.32,-12.620000000000005,767.2968275452919,50.90682754529189,226.19498,True,True,True,True
1306.65,4.26,10105.699090909091,12251.17,40553.29,716.39,41.7935,2774.33,47.59,40.91,0.10192972347542743,241.80073095357795,1030.0711138622419,4.415902216241074,0.3100000000001728,-0.1900000000000004,-2755.9809090909093,-7.9465,724.32,-12.620000000000005,763.5507559918157,47.16075599181568,233.7606,True,True,True,True
1306.65,4.26,10105.699090909091,12251.17,40553.29,716.39,43.187,2774.33,47.59,40.91,0.09864079239954635,233.99863053489386,996.8341660786477,4.415902216241074,0.3100000000001728,-0.1900000000000004,-2755.9809090909093,-6.553000000000004,724.32,-12.620000000000005,764.7478401670694,48.35784016706941,235.8754,True,True,True,True
1306.65,4.26,10105.699090909091,12251.17,40553.29,716.39,44.5805,2774.33,47.59,40.91,0.09555747253715251,226.684287170956,965.6750633482725,4.415902216241074,0.3100000000001728,-0.1900000000000004,-2755.9809090909093,-5.159500000000001,724.32,-12.620000000000005,766.3478120238672,49.95781202386718,237.12723,True,True,True,True
1306.65,4.26,10105.699090909091,12251.17,40553.29,716.39,45.974000000000004,2774.33,47.59,40.91,0.09266106728452891,219.81334822064085,936.4048634199299,4.415902216241074,0.3100000000001728,-0.1900000000000004,-2755.9809090909093,-3.7659999999999982,724.32,-12.620000000000005,764.1747791926401,47.784779192640144,241.73383,True,True,True,True
1306.65,4.26,10105.699090909091,12251.17,40553.29,716.39,47.3675,2774.33,47.59,40.91,0.08993508017237388,213.34668026732277,908.8568579387949,4.415902216241074,0.3100000000001728,-0.1900000000000004,-2755.9809090909093,-2.3725000000000023,724.32,-12.620000000000005,764.0201400551068,47.630140055106835,243.9407,True,True,True,True
1306.65,4.26,10105.699090909091,12251.17,40553.29,716.39,48.760999999999996,2774.33,47.59,40.91,0.08736490048676401,207.24962333954326,882.8833954264542,4.415902216241074,0.3100000000001728,-0.1900000000000004,-2755.9809090909093,-0.9790000000000063,724.32,-12.620000000000005,763.8751597535503,47.485159753550306,245.78929,True,True,True,True
1306.65,4.26,10105.699090909091,12251.17,40553.29,716.39,50.1545,2774.33,47.59,40.91,0.08493754129863638,201.49136945673314,858.353233885683,4.415902216241074,0.3100000000001728,-0.1900000000000004,-2755.9809090909093,0.41449999999999676,724.32,-12.620000000000005,763.2339397956932,46.843939795693245,247.81454,True,True,True,True
1306.65,4.26,10105.699090909091,12251.17,40553.29,716.39,51.548,2774.33,47.59,40.91,0.08264141998445293,196.04444197378461,835.1493228083224,4.415902216241074,0.3100000000001728,-0.1900000000000004,-2755.9809090909093,1.8079999999999998,724.32,-12.620000000000005,765.6053685095582,49.215368509558175,246.5335,True,True,True,True
1306.65,4.26,10105.699090909091,12251.17,40553.29,716.39,52.941500000000005,2774.33,47.59,40.91,0.08046617340902366,190.88425715223093,813.1669354685037,4.415902216241074,0.3100000000001728,-0.1900000000000004,-2755.9809090909093,3.201500000000003,724.32,-12.620000000000005,766.4252777521817,50.03527775218174,246.5335,True,True,True,True
1306.65,4.26,10105.699090909091,12251.17,40553.29,716.39,54.335,2774.33,47.59,40.91,0.07840250154775924,185.98875319628854,792.3120886161892,4.415902216241074,0.3100000000001728,-0.1900000000000004,-2755.9809090909093,4.594999999999999,724.32,-12.620000000000005,773.3256831994071,56.935683199407094,240.20334,True,True,True,True
1306.65,4.26,10105.699090909091,12251.17,40553.29,716.39,55.7285,2774.33,47.59,40.91,0.07644203457042564,181.3380749449746,772.5001992655917,4.415902216241074,0.3100000000001728,-0.1900000000000004,-2755.9809090909093,5.988499999999995,724.32,-12.620000000000005,774.1539568797175,57.76395687971751,239.71439,True,True,True,True
1306.65,4.26,10105.699090909091,12251.17,40553.29,716.39,57.122,2774.33,47.59,40.91,0.07457721937997235,176.91430471613015,753.6549380907144,4.415902216241074,0.3100000000001728,-0.1900000000000004,-2755.9809090909093,7.381999999999998,724.32,-12.620000000000005,774.2792486561043,57.889248656104314,239.71439,True,True,True,True
1306.65,4.26,10105.699090909091,12251.17,40553.29,716.39,58.5155,2774.33,47.59,40.91,0.07280122236328455,172.70123160885336,735.7072466537153,4.415902216241074,0.3100000000001728,-0.1900000000000004,-2755.9809090909093,8.775500000000001,724.32,-12.620000000000005,776.0744695768631,59.68446957686308,237.84572,True,True,True,True
1306.65,4.26,10105.699090909091,12251.17,40553.29,716.39,59.909,2774.33,47.59,40.91,0.07110784571420245,168.6841530024694,718.5944917905196,4.415902216241074,0.3100000000001728,-0.1900000000000004,-2755.9809090909093,10.168999999999997,724.32,-12.620000000000005,778.3791103357678,61.989110335767805,235.28276,True,True,True,True
1306.65,4.26,10105.699090909091,12251.17,40553.29,716.39,61.302499999999995,2774.33,47.59,40.91,0.06949145516917818,164.84970312889996,702.2597353291137,4.415902216241074,0.3100000000001728,-0.1900000000000004,-2755.9809090909093,11.562499999999993,724.32,-12.620000000000005,771.9969310460509,55.60693104605093,241.23436,True,True,True,True
1306.65,4.26,10105.699090909091,12251.17,40553.29,716.39,62.696,2774.33,47.59,40.91,0.0679469173799458,161.18570450624262,686.6511011965935,4.415902216241074,0.3100000000001728,-0.1900000000000004,-2755.9809090909093,12.955999999999996,724.32,-12.620000000000005,767.221110529825,50.83111052982497,245.41882,True,True,True,True
1306.65,4.26,10105.699090909091,12251.17,40553.29,716.39,64.0895,2774.33,47.59,40.91,0.06646954545643911,157.6810387540557,671.7212250922772,4.415902216241074,0.3100000000001728,-0.1900000000000004,-2755.9809090909093,14.349499999999999,724.32,-12.620000000000005,763.5580009830818,47.16800098308181,248.34029,True,True,True,True
1306.65,4.26,10105.699090909091,12251.17,40553.29,716.39,65.483,2774.33,47.59,40.91,0.06505505146289797,154.32553390320476,657.4267744276522,4.415902216241074,0.3100000000001728,-0.1900000000000004,-2755.9809090909093,15.743000000000002,724.32,-12.620000000000005,762.6756595627927,46.285659562792716,248.34029,True,True,True,True
1306.65,4.26,10105.699090909091,12251.17,40553.29,716.39,66.8765,2774.33,47.59,40.91,0.06369950485298267,151.10986579440052,643.7280282841461,4.415902216241074,0.3100000000001728,-0.1900000000000004,-2755.9809090909093,17.13649999999999,724.32,-12.620000000000005,764.2427475443316,47.85274754433158,245.75896,True,True,True,True
1306.65,4.26,10105.699090909091,12251.17,40553.29,716.39,68.27000000000001,2774.33,47.59,40.91,0.06239929599532303,148.0254715524186,630.5885088133032,4.415902216241074,0.3100000000001728,-0.1900000000000004,-2755.9809090909093,18.53000000000001,724.32,-12.620000000000005,763.104683103251,46.71468310325099,245.75896,True,True,True,True
1306.65,4.26,10105.699090909091,12251.17,40553.29,716.39,69.6635,2774.33,47.59,40.91,0.06115110407672448,145.0644734451272,617.9746568762417,4.415902216241074,0.3100000000001728,-0.1900000000000004,-2755.9809090909093,19.923499999999997,724.32,-12.620000000000005,761.8502261962,45.46022619619998,245.75896,True,True,True,True
1306.65,4.26,10105.699090909091,12251.17,40553.29,716.39,71.057,2774.33,47.59,40.91,0.059951868782078206,142.21961170172509,605.8555458493488,4.415902216241074,0.3100000000001728,-0.1900000000000004,-2755.9809090909093,21.317,724.32,-12.620000000000005,761.9597505477733,45.56975054777331,244.28543,True,True,True,True
1306.65,4.26,10105.699090909091,12251.17,40553.29,716.39,72.4505,2774.33,47.59,40.91,0.05879876524249294,139.48418508395255,594.2026284576378,4.415902216241074,0.3100000000001728,-0.1900000000000004,-2755.9809090909093,22.710500000000003,724.32,-12.620000000000005,759.5680255363436,43.178025536343625,245.20993,True,True,True,True
1306.65,4.26,10105.699090909091,12251.17,40553.29,716.39,73.844,2774.33,47.59,40.91,0.05768918181992875,136.8519981861369,582.9895122729432,4.415902216241074,0.3100000000001728,-0.1900000000000004,-2755.9809090909093,24.103999999999992,724.32,-12.620000000000005,760.5599842866824,44.16998428668239,242.65337,True,True,True,True
1306.65,4.26,10105.699090909091,12251.17,40553.29,716.39,75.2375,2774.33,47.59,40.91,0.05662070036058215,134.31731459168336,572.1917601605711,4.415902216241074,0.3100000000001728,-0.1900000000000004,-2755.9809090909093,25.497499999999995,724.32,-12.620000000000005,759.8241400471253,43.43414004712531,241.73264,True,True,True,True
1306.65,4.26,10105.699090909091,12251.17,40553.29,716.39,76.631,2774.33,47.59,40.91,0.0555910786027707,131.8748151405342,561.7867124986756,4.415902216241074,0.3100000000001728,-0.1900000000000004,-2755.9809090909093,26.891,724.32,-12.620000000000005,758.080613224374,41.69061322437403,241.73264,True,True,True,True
1306.65,4.26,10105.699090909091,12251.17,40553.29,716.39,78.02449999999999,2774.33,47.59,40.91,0.05459823446996477,129.51956066863013,551.7533284483643,4.415902216241074,0.3100000000001728,-0.1900000000000004,-2755.9809090909093,28.284499999999987,724.32,-12.620000000000005,756.2547932381995,39.86479323819947,241.73264,True,True,True,True
1306.65,4.26,10105.699090909091,12251.17,40553.29,716.39,79.418,2774.33,47.59,40.91,0.05364023201742385,127.24695867010163,542.0720439346329,4.415902216241074,0.3100000000001728,-0.1900000000000004,-2755.9809090909093,29.678000000000004,724.32,-12.620000000000005,770.0061633020376,53.61616330203765,226.07748,True,True,True,True
1306.65,4.26,10105.699090909091,12251.17,40553.29,716.39,80.8115,2774.33,47.59,40.91,0.05271526883283606,125.05273340869007,532.7246443210197,4.415902216241074,0.3100000000001728,-0.1900000000000004,-2755.9809090909093,31.071499999999993,724.32,-12.620000000000005,771.2302817401644,54.840281740164414,222.87566,True,True,True,True
1306.65,4.26,10105.699090909091,12251.17,40553.29,716.39,82.205,2774.33,47.59,40.91,0.05182166471842753,122.93289906911006,523.6941500344088,4.415902216241074,0.3100000000001728,-0.1900000000000004,-2755.9809090909093,32.464999999999996,724.32,-12.620000000000005,766.2254485478203,49.835448547820306,225.83261,True,True,True,True
1306.65,4.26,10105.699090909091,12251.17,40553.29,716.39,83.5985,2774.33,47.59,40.91,0.05095785150501682,120.88373559364528,514.9647136289288,4.415902216241074,0.3100000000001728,-0.1900000000000004,-2755.9809090909093,33.8585,724.32,-12.620000000000005,764.1109105562049,47.7209105562049,225.83261,True,True,True,True
1306.65,4.26,10105.699090909091,12251.17,40553.29,716.39,84.99199999999999,2774.33,47.59,40.91,0.050122363868100955,118.90176689579403,506.5215269760825,4.415902216241074,0.3100000000001728,-0.1900000000000004,-2755.9809090909093,35.25199999999999,724.32,-12.620000000000005,761.9329916014304,45.54299160143046,225.83261,True,True,True,True
1306.65,4.26,10105.699090909091,12251.17,40553.29,716.39,86.38550000000001,2774.33,47.59,40.91,0.049313831032825745,116.98374118255204,498.3507374376716,4.415902216241074,0.3100000000001728,-0.1900000000000004,-2755.9809090909093,36.645500000000006,724.32,-12.620000000000005,758.4381671156526,42.04816711565263,227.0892,True,True,True,True
1306.65,4.26,10105.699090909091,12251.17,40553.29,716.39,87.779,2774.33,47.59,40.91,0.048530969269062425,115.12661315100968,490.4393720233012,4.415902216241074,0.3100000000001728,-0.1900000000000004,-2755.9809090909093,38.038999999999994,724.32,-12.620000000000005,756.1424931514402,39.75249315144026,227.0892,True,True,True,True
1306.65,4.26,10105.699090909091,12251.17,40553.29,716.39,89.1725,2774.33,47.59,40.91,0.04777257509016148,113.32752785423268,482.77526865903116,4.415902216241074,0.3100000000001728,-0.1900000000000004,-2755.9809090909093,39.4325,724.32,-12.620000000000005,752.9129662046522,36.52296620465222,227.9683,True,True,True,True
1306.65,4.26,10105.699090909091,12251.17,40553.29,716.39,90.566,2774.33,47.59,40.91,0.04703751907959367,111.58380605663588,475.34701380126876,4.415902216241074,0.3100000000001728,-0.1900000000000004,-2755.9809090909093,40.826,724.32,-12.620000000000005,750.5103226724021,34.12032267240215,227.9683,True,True,True,True
1306.65,4.26,10105.699090909091,12251.17,40553.29,716.39,91.95949999999999,2774.33,47.59,40.91,0.04632474027887559,109.89293092085278,468.1438857228328,4.415902216241074,0.3100000000001728,-0.1900000000000004,-2755.9809090909093,42.21949999999999,724.32,-12.620000000000005,748.0578319281447,31.667831928144665,227.9683,True,True,True,True
1306.65,4.26,10105.699090909091,12251.17,40553.29,716.39,93.35300000000001,2774.33,47.59,40.91,0.04563324107813095,108.25253588697261,461.15580287850327,4.415902216241074,0.3100000000001728,-0.1900000000000004,-2755.9809090909093,43.61300000000001,724.32,-12.620000000000005,745.5577262115247,29.167726211524723,227.9683,True,True,True,True
1306.65,4.26,10105.699090909091,12251.17,40553.29,716.39,94.7465,2774.33,47.59,40.91,0.044962082557539515,106.66039362138652,454.3732768271065,4.415902216241074,0.3100000000001728,-0.1900000000000004,-2755.9809090909093,45.006499999999996,724.32,-12.620000000000005,741.2671876147941,24.87718761479414,229.71323,True,True,True,True
1306.65,4.26,10105.699090909091,12251.17,40553.29,716.39,96.14,2774.33,47.59,40.91,0.04431038023392573,105.11440592671818,447.78736924781936,4.415902216241074,0.3100000000001728,-0.1900000000000004,-2755.9809090909093,46.4,724.32,-12.620000000000005,738.6780328931616,22.288032893161585,229.71323,True,True,True,True
1306.65,4.26,10345.824727272728,12251.17,40553.29,716.39,34.826,2774.33,47.59,40.91,0.1223223992901166,297.0718552288771,1265.5261032750163,4.415902216241074,0.3100000000001728,-0.1900000000000004,-2515.8552727272727,-14.914000000000001,724.32,-12.620000000000005,768.9290698676726,52.53906986767265,203.09805,True,True,True,True
1306.65,4.26,10345.824727272728,12251.17,40553.29,716.39,36.219500000000004,2774.33,47.59,40.91,0.11761619797025916,285.6423871569276,1216.8365692885118,4.415902216241074,0.3100000000001728,-0.1900000000000004,-2515.8552727272727,-13.520499999999998,724.32,-12.620000000000005,764.6429741530022,48.25297415300224,214.10725,True,True,True,True
1306.65,4.26,10345.824727272728,12251.17,40553.29,716.39,37.613,2774.33,47.59,40.91,0.11325871073143035,275.059805179404,1171.754770064261,4.415902216241074,0.3100000000001728,-0.1900000000000004,-2515.8552727272727,-12.127000000000002,724.32,-12.620000000000005,758.4255646229901,42.03556462299014,226.24971,True,True,True,True
1306.65,4.26,10345.824727272728,12251.17,40553.29,716.39,39.0065,2774.33,47.59,40.91,0.109212564336391,265.2333447512436,1129.8940486402976,4.415902216241074,0.3100000000001728,-0.1900000000000004,-2515.8552727272727,-10.7335,724.32,-12.620000000000005,763.6380838453299,47.248083845329916,226.24971,True,True,True,True
1306.65,4.26,10345.824727272728,12251.17,40553.29,716.39,40.4,2774.33,47.59,40.91,0.10544554194441728,256.08476413831596,1090.921095229226,4.415902216241074,0.3100000000001728,-0.1900000000000004,-2515.8552727272727,-9.340000000000003,724.32,-12.620000000000005,769.1217033167534,52.731703316753396,225.33981,True,True,True,True
1306.65,4.26,10345.824727272728,12251.17,40553.29,716.39,41.7935,2774.33,47.59,40.91,0.10192972347542743,247.5462567080161,1054.5470535761485,4.415902216241074,0.3100000000001728,-0.1900000000000004,-2515.8552727272727,-7.9465,724.32,-12.620000000000005,765.5548985202335,49.164898520233464,232.90544,True,True,True,True
1306.65,4.26,10345.824727272728,12251.17,40553.29,716.39,43.187,2774.33,47.59,40.91,0.09864079239954635,239.5587674002353,1020.5203491250023,4.415902216241074,0.3100000000001728,-0.1900000000000004,-2515.8552727272727,-6.553000000000004,724.32,-12.620000000000005,766.9196807757568,50.52968077575679,235.02023,True,True,True,True
1306.65,4.26,10345.824727272728,12251.17,40553.29,716.39,44.5805,2774.33,47.59,40.91,0.09555747253715251,232.07062494144532,988.620862250557,4.415902216241074,0.3100000000001728,-0.1900000000000004,-2515.8552727272727,-5.159500000000001,724.32,-12.620000000000005,765.5371116303032,49.14711163030324,239.41182,True,True,True,True
1306.65,4.26,10345.824727272728,12251.17,40553.29,716.39,45.974000000000004,2774.33,47.59,40.91,0.09266106728452891,225.03642280933363,958.6551611677613,4.415902216241074,0.3100000000001728,-0.1900000000000004,-2515.8552727272727,-3.7659999999999982,724.32,-12.620000000000005,765.1779917745534,48.78799177455346,242.35219,True,True,True,True
1306.65,4.26,10345.824727272728,12251.17,40553.29,716.39,47.3675,2774.33,47.59,40.91,0.08993508017237388,218.41609772220679,930.452576296601,4.415902216241074,0.3100000000001728,-0.1900000000000004,-2515.8552727272727,-2.3725000000000023,724.32,-12.620000000000005,766.6358729784073,50.245872978407306,243.08554,True,True,True,True
1306.65,4.26,10345.824727272728,12251.17,40553.29,716.39,48.760999999999996,2774.33,47.59,40.91,0.08736490048676401,212.174166138893,903.8619477516843,4.415902216241074,0.3100000000001728,-0.1900000000000004,-2515.8552727272727,-0.9790000000000063,724.32,-12.620000000000005,765.9230900714233,49.53309007142332,245.63298,True,True,True,True
1306.65,4.26,10345.824727272728,12251.17,40553.29,716.39,50.1545,2774.33,47.59,40.91,0.08493754129863638,206.2790880378359,878.7489150411809,4.415902216241074,0.3100000000001728,-0.1900000000000004,-2515.8552727272727,0.41449999999999676,724.32,-12.620000000000005,764.3780346766953,47.98803467669529,248.68584,True,True,True,True
1306.65,4.26,10345.824727272728,12251.17,40553.29,716.39,51.548,2774.33,47.59,40.91,0.08264141998445293,200.70273389016052,854.9936463720837,4.415902216241074,0.3100000000001728,-0.1900000000000004,-2515.8552727272727,1.8079999999999998,724.32,-12.620000000000005,768.5929951525605,52.20299515256056,245.67833,True,True,True,True
1306.65,4.26,10345.824727272728,12251.17,40553.29,716.39,52.941500000000005,2774.33,47.59,40.91,0.08046617340902366,195.4199358131672,832.4889265640923,4.415902216241074,0.3100000000001728,-0.1900000000000004,-2515.8552727272727,3.201500000000003,724.32,-12.620000000000005,769.5238172317246,53.133817231724606,245.67833,True,True,True,True
1306.65,4.26,10345.824727272728,12251.17,40553.29,716.39,54.335,2774.33,47.59,40.91,0.07840250154775924,190.40810779174785,811.1385391928459,4.415902216241074,0.3100000000001728,-0.1900000000000004,-2515.8552727272727,4.594999999999999,724.32,-12.620000000000005,776.5294464739934,60.13944647399342,239.34818,True,True,True,True
1306.65,4.26,10345.824727272728,12251.17,40553.29,716.39,55.7285,2774.33,47.59,40.91,0.07644203457042564,185.6469228783442,790.8558914617464,4.415902216241074,0.3100000000001728,-0.1900000000000004,-2515.8552727272727,5.988499999999995,724.32,-12.620000000000005,776.9687290372842,60.57872903728423,239.34818,True,True,True,True
1306.65,4.26,10345.824727272728,12251.17,40553.29,716.39,57.122,2774.33,47.59,40.91,0.07457721937997235,181.11803764144622,771.5628403525609,4.415902216241074,0.3100000000001728,-0.1900000000000004,-2515.8552727272727,7.381999999999998,724.32,-12.620000000000005,777.6780578167936,61.28805781679364,238.85922,True,True,True,True
1306.65,4.26,10345.824727272728,12251.17,40553.29,716.39,58.5155,2774.33,47.59,40.91,0.07280122236328455,176.8048559863262,753.1886865017497,4.415902216241074,0.3100000000001728,-0.1900000000000004,-2515.8552727272727,8.775500000000001,724.32,-12.620000000000005,778.2825843872124,61.89258438721242,238.2718,True,True,True,True
1306.65,4.26,10345.824727272728,12251.17,40553.29,716.39,59.909,2774.33,47.59,40.91,0.07110784571420245,172.692325937345,735.6693084930897,4.415902216241074,0.3100000000001728,-0.1900000000000004,-2515.8552727272727,10.168999999999997,724.32,-12.620000000000005,778.2818749814257,61.89187498142576,238.10054,True,True,True,True
1306.65,4.26,10345.824727272728,12251.17,40553.29,716.39,61.302499999999995,2774.33,47.59,40.91,0.06949145516917818,168.76676413695958,718.9464152234478,4.415902216241074,0.3100000000001728,-0.1900000000000004,-2515.8552727272727,11.562499999999993,724.32,-12.620000000000005,774.7998927675139,58.40989276751395,241.23436,True,True,True,True
1306.65,4.26,10345.824727272728,12251.17,40553.29,716.39,62.696,2774.33,47.59,40.91,0.0679469173799458,165.01570374915505,702.9668979714005,4.415902216241074,0.3100000000001728,-0.1900000000000004,-2515.8552727272727,12.955999999999996,724.32,-12.620000000000005,771.5095033587982,55.11950335879817,244.01215,True,True,True,True
1306.65,4.26,10345.824727272728,12251.17,40553.29,716.39,64.0895,2774.33,47.59,40.91,0.06646954545643911,161.42776220511888,687.6822669938064,4.415902216241074,0.3100000000001728,-0.1900000000000004,-2515.8552727272727,14.349499999999999,724.32,-12.620000000000005,766.5150457320946,50.12504573209458,248.34029,True,True,True,True
1306.65,4.26,10345.824727272728,12251.17,40553.29,716.39,65.483,2774.33,47.59,40.91,0.06505505146289797,157.99252583541073,673.0481600588498,4.415902216241074,0.3100000000001728,-0.1900000000000004,-2515.8552727272727,15.743000000000002,724.32,-12.620000000000005,765.7048274186135,49.314827418613504,248.34029,True,True,True,True
1306.65,4.26,10345.824727272728,12251.17,40553.29,716.39,66.8765,2774.33,47.59,40.91,0.06369950485298267,154.7004489255909,659.0239124230172,4.415902216241074,0.3100000000001728,-0.1900000000000004,-2515.8552727272727,17.13649999999999,724.32,-12.620000000000005,766.907347558062,50.517347558062056,246.19264,True,True,True,True
1306.65,4.26,10345.824727272728,12251.17,40553.29,716.39,68.27000000000001,2774.33,47.59,40.91,0.06239929599532303,151.54276513446553,645.5721794728231,4.415902216241074,0.3100000000001728,-0.1900000000000004,-2515.8552727272727,18.53000000000001,724.32,-12.620000000000005,765.83557898161,49.44557898160997,246.19264,True,True,True,True
1306.65,4.26,10345.824727272728,12251.17,40553.29,716.39,69.6635,2774.33,47.59,40.91,0.06115110407672448,148.5114095438977,632.6586046570043,4.415902216241074,0.3100000000001728,-0.1900000000000004,-2515.8552727272727,19.923499999999997,724.32,-12.620000000000005,764.6447656668774,48.25476566687746,246.19264,True,True,True,True
1306.65,4.26,10345.824727272728,12251.17,40553.29,716.39,71.057,2774.33,47.59,40.91,0.059951868782078206,145.59894988071235,620.2515264918346,4.415902216241074,0.3100000000001728,-0.1900000000000004,-2515.8552727272727,21.317,724.32,-12.620000000000005,763.775596681483,47.38559668148298,245.75896,True,True,True,True
1306.65,4.26,10345.824727272728,12251.17,40553.29,716.39,72.4505,2774.33,47.59,40.91,0.05879876524249294,142.79852567579522,608.3217193788877,4.415902216241074,0.3100000000001728,-0.1900000000000004,-2515.8552727272727,22.710500000000003,724.32,-12.620000000000005,762.3671663481891,45.977166348189144,245.75896,True,True,True,True
1306.65,4.26,10345.824727272728,12251.17,40553.29,716.39,73.844,2774.33,47.59,40.91,0.05768918181992875,140.10379431191342,596.8421637687512,4.415902216241074,0.3100000000001728,-0.1900000000000004,-2515.8552727272727,24.103999999999992,724.32,-12.620000000000005,762.3326629038474,45.94266290384746,244.28543,True,True,True,True
1306.65,4.26,10345.824727272728,12251.17,40553.29,716.39,75.2375,2774.33,47.59,40.91,0.05662070036058215,137.50888306713867,585.7878418660107,4.415902216241074,0.3100000000001728,-0.1900000000000004,-2515.8552727272727,25.497499999999995,724.32,-12.620000000000005,760.7305684761911,44.34056847619115,244.28543,True,True,True,True
1306.65,4.26,10345.824727272728,12251.17,40553.29,716.39,76.631,2774.33,47.59,40.91,0.0555910786027707,135.0083463906824,575.1355556243069,4.415902216241074,0.3100000000001728,-0.1900000000000004,-2515.8552727272727,26.891,724.32,-12.620000000000005,760.6716054726652,44.281605472665206,242.65337,True,True,True,True
1306.65,4.26,10345.824727272728,12251.17,40553.29,716.39,78.02449999999999,2774.33,47.59,40.91,0.05459823446996477,132.5971277569943,564.8637642447957,4.415902216241074,0.3100000000001728,-0.1900000000000004,-2515.8552727272727,28.284499999999987,724.32,-12.620000000000005,759.8171398365923,43.427139836592346,241.73264,True,True,True,True
1306.65,4.26,10345.824727272728,12251.17,40553.29,716.39,79.418,2774.33,47.59,40.91,0.05364023201742385,130.27052553580046,554.9524387825101,4.415902216241074,0.3100000000001728,-0.1900000000000004,-2515.8552727272727,29.678000000000004,724.32,-12.620000000000005,771.5294207289012,55.1394207289012,228.16542,True,True,True,True
1306.65,4.26,10345.824727272728,12251.17,40553.29,716.39,80.8115,2774.33,47.59,40.91,0.05271526883283606,128.02416239332973,545.3829317955847,4.415902216241074,0.3100000000001728,-0.1900000000000004,-2515.8552727272727,31.071499999999993,724.32,-12.620000000000005,769.598873767022,53.208873767022055,228.16542,True,True,True,True
1306.65,4.26,10345.824727272728,12251.17,40553.29,716.39,82.205,2774.33,47.59,40.91,0.05182166471842753,125.85395780571461,536.1378602523442,4.415902216241074,0.3100000000001728,-0.1900000000000004,-2515.8552727272727,32.464999999999996,724.32,-12.620000000000005,769.6844955790872,53.2944955790872,226.07748,True,True,True,True
1306.65,4.26,10345.824727272728,12251.17,40553.29,716.39,83.5985,2774.33,47.59,40.91,0.05095785150501682,123.7561033214307,527.2010001492948,4.415902216241074,0.3100000000001728,-0.1900000000000004,-2515.8552727272727,33.8585,724.32,-12.620000000000005,770.8158302402461,54.425830240246114,222.87566,True,True,True,True
1306.65,4.26,10345.824727272728,12251.17,40553.29,716.39,84.99199999999999,2774.33,47.59,40.91,0.050122363868100955,121.72704025726762,518.5571914959601,4.415902216241074,0.3100000000001728,-0.1900000000000004,-2515.8552727272727,35.25199999999999,724.32,-12.620000000000005,765.7235566970037,49.3335566970037,225.83261,True,True,True,True
1306.65,4.26,10345.824727272728,12251.17,40553.29,716.39,86.38550000000001,2774.33,47.59,40.91,0.049313831032825745,119.76343955304175,510.19225249595786,4.415902216241074,0.3100000000001728,-0.1900000000000004,-2515.8552727272727,36.645500000000006,724.32,-12.620000000000005,762.2699581904825,45.87995819048251,227.0892,True,True,True,True
1306.65,4.26,10345.824727272728,12251.17,40553.29,716.39,87.779,2774.33,47.59,40.91,0.048530969269062425,117.86218354515937,502.09290190237897,4.415902216241074,0.3100000000001728,-0.1900000000000004,-2515.8552727272727,38.038999999999994,724.32,-12.620000000000005,760.0142012728334,43.624201272833375,227.0892,True,True,True,True
1306.65,4.26,10345.824727272728,12251.17,40553.29,716.39,89.1725,2774.33,47.59,40.91,0.04777257509016148,116.02034944912813,494.24668865328584,4.415902216241074,0.3100000000001728,-0.1900000000000004,-2515.8552727272727,39.4325,724.32,-12.620000000000005,757.7024484183053,41.31244841830528,227.0892,True,True,True,True
1306.65,4.26,10345.824727272728,12251.17,40553.29,716.39,90.566,2774.33,47.59,40.91,0.04703751907959367,114.23519436695375,486.641928003223,4.415902216241074,0.3100000000001728,-0.1900000000000004,-2515.8552727272727,40.826,724.32,-12.620000000000005,755.3372843828945,38.94728438289451,227.0892,True,True,True,True
1306.65,4.26,10345.824727272728,12251.17,40553.29,716.39,91.95949999999999,2774.33,47.59,40.91,0.04632474027887559,112.5041416576709,479.26764346167806,4.415902216241074,0.3100000000001728,-0.1900000000000004,-2515.8552727272727,42.21949999999999,724.32,-12.620000000000005,752.0420326368719,35.65203263687192,227.9683,True,True,True,True
1306.65,4.26,10345.824727272728,12251.17,40553.29,716.39,93.35300000000001,2774.33,47.59,40.91,0.04563324107813095,110.82476852857388,472.11351393172475,4.415902216241074,0.3100000000001728,-0.1900000000000004,-2515.8552727272727,43.61300000000001,724.32,-12.620000000000005,749.5771855151563,33.18718551515633,227.9683,True,True,True,True
1306.65,4.26,10345.824727272728,12251.17,40553.29,716.39,94.7465,2774.33,47.59,40.91,0.044962082557539515,109.19479472147187,465.16982551347013,4.415902216241074,0.3100000000001728,-0.1900000000000004,-2515.8552727272727,45.006499999999996,724.32,-12.620000000000005,745.3208683699742,28.930868369974178,229.71323,True,True,True,True
1306.65,4.26,10345.824727272728,12251.17,40553.29,716.39,96.14,2774.33,47.59,40.91,0.04431038023392573,107.61207218286515,458.42742749900555,4.415902216241074,0.3100000000001728,-0.1900000000000004,-2515.8552727272727,46.4,724.32,-12.620000000000005,742.7649430551172,26.374943055117228,229.71323,True,True,True,True
1306.65,4.26,10585.950363636362,12251.17,40553.29,716.39,34.826,2774.33,47.59,40.91,0.1223223992901166,303.9668655507235,1294.8988472460821,4.415902216241074,0.3100000000001728,-0.1900000000000004,-2275.729636363638,-14.914000000000001,724.32,-12.620000000000005,769.0382542786655,52.64825427866549,203.09805,True,True,True,True
1306.65,4.26,10585.950363636362,12251.17,40553.29,716.39,36.219500000000004,2774.33,47.59,40.91,0.11761619797025916,292.27212058046746,1245.0792336727914,4.415902216241074,0.3100000000001728,-0.1900000000000004,-2275.729636363638,-13.520499999999998,724.32,-12.620000000000005,764.9921213082707,48.60212130827074,214.10725,True,True,True,True
1306.65,4.26,10585.950363636362,12251.17,40553.29,716.39,37.613,2774.33,47.59,40.91,0.11325871073143035,281.4439178526692,1198.9510900523705,4.415902216241074,0.3100000000001728,-0.1900000000000004,-2275.729636363638,-12.127000000000002,724.32,-12.620000000000005,758.9968940702834,42.606894070283374,226.24971,True,True,True,True
1306.65,4.26,10585.950363636362,12251.17,40553.29,716.39,39.0065,2774.33,47.59,40.91,0.109212564336391,271.3893861855582,1156.118785150478,4.415902216241074,0.3100000000001728,-0.1900000000000004,-2275.729636363638,-10.7335,724.32,-12.620000000000005,764.4157207424549,48.02572074245495,226.24971,True,True,True,True
1306.65,4.26,10585.950363636362,12251.17,40553.29,716.39,40.4,2774.33,47.59,40.91,0.10544554194441728,262.0284678615816,1116.2412730903375,4.415902216241074,0.3100000000001728,-0.1900000000000004,-2275.729636363638,-9.340000000000003,724.32,-12.620000000000005,770.0914155139961,53.70141551399615,225.33981,True,True,True,True
1306.65,4.26,10585.950363636362,12251.17,40553.29,716.39,41.7935,2774.33,47.59,40.91,0.10192972347542743,253.29178246245422,1079.022993290055,4.415902216241074,0.3100000000001728,-0.1900000000000004,-2275.729636363638,-7.9465,724.32,-12.620000000000005,766.7038774744324,50.31387747443239,232.90544,True,True,True,True
1306.65,4.26,10585.950363636362,12251.17,40553.29,716.39,43.187,2774.33,47.59,40.91,0.09864079239954635,245.11890426557667,1044.2065321713567,4.415902216241074,0.3100000000001728,-0.1900000000000004,-2275.729636363638,-6.553000000000004,724.32,-12.620000000000005,767.315627219405,50.92562721940499,235.94096,True,True,True,True
1306.65,4.26,10585.950363636362,12251.17,40553.29,716.39,44.5805,2774.33,47.59,40.91,0.09555747253715251,237.4569627119346,1011.5666611528413,4.415902216241074,0.3100000000001728,-0.1900000000000004,-2275.729636363638,-5.159500000000001,724.32,-12.620000000000005,765.9705976381065,49.5805976381065,240.45222,True,True,True,True
1306.65,4.26,10585.950363636362,12251.17,40553.29,716.39,45.974000000000004,2774.33,47.59,40.91,0.09266106728452891,230.25949739802638,980.9054589155924,4.415902216241074,0.3100000000001728,-0.1900000000000004,-2275.729636363638,-3.7659999999999982,724.32,-12.620000000000005,766.2163758652558,49.82637586525584,242.93538,True,True,True,True
1306.65,4.26,10585.950363636362,12251.17,40553.29,716.39,47.3675,2774.33,47.59,40.91,0.08993508017237388,223.48551517709078,952.0482946544067,4.415902216241074,0.3100000000001728,-0.1900000000000004,-2275.729636363638,-2.3725000000000023,724.32,-12.620000000000005,767.9627570247546,51.57275702475465,243.51923,True,True,True,True
1306.65,4.26,10585.950363636362,12251.17,40553.29,716.39,48.760999999999996,2774.33,47.59,40.91,0.08736490048676401,217.09870893824277,924.8405000769142,4.415902216241074,0.3100000000001728,-0.1900000000000004,-2275.729636363638,-0.9790000000000063,724.32,-12.620000000000005,767.8147093541401,51.42470935414008,245.63298,True,True,True,True
1306.65,4.26,10585.950363636362,12251.17,40553.29,716.39,50.1545,2774.33,47.59,40.91,0.08493754129863638,211.0668066189386,899.1445961966784,4.415902216241074,0.3100000000001728,-0.1900000000000004,-2275.729636363638,0.41449999999999676,724.32,-12.620000000000005,766.1282544356269,49.738254435626914,248.951,True,True,True,True
1306.65,4.26,10585.950363636362,12251.17,40553.29,716.39,51.548,2774.33,47.59,40.91,0.08264141998445293,205.36102580653636,874.837969935845,4.415902216241074,0.3100000000001728,-0.1900000000000004,-2275.729636363638,1.8079999999999998,724.32,-12.620000000000005,768.9990025328676,52.609002532867635,247.40479,True,True,True,True
1306.65,4.26,10585.950363636362,12251.17,40553.29,716.39,52.941500000000005,2774.33,47.59,40.91,0.08046617340902366,199.95561447410344,851.8109176596806,4.415902216241074,0.3100000000001728,-0.1900000000000004,-2275.729636363638,3.201500000000003,724.32,-12.620000000000005,771.7671931370488,55.377193137048835,245.67833,True,True,True,True
1306.65,4.26,10585.950363636362,12251.17,40553.29,716.39,54.335,2774.33,47.59,40.91,0.07840250154775924,194.82746238720713,829.9649897695025,4.415902216241074,0.3100000000001728,-0.1900000000000004,-2275.729636363638,4.594999999999999,724.32,-12.620000000000005,778.5956822827594,62.205682282759426,239.63054,True,True,True,True
1306.65,4.26,10585.950363636362,12251.17,40553.29,716.39,55.7285,2774.33,47.59,40.91,0.07644203457042564,189.9557708117138,809.2115836579007,4.415902216241074,0.3100000000001728,-0.1900000000000004,-2275.729636363638,5.988499999999995,724.32,-12.620000000000005,779.1349263657493,62.74492636574928,239.63054,True,True,True,True
1306.65,4.26,10585.950363636362,12251.17,40553.29,716.39,57.122,2774.33,47.59,40.91,0.07457721937997235,185.32177056676224,789.4707426144071,4.415902216241074,0.3100000000001728,-0.1900000000000004,-2275.729636363638,7.381999999999998,724.32,-12.620000000000005,779.450386874944,63.060386874944015,239.63054,True,True,True,True
1306.65,4.26,10585.950363636362,12251.17,40553.29,716.39,58.5155,2774.33,47.59,40.91,0.07280122236328455,180.90848036379901,770.6701263497838,4.415902216241074,0.3100000000001728,-0.1900000000000004,-2275.729636363638,8.775500000000001,724.32,-12.620000000000005,780.6344217317413,64.24442173174134,238.55417,True,True,True,True
1306.65,4.26,10585.950363636362,12251.17,40553.29,716.39,59.909,2774.33,47.59,40.91,0.07110784571420245,176.7004988722206,752.7441251956598,4.415902216241074,0.3100000000001728,-0.1900000000000004,-2275.729636363638,10.168999999999997,724.32,-12.620000000000005,779.4388052764978,63.048805276497774,239.66415,True,True,True,True
1306.65,4.26,10585.950363636362,12251.17,40553.29,716.39,61.302499999999995,2774.33,47.59,40.91,0.06949145516917818,172.6838251450192,735.6330951177817,4.415902216241074,0.3100000000001728,-0.1900000000000004,-2275.729636363638,11.562499999999993,724.32,-12.620000000000005,774.5027110563598,58.112711056359785,244.3345,True,True,True,True
1306.65,4.26,10585.950363636362,12251.17,40553.29,716.39,62.696,2774.33,47.59,40.91,0.0679469173799458,168.84570299206743,719.2826947462073,4.415902216241074,0.3100000000001728,-0.1900000000000004,-2275.729636363638,12.955999999999996,724.32,-12.620000000000005,774.1088550500759,57.718855050075945,244.29451,True,True,True,True
1306.65,4.26,10585.950363636362,12251.17,40553.29,716.39,64.0895,2774.33,47.59,40.91,0.06646954545643911,165.17448565618201,703.6433088953354,4.415902216241074,0.3100000000001728,-0.1900000000000004,-2275.729636363638,14.349499999999999,724.32,-12.620000000000005,770.8787677272011,54.48876772720109,246.93361,True,True,True,True
1306.65,4.26,10585.950363636362,12251.17,40553.29,716.39,65.483,2774.33,47.59,40.91,0.06505505146289797,161.6595177676167,688.6695456900471,4.415902216241074,0.3100000000001728,-0.1900000000000004,-2275.729636363638,15.743000000000002,724.32,-12.620000000000005,768.733995274434,52.343995274434064,248.34029,True,True,True,True
1306.65,4.26,10585.950363636362,12251.17,40553.29,716.39,66.8765,2774.33,47.59,40.91,0.06369950485298267,158.29103205678126,674.3197965618882,4.415902216241074,0.3100000000001728,-0.1900000000000004,-2275.729636363638,17.13649999999999,724.32,-12.620000000000005,770.0056328745269,53.61563287452691,246.19264,True,True,True,True
1306.65,4.26,10585.950363636362,12251.17,40553.29,716.39,68.27000000000001,2774.33,47.59,40.91,0.06239929599532303,155.0600587165124,660.5558501323429,4.415902216241074,0.3100000000001728,-0.1900000000000004,-2275.729636363638,18.53000000000001,724.32,-12.620000000000005,769.0001601627033,52.61016016270332,246.19264,True,True,True,True
1306.65,4.26,10585.950363636362,12251.17,40553.29,716.39,69.6635,2774.33,47.59,40.91,0.06115110407672448,151.9583456426682,647.3425524377666,4.415902216241074,0.3100000000001728,-0.1900000000000004,-2275.729636363638,19.923499999999997,724.32,-12.620000000000005,767.8729904402892,51.4829904402892,246.19264,True,True,True,True
1306.65,4.26,10585.950363636362,12251.17,40553.29,716.39,71.057,2774.33,47.59,40.91,0.059951868782078206,148.9782880596996,634.6475071343203,4.415902216241074,0.3100000000001728,-0.1900000000000004,-2275.729636363638,21.317,724.32,-12.620000000000005,766.6312835134348,50.24128351343484,246.19264,True,True,True,True
1306.65,4.26,10585.950363636362,12251.17,40553.29,716.39,72.4505,2774.33,47.59,40.91,0.05879876524249294,146.11286626763786,622.4408103001372,4.415902216241074,0.3100000000001728,-0.1900000000000004,-2275.729636363638,22.710500000000003,724.32,-12.620000000000005,765.281648346558,48.891648346557986,246.19264,True,True,True,True
1306.65,4.26,10585.950363636362,12251.17,40553.29,716.39,73.844,2774.33,47.59,40.91,0.05768918181992875,143.3555904376899,610.694815264559,4.415902216241074,0.3100000000001728,-0.1900000000000004,-2275.729636363638,24.103999999999992,724.32,-12.620000000000005,764.2638803393719,47.87388033937191,245.75896,True,True,True,True
1306.65,4.26,10585.950363636362,12251.17,40553.29,716.39,75.2375,2774.33,47.59,40.91,0.05662070036058215,140.70045154259395,599.3839235714502,4.415902216241074,0.3100000000001728,-0.1900000000000004,-2275.729636363638,25.497499999999995,724.32,-12.620000000000005,762.7162663144367,46.32626631443668,245.75896,True,True,True,True
1306.65,4.26,10585.950363636362,12251.17,40553.29,716.39,76.631,2774.33,47.59,40.91,0.0555910786027707,138.14187764083053,588.4843987499381,4.415902216241074,0.3100000000001728,-0.1900000000000004,-2275.729636363638,26.891,724.32,-12.620000000000005,767.2803589514251,50.89035895142513,239.55634,True,True,True,True
1306.65,4.26,10585.950363636362,12251.17,40553.29,716.39,78.02449999999999,2774.33,47.59,40.91,0.05459823446996477,135.67469484535843,577.9742000412269,4.415902216241074,0.3100000000001728,-0.1900000000000004,-2275.729636363638,28.284499999999987,724.32,-12.620000000000005,760.826691024829,44.436691024828974,244.28543,True,True,True,True
1306.65,4.26,10585.950363636362,12251.17,40553.29,716.39,79.418,2774.33,47.59,40.91,0.05364023201742385,133.29409240149928,567.8328336303869,4.415902216241074,0.3100000000001728,-0.1900000000000004,-2275.729636363638,29.678000000000004,724.32,-12.620000000000005,774.2198839663116,57.82988396631163,229.08615,True,True,True,True
1306.65,4.26,10585.950363636362,12251.17,40553.29,716.39,80.8115,2774.33,47.59,40.91,0.05271526883283606,130.99559137796936,558.0412192701496,4.415902216241074,0.3100000000001728,-0.1900000000000004,-2275.729636363638,31.071499999999993,724.32,-12.620000000000005,773.2572301981766,56.86723019817657,228.16542,True,True,True,True
1306.65,4.26,10585.950363636362,12251.17,40553.29,716.39,82.205,2774.33,47.59,40.91,0.05182166471842753,128.77501654231915,548.5815704702796,4.415902216241074,0.3100000000001728,-0.1900000000000004,-2275.729636363638,32.464999999999996,724.32,-12.620000000000005,771.3004792558619,54.9104792558619,228.16542,True,True,True,True
1306.65,4.26,10585.950363636362,12251.17,40553.29,716.39,83.5985,2774.33,47.59,40.91,0.05095785150501682,126.62847104921609,539.4372866696606,4.415902216241074,0.3100000000001728,-0.1900000000000004,-2275.729636363638,33.8585,724.32,-12.620000000000005,768.8370035863967,52.447003586396704,228.60245,True,True,True,True
1306.65,4.26,10585.950363636362,12251.17,40553.29,716.39,84.99199999999999,2774.33,47.59,40.91,0.050122363868100955,124.55231361874118,530.5928560158375,4.415902216241074,0.3100000000001728,-0.1900000000000004,-2275.729636363638,35.25199999999999,724.32,-12.620000000000005,772.4710767486316,56.08107674863163,222.87566,True,True,True,True
1306.65,4.26,10585.950363636362,12251.17,40553.29,716.39,86.38550000000001,2774.33,47.59,40.91,0.049313831032825745,122.54313792353142,522.0337675542438,4.415902216241074,0.3100000000001728,-0.1900000000000004,-2275.729636363638,36.645500000000006,724.32,-12.620000000000005,766.1017492653123,49.71174926531228,227.0892,True,True,True,True
1306.65,4.26,10585.950363636362,12251.17,40553.29,716.39,87.779,2774.33,47.59,40.91,0.048530969269062425,120.59775393930906,513.7464317814565,4.415902216241074,0.3100000000001728,-0.1900000000000004,-2275.729636363638,38.038999999999994,724.32,-12.620000000000005,763.8859093942265,47.49590939422649,227.0892,True,True,True,True
1306.65,4.26,10585.950363636362,12251.17,40553.29,716.39,89.1725,2774.33,47.59,40.91,0.04777257509016148,118.71317104402357,505.7181086475404,4.415902216241074,0.3100000000001728,-0.1900000000000004,-2275.729636363638,39.4325,724.32,-12.620000000000005,761.6128260177005,45.22282601770053,227.0892,True,True,True,True
1306.65,4.26,10585.950363636362,12251.17,40553.29,716.39,90.566,2774.33,47.59,40.91,0.04703751907959367,116.8865826772716,497.936842205177,4.415902216241074,0.3100000000001728,-0.1900000000000004,-2275.729636363638,40.826,724.32,-12.620000000000005,759.2851414791288,42.895141479128824,227.0892,True,True,True,True
1306.65,4.26,10585.950363636362,12251.17,40553.29,716.39,91.95949999999999,2774.33,47.59,40.91,0.04632474027887559,115.11535239448901,490.39140120052315,4.415902216241074,0.3100000000001728,-0.1900000000000004,-2275.729636363638,42.21949999999999,724.32,-12.620000000000005,756.905337959857,40.51533795985699,227.0892,True,True,True,True
1306.65,4.26,10585.950363636362,12251.17,40553.29,716.39,93.35300000000001,2774.33,47.59,40.91,0.04563324107813095,113.39700117017514,483.0712249849461,4.415902216241074,0.3100000000001728,-0.1900000000000004,-2275.729636363638,43.61300000000001,724.32,-12.620000000000005,754.4757494330456,38.085749433045635,227.0892,True,True,True,True
1306.65,4.26,10585.950363636362,12251.17,40553.29,716.39,94.7465,2774.33,47.59,40.91,0.044962082557539515,111.72919582155718,475.9663741998336,4.415902216241074,0.3100000000001728,-0.1900000000000004,-2275.729636363638,45.006499999999996,724.32,-12.620000000000005,749.3745491251542,32.98454912515422,229.71323,True,True,True,True
1306.65,4.26,10585.950363636362,12251.17,40553.29,716.39,96.14,2774.33,47.59,40.91,0.04431038023392573,110.1097384390121,469.06748575019157,4.415902216241074,0.3100000000001728,-0.1900000000000004,-2275.729636363638,46.4,724.32,-12.620000000000005,746.8518532170729,30.46185321707287,229.71323,True,True,True,True
1306.65,4.26,10826.076000000001,12251.17,40553.29,716.39,34.826,2774.33,47.59,40.91,0.1223223992901166,310.86187587257007,1324.2715912171484,4.415902216241074,0.3100000000001728,-0.1900000000000004,-2035.6039999999994,-14.914000000000001,724.32,-12.620000000000005,769.0186545099708,52.62865450997083,203.22684,True,True,True,True
1306.65,4.26,10826.076000000001,12251.17,40553.29,716.39,36.219500000000004,2774.33,47.59,40.91,0.11761619797025916,298.9018540040074,1273.3218980570716,4.415902216241074,0.3100000000001728,-0.1900000000000004,-2035.6039999999994,-13.520499999999998,724.32,-12.620000000000005,764.6667079166641,48.27670791666412,214.78181,True,True,True,True
1306.65,4.26,10826.076000000001,12251.17,40553.29,716.39,37.613,2774.33,47.59,40.91,0.11325871073143035,287.8280305259344,1226.1474100404805,4.415902216241074,0.3100000000001728,-0.1900000000000004,-2035.6039999999994,-12.127000000000002,724.32,-12.620000000000005,758.8936629707016,42.50366297070161,226.92427,True,True,True,True
1306.65,4.26,10826.076000000001,12251.17,40553.29,716.39,39.0065,2774.33,47.59,40.91,0.109212564336391,277.54542761987295,1182.3435216606586,4.415902216241074,0.3100000000001728,-0.1900000000000004,-2035.6039999999994,-10.7335,724.32,-12.620000000000005,764.518797092705,48.128797092704986,226.92427,True,True,True,True
1306.65,4.26,10826.076000000001,12251.17,40553.29,716.39,40.4,2774.33,47.59,40.91,0.10544554194441728,267.9721715848473,1141.5614509514494,4.415902216241074,0.3100000000001728,-0.1900000000000004,-2035.6039999999994,-9.340000000000003,724.32,-12.620000000000005,762.8209391126061,46.4309391126061,233.58,True,True,True,True
1306.65,4.26,10826.076000000001,12251.17,40553.29,716.39,41.7935,2774.33,47.59,40.91,0.10192972347542743,259.0373082168924,1103.4989330039616,4.415902216241074,0.3100000000001728,-0.1900000000000004,-2035.6039999999994,-7.9465,724.32,-12.620000000000005,767.1782958817564,50.788295881756426,233.58,True,True,True,True
1306.65,4.26,10826.076000000001,12251.17,40553.29,716.39,43.187,2774.33,47.59,40.91,0.09864079239954635,250.67904113091814,1067.8927152177112,4.415902216241074,0.3100000000001728,-0.1900000000000004,-2035.6039999999994,-6.553000000000004,724.32,-12.620000000000005,765.4011793759438,49.01117937594381,239.17209,True,True,True,True
1306.65,4.26,10826.076000000001,12251.17,40553.29,716.39,44.5805,2774.33,47.59,40.91,0.09555747253715251,242.84330048242396,1034.512460055126,4.415902216241074,0.3100000000001728,-0.1900000000000004,-2035.6039999999994,-5.159500000000001,724.32,-12.620000000000005,765.2964023714957,48.90640237149569,242.60031,True,True,True,True
1306.65,4.26,10826.076000000001,12251.17,40553.29,716.39,45.974000000000004,2774.33,47.59,40.91,0.09266106728452891,235.4825719867192,1003.1557566634237,4.415902216241074,0.3100000000001728,-0.1900000000000004,-2035.6039999999994,-3.7659999999999982,724.32,-12.620000000000005,766.7297050243176,50.339705024317595,244.04362,True,True,True,True
1306.65,4.26,10826.076000000001,12251.17,40553.29,716.39,47.3675,2774.33,47.59,40.91,0.08993508017237388,228.55493263197485,973.6440130122128,4.415902216241074,0.3100000000001728,-0.1900000000000004,-2035.6039999999994,-2.3725000000000023,724.32,-12.620000000000005,768.4655749089925,52.07557490899251,244.77698,True,True,True,True
1306.65,4.26,10826.076000000001,12251.17,40553.29,716.39,48.760999999999996,2774.33,47.59,40.91,0.08736490048676401,222.02325173759255,945.8190524021443,4.415902216241074,0.3100000000001728,-0.1900000000000004,-2035.6039999999994,-0.9790000000000063,724.32,-12.620000000000005,769.0317680899818,52.64176808998184,246.30754,True,True,True,True
1306.65,4.26,10826.076000000001,12251.17,40553.29,716.39,50.1545,2774.33,47.59,40.91,0.08493754129863638,215.8545252000414,919.5402773521763,4.415902216241074,0.3100000000001728,-0.1900000000000004,-2035.6039999999994,0.41449999999999676,724.32,-12.620000000000005,767.4690808840118,51.07908088401177,249.62556,True,True,True,True
1306.65,4.26,10826.076000000001,12251.17,40553.29,716.39,51.548,2774.33,47.59,40.91,0.08264141998445293,210.0193177229123,894.6822934996063,4.415902216241074,0.3100000000001728,-0.1900000000000004,-2035.6039999999994,1.8079999999999998,724.32,-12.620000000000005,769.9093739268466,53.51937392684658,248.62688,True,True,True,True
1306.65,4.26,10826.076000000001,12251.17,40553.29,716.39,52.941500000000005,2774.33,47.59,40.91,0.08046617340902366,204.49129313503977,871.1329087552693,4.415902216241074,0.3100000000001728,-0.1900000000000004,-2035.6039999999994,3.201500000000003,724.32,-12.620000000000005,771.3271889154199,54.93718891541994,248.36171,True,True,True,True
1306.65,4.26,10826.076000000001,12251.17,40553.29,716.39,54.335,2774.33,47.59,40.91,0.07840250154775924,199.2468169826665,848.7914403461592,4.415902216241074,0.3100000000001728,-0.1900000000000004,-2035.6039999999994,4.594999999999999,724.32,-12.620000000000005,780.269721436252,63.879721436252,240.3051,True,True,True,True
1306.65,4.26,10826.076000000001,12251.17,40553.29,716.39,55.7285,2774.33,47.59,40.91,0.07644203457042564,194.26461874508345,827.5672758540554,4.415902216241074,0.3100000000001728,-0.1900000000000004,-2035.6039999999994,5.988499999999995,724.32,-12.620000000000005,779.9550390994879,63.565039099487876,241.25899,True,True,True,True
1306.65,4.26,10826.076000000001,12251.17,40553.29,716.39,57.122,2774.33,47.59,40.91,0.07457721937997235,189.52550349207831,807.3786448762536,4.415902216241074,0.3100000000001728,-0.1900000000000004,-2035.6039999999994,7.381999999999998,724.32,-12.620000000000005,780.3655839750866,63.97558397508658,241.25899,True,True,True,True
1306.65,4.26,10826.076000000001,12251.17,40553.29,716.39,58.5155,2774.33,47.59,40.91,0.07280122236328455,185.0121047412719,788.1515661978183,4.415902216241074,0.3100000000001728,-0.1900000000000004,-2035.6039999999994,8.775500000000001,724.32,-12.620000000000005,781.151221844825,64.76122184482506,240.67157,True,True,True,True
1306.65,4.26,10826.076000000001,12251.17,40553.29,716.39,59.909,2774.33,47.59,40.91,0.07110784571420245,180.70867180709627,769.81894189823,4.415902216241074,0.3100000000001728,-0.1900000000000004,-2035.6039999999994,10.168999999999997,724.32,-12.620000000000005,780.5309009768432,64.14090097684323,241.2926,True,True,True,True
1306.65,4.26,10826.076000000001,12251.17,40553.29,716.39,61.302499999999995,2774.33,47.59,40.91,0.06949145516917818,176.60088615307885,752.3197750121159,4.415902216241074,0.3100000000001728,-0.1900000000000004,-2035.6039999999994,11.562499999999993,724.32,-12.620000000000005,774.3959742914947,58.00597429149468,247.2442,True,True,True,True
1306.65,4.26,10826.076000000001,12251.17,40553.29,716.39,62.696,2774.33,47.59,40.91,0.0679469173799458,172.6757022349799,735.5984915210144,4.415902216241074,0.3100000000001728,-0.1900000000000004,-2035.6039999999994,12.955999999999996,724.32,-12.620000000000005,772.5443426056116,56.154342605611646,248.74074,True,True,True,True
1306.65,4.26,10826.076000000001,12251.17,40553.29,716.39,64.0895,2774.33,47.59,40.91,0.06646954545643911,168.9212091072452,719.6043507968645,4.415902216241074,0.3100000000001728,-0.1900000000000004,-2035.6039999999994,14.349499999999999,724.32,-12.620000000000005,772.8788880377373,56.4888880377373,247.89053,True,True,True,True
1306.65,4.26,10826.076000000001,12251.17,40553.29,716.39,65.483,2774.33,47.59,40.91,0.06505505146289797,165.3265096998227,704.2909313212448,4.415902216241074,0.3100000000001728,-0.1900000000000004,-2035.6039999999994,15.743000000000002,724.32,-12.620000000000005,772.212915937872,55.82291593787204,247.89053,True,True,True,True
1306.65,4.26,10826.076000000001,12251.17,40553.29,716.39,66.8765,2774.33,47.59,40.91,0.06369950485298267,161.88161518797168,689.6156807007593,4.415902216241074,0.3100000000001728,-0.1900000000000004,-2035.6039999999994,17.13649999999999,724.32,-12.620000000000005,772.1469937525153,55.756993752515314,247.14957,True,True,True,True
1306.65,4.26,10826.076000000001,12251.17,40553.29,716.39,68.27000000000001,2774.33,47.59,40.91,0.06239929599532303,158.57735229855936,675.5395207918629,4.415902216241074,0.3100000000001728,-0.1900000000000004,-2035.6039999999994,18.53000000000001,724.32,-12.620000000000005,771.2078169053201,54.817816905320115,247.14957,True,True,True,True
1306.65,4.26,10826.076000000001,12251.17,40553.29,716.39,69.6635,2774.33,47.59,40.91,0.06115110407672448,155.40528174143876,662.0265002185291,4.415902216241074,0.3100000000001728,-0.1900000000000004,-2035.6039999999994,19.923499999999997,724.32,-12.620000000000005,770.426654666826,54.03665466682605,246.8672,True,True,True,True
1306.65,4.26,10826.076000000001,12251.17,40553.29,716.39,71.057,2774.33,47.59,40.91,0.059951868782078206,152.3576262386869,649.0434877768062,4.415902216241074,0.3100000000001728,-0.1900000000000004,-2035.6039999999994,21.317,724.32,-12.620000000000005,769.246095101246,52.85609510124607,246.8672,True,True,True,True
1306.65,4.26,10826.076000000001,12251.17,40553.29,716.39,72.4505,2774.33,47.59,40.91,0.05879876524249294,149.42720685948052,636.559901221387,4.415902216241074,0.3100000000001728,-0.1900000000000004,-2035.6039999999994,22.710500000000003,724.32,-12.620000000000005,767.9552551007863,51.56525510078632,246.8672,True,True,True,True
1306.65,4.26,10826.076000000001,12251.17,40553.29,716.39,73.844,2774.33,47.59,40.91,0.05768918181992875,146.60738656346643,624.547466760367,4.415902216241074,0.3100000000001728,-0.1900000000000004,-2035.6039999999994,24.103999999999992,724.32,-12.620000000000005,766.5603779262635,50.17037792626354,246.8672,True,True,True,True
1306.65,4.26,10826.076000000001,12251.17,40553.29,716.39,75.2375,2774.33,47.59,40.91,0.05662070036058215,143.89202001804927,612.9800052768899,4.415902216241074,0.3100000000001728,-0.1900000000000004,-2035.6039999999994,25.497499999999995,724.32,-12.620000000000005,765.0672443040495,48.67724430404951,246.8672,True,True,True,True
1306.65,4.26,10826.076000000001,12251.17,40553.29,716.39,76.631,2774.33,47.59,40.91,0.0555910786027707,141.27540889097875,601.8332418755695,4.415902216241074,0.3100000000001728,-0.1900000000000004,-2035.6039999999994,26.891,724.32,-12.620000000000005,768.2625255161225,51.87252551612255,242.08589,True,True,True,True
1306.65,4.26,10826.076000000001,12251.17,40553.29,716.39,78.02449999999999,2774.33,47.59,40.91,0.05459823446996477,138.75226193372262,591.0846358376583,4.415902216241074,0.3100000000001728,-0.1900000000000004,-2035.6039999999994,28.284499999999987,724.32,-12.620000000000005,767.0222621105265,50.63226211052654,241.6522,True,True,True,True
1306.65,4.26,10826.076000000001,12251.17,40553.29,716.39,79.418,2774.33,47.59,40.91,0.05364023201742385,136.31765926719814,580.713228478264,4.415902216241074,0.3100000000001728,-0.1900000000000004,-2035.6039999999994,29.678000000000004,724.32,-12.620000000000005,786.2976305289175,69.90763052891748,220.6196,True,False,True,False
1306.65,4.26,10826.076000000001,12251.17,40553.29,716.39,80.8115,2774.33,47.59,40.91,0.05271526883283606,133.96702036260905,570.6995067447145,4.415902216241074,0.3100000000001728,-0.1900000000000004,-2035.6039999999994,31.071499999999993,724.32,-12.620000000000005,779.7323133139014,63.3423133139014,225.3487,True,True,True,True
1306.65,4.26,10826.076000000001,12251.17,40553.29,716.39,82.205,2774.33,47.59,40.91,0.05182166471842753,131.69607527892373,561.0252806882152,4.415902216241074,0.3100000000001728,-0.1900000000000004,-2035.6039999999994,32.464999999999996,724.32,-12.620000000000005,774.3298387871288,57.93983878712879,228.83998,True,True,True,True
1306.65,4.26,10826.076000000001,12251.17,40553.29,716.39,83.5985,2774.33,47.59,40.91,0.05095785150501682,129.50083877700152,551.6735731900264,4.415902216241074,0.3100000000001728,-0.1900000000000004,-2035.6039999999994,33.8585,724.32,-12.620000000000005,772.3474347450474,55.95743474504741,228.83998,True,True,True,True
1306.65,4.26,10826.076000000001,12251.17,40553.29,716.39,84.99199999999999,2774.33,47.59,40.91,0.050122363868100955,127.37758698021479,542.628520535715,4.415902216241074,0.3100000000001728,-0.1900000000000004,-2035.6039999999994,35.25199999999999,724.32,-12.620000000000005,769.8602899154939,53.470289915493936,229.27701,True,True,True,True
1306.65,4.26,10826.076000000001,12251.17,40553.29,716.39,86.38550000000001,2774.33,47.59,40.91,0.049313831032825745,125.32283629402114,533.8752826125301,4.415902216241074,0.3100000000001728,-0.1900000000000004,-2035.6039999999994,36.645500000000006,724.32,-12.620000000000005,766.4891433674858,50.099143367485794,230.5336,True,True,True,True
1306.65,4.26,10826.076000000001,12251.17,40553.29,716.39,87.779,2774.33,47.59,40.91,0.048530969269062425,123.33332433345878,525.3999616605344,4.415902216241074,0.3100000000001728,-0.1900000000000004,-2035.6039999999994,38.038999999999994,724.32,-12.620000000000005,770.0400119247993,53.65001192479929,224.80681,True,True,True,True
1306.65,4.26,10826.076000000001,12251.17,40553.29,716.39,89.1725,2774.33,47.59,40.91,0.04777257509016148,121.40599263891905,517.1895286417952,4.415902216241074,0.3100000000001728,-0.1900000000000004,-2035.6039999999994,39.4325,724.32,-12.620000000000005,764.8486430702209,48.45864307022089,227.76376,True,True,True,True
1306.65,4.26,10826.076000000001,12251.17,40553.29,716.39,90.566,2774.33,47.59,40.91,0.04703751907959367,119.53797098758949,509.23175640713123,4.415902216241074,0.3100000000001728,-0.1900000000000004,-2035.6039999999994,40.826,724.32,-12.620000000000005,762.5584380284884,46.16843802848837,227.76376,True,True,True,True
1306.65,4.26,10826.076000000001,12251.17,40553.29,716.39,91.95949999999999,2774.33,47.59,40.91,0.04632474027887559,117.72656313130715,501.5151589393684,4.415902216241074,0.3100000000001728,-0.1900000000000004,-2035.6039999999994,42.21949999999999,724.32,-12.620000000000005,760.2149781217092,43.82497812170925,227.76376,True,True,True,True
1306.65,4.26,10826.076000000001,12251.17,40553.29,716.39,93.35300000000001,2774.33,47.59,40.91,0.04563324107813095,115.96923381177645,494.0289360381676,4.415902216241074,0.3100000000001728,-0.1900000000000004,-2035.6039999999994,43.61300000000001,724.32,-12.620000000000005,757.8206481898021,41.43064818980213,227.76376,True,True,True,True
1306.65,4.26,10826.076000000001,12251.17,40553.29,716.39,94.7465,2774.33,47.59,40.91,0.044962082557539515,114.26359692164253,486.7629228861972,4.415902216241074,0.3100000000001728,-0.1900000000000004,-2035.6039999999994,45.006499999999996,724.32,-12.620000000000005,753.6327739477172,37.24277394771718,229.50868,True,True,True,True
1306.65,4.26,10826.076000000001,12251.17,40553.29,716.39,96.14,2774.33,47.59,40.91,0.04431038023392573,112.6074046951591,479.70754400137776,4.415902216241074,0.3100000000001728,-0.1900000000000004,-2035.6039999999994,46.4,724.32,-12.620000000000005,750.2642028321535,33.874202832153514,230.38779,True,True,True,True
1306.65,4.26,11066.201636363636,12251.17,40553.29,716.39,34.826,2774.33,47.59,40.91,0.1223223992901166,317.75688619441655,1353.6443351882144,4.415902216241074,0.3100000000001728,-0.1900000000000004,-1795.4783636363645,-14.914000000000001,724.32,-12.620000000000005,768.3834541553385,51.993454155338554,203.97122,True,True,True,True
1306.65,4.26,11066.201636363636,12251.17,40553.29,716.39,36.219500000000004,2774.33,47.59,40.91,0.11761619797025916,305.53158742754727,1301.5645624413512,4.415902216241074,0.3100000000001728,-0.1900000000000004,-1795.4783636363645,-13.520499999999998,724.32,-12.620000000000005,764.2714703063077,47.88147030630773,215.5262,True,True,True,True
1306.65,4.26,11066.201636363636,12251.17,40553.29,716.39,37.613,2774.33,47.59,40.91,0.11325871073143035,294.21214319919955,1253.34373002859,4.415902216241074,0.3100000000001728,-0.1900000000000004,-1795.4783636363645,-12.127000000000002,724.32,-12.620000000000005,758.7206076523698,42.33060765236985,227.66866,True,True,True,True
1306.65,4.26,11066.201636363636,12251.17,40553.29,716.39,39.0065,2774.33,47.59,40.91,0.109212564336391,283.70146905418756,1208.5682581708388,4.415902216241074,0.3100000000001728,-0.1900000000000004,-1795.4783636363645,-10.7335,724.32,-12.620000000000005,764.552049224205,48.16204922420502,227.66866,True,True,True,True
1306.65,4.26,11066.201636363636,12251.17,40553.29,716.39,40.4,2774.33,47.59,40.91,0.10544554194441728,273.9158753081129,1166.8816288125608,4.415902216241074,0.3100000000001728,-0.1900000000000004,-1795.4783636363645,-9.340000000000003,724.32,-12.620000000000005,763.046266544224,46.65626654422397,234.32439,True,True,True,True
1306.65,4.26,11066.201636363636,12251.17,40553.29,716.39,41.7935,2774.33,47.59,40.91,0.10192972347542743,264.78283397133055,1127.9748727178678,4.415902216241074,0.3100000000001728,-0.1900000000000004,-1795.4783636363645,-7.9465,724.32,-12.620000000000005,767.5828900703304,51.19289007033046,234.32439,True,True,True,True
1306.65,4.26,11066.201636363636,12251.17,40553.29,716.39,43.187,2774.33,47.59,40.91,0.09864079239954635,256.2391779962595,1091.5788982640654,4.415902216241074,0.3100000000001728,-0.1900000000000004,-1795.4783636363645,-6.553000000000004,724.32,-12.620000000000005,764.9330663713499,48.54306637134994,240.95688,True,True,True,True
1306.65,4.26,11066.201636363636,12251.17,40553.29,716.39,44.5805,2774.33,47.59,40.91,0.09555747253715251,248.22963825291322,1057.4582589574102,4.415902216241074,0.3100000000001728,-0.1900000000000004,-1795.4783636363645,-5.159500000000001,724.32,-12.620000000000005,766.0259088871115,49.635908887111555,243.3447,True,True,True,True
1306.65,4.26,11066.201636363636,12251.17,40553.29,716.39,45.974000000000004,2774.33,47.59,40.91,0.09266106728452891,240.70564657541195,1025.406054411255,4.415902216241074,0.3100000000001728,-0.1900000000000004,-1795.4783636363645,-3.7659999999999982,724.32,-12.620000000000005,767.6068952673637,51.216895267363725,244.78801,True,True,True,True
1306.65,4.26,11066.201636363636,12251.17,40553.29,716.39,47.3675,2774.33,47.59,40.91,0.08993508017237388,233.62435008685884,995.2397313700186,4.415902216241074,0.3100000000001728,-0.1900000000000004,-1795.4783636363645,-2.3725000000000023,724.32,-12.620000000000005,769.4817594924492,53.09175949244923,245.52136,True,True,True,True
1306.65,4.26,11066.201636363636,12251.17,40553.29,716.39,48.760999999999996,2774.33,47.59,40.91,0.08736490048676401,226.9477945369423,966.797604727374,4.415902216241074,0.3100000000001728,-0.1900000000000004,-1795.4783636363645,-0.9790000000000063,724.32,-12.620000000000005,770.1790026070736,53.7890026070736,247.05193,True,True,True,True
1306.65,4.26,11066.201636363636,12251.17,40553.29,716.39,50.1545,2774.33,47.59,40.91,0.08493754129863638,220.64224378114412,939.9359585076738,4.415902216241074,0.3100000000001728,-0.1900000000000004,-1795.4783636363645,0.41449999999999676,724.32,-12.620000000000005,768.4577192220451,52.06771922204507,250.65231,True,True,True,True
1306.65,4.26,11066.201636363636,12251.17,40553.29,716.39,51.548,2774.33,47.59,40.91,0.08264141998445293,214.67760963928816,914.5266170633676,4.415902216241074,0.3100000000001728,-0.1900000000000004,-1795.4783636363645,1.8079999999999998,724.32,-12.620000000000005,771.2974522300051,54.907452230005106,249.37126,True,True,True,True
1306.65,4.26,11066.201636363636,12251.17,40553.29,716.39,52.941500000000005,2774.33,47.59,40.91,0.08046617340902366,209.026971795976,890.4548998508577,4.415902216241074,0.3100000000001728,-0.1900000000000004,-1795.4783636363645,3.201500000000003,724.32,-12.620000000000005,771.6071248793378,55.2171248793378,250.32515,True,True,True,True
1306.65,4.26,11066.201636363636,12251.17,40553.29,716.39,54.335,2774.33,47.59,40.91,0.07840250154775924,203.66617157812578,867.6178909228157,4.415902216241074,0.3100000000001728,-0.1900000000000004,-1795.4783636363645,4.594999999999999,724.32,-12.620000000000005,773.3855483094711,56.99554830947113,249.53787,True,True,True,True
1306.65,4.26,11066.201636363636,12251.17,40553.29,716.39,55.7285,2774.33,47.59,40.91,0.07644203457042564,198.57346667845303,845.9229680502099,4.415902216241074,0.3100000000001728,-0.1900000000000004,-1795.4783636363645,5.988499999999995,724.32,-12.620000000000005,775.8511711203358,59.46117112033585,247.81142,True,True,True,True
1306.65,4.26,11066.201636363636,12251.17,40553.29,716.39,57.122,2774.33,47.59,40.91,0.07457721937997235,193.72923641739433,825.2865471380999,4.415902216241074,0.3100000000001728,-0.1900000000000004,-1795.4783636363645,7.381999999999998,724.32,-12.620000000000005,776.3568003623384,59.966800362338404,247.81142,True,True,True,True
1306.65,4.26,11066.201636363636,12251.17,40553.29,716.39,58.5155,2774.33,47.59,40.91,0.07280122236328455,189.11572911874472,805.6330060458524,4.415902216241074,0.3100000000001728,-0.1900000000000004,-1795.4783636363645,8.775500000000001,724.32,-12.620000000000005,777.2329938817368,60.84299388173679,247.224,True,True,True,True
1306.65,4.26,11066.201636363636,12251.17,40553.29,716.39,59.909,2774.33,47.59,40.91,0.07110784571420245,184.71684474197184,786.8937586008001,4.415902216241074,0.3100000000001728,-0.1900000000000004,-1795.4783636363645,10.168999999999997,724.32,-12.620000000000005,776.2100633275793,59.820063327579305,248.33398,True,True,True,True
1306.65,4.26,11066.201636363636,12251.17,40553.29,716.39,61.302499999999995,2774.33,47.59,40.91,0.06949145516917818,180.51794716113847,769.0064549064498,4.415902216241074,0.3100000000001728,-0.1900000000000004,-1795.4783636363645,11.562499999999993,724.32,-12.620000000000005,770.6465068137388,54.25650681373884,253.79663,True,True,True,True
1306.65,4.26,11066.201636363636,12251.17,40553.29,716.39,62.696,2774.33,47.59,40.91,0.0679469173799458,176.5057014778923,751.914288295821,4.415902216241074,0.3100000000001728,-0.1900000000000004,-1795.4783636363645,12.955999999999996,724.32,-12.620000000000005,767.5923942480613,51.202394248061296,256.5744,True,True,True,True
1306.65,4.26,11066.201636363636,12251.17,40553.29,716.39,64.0895,2774.33,47.59,40.91,0.06646954545643911,172.66793255830837,735.5653926983936,4.415902216241074,0.3100000000001728,-0.1900000000000004,-1795.4783636363645,14.349499999999999,724.32,-12.620000000000005,765.5117445543282,49.12174455432819,258.21472,True,True,True,True
1306.65,4.26,11066.201636363636,12251.17,40553.29,716.39,65.483,2774.33,47.59,40.91,0.06505505146289797,168.99350163202868,719.9123169524421,4.415902216241074,0.3100000000001728,-0.1900000000000004,-1795.4783636363645,15.743000000000002,724.32,-12.620000000000005,767.7357208786535,51.34572087865354,255.3969,True,True,True,True
1306.65,4.26,11066.201636363636,12251.17,40553.29,716.39,66.8765,2774.33,47.59,40.91,0.06369950485298267,165.47219831916203,704.9115648396302,4.415902216241074,0.3100000000001728,-0.1900000000000004,-1795.4783636363645,17.13649999999999,724.32,-12.620000000000005,771.2475678873394,54.85756788733943,251.14728,True,True,True,True
1306.65,4.26,11066.201636363636,12251.17,40553.29,716.39,68.27000000000001,2774.33,47.59,40.91,0.06239929599532303,162.09464588060624,690.5231914513826,4.415902216241074,0.3100000000001728,-0.1900000000000004,-1795.4783636363645,18.53000000000001,724.32,-12.620000000000005,772.6741253813353,56.28412538133534,248.84784,True,True,True,True
1306.65,4.26,11066.201636363636,12251.17,40553.29,716.39,69.6635,2774.33,47.59,40.91,0.06115110407672448,158.85221784020928,676.7104479992914,4.415902216241074,0.3100000000001728,-0.1900000000000004,-1795.4783636363645,19.923499999999997,724.32,-12.620000000000005,772.6281307830112,56.23813078301123,247.89395,True,True,True,True
1306.65,4.26,11066.201636363636,12251.17,40553.29,716.39,71.057,2774.33,47.59,40.91,0.059951868782078206,155.73696441767413,663.4394684192918,4.415902216241074,0.3100000000001728,-0.1900000000000004,-1795.4783636363645,21.317,724.32,-12.620000000000005,771.5087185787057,55.11871857870574,247.89395,True,True,True,True
1306.65,4.26,11066.201636363636,12251.17,40553.29,716.39,72.4505,2774.33,47.59,40.91,0.05879876524249294,152.74154745132316,650.6789921426366,4.415902216241074,0.3100000000001728,-0.1900000000000004,-1795.4783636363645,22.710500000000003,724.32,-12.620000000000005,770.276673744663,53.88667374466297,247.89395,True,True,True,True
1306.65,4.26,11066.201636363636,12251.17,40553.29,716.39,73.844,2774.33,47.59,40.91,0.05768918181992875,149.8591826892429,638.4001182561748,4.415902216241074,0.3100000000001728,-0.1900000000000004,-1795.4783636363645,24.103999999999992,724.32,-12.620000000000005,769.2207365971394,52.830736597139435,247.61159,True,True,True,True
1306.65,4.26,11066.201636363636,12251.17,40553.29,716.39,75.2375,2774.33,47.59,40.91,0.05662070036058215,147.08358849350455,626.5760869823293,4.415902216241074,0.3100000000001728,-0.1900000000000004,-1795.4783636363645,25.497499999999995,724.32,-12.620000000000005,767.7820833776466,51.3920833776466,247.61159,True,True,True,True
1306.65,4.26,11066.201636363636,12251.17,40553.29,716.39,76.631,2774.33,47.59,40.91,0.0555910786027707,144.40894014112692,615.1820850012006,4.415902216241074,0.3100000000001728,-0.1900000000000004,-1795.4783636363645,26.891,724.32,-12.620000000000005,771.0298635896089,54.63986358960892,242.83028,True,True,True,True
1306.65,4.26,11066.201636363636,12251.17,40553.29,716.39,78.02449999999999,2774.33,47.59,40.91,0.05459823446996477,141.82982902208676,604.1950716340896,4.415902216241074,0.3100000000001728,-0.1900000000000004,-1795.4783636363645,28.284499999999987,724.32,-12.620000000000005,769.4065386405599,53.01653864055993,242.83028,True,True,True,True
1306.65,4.26,11066.201636363636,12251.17,40553.29,716.39,79.418,2774.33,47.59,40.91,0.05364023201742385,139.34122613289694,593.5936233261409,4.415902216241074,0.3100000000001728,-0.1900000000000004,-1795.4783636363645,29.678000000000004,724.32,-12.620000000000005,787.309443863984,70.91944386398404,223.21898,True,False,True,False
1306.65,4.26,11066.201636363636,12251.17,40553.29,716.39,80.8115,2774.33,47.59,40.91,0.05271526883283606,136.93844934724868,583.3577942192794,4.415902216241074,0.3100000000001728,-0.1900000000000004,-1795.4783636363645,31.071499999999993,724.32,-12.620000000000005,785.9540700136106,69.5640700136106,222.7853,True,False,True,False
1306.65,4.26,11066.201636363636,12251.17,40553.29,716.39,82.205,2774.33,47.59,40.91,0.05182166471842753,134.61713401552828,573.4689909061505,4.415902216241074,0.3100000000001728,-0.1900000000000004,-1795.4783636363645,32.464999999999996,724.32,-12.620000000000005,785.5097567900754,69.11975679007537,221.36398,True,False,True,False
1306.65,4.26,11066.201636363636,12251.17,40553.29,716.39,83.5985,2774.33,47.59,40.91,0.05095785150501682,132.3732065047869,563.9098597103922,4.415902216241074,0.3100000000001728,-0.1900000000000004,-1795.4783636363645,33.8585,724.32,-12.620000000000005,771.8737197855339,55.483719785533935,233.06166,True,True,True,True
1306.65,4.26,11066.201636363636,12251.17,40553.29,716.39,84.99199999999999,2774.33,47.59,40.91,0.050122363868100955,130.20286034168836,554.6641850555924,4.415902216241074,0.3100000000001728,-0.1900000000000004,-1795.4783636363645,35.25199999999999,724.32,-12.620000000000005,773.3434972229812,56.95349722298124,229.58437,True,True,True,True
1306.65,4.26,11066.201636363636,12251.17,40553.29,716.39,86.38550000000001,2774.33,47.59,40.91,0.049313831032825745,128.10253466451084,545.716797670816,4.415902216241074,0.3100000000001728,-0.1900000000000004,-1795.4783636363645,36.645500000000006,724.32,-12.620000000000005,770.0135766542296,53.62357665422962,230.84096,True,True,True,True
1306.65,4.26,11066.201636363636,12251.17,40553.29,716.39,87.779,2774.33,47.59,40.91,0.048530969269062425,126.06889472760845,537.053491539612,4.415902216241074,0.3100000000001728,-0.1900000000000004,-1795.4783636363645,38.038999999999994,724.32,-12.620000000000005,767.4405438987314,51.05054389873146,231.27798,True,True,True,True
1306.65,4.26,11066.201636363636,12251.17,40553.29,716.39,89.1725,2774.33,47.59,40.91,0.04777257509016148,124.09881423381448,528.6609486360496,4.415902216241074,0.3100000000001728,-0.1900000000000004,-1795.4783636363645,39.4325,724.32,-12.620000000000005,765.2447994782098,48.85479947820977,231.27798,True,True,True,True
1306.65,4.26,11066.201636363636,12251.17,40553.29,716.39,90.566,2774.33,47.59,40.91,0.04703751907959367,122.18935929790734,520.5266706090853,4.415902216241074,0.3100000000001728,-0.1900000000000004,-1795.4783636363645,40.826,724.32,-12.620000000000005,768.7188653151525,52.328865315152484,225.5512,True,True,True,True
1306.65,4.26,11066.201636363636,12251.17,40553.29,716.39,91.95949999999999,2774.33,47.59,40.91,0.04632474027887559,120.33777386812524,512.6389166782135,4.415902216241074,0.3100000000001728,-0.1900000000000004,-1795.4783636363645,42.21949999999999,724.32,-12.620000000000005,763.4547940648114,47.064794064811394,228.50815,True,True,True,True
1306.65,4.26,11066.201636363636,12251.17,40553.29,716.39,93.35300000000001,2774.33,47.59,40.91,0.04563324107813095,118.54146645337771,504.986647091389,4.415902216241074,0.3100000000001728,-0.1900000000000004,-1795.4783636363645,43.61300000000001,724.32,-12.620000000000005,761.0957227278087,44.705722727808734,228.50815,True,True,True,True
1306.65,4.26,11066.201636363636,12251.17,40553.29,716.39,94.7465,2774.33,47.59,40.91,0.044962082557539515,116.79799802172785,497.55947157256065,4.415902216241074,0.3100000000001728,-0.1900000000000004,-1795.4783636363645,45.006499999999996,724.32,-12.620000000000005,756.9420699372722,40.55206993727222,230.25307,True,True,True,True
1306.65,4.26,11066.201636363636,12251.17,40553.29,716.39,96.14,2774.33,47.59,40.91,0.04431038023392573,115.10507095130606,490.3476022525638,4.415902216241074,0.3100000000001728,-0.1900000000000004,-1795.4783636363645,46.4,724.32,-12.620000000000005,754.485832842742,38.09583284274197,230.25307,True,True,True,True
1306.65,4.26,11306.327272727272,12251.17,40553.29,716.39,34.826,2774.33,47.59,40.91,0.1223223992901166,324.65189651626304,1383.0170791592805,4.415902216241074,0.3100000000001728,-0.1900000000000004,-1555.3527272727279,-14.914000000000001,724.32,-12.620000000000005,773.489617326097,57.09961732609702,198.97424,True,True,True,True
1306.65,4.26,11306.327272727272,12251.17,40553.29,716.39,36.219500000000004,2774.33,47.59,40.91,0.11761619797025916,312.16132085108717,1329.8072268256312,4.415902216241074,0.3100000000001728,-0.1900000000000004,-1555.3527272727279,-13.520499999999998,724.32,-12.620000000000005,769.6175962213417,53.22759622134174,210.52922,True,True,True,True
1306.65,4.26,11306.327272727272,12251.17,40553.29,716.39,37.613,2774.33,47.59,40.91,0.11325871073143035,300.5962558724648,1280.5400500166998,4.415902216241074,0.3100000000001728,-0.1900000000000004,-1555.3527272727279,-12.127000000000002,724.32,-12.620000000000005,762.0310423242724,45.64104232427246,224.92955,True,True,True,True
1306.65,4.26,11306.327272727272,12251.17,40553.29,716.39,39.0065,2774.33,47.59,40.91,0.109212564336391,289.8575104885022,1234.7929946810193,4.415902216241074,0.3100000000001728,-0.1900000000000004,-1555.3527272727279,-10.7335,724.32,-12.620000000000005,768.0687913459394,51.67879134593943,224.92955,True,True,True,True
1306.65,4.26,11306.327272727272,12251.17,40553.29,716.39,40.4,2774.33,47.59,40.91,0.10544554194441728,279.8595790313786,1192.2018066736725,4.415902216241074,0.3100000000001728,-0.1900000000000004,-1555.3527272727279,-9.340000000000003,724.32,-12.620000000000005,766.755083966076,50.365083966075986,231.58528,True,True,True,True
1306.65,4.26,11306.327272727272,12251.17,40553.29,716.39,41.7935,2774.33,47.59,40.91,0.10192972347542743,270.52835972576867,1152.4508124317745,4.415902216241074,0.3100000000001728,-0.1900000000000004,-1555.3527272727279,-7.9465,724.32,-12.620000000000005,771.4709742491389,55.080974249138876,231.58528,True,True,True,True
1306.65,4.26,11306.327272727272,12251.17,40553.29,716.39,43.187,2774.33,47.59,40.91,0.09864079239954635,261.7993148616009,1115.2650813104199,4.415902216241074,0.3100000000001728,-0.1900000000000004,-1555.3527272727279,-6.553000000000004,724.32,-12.620000000000005,768.9366330542559,52.54663305425595,238.26999,True,True,True,True
1306.65,4.26,11306.327272727272,12251.17,40553.29,716.39,44.5805,2774.33,47.59,40.91,0.09555747253715251,253.61597602340254,1080.4040578596946,4.415902216241074,0.3100000000001728,-0.1900000000000004,-1555.3527272727279,-5.159500000000001,724.32,-12.620000000000005,769.8052200902273,53.41522009022731,241.03928,True,True,True,True
1306.65,4.26,11306.327272727272,12251.17,40553.29,716.39,45.974000000000004,2774.33,47.59,40.91,0.09266106728452891,245.92872116410473,1047.656352159086,4.415902216241074,0.3100000000001728,-0.1900000000000004,-1555.3527272727279,-3.7659999999999982,724.32,-12.620000000000005,771.9675755006442,55.57757550064423,242.0489,True,True,True,True
1306.65,4.26,11306.327272727272,12251.17,40553.29,716.39,47.3675,2774.33,47.59,40.91,0.08993508017237388,238.6937675417429,1016.8354497278245,4.415902216241074,0.3100000000001728,-0.1900000000000004,-1555.3527272727279,-2.3725000000000023,724.32,-12.620000000000005,773.9814340661402,57.59143406614021,242.78226,True,True,True,True
1306.65,4.26,11306.327272727272,12251.17,40553.29,716.39,48.760999999999996,2774.33,47.59,40.91,0.08736490048676401,231.87233733629205,987.776157052604,4.415902216241074,0.3100000000001728,-0.1900000000000004,-1555.3527272727279,-0.9790000000000063,724.32,-12.620000000000005,771.0091289698685,54.619128969868484,248.11342,True,True,True,True
1306.65,4.26,11306.327272727272,12251.17,40553.29,716.39,50.1545,2774.33,47.59,40.91,0.08493754129863638,225.42996236224687,960.3316396631716,4.415902216241074,0.3100000000001728,-0.1900000000000004,-1555.3527272727279,0.41449999999999676,724.32,-12.620000000000005,770.2771681069534,53.88716810695337,250.84825,True,True,True,True
1306.65,4.26,11306.327272727272,12251.17,40553.29,716.39,51.548,2774.33,47.59,40.91,0.08264141998445293,219.33590155566407,934.3709406271288,4.415902216241074,0.3100000000001728,-0.1900000000000004,-1555.3527272727279,1.8079999999999998,724.32,-12.620000000000005,768.5739735263278,52.183973526327804,254.2272,True,True,True,True
1306.65,4.26,11306.327272727272,12251.17,40553.29,716.39,52.941500000000005,2774.33,47.59,40.91,0.08046617340902366,213.56265045691228,909.7768909464462,4.415902216241074,0.3100000000001728,-0.1900000000000004,-1555.3527272727279,3.201500000000003,724.32,-12.620000000000005,767.8465487582948,51.45654875829484,256.3291,True,True,True,True
1306.65,4.26,11306.327272727272,12251.17,40553.29,716.39,54.335,2774.33,47.59,40.91,0.07840250154775924,208.0855261735851,886.4443414994724,4.415902216241074,0.3100000000001728,-0.1900000000000004,-1555.3527272727279,4.594999999999999,724.32,-12.620000000000005,775.5382098994871,59.14820989948714,249.73381,True,True,True,True
1306.65,4.26,11306.327272727272,12251.17,40553.29,716.39,55.7285,2774.33,47.59,40.91,0.07644203457042564,202.88231461182266,864.2786602463644,4.415902216241074,0.3100000000001728,-0.1900000000000004,-1555.3527272727279,5.988499999999995,724.32,-12.620000000000005,774.4691048989962,58.079104898996206,251.64204,True,True,True,True
1306.65,4.26,11306.327272727272,12251.17,40553.29,716.39,57.122,2774.33,47.59,40.91,0.07457721937997235,197.9329693427104,843.1944493999462,4.415902216241074,0.3100000000001728,-0.1900000000000004,-1555.3527272727279,7.381999999999998,724.32,-12.620000000000005,776.7962741958795,60.40627419587952,249.91559,True,True,True,True
1306.65,4.26,11306.327272727272,12251.17,40553.29,716.39,58.5155,2774.33,47.59,40.91,0.07280122236328455,193.21935349621756,823.1144458938867,4.415902216241074,0.3100000000001728,-0.1900000000000004,-1555.3527272727279,8.775500000000001,724.32,-12.620000000000005,776.9484329108361,60.55843291083613,250.14276,True,True,True,True
1306.65,4.26,11306.327272727272,12251.17,40553.29,716.39,59.909,2774.33,47.59,40.91,0.07110784571420245,188.72501767684747,803.9685753033701,4.415902216241074,0.3100000000001728,-0.1900000000000004,-1555.3527272727279,10.168999999999997,724.32,-12.620000000000005,776.0118453072216,59.62184530722163,251.25275,True,True,True,True
1306.65,4.26,11306.327272727272,12251.17,40553.29,716.39,61.302499999999995,2774.33,47.59,40.91,0.06949145516917818,184.43500816919808,785.6931348007838,4.415902216241074,0.3100000000001728,-0.1900000000000004,-1555.3527272727279,11.562499999999993,724.32,-12.620000000000005,770.0419062793426,53.6519062793426,257.2042,True,True,True,True
1306.65,4.26,11306.327272727272,12251.17,40553.29,716.39,62.696,2774.33,47.59,40.91,0.0679469173799458,180.3357007208047,768.230085070628,4.415902216241074,0.3100000000001728,-0.1900000000000004,-1555.3527272727279,12.955999999999996,724.32,-12.620000000000005,767.5552560711751,51.16525607117512,259.49326,True,True,True,True
1306.65,4.26,11306.327272727272,12251.17,40553.29,716.39,64.0895,2774.33,47.59,40.91,0.06646954545643911,176.41465600937153,751.5264345999226,4.415902216241074,0.3100000000001728,-0.1900000000000004,-1555.3527272727279,14.349499999999999,724.32,-12.620000000000005,765.0834133267783,48.69341332677834,261.6001,True,True,False,False
1306.65,4.26,11306.327272727272,12251.17,40553.29,716.39,65.483,2774.33,47.59,40.91,0.06505505146289797,172.66049356423466,735.5337025836396,4.415902216241074,0.3100000000001728,-0.1900000000000004,-1555.3527272727279,15.743000000000002,724.32,-12.620000000000005,765.8429374405289,49.4529374405289,260.31885,True,True,False,False
1306.65,4.26,11306.327272727272,12251.17,40553.29,716.39,66.8765,2774.33,47.59,40.91,0.06369950485298267,169.06278145035242,720.2074489785011,4.415902216241074,0.3100000000001728,-0.1900000000000004,-1555.3527272727279,17.13649999999999,724.32,-12.620000000000005,770.1396001520466,53.74960015204658,255.35353,True,True,True,True
1306.65,4.26,11306.327272727272,12251.17,40553.29,716.39,68.27000000000001,2774.33,47.59,40.91,0.06239929599532303,165.61193946265317,705.5068621109024,4.415902216241074,0.3100000000001728,-0.1900000000000004,-1555.3527272727279,18.53000000000001,724.32,-12.620000000000005,771.2413554882098,54.85135548820983,253.44519,True,True,True,True
1306.65,4.26,11306.327272727272,12251.17,40553.29,716.39,69.6635,2774.33,47.59,40.91,0.06115110407672448,162.2991539389798,691.3943957800539,4.415902216241074,0.3100000000001728,-0.1900000000000004,-1555.3527272727279,19.923499999999997,724.32,-12.620000000000005,770.0224627341574,53.63246273415746,253.72784,True,True,True,True
1306.65,4.26,11306.327272727272,12251.17,40553.29,716.39,71.057,2774.33,47.59,40.91,0.059951868782078206,159.1163025966614,677.8354490617776,4.415902216241074,0.3100000000001728,-0.1900000000000004,-1555.3527272727279,21.317,724.32,-12.620000000000005,769.9421489409311,53.55214894093115,252.7499,True,True,True,True
1306.65,4.26,11306.327272727272,12251.17,40553.29,716.39,72.4505,2774.33,47.59,40.91,0.05879876524249294,156.0558880431658,664.7980830638862,4.415902216241074,0.3100000000001728,-0.1900000000000004,-1555.3527272727279,22.710500000000003,724.32,-12.620000000000005,772.4750149959615,56.0850149959615,249.04378,True,True,True,True
1306.65,4.26,11306.327272727272,12251.17,40553.29,716.39,73.844,2774.33,47.59,40.91,0.05768918181992875,153.11097881501942,652.2527697519827,4.415902216241074,0.3100000000001728,-0.1900000000000004,-1555.3527272727279,24.103999999999992,724.32,-12.620000000000005,772.1471780316874,55.75717803168743,248.08989,True,True,True,True
1306.65,4.26,11306.327272727272,12251.17,40553.29,716.39,75.2375,2774.33,47.59,40.91,0.05662070036058215,150.27515696895983,640.1721686877688,4.415902216241074,0.3100000000001728,-0.1900000000000004,-1555.3527272727279,25.497499999999995,724.32,-12.620000000000005,770.7630052149157,54.37300521491568,248.08989,True,True,True,True
1306.65,4.26,11306.327272727272,12251.17,40553.29,716.39,76.631,2774.33,47.59,40.91,0.0555910786027707,147.5424713912751,628.5309281268318,4.415902216241074,0.3100000000001728,-0.1900000000000004,-1555.3527272727279,26.891,724.32,-12.620000000000005,774.3456483183688,57.955648318368844,243.02621,True,True,True,True
1306.65,4.26,11306.327272727272,12251.17,40553.29,716.39,78.02449999999999,2774.33,47.59,40.91,0.05459823446996477,144.90739611045092,617.3055074305208,4.415902216241074,0.3100000000001728,-0.1900000000000004,-1555.3527272727279,28.284499999999987,724.32,-12.620000000000005,772.7729471286012,56.382947128601245,243.02621,True,True,True,True
1306.65,4.26,11306.327272727272,12251.17,40553.29,716.39,79.418,2774.33,47.59,40.91,0.05364023201742385,142.36479299859576,606.4740181740179,4.415902216241074,0.3100000000001728,-0.1900000000000004,-1555.3527272727279,29.678000000000004,724.32,-12.620000000000005,790.7246995818633,74.33469958186333,223.41492,True,False,True,False
1306.65,4.26,11306.327272727272,12251.17,40553.29,716.39,80.8115,2774.33,47.59,40.91,0.05271526883283606,139.90987833188834,596.0160816938443,4.415902216241074,0.3100000000001728,-0.1900000000000004,-1555.3527272727279,31.071499999999993,724.32,-12.620000000000005,788.9828030316792,72.59280303167918,223.41492,True,False,True,False
1306.65,4.26,11306.327272727272,12251.17,40553.29,716.39,82.205,2774.33,47.59,40.91,0.05182166471842753,137.53819275213283,585.9127011240859,4.415902216241074,0.3100000000001728,-0.1900000000000004,-1555.3527272727279,32.464999999999996,724.32,-12.620000000000005,787.1627430303266,70.77274303032664,223.41492,True,False,True,False
1306.65,4.26,11306.327272727272,12251.17,40553.29,716.39,83.5985,2774.33,47.59,40.91,0.05095785150501682,135.24557423257232,576.1461462307581,4.415902216241074,0.3100000000001728,-0.1900000000000004,-1555.3527272727279,33.8585,724.32,-12.620000000000005,785.7021135906689,69.3121135906689,222.98123,True,False,True,False
1306.65,4.26,11306.327272727272,12251.17,40553.29,716.39,84.99199999999999,2774.33,47.59,40.91,0.050122363868100955,133.02813370316196,566.6998495754698,4.415902216241074,0.3100000000001728,-0.1900000000000004,-1555.3527272727279,35.25199999999999,724.32,-12.620000000000005,785.1585068986326,68.76850689863261,221.55992,True,False,True,False
1306.65,4.26,11306.327272727272,12251.17,40553.29,716.39,86.38550000000001,2774.33,47.59,40.91,0.049313831032825745,130.88223303500052,557.5583127291022,4.415902216241074,0.3100000000001728,-0.1900000000000004,-1555.3527272727279,36.645500000000006,724.32,-12.620000000000005,770.1721346968329,53.78213469683294,234.51419,True,True,True,True
1306.65,4.26,11306.327272727272,12251.17,40553.29,716.39,87.779,2774.33,47.59,40.91,0.048530969269062425,128.80446512175814,548.7070214186896,4.415902216241074,0.3100000000001728,-0.1900000000000004,-1555.3527272727279,38.038999999999994,724.32,-12.620000000000005,771.5533408873121,55.163340887312074,231.0369,True,True,True,True
1306.65,4.26,11306.327272727272,12251.17,40553.29,716.39,89.1725,2774.33,47.59,40.91,0.04777257509016148,126.79163582870994,540.1323686303043,4.415902216241074,0.3100000000001728,-0.1900000000000004,-1555.3527272727279,39.4325,724.32,-12.620000000000005,768.9592389672534,52.569238967253455,231.47392,True,True,True,True
1306.65,4.26,11306.327272727272,12251.17,40553.29,716.39,90.566,2774.33,47.59,40.91,0.04703751907959367,124.84074760822521,531.8215848110393,4.415902216241074,0.3100000000001728,-0.1900000000000004,-1555.3527272727279,40.826,724.32,-12.620000000000005,766.7439929191994,50.35399291919941,231.47392,True,True,True,True
1306.65,4.26,11306.327272727272,12251.17,40553.29,716.39,91.95949999999999,2774.33,47.59,40.91,0.04632474027887559,122.94898460494336,523.7626744170586,4.415902216241074,0.3100000000001728,-0.1900000000000004,-1555.3527272727279,42.21949999999999,724.32,-12.620000000000005,766.998183616312,50.608183616311976,228.94896,True,True,True,True
1306.65,4.26,11306.327272727272,12251.17,40553.29,716.39,93.35300000000001,2774.33,47.59,40.91,0.04563324107813095,121.11369909497898,515.9443581446104,4.415902216241074,0.3100000000001728,-0.1900000000000004,-1555.3527272727279,43.61300000000001,724.32,-12.620000000000005,767.8761988771435,51.486198877143465,225.74713,True,True,True,True
1306.65,4.26,11306.327272727272,12251.17,40553.29,716.39,94.7465,2774.33,47.59,40.91,0.044962082557539515,119.3323991218132,508.35602025892416,4.415902216241074,0.3100000000001728,-0.1900000000000004,-1555.3527272727279,45.006499999999996,724.32,-12.620000000000005,760.7998125821008,44.40981258210081,230.449,True,True,True,True
1306.65,4.26,11306.327272727272,12251.17,40553.29,716.39,96.14,2774.33,47.59,40.91,0.04431038023392573,117.60273720745305,500.9876605037499,4.415902216241074,0.3100000000001728,-0.1900000000000004,-1555.3527272727279,46.4,724.32,-12.620000000000005,758.376804894346,41.98680489434605,230.449,True,True,True,True
1306.65,4.26,11546.452909090909,12251.17,40553.29,716.39,34.826,2774.33,47.59,40.91,0.1223223992901166,331.5469068381095,1412.3898231303467,4.415902216241074,0.3100000000001728,-0.1900000000000004,-1315.2270909090912,-14.914000000000001,724.32,-12.620000000000005,786.8422862341602,70.45228623416017,185.73076,True,False,True,False
1306.65,4.26,11546.452909090909,12251.17,40553.29,716.39,36.219500000000004,2774.33,47.59,40.91,0.11761619797025916,318.7910542746271,1358.0498912099113,4.415902216241074,0.3100000000001728,-0.1900000000000004,-1315.2270909090912,-13.520499999999998,724.32,-12.620000000000005,783.2102278736807,66.82022787368066,197.28574,True,True,True,True
1306.65,4.26,11546.452909090909,12251.17,40553.29,716.39,37.613,2774.33,47.59,40.91,0.11325871073143035,306.98036854572996,1307.7363700048097,4.415902216241074,0.3100000000001728,-0.1900000000000004,-1315.2270909090912,-12.127000000000002,724.32,-12.620000000000005,775.845856268636,59.45585626863601,211.68607,True,True,True,True
1306.65,4.26,11546.452909090909,12251.17,40553.29,716.39,39.0065,2774.33,47.59,40.91,0.109212564336391,296.0135519228169,1261.0177311912,4.415902216241074,0.3100000000001728,-0.1900000000000004,-1315.2270909090912,-10.7335,724.32,-12.620000000000005,781.8534778036113,65.46347780361134,211.9225,True,True,True,True
1306.65,4.26,11546.452909090909,12251.17,40553.29,716.39,40.4,2774.33,47.59,40.91,0.10544554194441728,285.8032827546443,1217.5219845347845,4.415902216241074,0.3100000000001728,-0.1900000000000004,-1315.2270909090912,-9.340000000000003,724.32,-12.620000000000005,779.1842230432017,62.79422304320167,220.12585,True,True,True,True
1306.65,4.26,11546.452909090909,12251.17,40553.29,716.39,41.7935,2774.33,47.59,40.91,0.10192972347542743,276.27388548020684,1176.9267521456811,4.415902216241074,0.3100000000001728,-0.1900000000000004,-1315.2270909090912,-7.9465,724.32,-12.620000000000005,780.6020851613456,64.21208516134561,223.60315,True,True,True,True
1306.65,4.26,11546.452909090909,12251.17,40553.29,716.39,43.187,2774.33,47.59,40.91,0.09864079239954635,267.3594517269423,1138.9512643567743,4.415902216241074,0.3100000000001728,-0.1900000000000004,-1315.2270909090912,-6.553000000000004,724.32,-12.620000000000005,775.0494679256386,58.65946792563864,233.47383,True,True,True,True
1306.65,4.26,11546.452909090909,12251.17,40553.29,716.39,44.5805,2774.33,47.59,40.91,0.09555747253715251,259.00231379389186,1103.3498567619793,4.415902216241074,0.3100000000001728,-0.1900000000000004,-1315.2270909090912,-5.159500000000001,724.32,-12.620000000000005,775.5609412054524,59.170941205452436,236.75745,True,True,True,True
1306.65,4.26,11546.452909090909,12251.17,40553.29,716.39,45.974000000000004,2774.33,47.59,40.91,0.09266106728452891,251.1517957527975,1069.9066499069174,4.415902216241074,0.3100000000001728,-0.1900000000000004,-1315.2270909090912,-3.7659999999999982,724.32,-12.620000000000005,777.8709803432997,61.480980343299734,237.76707,True,True,True,True
1306.65,4.26,11546.452909090909,12251.17,40553.29,716.39,47.3675,2774.33,47.59,40.91,0.08993508017237388,243.7631849966269,1038.4311680856306,4.415902216241074,0.3100000000001728,-0.1900000000000004,-1315.2270909090912,-2.3725000000000023,724.32,-12.620000000000005,779.7414693576047,63.35146935760474,238.78279,True,True,True,True
1306.65,4.26,11546.452909090909,12251.17,40553.29,716.39,48.760999999999996,2774.33,47.59,40.91,0.08736490048676401,236.79688013564183,1008.7547093778342,4.415902216241074,0.3100000000001728,-0.1900000000000004,-1315.2270909090912,-0.9790000000000063,724.32,-12.620000000000005,776.4680395123509,60.07803951235087,244.54613,True,True,True,True
1306.65,4.26,11546.452909090909,12251.17,40553.29,716.39,50.1545,2774.33,47.59,40.91,0.08493754129863638,230.21768094334962,980.7273208186695,4.415902216241074,0.3100000000001728,-0.1900000000000004,-1315.2270909090912,0.41449999999999676,724.32,-12.620000000000005,765.6945784176428,49.3045784176428,257.44623,True,True,True,True
1306.65,4.26,11546.452909090909,12251.17,40553.29,716.39,51.548,2774.33,47.59,40.91,0.08264141998445293,223.99419347203997,954.2152641908903,4.415902216241074,0.3100000000001728,-0.1900000000000004,-1315.2270909090912,1.8079999999999998,724.32,-12.620000000000005,769.351593455463,52.961593455463,255.58205,True,True,True,True
1306.65,4.26,11546.452909090909,12251.17,40553.29,716.39,52.941500000000005,2774.33,47.59,40.91,0.08046617340902366,218.09832911784855,929.0988820420349,4.415902216241074,0.3100000000001728,-0.1900000000000004,-1315.2270909090912,3.201500000000003,724.32,-12.620000000000005,768.9287918511191,52.53879185111907,257.49023,True,True,True,True
1306.65,4.26,11546.452909090909,12251.17,40553.29,716.39,54.335,2774.33,47.59,40.91,0.07840250154775924,212.50488076904443,905.2707920761293,4.415902216241074,0.3100000000001728,-0.1900000000000004,-1315.2270909090912,4.594999999999999,724.32,-12.620000000000005,775.6459038381358,59.25590383813585,251.97472,True,True,True,True
1306.65,4.26,11546.452909090909,12251.17,40553.29,716.39,55.7285,2774.33,47.59,40.91,0.07644203457042564,207.19116254519227,882.6343524425191,4.415902216241074,0.3100000000001728,-0.1900000000000004,-1315.2270909090912,5.988499999999995,724.32,-12.620000000000005,775.9586207089067,59.56862070890668,252.60109,True,True,True,True
1306.65,4.26,11546.452909090909,12251.17,40553.29,716.39,57.122,2774.33,47.59,40.91,0.07457721937997235,202.13670226802645,861.1023516617927,4.415902216241074,0.3100000000001728,-0.1900000000000004,-1315.2270909090912,7.381999999999998,724.32,-12.620000000000005,778.3808743721938,61.990874372193844,250.87463,True,True,True,True
1306.65,4.26,11546.452909090909,12251.17,40553.29,716.39,58.5155,2774.33,47.59,40.91,0.07280122236328455,197.3229778736904,840.5958857419212,4.415902216241074,0.3100000000001728,-0.1900000000000004,-1315.2270909090912,8.775500000000001,724.32,-12.620000000000005,779.4381791909118,63.04817919091181,250.28722,True,True,True,True
1306.65,4.26,11546.452909090909,12251.17,40553.29,716.39,59.909,2774.33,47.59,40.91,0.07110784571420245,192.7331906117231,821.0433920059404,4.415902216241074,0.3100000000001728,-0.1900000000000004,-1315.2270909090912,10.168999999999997,724.32,-12.620000000000005,778.5879345378405,62.197934537840524,251.3972,True,True,True,True
1306.65,4.26,11546.452909090909,12251.17,40553.29,716.39,61.302499999999995,2774.33,47.59,40.91,0.06949145516917818,188.35206917725773,802.379814695118,4.415902216241074,0.3100000000001728,-0.1900000000000004,-1315.2270909090912,11.562499999999993,724.32,-12.620000000000005,772.7004283035399,56.31042830353988,257.34863,True,True,True,True
1306.65,4.26,11546.452909090909,12251.17,40553.29,716.39,62.696,2774.33,47.59,40.91,0.0679469173799458,184.16569996371715,784.545881845435,4.415902216241074,0.3100000000001728,-0.1900000000000004,-1315.2270909090912,12.955999999999996,724.32,-12.620000000000005,770.2925624743671,53.90256247436707,259.63766,True,True,True,True
1306.65,4.26,11546.452909090909,12251.17,40553.29,716.39,64.0895,2774.33,47.59,40.91,0.06646954545643911,180.16137946043472,767.4874765014519,4.415902216241074,0.3100000000001728,-0.1900000000000004,-1315.2270909090912,14.349499999999999,724.32,-12.620000000000005,767.0814126656348,50.69141266563486,262.55914,True,True,False,False
1306.65,4.26,11546.452909090909,12251.17,40553.29,716.39,65.483,2774.33,47.59,40.91,0.06505505146289797,176.32748549644066,751.1550882148372,4.415902216241074,0.3100000000001728,-0.1900000000000004,-1315.2270909090912,15.743000000000002,724.32,-12.620000000000005,766.6318098861934,50.24180988619344,262.55914,True,True,False,False
1306.65,4.26,11546.452909090909,12251.17,40553.29,716.39,66.8765,2774.33,47.59,40.91,0.06369950485298267,172.65336458154277,735.5033331173722,4.415902216241074,0.3100000000001728,-0.1900000000000004,-1315.2270909090912,17.13649999999999,724.32,-12.620000000000005,769.461167328863,53.071167328863,259.13025,True,True,True,True
1306.65,4.26,11546.452909090909,12251.17,40553.29,716.39,68.27000000000001,2774.33,47.59,40.91,0.06239929599532303,169.12923304470007,720.4905327704223,4.415902216241074,0.3100000000001728,-0.1900000000000004,-1315.2270909090912,18.53000000000001,724.32,-12.620000000000005,772.4301523675454,56.040152367545375,255.42097,True,True,True,True
1306.65,4.26,11546.452909090909,12251.17,40553.29,716.39,69.6635,2774.33,47.59,40.91,0.06115110407672448,165.74609003775032,706.0783435608164,4.415902216241074,0.3100000000001728,-0.1900000000000004,-1315.2270909090912,19.923499999999997,724.32,-12.620000000000005,771.5575570144051,55.16755701440513,255.42097,True,True,True,True
1306.65,4.26,11546.452909090909,12251.17,40553.29,716.39,71.057,2774.33,47.59,40.91,0.059951868782078206,162.4956407756487,692.2314297042634,4.415902216241074,0.3100000000001728,-0.1900000000000004,-1315.2270909090912,21.317,724.32,-12.620000000000005,771.0923151430002,54.70231514300019,254.8891,True,True,True,True
1306.65,4.26,11546.452909090909,12251.17,40553.29,716.39,72.4505,2774.33,47.59,40.91,0.05879876524249294,159.37022863500846,678.9171739851361,4.415902216241074,0.3100000000001728,-0.1900000000000004,-1315.2270909090912,22.710500000000003,724.32,-12.620000000000005,770.7621013644475,54.37210136444753,254.10486,True,True,True,True
1306.65,4.26,11546.452909090909,12251.17,40553.29,716.39,73.844,2774.33,47.59,40.91,0.05768918181992875,156.36277494079593,666.1054212477907,4.415902216241074,0.3100000000001728,-0.1900000000000004,-1315.2270909090912,24.103999999999992,724.32,-12.620000000000005,769.5369525961181,53.146952596118126,254.10486,True,True,True,True
1306.65,4.26,11546.452909090909,12251.17,40553.29,716.39,75.2375,2774.33,47.59,40.91,0.05662070036058215,153.46672544441515,653.7682503932085,4.415902216241074,0.3100000000001728,-0.1900000000000004,-1315.2270909090912,25.497499999999995,724.32,-12.620000000000005,774.0154266859737,57.62542668597371,248.29669,True,True,True,True
1306.65,4.26,11546.452909090909,12251.17,40553.29,716.39,76.631,2774.33,47.59,40.91,0.0555910786027707,150.67600264142328,641.8797712524631,4.415902216241074,0.3100000000001728,-0.1900000000000004,-1315.2270909090912,26.891,724.32,-12.620000000000005,778.3220928371678,61.93209283716783,242.5615,True,True,True,True
1306.65,4.26,11546.452909090909,12251.17,40553.29,716.39,78.02449999999999,2774.33,47.59,40.91,0.05459823446996477,147.98496319881508,630.4159432269523,4.415902216241074,0.3100000000001728,-0.1900000000000004,-1315.2270909090912,28.284499999999987,724.32,-12.620000000000005,776.8000154066816,60.41001540668162,242.5615,True,True,True,True
1306.65,4.26,11546.452909090909,12251.17,40553.29,716.39,79.418,2774.33,47.59,40.91,0.05364023201742385,145.3883598642946,619.354413021895,4.415902216241074,0.3100000000001728,-0.1900000000000004,-1315.2270909090912,29.678000000000004,724.32,-12.620000000000005,795.0829789813831,78.69297898138313,222.66783,True,False,True,False
1306.65,4.26,11546.452909090909,12251.17,40553.29,716.39,80.8115,2774.33,47.59,40.91,0.05271526883283606,142.881307316528,608.6743691684093,4.415902216241074,0.3100000000001728,-0.1900000000000004,-1315.2270909090912,31.071499999999993,724.32,-12.620000000000005,793.3882450341227,76.99824503412276,222.66783,True,False,True,False
1306.65,4.26,11546.452909090909,12251.17,40553.29,716.39,82.205,2774.33,47.59,40.91,0.05182166471842753,140.4592514887374,598.3564113420214,4.415902216241074,0.3100000000001728,-0.1900000000000004,-1315.2270909090912,32.464999999999996,724.32,-12.620000000000005,791.6137486797576,75.22374867975759,222.66783,True,False,True,False
1306.65,4.26,11546.452909090909,12251.17,40553.29,716.39,83.5985,2774.33,47.59,40.91,0.05095785150501682,138.11794196035774,588.382432751124,4.415902216241074,0.3100000000001728,-0.1900000000000004,-1315.2270909090912,33.8585,724.32,-12.620000000000005,789.7634785872102,73.37347858721023,222.66783,True,False,True,False
1306.65,4.26,11546.452909090909,12251.17,40553.29,716.39,84.99199999999999,2774.33,47.59,40.91,0.050122363868100955,135.85340706463555,578.7355140953474,4.415902216241074,0.3100000000001728,-0.1900000000000004,-1315.2270909090912,35.25199999999999,724.32,-12.620000000000005,787.8411618379558,71.45116183795585,222.66783,True,False,True,False
1306.65,4.26,11546.452909090909,12251.17,40553.29,716.39,86.38550000000001,2774.33,47.59,40.91,0.049313831032825745,133.66193140549024,569.3998277873884,4.415902216241074,0.3100000000001728,-0.1900000000000004,-1315.2270909090912,36.645500000000006,724.32,-12.620000000000005,785.0273785304518,68.63737853045177,223.49074,True,False,True,False
1306.65,4.26,11546.452909090909,12251.17,40553.29,716.39,87.779,2774.33,47.59,40.91,0.048530969269062425,131.54003551590785,560.3605512977674,4.415902216241074,0.3100000000001728,-0.1900000000000004,-1315.2270909090912,38.038999999999994,724.32,-12.620000000000005,779.6634218114397,63.273421811439675,226.79852,True,True,True,True
1306.65,4.26,11546.452909090909,12251.17,40553.29,716.39,89.1725,2774.33,47.59,40.91,0.04777257509016148,129.4844574236054,551.603788624559,4.415902216241074,0.3100000000001728,-0.1900000000000004,-1315.2270909090912,39.4325,724.32,-12.620000000000005,770.5764341936019,54.18643419360194,233.7671,True,True,True,True
1306.65,4.26,11546.452909090909,12251.17,40553.29,716.39,90.566,2774.33,47.59,40.91,0.04703751907959367,127.49213591854308,543.1164990129936,4.415902216241074,0.3100000000001728,-0.1900000000000004,-1315.2270909090912,40.826,724.32,-12.620000000000005,771.4389355867229,55.048935586722905,230.72684,True,True,True,True
1306.65,4.26,11546.452909090909,12251.17,40553.29,716.39,91.95949999999999,2774.33,47.59,40.91,0.04632474027887559,125.56019534176149,534.8864321559039,4.415902216241074,0.3100000000001728,-0.1900000000000004,-1315.2270909090912,42.21949999999999,724.32,-12.620000000000005,769.204506517422,52.814506517422046,230.72684,True,True,True,True
1306.65,4.26,11546.452909090909,12251.17,40553.29,716.39,93.35300000000001,2774.33,47.59,40.91,0.04563324107813095,123.68593173658026,526.9020691978319,4.415902216241074,0.3100000000001728,-0.1900000000000004,-1315.2270909090912,43.61300000000001,724.32,-12.620000000000005,766.9159523702281,50.52595237022808,230.72684,True,True,True,True
1306.65,4.26,11546.452909090909,12251.17,40553.29,716.39,94.7465,2774.33,47.59,40.91,0.044962082557539515,121.86680022189853,519.1525689452877,4.415902216241074,0.3100000000001728,-0.1900000000000004,-1315.2270909090912,45.006499999999996,724.32,-12.620000000000005,768.5575338646246,52.1675338646246,226.74496,True,True,True,True
1306.65,4.26,11546.452909090909,12251.17,40553.29,716.39,96.14,2774.33,47.59,40.91,0.04431038023392573,120.10040346360002,511.6277187549361,4.415902216241074,0.3100000000001728,-0.1900000000000004,-1315.2270909090912,46.4,724.32,-12.620000000000005,763.2108006275907,46.82080062759076,229.70192,True,True,True,True
1306.65,4.26,11786.578545454546,12251.17,40553.29,716.39,34.826,2774.33,47.59,40.91,0.1223223992901166,338.44191715995606,1441.7625671014127,4.415902216241074,0.3100000000001728,-0.1900000000000004,-1075.1014545454545,-14.914000000000001,724.32,-12.620000000000005,787.9110501129263,71.52105011292633,184.77118,True,False,True,False
1306.65,4.26,11786.578545454546,12251.17,40553.29,716.39,36.219500000000004,2774.33,47.59,40.91,0.11761619797025916,325.4207876981669,1386.292555594191,4.415902216241074,0.3100000000001728,-0.1900000000000004,-1075.1014545454545,-13.520499999999998,724.32,-12.620000000000005,784.5189544967226,68.1289544967226,196.32616,True,False,True,False
1306.65,4.26,11786.578545454546,12251.17,40553.29,716.39,37.613,2774.33,47.59,40.91,0.11325871073143035,313.3644812189952,1334.9326899929194,4.415902216241074,0.3100000000001728,-0.1900000000000004,-1075.1014545454545,-12.127000000000002,724.32,-12.620000000000005,777.3767651837027,60.98676518370269,210.72649,True,True,True,True
1306.65,4.26,11786.578545454546,12251.17,40553.29,716.39,39.0065,2774.33,47.59,40.91,0.109212564336391,302.1695933571316,1287.2424677013805,4.415902216241074,0.3100000000001728,-0.1900000000000004,-1075.1014545454545,-10.7335,724.32,-12.620000000000005,783.5906941685098,67.20069416850981,210.96292,True,True,True,True
1306.65,4.26,11786.578545454546,12251.17,40553.29,716.39,40.4,2774.33,47.59,40.91,0.10544554194441728,291.7469864779099,1242.8421623958961,4.415902216241074,0.3100000000001728,-0.1900000000000004,-1075.1014545454545,-9.340000000000003,724.32,-12.620000000000005,781.1135147082178,64.72351470821786,219.16628,True,True,True,True
1306.65,4.26,11786.578545454546,12251.17,40553.29,716.39,41.7935,2774.33,47.59,40.91,0.10192972347542743,282.01941123464496,1201.4026918595875,4.415902216241074,0.3100000000001728,-0.1900000000000004,-1075.1014545454545,-7.9465,724.32,-12.620000000000005,781.6702383098806,65.28023830988059,223.68398,True,True,True,True
1306.65,4.26,11786.578545454546,12251.17,40553.29,716.39,43.187,2774.33,47.59,40.91,0.09864079239954635,272.91958859228373,1162.6374474031288,4.415902216241074,0.3100000000001728,-0.1900000000000004,-1075.1014545454545,-6.553000000000004,724.32,-12.620000000000005,777.3257244278806,60.93572442788059,232.51425,True,True,True,True
1306.65,4.26,11786.578545454546,12251.17,40553.29,716.39,44.5805,2774.33,47.59,40.91,0.09555747253715251,264.3886515643812,1126.2956556642637,4.415902216241074,0.3100000000001728,-0.1900000000000004,-1075.1014545454545,-5.159500000000001,724.32,-12.620000000000005,777.9944119544666,61.60441195446663,235.79787,True,True,True,True
1306.65,4.26,11786.578545454546,12251.17,40553.29,716.39,45.974000000000004,2774.33,47.59,40.91,0.09266106728452891,256.3748703414903,1092.1569476547486,4.415902216241074,0.3100000000001728,-0.1900000000000004,-1075.1014545454545,-3.7659999999999982,724.32,-12.620000000000005,780.4521348197443,64.0621348197443,236.8075,True,True,True,True
1306.65,4.26,11786.578545454546,12251.17,40553.29,716.39,47.3675,2774.33,47.59,40.91,0.08993508017237388,248.83260245151092,1060.0268864434365,4.415902216241074,0.3100000000001728,-0.1900000000000004,-1075.1014545454545,-2.3725000000000023,724.32,-12.620000000000005,782.4616181744599,66.0716181744599,237.82321,True,True,True,True
1306.65,4.26,11786.578545454546,12251.17,40553.29,716.39,48.760999999999996,2774.33,47.59,40.91,0.08736490048676401,241.72142293499158,1029.733261703064,4.415902216241074,0.3100000000001728,-0.1900000000000004,-1075.1014545454545,-0.9790000000000063,724.32,-12.620000000000005,772.8486877257317,56.45868772573169,250.0571,True,True,True,True
1306.65,4.26,11786.578545454546,12251.17,40553.29,716.39,50.1545,2774.33,47.59,40.91,0.08493754129863638,235.00539952445237,1001.1230019741671,4.415902216241074,0.3100000000001728,-0.1900000000000004,-1075.1014545454545,0.41449999999999676,724.32,-12.620000000000005,768.6694991043089,52.27949910430891,256.4867,True,True,True,True
1306.65,4.26,11786.578545454546,12251.17,40553.29,716.39,51.548,2774.33,47.59,40.91,0.08264141998445293,228.65248538841587,974.0595877546515,4.415902216241074,0.3100000000001728,-0.1900000000000004,-1075.1014545454545,1.8079999999999998,724.32,-12.620000000000005,769.1376972713169,52.74769727131695,257.9284,True,True,True,True
1306.65,4.26,11786.578545454546,12251.17,40553.29,716.39,52.941500000000005,2774.33,47.59,40.91,0.08046617340902366,222.63400777878485,948.4208731376234,4.415902216241074,0.3100000000001728,-0.1900000000000004,-1075.1014545454545,3.201500000000003,724.32,-12.620000000000005,770.4257383130839,54.035738313083925,258.23666,True,True,True,True
1306.65,4.26,11786.578545454546,12251.17,40553.29,716.39,54.335,2774.33,47.59,40.91,0.07840250154775924,216.92423536450374,924.0972426527859,4.415902216241074,0.3100000000001728,-0.1900000000000004,-1075.1014545454545,4.594999999999999,724.32,-12.620000000000005,778.0625424789332,61.672542478933224,251.90668,True,True,True,True
1306.65,4.26,11786.578545454546,12251.17,40553.29,716.39,55.7285,2774.33,47.59,40.91,0.07644203457042564,211.5000104785619,900.9900446386737,4.415902216241074,0.3100000000001728,-0.1900000000000004,-1075.1014545454545,5.988499999999995,724.32,-12.620000000000005,779.1015941604187,62.71159416041871,251.90668,True,True,True,True
1306.65,4.26,11786.578545454546,12251.17,40553.29,716.39,57.122,2774.33,47.59,40.91,0.07457721937997235,206.3404351933425,879.0102539236391,4.415902216241074,0.3100000000001728,-0.1900000000000004,-1075.1014545454545,7.381999999999998,724.32,-12.620000000000005,780.1576437379613,63.76764373796129,251.64151,True,True,True,True
1306.65,4.26,11786.578545454546,12251.17,40553.29,716.39,58.5155,2774.33,47.59,40.91,0.07280122236328455,201.42660225116325,858.0773255899554,4.415902216241074,0.3100000000001728,-0.1900000000000004,-1075.1014545454545,8.775500000000001,724.32,-12.620000000000005,783.0319598948158,66.64195989481584,249.32764,True,True,True,True
1306.65,4.26,11786.578545454546,12251.17,40553.29,716.39,59.909,2774.33,47.59,40.91,0.07110784571420245,196.74136354659873,838.1182087085106,4.415902216241074,0.3100000000001728,-0.1900000000000004,-1075.1014545454545,10.168999999999997,724.32,-12.620000000000005,782.2680581922875,65.87805819228754,250.43762,True,True,True,True
1306.65,4.26,11786.578545454546,12251.17,40553.29,716.39,61.302499999999995,2774.33,47.59,40.91,0.06949145516917818,192.26913018531735,819.0664945894518,4.415902216241074,0.3100000000001728,-0.1900000000000004,-1075.1014545454545,11.562499999999993,724.32,-12.620000000000005,776.4628016460968,60.072801646096764,256.38922,True,True,True,True
1306.65,4.26,11786.578545454546,12251.17,40553.29,716.39,62.696,2774.33,47.59,40.91,0.0679469173799458,187.99569920662958,800.861678620242,4.415902216241074,0.3100000000001728,-0.1900000000000004,-1075.1014545454545,12.955999999999996,724.32,-12.620000000000005,773.64492014709,57.25492014709005,259.16702,True,True,True,True
1306.65,4.26,11786.578545454546,12251.17,40553.29,716.39,64.0895,2774.33,47.59,40.91,0.06646954545643911,183.90810291149788,783.4485184029809,4.415902216241074,0.3100000000001728,-0.1900000000000004,-1075.1014545454545,14.349499999999999,724.32,-12.620000000000005,770.998021623632,54.608021623632,261.59958,True,True,False,False
1306.65,4.26,11786.578545454546,12251.17,40553.29,716.39,65.483,2774.33,47.59,40.91,0.06505505146289797,179.99447742864663,766.7764738460347,4.415902216241074,0.3100000000001728,-0.1900000000000004,-1075.1014545454545,15.743000000000002,724.32,-12.620000000000005,770.6205419509984,54.23054195099837,261.59958,True,True,False,False
1306.65,4.26,11786.578545454546,12251.17,40553.29,716.39,66.8765,2774.33,47.59,40.91,0.06369950485298267,176.24394771273316,750.7992172562433,4.415902216241074,0.3100000000001728,-0.1900000000000004,-1075.1014545454545,17.13649999999999,724.32,-12.620000000000005,772.2377668543122,55.847766854312226,259.45193,True,True,True,True
1306.65,4.26,11786.578545454546,12251.17,40553.29,716.39,68.27000000000001,2774.33,47.59,40.91,0.06239929599532303,172.646526626747,735.4742034299422,4.415902216241074,0.3100000000001728,-0.1900000000000004,-1075.1014545454545,18.53000000000001,724.32,-12.620000000000005,772.8450234656309,56.455023465630916,258.1707,True,True,True,True
1306.65,4.26,11786.578545454546,12251.17,40553.29,716.39,69.6635,2774.33,47.59,40.91,0.06115110407672448,169.19302613652084,720.7622913415788,4.415902216241074,0.3100000000001728,-0.1900000000000004,-1075.1014545454545,19.923499999999997,724.32,-12.620000000000005,774.8537444343015,58.463744434301475,255.35301,True,True,True,True
1306.65,4.26,11786.578545454546,12251.17,40553.29,716.39,71.057,2774.33,47.59,40.91,0.059951868782078206,165.87497895463596,706.6274103467491,4.415902216241074,0.3100000000001728,-0.1900000000000004,-1075.1014545454545,21.317,724.32,-12.620000000000005,773.9177743138193,57.52777431381935,255.35301,True,True,True,True
1306.65,4.26,11786.578545454546,12251.17,40553.29,716.39,72.4505,2774.33,47.59,40.91,0.05879876524249294,162.6845692268511,693.0362649063857,4.415902216241074,0.3100000000001728,-0.1900000000000004,-1075.1014545454545,22.710500000000003,724.32,-12.620000000000005,768.2930384409415,51.903038440941486,259.9221,True,True,False,False
1306.65,4.26,11786.578545454546,12251.17,40553.29,716.39,73.844,2774.33,47.59,40.91,0.05768918181992875,159.61457106657244,679.9580727435986,4.415902216241074,0.3100000000001728,-0.1900000000000004,-1075.1014545454545,24.103999999999992,724.32,-12.620000000000005,771.1784514037129,54.788451403712884,255.8681,True,True,True,True
1306.65,4.26,11786.578545454546,12251.17,40553.29,716.39,75.2375,2774.33,47.59,40.91,0.05662070036058215,156.65829391987046,667.3643320986481,4.415902216241074,0.3100000000001728,-0.1900000000000004,-1075.1014545454545,25.497499999999995,724.32,-12.620000000000005,770.7177840701177,54.32778407011767,255.05356,True,True,True,True
1306.65,4.26,11786.578545454546,12251.17,40553.29,716.39,76.631,2774.33,47.59,40.91,0.0555910786027707,153.80953389157145,655.2286143780943,4.415902216241074,0.3100000000001728,-0.1900000000000004,-1075.1014545454545,26.891,724.32,-12.620000000000005,776.0314627710059,59.64146277100588,248.36385,True,True,True,True
1306.65,4.26,11786.578545454546,12251.17,40553.29,716.39,78.02449999999999,2774.33,47.59,40.91,0.05459823446996477,151.06253028717924,643.5263790233836,4.415902216241074,0.3100000000001728,-0.1900000000000004,-1075.1014545454545,28.284499999999987,724.32,-12.620000000000005,774.5600090998009,58.17000909980095,248.36385,True,True,True,True
1306.65,4.26,11786.578545454546,12251.17,40553.29,716.39,79.418,2774.33,47.59,40.91,0.05364023201742385,148.41192672999344,632.234807869772,4.415902216241074,0.3100000000001728,-0.1900000000000004,-1075.1014545454545,29.678000000000004,724.32,-12.620000000000005,798.4175004463326,82.02750044633262,222.9445,True,False,True,False
1306.65,4.26,11786.578545454546,12251.17,40553.29,716.39,80.8115,2774.33,47.59,40.91,0.05271526883283606,145.85273630116765,621.3326566429743,4.415902216241074,0.3100000000001728,-0.1900000000000004,-1075.1014545454545,31.071499999999993,724.32,-12.620000000000005,797.7238170414491,81.33381704144915,221.99062,True,False,True,False
1306.65,4.26,11786.578545454546,12251.17,40553.29,716.39,82.205,2774.33,47.59,40.91,0.05182166471842753,143.38031022534196,610.8001215599568,4.415902216241074,0.3100000000001728,-0.1900000000000004,-1075.1014545454545,32.464999999999996,724.32,-12.620000000000005,795.9948843340713,79.60488433407136,221.99062,True,False,True,False
1306.65,4.26,11786.578545454546,12251.17,40553.29,716.39,83.5985,2774.33,47.59,40.91,0.05095785150501682,140.99030968814316,600.6187192714899,4.415902216241074,0.3100000000001728,-0.1900000000000004,-1075.1014545454545,33.8585,724.32,-12.620000000000005,794.4710227829702,78.0810227829702,221.70825,True,False,True,False
1306.65,4.26,11786.578545454546,12251.17,40553.29,716.39,84.99199999999999,2774.33,47.59,40.91,0.050122363868100955,138.67868042610914,590.7711786152249,4.415902216241074,0.3100000000001728,-0.1900000000000004,-1075.1014545454545,35.25199999999999,724.32,-12.620000000000005,792.5913064013025,76.20130640130253,221.70825,True,False,True,False
1306.65,4.26,11786.578545454546,12251.17,40553.29,716.39,86.38550000000001,2774.33,47.59,40.91,0.049313831032825745,136.44162977597995,581.2413428456746,4.415902216241074,0.3100000000001728,-0.1900000000000004,-1075.1014545454545,36.645500000000006,724.32,-12.620000000000005,789.3850637703206,72.9950637703206,222.96484,True,False,True,False
1306.65,4.26,11786.578545454546,12251.17,40553.29,716.39,87.779,2774.33,47.59,40.91,0.048530969269062425,134.27560591005755,572.0140811768451,4.415902216241074,0.3100000000001728,-0.1900000000000004,-1075.1014545454545,38.038999999999994,724.32,-12.620000000000005,787.3688091320515,70.97880913205154,222.96484,True,False,True,False
1306.65,4.26,11786.578545454546,12251.17,40553.29,716.39,89.1725,2774.33,47.59,40.91,0.04777257509016148,132.17727901850085,563.0752086188136,4.415902216241074,0.3100000000001728,-0.1900000000000004,-1075.1014545454545,39.4325,724.32,-12.620000000000005,785.7227584482706,69.33275844827062,222.53116,True,False,True,False
1306.65,4.26,11786.578545454546,12251.17,40553.29,716.39,90.566,2774.33,47.59,40.91,0.04703751907959367,130.14352422886097,554.4114132149476,4.415902216241074,0.3100000000001728,-0.1900000000000004,-1075.1014545454545,40.826,724.32,-12.620000000000005,780.2746863597151,63.88468635971515,225.83894,True,True,True,True
1306.65,4.26,11786.578545454546,12251.17,40553.29,716.39,91.95949999999999,2774.33,47.59,40.91,0.04632474027887559,128.1714060785796,546.0101898947491,4.415902216241074,0.3100000000001728,-0.1900000000000004,-1075.1014545454545,42.21949999999999,724.32,-12.620000000000005,771.1080187495868,54.718018749586804,232.80753,True,True,True,True
1306.65,4.26,11786.578545454546,12251.17,40553.29,716.39,93.35300000000001,2774.33,47.59,40.91,0.04563324107813095,126.25816437818153,537.8597802510533,4.415902216241074,0.3100000000001728,-0.1900000000000004,-1075.1014545454545,43.61300000000001,724.32,-12.620000000000005,771.8949911416331,55.50499114163313,229.76726,True,True,True,True
1306.65,4.26,11786.578545454546,12251.17,40553.29,716.39,94.7465,2774.33,47.59,40.91,0.044962082557539515,124.40120132198388,529.9491176316512,4.415902216241074,0.3100000000001728,-0.1900000000000004,-1075.1014545454545,45.006499999999996,724.32,-12.620000000000005,767.8440027057422,51.454002705742255,231.51218,True,True,True,True
1306.65,4.26,11786.578545454546,12251.17,40553.29,716.39,96.14,2774.33,47.59,40.91,0.04431038023392573,122.598069719747,522.2677770061222,4.415902216241074,0.3100000000001728,-0.1900000000000004,-1075.1014545454545,46.4,724.32,-12.620000000000005,765.4874538315386,49.09745383153859,231.51218,True,True,True,True
1306.65,4.26,12026.704181818182,12251.17,40553.29,716.39,34.826,2774.33,47.59,40.91,0.1223223992901166,345.33692748180255,1471.1353110724788,4.415902216241074,0.3100000000001728,-0.1900000000000004,-834.9758181818179,-14.914000000000001,724.32,-12.620000000000005,790.6691908227473,74.2791908227473,182.12222,True,False,True,False
1306.65,4.26,12026.704181818182,12251.17,40553.29,716.39,36.219500000000004,2774.33,47.59,40.91,0.11761619797025916,332.0505211217068,1414.535219978471,4.415902216241074,0.3100000000001728,-0.1900000000000004,-834.9758181818179,-13.520499999999998,724.32,-12.620000000000005,787.5170579508192,71.12705795081922,193.6772,True,False,True,False
1306.65,4.26,12026.704181818182,12251.17,40553.29,716.39,37.613,2774.33,47.59,40.91,0.11325871073143035,319.7485938922604,1362.1290099810292,4.415902216241074,0.3100000000001728,-0.1900000000000004,-834.9758181818179,-12.127000000000002,724.32,-12.620000000000005,779.4472706563865,63.05727065638655,209.22731,True,True,True,True
1306.65,4.26,12026.704181818182,12251.17,40553.29,716.39,39.0065,2774.33,47.59,40.91,0.109212564336391,308.32563479144625,1313.4672042115608,4.415902216241074,0.3100000000001728,-0.1900000000000004,-834.9758181818179,-10.7335,724.32,-12.620000000000005,785.6185599474708,69.22855994747079,209.71269,True,False,True,False
1306.65,4.26,12026.704181818182,12251.17,40553.29,716.39,40.4,2774.33,47.59,40.91,0.10544554194441728,297.6906902011756,1268.1623402570078,4.415902216241074,0.3100000000001728,-0.1900000000000004,-834.9758181818179,-9.340000000000003,724.32,-12.620000000000005,783.3334557872965,66.94345578729656,217.91605,True,True,True,True
1306.65,4.26,12026.704181818182,12251.17,40553.29,716.39,41.7935,2774.33,47.59,40.91,0.10192972347542743,287.76493698908314,1225.878631573494,4.415902216241074,0.3100000000001728,-0.1900000000000004,-834.9758181818179,-7.9465,724.32,-12.620000000000005,784.0694461459155,67.67944614591556,222.43375,True,False,True,False
1306.65,4.26,12026.704181818182,12251.17,40553.29,716.39,43.187,2774.33,47.59,40.91,0.09864079239954635,278.4797254576252,1186.323630449483,4.415902216241074,0.3100000000001728,-0.1900000000000004,-834.9758181818179,-6.553000000000004,724.32,-12.620000000000005,779.4589450414506,63.06894504145066,231.69771,True,True,True,True
1306.65,4.26,12026.704181818182,12251.17,40553.29,716.39,44.5805,2774.33,47.59,40.91,0.09555747253715251,269.7749893348705,1149.241454566548,4.415902216241074,0.3100000000001728,-0.1900000000000004,-834.9758181818179,-5.159500000000001,724.32,-12.620000000000005,780.7185321175433,64.32853211754332,234.54764,True,True,True,True
1306.65,4.26,12026.704181818182,12251.17,40553.29,716.39,45.974000000000004,2774.33,47.59,40.91,0.09266106728452891,261.5979449301831,1114.40724540258,4.415902216241074,0.3100000000001728,-0.1900000000000004,-834.9758181818179,-3.7659999999999982,724.32,-12.620000000000005,783.0415748186497,66.65157481864969,235.83963,True,True,True,True
1306.65,4.26,12026.704181818182,12251.17,40553.29,716.39,47.3675,2774.33,47.59,40.91,0.08993508017237388,253.90201990639497,1081.6226048012425,4.415902216241074,0.3100000000001728,-0.1900000000000004,-834.9758181818179,-2.3725000000000023,724.32,-12.620000000000005,784.5185284659244,68.12852846592443,237.52687,True,False,True,False
1306.65,4.26,12026.704181818182,12251.17,40553.29,716.39,48.760999999999996,2774.33,47.59,40.91,0.08736490048676401,246.64596573434136,1050.7118140282942,4.415902216241074,0.3100000000001728,-0.1900000000000004,-834.9758181818179,-0.9790000000000063,724.32,-12.620000000000005,775.9905358902843,59.60053589028428,248.80687,True,True,True,True
1306.65,4.26,12026.704181818182,12251.17,40553.29,716.39,50.1545,2774.33,47.59,40.91,0.08493754129863638,239.79311810555515,1021.5186831296649,4.415902216241074,0.3100000000001728,-0.1900000000000004,-834.9758181818179,0.41449999999999676,724.32,-12.620000000000005,769.2123519198813,52.82235191988127,257.95923,True,True,True,True
1306.65,4.26,12026.704181818182,12251.17,40553.29,716.39,51.548,2774.33,47.59,40.91,0.08264141998445293,233.31077730479174,993.9039113184128,4.415902216241074,0.3100000000001728,-0.1900000000000004,-834.9758181818179,1.8079999999999998,724.32,-12.620000000000005,771.6288029182256,55.23880291822559,257.56976,True,True,True,True
1306.65,4.26,12026.704181818182,12251.17,40553.29,716.39,52.941500000000005,2774.33,47.59,40.91,0.08046617340902366,227.16968643972112,967.7428642332119,4.415902216241074,0.3100000000001728,-0.1900000000000004,-834.9758181818179,3.201500000000003,724.32,-12.620000000000005,773.9191752535644,57.529175253564404,256.9866,True,True,True,True
1306.65,4.26,12026.704181818182,12251.17,40553.29,716.39,54.335,2774.33,47.59,40.91,0.07840250154775924,221.34358995996305,942.9236932294426,4.415902216241074,0.3100000000001728,-0.1900000000000004,-834.9758181818179,4.594999999999999,724.32,-12.620000000000005,781.6613710611368,65.27137106113685,250.65645,True,True,True,True
1306.65,4.26,12026.704181818182,12251.17,40553.29,716.39,55.7285,2774.33,47.59,40.91,0.07644203457042564,215.8088584119315,919.3457368348281,4.415902216241074,0.3100000000001728,-0.1900000000000004,-834.9758181818179,5.988499999999995,724.32,-12.620000000000005,782.8003842623211,66.41038426232114,250.65645,True,True,True,True
1306.65,4.26,12026.704181818182,12251.17,40553.29,716.39,57.122,2774.33,47.59,40.91,0.07457721937997235,210.54416811865858,896.9181561854855,4.415902216241074,0.3100000000001728,-0.1900000000000004,-834.9758181818179,7.381999999999998,724.32,-12.620000000000005,779.5478774591977,63.15787745919772,254.79492,True,True,True,True
1306.65,4.26,12026.704181818182,12251.17,40553.29,716.39,58.5155,2774.33,47.59,40.91,0.07280122236328455,205.5302266286361,875.5587654379897,4.415902216241074,0.3100000000001728,-0.1900000000000004,-834.9758181818179,8.775500000000001,724.32,-12.620000000000005,765.9158559551652,49.525855955165184,269.07794,True,True,False,False
1306.65,4.26,12026.704181818182,12251.17,40553.29,716.39,59.909,2774.33,47.59,40.91,0.07110784571420245,200.74953648147434,855.1930254110806,4.415902216241074,0.3100000000001728,-0.1900000000000004,-834.9758181818179,10.168999999999997,724.32,-12.620000000000005,766.9647681504455,50.57476815044549,268.46146,True,True,False,False
1306.65,4.26,12026.704181818182,12251.17,40553.29,716.39,61.302499999999995,2774.33,47.59,40.91,0.06949145516917818,196.186191193377,835.7531744837859,4.415902216241074,0.3100000000001728,-0.1900000000000004,-834.9758181818179,11.562499999999993,724.32,-12.620000000000005,761.2420206917784,44.85202069177842,274.41296,True,True,False,False
1306.65,4.26,12026.704181818182,12251.17,40553.29,716.39,62.696,2774.33,47.59,40.91,0.0679469173799458,191.825698449542,817.1774753950489,4.415902216241074,0.3100000000001728,-0.1900000000000004,-834.9758181818179,12.955999999999996,724.32,-12.620000000000005,758.5028625366101,42.11286253661012,277.1908,True,True,False,False
1306.65,4.26,12026.704181818182,12251.17,40553.29,716.39,64.0895,2774.33,47.59,40.91,0.06646954545643911,187.65482636256104,799.40956030451,4.415902216241074,0.3100000000001728,-0.1900000000000004,-834.9758181818179,14.349499999999999,724.32,-12.620000000000005,755.442432095301,39.052432095301015,280.1122,True,True,False,False
1306.65,4.26,12026.704181818182,12251.17,40553.29,716.39,65.483,2774.33,47.59,40.91,0.06505505146289797,183.66146936085264,782.3978594772321,4.415902216241074,0.3100000000001728,-0.1900000000000004,-834.9758181818179,15.743000000000002,724.32,-12.620000000000005,755.625997648616,39.235997648616035,279.6233,True,True,False,False
1306.65,4.26,12026.704181818182,12251.17,40553.29,716.39,66.8765,2774.33,47.59,40.91,0.06369950485298267,179.83453084392355,766.0951013951143,4.415902216241074,0.3100000000001728,-0.1900000000000004,-834.9758181818179,17.13649999999999,724.32,-12.620000000000005,757.3123400125739,40.922340012573954,277.47565,True,True,False,False
1306.65,4.26,12026.704181818182,12251.17,40553.29,716.39,68.27000000000001,2774.33,47.59,40.91,0.06239929599532303,176.1638202087939,750.457874089462,4.415902216241074,0.3100000000001728,-0.1900000000000004,-834.9758181818179,18.53000000000001,724.32,-12.620000000000005,773.1213905353961,56.731390535396145,261.0589,True,True,False,False
1306.65,4.26,12026.704181818182,12251.17,40553.29,716.39,69.6635,2774.33,47.59,40.91,0.06115110407672448,172.63996223529136,735.4462391223412,4.415902216241074,0.3100000000001728,-0.1900000000000004,-834.9758181818179,19.923499999999997,724.32,-12.620000000000005,776.5145101012679,60.1245101012679,256.92047,True,True,True,True
1306.65,4.26,12026.704181818182,12251.17,40553.29,716.39,71.057,2774.33,47.59,40.91,0.059951868782078206,169.25431713362323,721.0233909892349,4.415902216241074,0.3100000000001728,-0.1900000000000004,-834.9758181818179,21.317,724.32,-12.620000000000005,778.457527918232,62.06752791823203,254.10263,True,True,True,True
1306.65,4.26,12026.704181818182,12251.17,40553.29,716.39,72.4505,2774.33,47.59,40.91,0.05879876524249294,165.99890981869376,707.1553558276354,4.415902216241074,0.3100000000001728,-0.1900000000000004,-834.9758181818179,22.710500000000003,724.32,-12.620000000000005,777.4606637498571,61.07066374985709,254.10263,True,True,True,True
1306.65,4.26,12026.704181818182,12251.17,40553.29,716.39,73.844,2774.33,47.59,40.91,0.05768918181992875,162.86636719234895,693.8107242394066,4.415902216241074,0.3100000000001728,-0.1900000000000004,-834.9758181818179,24.103999999999992,724.32,-12.620000000000005,776.0660134437294,59.6760134437294,254.38528,True,True,True,True
1306.65,4.26,12026.704181818182,12251.17,40553.29,716.39,75.2375,2774.33,47.59,40.91,0.05662070036058215,159.84986239532574,680.9604138040877,4.415902216241074,0.3100000000001728,-0.1900000000000004,-834.9758181818179,25.497499999999995,724.32,-12.620000000000005,773.7211210685196,57.331121068519565,255.50945,True,True,True,True
1306.65,4.26,12026.704181818182,12251.17,40553.29,716.39,76.631,2774.33,47.59,40.91,0.0555910786027707,156.94306514171964,668.5774575037257,4.415902216241074,0.3100000000001728,-0.1900000000000004,-834.9758181818179,26.891,724.32,-12.620000000000005,778.0705903952737,61.680590395273725,249.83644,True,True,True,True
1306.65,4.26,12026.704181818182,12251.17,40553.29,716.39,78.02449999999999,2774.33,47.59,40.91,0.05459823446996477,154.1400973755434,656.636814819815,4.415902216241074,0.3100000000001728,-0.1900000000000004,-834.9758181818179,28.284499999999987,724.32,-12.620000000000005,777.4643509374516,61.07435093745164,249.02185,True,True,True,True
1306.65,4.26,12026.704181818182,12251.17,40553.29,716.39,79.418,2774.33,47.59,40.91,0.05364023201742385,151.43549359569226,645.115202717649,4.415902216241074,0.3100000000001728,-0.1900000000000004,-834.9758181818179,29.678000000000004,724.32,-12.620000000000005,799.8935319210477,83.50353192104774,225.07967,True,False,True,False
1306.65,4.26,12026.704181818182,12251.17,40553.29,716.39,80.8115,2774.33,47.59,40.91,0.05271526883283606,148.8241652858073,633.9909441175391,4.415902216241074,0.3100000000001728,-0.1900000000000004,-834.9758181818179,31.071499999999993,724.32,-12.620000000000005,798.2931231796349,81.90312317963492,225.07967,True,False,True,False
1306.65,4.26,12026.704181818182,12251.17,40553.29,716.39,82.205,2774.33,47.59,40.91,0.05182166471842753,146.30136896194654,623.2438317778922,4.415902216241074,0.3100000000001728,-0.1900000000000004,-834.9758181818179,32.464999999999996,724.32,-12.620000000000005,802.4177985528382,86.02779855283825,219.27162,True,False,True,False
1306.65,4.26,12026.704181818182,12251.17,40553.29,716.39,83.5985,2774.33,47.59,40.91,0.05095785150501682,143.86267741592857,612.8550057918557,4.415902216241074,0.3100000000001728,-0.1900000000000004,-834.9758181818179,33.8585,724.32,-12.620000000000005,801.6095056994333,85.21950569943328,218.31773,True,False,True,False
1306.65,4.26,12026.704181818182,12251.17,40553.29,716.39,84.99199999999999,2774.33,47.59,40.91,0.050122363868100955,141.50395378758273,602.8068431351023,4.415902216241074,0.3100000000001728,-0.1900000000000004,-834.9758181818179,35.25199999999999,724.32,-12.620000000000005,799.7723896853522,83.38238968535222,218.31773,True,False,True,False
1306.65,4.26,12026.704181818182,12251.17,40553.29,716.39,86.38550000000001,2774.33,47.59,40.91,0.049313831032825745,139.22132814646966,593.0828579039606,4.415902216241074,0.3100000000001728,-0.1900000000000004,-834.9758181818179,36.645500000000006,724.32,-12.620000000000005,796.8897369252285,80.49973692522849,219.29196,True,False,True,False
1306.65,4.26,12026.704181818182,12251.17,40553.29,716.39,87.779,2774.33,47.59,40.91,0.048530969269062425,137.01117630420723,583.6676110559227,4.415902216241074,0.3100000000001728,-0.1900000000000004,-834.9758181818179,38.038999999999994,724.32,-12.620000000000005,794.9133993335228,78.52339933352278,219.29196,True,False,True,False
1306.65,4.26,12026.704181818182,12251.17,40553.29,716.39,89.1725,2774.33,47.59,40.91,0.04777257509016148,134.87010061339632,574.5466286130683,4.415902216241074,0.3100000000001728,-0.1900000000000004,-834.9758181818179,39.4325,724.32,-12.620000000000005,792.8723328250096,76.48233282500962,219.29196,True,False,True,False
1306.65,4.26,12026.704181818182,12251.17,40553.29,716.39,90.566,2774.33,47.59,40.91,0.04703751907959367,132.79491253917882,565.7063274169018,4.415902216241074,0.3100000000001728,-0.1900000000000004,-834.9758181818179,40.826,724.32,-12.620000000000005,791.2032105702074,74.81321057020739,218.85828,True,False,True,False
1306.65,4.26,12026.704181818182,12251.17,40553.29,716.39,91.95949999999999,2774.33,47.59,40.91,0.04632474027887559,130.78261681539772,557.1339476335943,4.415902216241074,0.3100000000001728,-0.1900000000000004,-834.9758181818179,42.21949999999999,724.32,-12.620000000000005,789.0414687258922,72.65146872589219,218.85828,True,False,True,False
1306.65,4.26,12026.704181818182,12251.17,40553.29,716.39,93.35300000000001,2774.33,47.59,40.91,0.04563324107813095,128.83039701978282,548.8174913042748,4.415902216241074,0.3100000000001728,-0.1900000000000004,-834.9758181818179,43.61300000000001,724.32,-12.620000000000005,783.5156467343271,67.12564673432712,222.16606,True,True,True,True
1306.65,4.26,12026.704181818182,12251.17,40553.29,716.39,94.7465,2774.33,47.59,40.91,0.044962082557539515,126.93560242206921,540.7456663180149,4.415902216241074,0.3100000000001728,-0.1900000000000004,-834.9758181818179,45.006499999999996,724.32,-12.620000000000005,774.6498349501801,58.25983495018011,228.76003,True,True,True,True
1306.65,4.26,12026.704181818182,12251.17,40553.29,716.39,96.14,2774.33,47.59,40.91,0.04431038023392573,125.09573597589397,532.9078352573083,4.415902216241074,0.3100000000001728,-0.1900000000000004,-834.9758181818179,46.4,724.32,-12.620000000000005,773.2472460735723,56.857246073572355,227.8393,True,True,True,True
1306.65,4.26,12266.829818181817,12251.17,40553.29,716.39,34.826,2774.33,47.59,40.91,0.1223223992901166,352.231937803649,1500.5080550435446,4.415902216241074,0.3100000000001728,-0.1900000000000004,-594.850181818183,-14.914000000000001,724.32,-12.620000000000005,788.1089416399901,71.71894163999013,184.79166,True,False,True,False
1306.65,4.26,12266.829818181817,12251.17,40553.29,716.39,36.219500000000004,2774.33,47.59,40.91,0.11761619797025916,338.68025454524667,1442.7778843627507,4.415902216241074,0.3100000000001728,-0.1900000000000004,-594.850181818183,-13.520499999999998,724.32,-12.620000000000005,784.6237124303065,68.23371243030647,196.9197,True,False,True,False
1306.65,4.26,12266.829818181817,12251.17,40553.29,716.39,37.613,2774.33,47.59,40.91,0.11325871073143035,326.13270656552555,1389.3253299691387,4.415902216241074,0.3100000000001728,-0.1900000000000004,-594.850181818183,-12.127000000000002,724.32,-12.620000000000005,777.3491665099298,60.95916650992979,211.89674,True,True,True,True
1306.65,4.26,12266.829818181817,12251.17,40553.29,716.39,39.0065,2774.33,47.59,40.91,0.109212564336391,314.48167622576085,1339.691940721741,4.415902216241074,0.3100000000001728,-0.1900000000000004,-594.850181818183,-10.7335,724.32,-12.620000000000005,779.7777733826817,63.38777338268176,216.33112,True,True,True,True
1306.65,4.26,12266.829818181817,12251.17,40553.29,716.39,40.4,2774.33,47.59,40.91,0.10544554194441728,303.6343939244412,1293.4825181181195,4.415902216241074,0.3100000000001728,-0.1900000000000004,-594.850181818183,-9.340000000000003,724.32,-12.620000000000005,781.6337343907893,65.24373439078931,220.58548,True,True,True,True
1306.65,4.26,12266.829818181817,12251.17,40553.29,716.39,41.7935,2774.33,47.59,40.91,0.10192972347542743,293.51046274352126,1250.3545712874004,4.415902216241074,0.3100000000001728,-0.1900000000000004,-594.850181818183,-7.9465,724.32,-12.620000000000005,781.0754655053879,64.68546550538792,226.5767,True,True,True,True
1306.65,4.26,12266.829818181817,12251.17,40553.29,716.39,43.187,2774.33,47.59,40.91,0.09864079239954635,284.03986232296654,1210.0098134958373,4.415902216241074,0.3100000000001728,-0.1900000000000004,-594.850181818183,-6.553000000000004,724.32,-12.620000000000005,778.1061884821693,61.71618848216929,234.36714,True,True,True,True
1306.65,4.26,12266.829818181817,12251.17,40553.29,716.39,44.5805,2774.33,47.59,40.91,0.09555747253715251,275.16132710535976,1172.1872534688325,4.415902216241074,0.3100000000001728,-0.1900000000000004,-594.850181818183,-5.159500000000001,724.32,-12.620000000000005,779.5229898050341,63.13298980503407,237.21707,True,True,True,True
1306.65,4.26,12266.829818181817,12251.17,40553.29,716.39,45.974000000000004,2774.33,47.59,40.91,0.09266106728452891,266.82101951887586,1136.657543150411,4.415902216241074,0.3100000000001728,-0.1900000000000004,-594.850181818183,-3.7659999999999982,724.32,-12.620000000000005,781.9937162335708,65.60371623357082,238.50906,True,True,True,True
1306.65,4.26,12266.829818181817,12251.17,40553.29,716.39,47.3675,2774.33,47.59,40.91,0.08993508017237388,258.97143736127896,1103.2183231590482,4.415902216241074,0.3100000000001728,-0.1900000000000004,-594.850181818183,-2.3725000000000023,724.32,-12.620000000000005,778.8077385620763,62.41773856207635,244.99823,True,True,True,True
1306.65,4.26,12266.829818181817,12251.17,40553.29,716.39,48.760999999999996,2774.33,47.59,40.91,0.08736490048676401,251.57050853369108,1071.6903663535238,4.415902216241074,0.3100000000001728,-0.1900000000000004,-594.850181818183,-0.9790000000000063,724.32,-12.620000000000005,773.304487936673,56.91448793667303,253.38454,True,True,True,True
1306.65,4.26,12266.829818181817,12251.17,40553.29,716.39,50.1545,2774.33,47.59,40.91,0.08493754129863638,244.58083668665785,1041.9143642851625,4.415902216241074,0.3100000000001728,-0.1900000000000004,-594.850181818183,0.41449999999999676,724.32,-12.620000000000005,767.6667342764692,51.276734276469256,261.52023,True,True,False,False
1306.65,4.26,12266.829818181817,12251.17,40553.29,716.39,51.548,2774.33,47.59,40.91,0.08264141998445293,237.96906922116762,1013.748234882174,4.415902216241074,0.3100000000001728,-0.1900000000000004,-594.850181818183,1.8079999999999998,724.32,-12.620000000000005,771.0918018756811,54.7018018756811,260.23923,True,True,False,False
1306.65,4.26,12266.829818181817,12251.17,40553.29,716.39,52.941500000000005,2774.33,47.59,40.91,0.08046617340902366,231.70536510065736,987.0648553288003,4.415902216241074,0.3100000000001728,-0.1900000000000004,-594.850181818183,3.201500000000003,724.32,-12.620000000000005,772.9099266471696,56.519926647169655,260.23923,True,True,False,False
1306.65,4.26,12266.829818181817,12251.17,40553.29,716.39,54.335,2774.33,47.59,40.91,0.07840250154775924,225.76294455542234,961.7501438060991,4.415902216241074,0.3100000000001728,-0.1900000000000004,-594.850181818183,4.594999999999999,724.32,-12.620000000000005,777.2021857273246,60.81218572732462,257.46423,True,True,True,True
1306.65,4.26,12266.829818181817,12251.17,40553.29,716.39,55.7285,2774.33,47.59,40.91,0.07644203457042564,220.1177063453011,937.7014290309826,4.415902216241074,0.3100000000001728,-0.1900000000000004,-594.850181818183,5.988499999999995,724.32,-12.620000000000005,763.3055403310207,46.91554033102068,272.59985,True,True,False,False
1306.65,4.26,12266.829818181817,12251.17,40553.29,716.39,57.122,2774.33,47.59,40.91,0.07457721937997235,214.7479010439746,914.8260584473317,4.415902216241074,0.3100000000001728,-0.1900000000000004,-594.850181818183,7.381999999999998,724.32,-12.620000000000005,764.2865914050433,47.896591405043296,272.59985,True,True,False,False
1306.65,4.26,12266.829818181817,12251.17,40553.29,716.39,58.5155,2774.33,47.59,40.91,0.07280122236328455,209.63385100610893,893.0402052860239,4.415902216241074,0.3100000000001728,-0.1900000000000004,-594.850181818183,8.775500000000001,724.32,-12.620000000000005,765.615547913952,49.22554791395203,272.01245,True,True,False,False
1306.65,4.26,12266.829818181817,12251.17,40553.29,716.39,59.909,2774.33,47.59,40.91,0.07110784571420245,204.75770941634994,872.2678421136507,4.415902216241074,0.3100000000001728,-0.1900000000000004,-594.850181818183,10.168999999999997,724.32,-12.620000000000005,765.2894688312597,48.899468831259696,272.8573,True,True,False,False
1306.65,4.26,12266.829818181817,12251.17,40553.29,716.39,61.302499999999995,2774.33,47.59,40.91,0.06949145516917818,200.1032522014366,852.4398543781198,4.415902216241074,0.3100000000001728,-0.1900000000000004,-594.850181818183,11.562499999999993,724.32,-12.620000000000005,761.3755793370697,44.98557933706968,277.08237,True,True,False,False
1306.65,4.26,12266.829818181817,12251.17,40553.29,716.39,62.696,2774.33,47.59,40.91,0.0679469173799458,195.6556976924544,833.4932721698557,4.415902216241074,0.3100000000001728,-0.1900000000000004,-594.850181818183,12.955999999999996,724.32,-12.620000000000005,758.7152055608958,42.325205560895824,279.86017,True,True,False,False
1306.65,4.26,12266.829818181817,12251.17,40553.29,716.39,64.0895,2774.33,47.59,40.91,0.06646954545643911,191.4015498136242,815.370602206039,4.415902216241074,0.3100000000001728,-0.1900000000000004,-594.850181818183,14.349499999999999,724.32,-12.620000000000005,755.7300737681419,39.340073768141906,282.78162,True,True,False,False
1306.65,4.26,12266.829818181817,12251.17,40553.29,716.39,65.483,2774.33,47.59,40.91,0.06505505146289797,187.32846129305858,798.0192451084296,4.415902216241074,0.3100000000001728,-0.1900000000000004,-594.850181818183,15.743000000000002,724.32,-12.620000000000005,755.4968403091241,39.106840309124095,282.78162,True,True,False,False
1306.65,4.26,12266.829818181817,12251.17,40553.29,716.39,66.8765,2774.33,47.59,40.91,0.06369950485298267,183.4251139751139,781.3909855339851,4.415902216241074,0.3100000000001728,-0.1900000000000004,-594.850181818183,17.13649999999999,724.32,-12.620000000000005,757.7412222528669,41.35122225286693,280.14505,True,True,False,False
1306.65,4.26,12266.829818181817,12251.17,40553.29,716.39,68.27000000000001,2774.33,47.59,40.91,0.06239929599532303,179.6811137908408,765.4415447489818,4.415902216241074,0.3100000000001728,-0.1900000000000004,-594.850181818183,18.53000000000001,724.32,-12.620000000000005,757.1998205934426,40.80982059344262,280.14505,True,True,False,False
1306.65,4.26,12266.829818181817,12251.17,40553.29,716.39,69.6635,2774.33,47.59,40.91,0.06115110407672448,176.08689833406189,750.1301869031035,4.415902216241074,0.3100000000001728,-0.1900000000000004,-594.850181818183,19.923499999999997,724.32,-12.620000000000005,757.7994060172578,41.409406017257766,278.8638,True,True,False,False
1306.65,4.26,12266.829818181817,12251.17,40553.29,716.39,71.057,2774.33,47.59,40.91,0.059951868782078206,172.63365531261047,735.4193716317205,4.415902216241074,0.3100000000001728,-0.1900000000000004,-594.850181818183,21.317,724.32,-12.620000000000005,756.9857306193246,40.59573061932463,278.8638,True,True,False,False
1306.65,4.26,12266.829818181817,12251.17,40553.29,716.39,72.4505,2774.33,47.59,40.91,0.05879876524249294,169.3132504105364,721.274446748885,4.415902216241074,0.3100000000001728,-0.1900000000000004,-594.850181818183,22.710500000000003,724.32,-12.620000000000005,758.8654411583823,42.475441158382296,276.04602,True,True,False,False
1306.65,4.26,12266.829818181817,12251.17,40553.29,716.39,73.844,2774.33,47.59,40.91,0.05768918181992875,166.11816331812545,707.6633757352143,4.415902216241074,0.3100000000001728,-0.1900000000000004,-594.850181818183,24.103999999999992,724.32,-12.620000000000005,777.0839770950743,60.693977095074274,256.77206,True,True,True,True
1306.65,4.26,12266.829818181817,12251.17,40553.29,716.39,75.2375,2774.33,47.59,40.91,0.05662070036058215,163.04143087078103,694.556495509527,4.415902216241074,0.3100000000001728,-0.1900000000000004,-594.850181818183,25.497499999999995,724.32,-12.620000000000005,775.635041563015,59.24504156301498,257.05475,True,True,True,True
1306.65,4.26,12266.829818181817,12251.17,40553.29,716.39,76.631,2774.33,47.59,40.91,0.0555910786027707,160.0765963918678,681.9263006293568,4.415902216241074,0.3100000000001728,-0.1900000000000004,-594.850181818183,26.891,724.32,-12.620000000000005,778.0213391132913,61.63133911329135,253.39742,True,True,True,True
1306.65,4.26,12266.829818181817,12251.17,40553.29,716.39,78.02449999999999,2774.33,47.59,40.91,0.05459823446996477,157.21766446390754,669.7472506162461,4.415902216241074,0.3100000000001728,-0.1900000000000004,-594.850181818183,28.284499999999987,724.32,-12.620000000000005,776.6511329606492,60.261132960649206,253.39742,True,True,True,True
1306.65,4.26,12266.829818181817,12251.17,40553.29,716.39,79.418,2774.33,47.59,40.91,0.05364023201742385,154.45906046139106,657.9955975655259,4.415902216241074,0.3100000000001728,-0.1900000000000004,-594.850181818183,29.678000000000004,724.32,-12.620000000000005,797.2209275315051,80.83092753150515,231.36346,True,False,True,False
1306.65,4.26,12266.829818181817,12251.17,40553.29,716.39,80.8115,2774.33,47.59,40.91,0.05271526883283606,151.79559427044694,646.649231592104,4.415902216241074,0.3100000000001728,-0.1900000000000004,-594.850181818183,31.071499999999993,724.32,-12.620000000000005,796.5592219203597,80.16922192035975,230.47192,True,False,True,False
1306.65,4.26,12266.829818181817,12251.17,40553.29,716.39,82.205,2774.33,47.59,40.91,0.05182166471842753,149.22242769855106,635.6875419958275,4.415902216241074,0.3100000000001728,-0.1900000000000004,-594.850181818183,32.464999999999996,724.32,-12.620000000000005,795.7360069610581,79.34600696105815,229.65733,True,False,True,False
1306.65,4.26,12266.829818181817,12251.17,40553.29,716.39,83.5985,2774.33,47.59,40.91,0.05095785150501682,146.73504514371396,625.0912923122214,4.415902216241074,0.3100000000001728,-0.1900000000000004,-594.850181818183,33.8585,724.32,-12.620000000000005,795.926104460623,79.53610446062305,227.7491,True,False,True,False
1306.65,4.26,12266.829818181817,12251.17,40553.29,716.39,84.99199999999999,2774.33,47.59,40.91,0.050122363868100955,144.3292271490563,614.8425076549797,4.415902216241074,0.3100000000001728,-0.1900000000000004,-594.850181818183,35.25199999999999,724.32,-12.620000000000005,799.9396332477223,83.54963324772234,221.94106,True,False,True,False
1306.65,4.26,12266.829818181817,12251.17,40553.29,716.39,86.38550000000001,2774.33,47.59,40.91,0.049313831032825745,142.0010265169593,604.9243729622467,4.415902216241074,0.3100000000001728,-0.1900000000000004,-594.850181818183,36.645500000000006,724.32,-12.620000000000005,797.7697305147067,81.3797305147067,222.24376,True,False,True,False
1306.65,4.26,12266.829818181817,12251.17,40553.29,716.39,87.779,2774.33,47.59,40.91,0.048530969269062425,139.7467466983569,595.3211409350004,4.415902216241074,0.3100000000001728,-0.1900000000000004,-594.850181818183,38.038999999999994,724.32,-12.620000000000005,795.8333099695643,79.44330996956433,222.24376,True,False,True,False
1306.65,4.26,12266.829818181817,12251.17,40553.29,716.39,89.1725,2774.33,47.59,40.91,0.04777257509016148,137.56292220829175,586.0180486073227,4.415902216241074,0.3100000000001728,-0.1900000000000004,-594.850181818183,39.4325,724.32,-12.620000000000005,794.1132768306547,77.72327683065475,221.9614,True,False,True,False
1306.65,4.26,12266.829818181817,12251.17,40553.29,716.39,90.566,2774.33,47.59,40.91,0.04703751907959367,135.44630084949668,577.0012416188558,4.415902216241074,0.3100000000001728,-0.1900000000000004,-594.850181818183,40.826,724.32,-12.620000000000005,792.0479487699574,75.65794876995744,221.9614,True,False,True,False
1306.65,4.26,12266.829818181817,12251.17,40553.29,716.39,91.95949999999999,2774.33,47.59,40.91,0.04632474027887559,133.39382755221584,568.2577053724393,4.415902216241074,0.3100000000001728,-0.1900000000000004,-594.850181818183,42.21949999999999,724.32,-12.620000000000005,789.9225505381348,73.53255053813484,221.9614,True,False,True,False
1306.65,4.26,12266.829818181817,12251.17,40553.29,716.39,93.35300000000001,2774.33,47.59,40.91,0.04563324107813095,131.40262966138405,559.775202357496,4.415902216241074,0.3100000000001728,-0.1900000000000004,-594.850181818183,43.61300000000001,724.32,-12.620000000000005,788.1734574783884,71.78345747838841,221.52771,True,False,True,False
1306.65,4.26,12266.829818181817,12251.17,40553.29,716.39,94.7465,2774.33,47.59,40.91,0.044962082557539515,129.47000352215454,551.5422150043782,4.415902216241074,0.3100000000001728,-0.1900000000000004,-594.850181818183,45.006499999999996,724.32,-12.620000000000005,785.6122223703992,69.22222237039921,221.85132,True,False,True,False
1306.65,4.26,12266.829818181817,12251.17,40553.29,716.39,96.14,2774.33,47.59,40.91,0.04431038023392573,127.59340223204093,543.5478935084943,4.415902216241074,0.3100000000001728,-0.1900000000000004,-594.850181818183,46.4,724.32,-12.620000000000005,778.1560098732233,61.76600987322331,227.01744,True,True,True,True
1306.65,4.26,12506.955454545456,12251.17,40553.29,716.39,34.826,2774.33,47.59,40.91,0.1223223992901166,359.1269481254956,1529.880799014611,4.415902216241074,0.3100000000001728,-0.1900000000000004,-354.72454545454457,-14.914000000000001,724.32,-12.620000000000005,784.3204362316469,67.93043623164692,188.68935,True,False,True,False
1306.65,4.26,12506.955454545456,12251.17,40553.29,716.39,36.219500000000004,2774.33,47.59,40.91,0.11761619797025916,345.30998796878663,1471.0205487470312,4.415902216241074,0.3100000000001728,-0.1900000000000004,-354.72454545454457,-13.520499999999998,724.32,-12.620000000000005,781.075169766239,64.68516976623903,200.81738,True,True,True,True
1306.65,4.26,12506.955454545456,12251.17,40553.29,716.39,37.613,2774.33,47.59,40.91,0.11325871073143035,332.5168192387908,1416.5216499572487,4.415902216241074,0.3100000000001728,-0.1900000000000004,-354.72454545454457,-12.127000000000002,724.32,-12.620000000000005,774.0228061378871,57.63280613788709,215.79443,True,True,True,True
1306.65,4.26,12506.955454545456,12251.17,40553.29,716.39,39.0065,2774.33,47.59,40.91,0.109212564336391,320.63771766007557,1365.916677231922,4.415902216241074,0.3100000000001728,-0.1900000000000004,-354.72454545454457,-10.7335,724.32,-12.620000000000005,773.0410822768772,56.65108227687722,223.84544,True,True,True,True
1306.65,4.26,12506.955454545456,12251.17,40553.29,716.39,40.4,2774.33,47.59,40.91,0.10544554194441728,309.5780976477069,1318.8026959792314,4.415902216241074,0.3100000000001728,-0.1900000000000004,-354.72454545454457,-9.340000000000003,724.32,-12.620000000000005,778.7057567686962,62.31575676869625,224.48317,True,True,True,True
1306.65,4.26,12506.955454545456,12251.17,40553.29,716.39,41.7935,2774.33,47.59,40.91,0.10192972347542743,299.25598849795944,1274.8305110013073,4.415902216241074,0.3100000000001728,-0.1900000000000004,-354.72454545454457,-7.9465,724.32,-12.620000000000005,778.3267546402511,61.93675464025114,230.4744,True,True,True,True
1306.65,4.26,12506.955454545456,12251.17,40553.29,716.39,43.187,2774.33,47.59,40.91,0.09864079239954635,289.599999188308,1233.6959965421922,4.415902216241074,0.3100000000001728,-0.1900000000000004,-354.72454545454457,-6.553000000000004,724.32,-12.620000000000005,776.2637010879268,59.87370108792686,237.5263,True,True,True,True
1306.65,4.26,12506.955454545456,12251.17,40553.29,716.39,44.5805,2774.33,47.59,40.91,0.09555747253715251,280.54766487584914,1195.1330523711172,4.415902216241074,0.3100000000001728,-0.1900000000000004,-354.72454545454457,-5.159500000000001,724.32,-12.620000000000005,776.8168273753374,60.42682737533744,241.39713,True,True,True,True
1306.65,4.26,12506.955454545456,12251.17,40553.29,716.39,45.974000000000004,2774.33,47.59,40.91,0.09266106728452891,272.04409410756864,1158.9078408982425,4.415902216241074,0.3100000000001728,-0.1900000000000004,-354.72454545454457,-3.7659999999999982,724.32,-12.620000000000005,778.7637134834529,62.37371348345289,243.36064,True,True,True,True
1306.65,4.26,12506.955454545456,12251.17,40553.29,716.39,47.3675,2774.33,47.59,40.91,0.08993508017237388,264.040854816163,1124.8140415168546,4.415902216241074,0.3100000000001728,-0.1900000000000004,-354.72454545454457,-2.3725000000000023,724.32,-12.620000000000005,774.7623844492441,58.37238444924412,250.80415,True,True,True,True
1306.65,4.26,12506.955454545456,12251.17,40553.29,716.39,48.760999999999996,2774.33,47.59,40.91,0.08736490048676401,256.49505133304086,1092.6689186787542,4.415902216241074,0.3100000000001728,-0.1900000000000004,-354.72454545454457,-0.9790000000000063,724.32,-12.620000000000005,769.5924542652883,53.20245426528834,258.9882,True,True,True,True
1306.65,4.26,12506.955454545456,12251.17,40553.29,716.39,50.1545,2774.33,47.59,40.91,0.08493754129863638,249.36855526776066,1062.3100454406604,4.415902216241074,0.3100000000001728,-0.1900000000000004,-354.72454545454457,0.41449999999999676,724.32,-12.620000000000005,765.7844161936041,49.394416193604116,265.41794,True,True,False,False
1306.65,4.26,12506.955454545456,12251.17,40553.29,716.39,51.548,2774.33,47.59,40.91,0.08264141998445293,242.62736113754355,1033.5925584459355,4.415902216241074,0.3100000000001728,-0.1900000000000004,-354.72454545454457,1.8079999999999998,724.32,-12.620000000000005,769.3265598663397,52.936559866339735,264.13693,True,True,False,False
1306.65,4.26,12506.955454545456,12251.17,40553.29,716.39,52.941500000000005,2774.33,47.59,40.91,0.08046617340902366,236.24104376159366,1006.3868464243891,4.415902216241074,0.3100000000001728,-0.1900000000000004,-354.72454545454457,3.201500000000003,724.32,-12.620000000000005,751.9816106579626,35.59161065796263,283.41092,True,True,False,False
1306.65,4.26,12506.955454545456,12251.17,40553.29,716.39,54.335,2774.33,47.59,40.91,0.07840250154775924,230.1822991508817,980.5765943827561,4.415902216241074,0.3100000000001728,-0.1900000000000004,-354.72454545454457,4.594999999999999,724.32,-12.620000000000005,759.9342387968327,43.5442387968327,277.08078,True,True,False,False
1306.65,4.26,12506.955454545456,12251.17,40553.29,716.39,55.7285,2774.33,47.59,40.91,0.07644203457042564,224.42655427867075,956.0571212271374,4.415902216241074,0.3100000000001728,-0.1900000000000004,-354.72454545454457,5.988499999999995,724.32,-12.620000000000005,761.8563964729624,45.4663964729624,276.49756,True,True,False,False
1306.65,4.26,12506.955454545456,12251.17,40553.29,716.39,57.122,2774.33,47.59,40.91,0.07457721937997235,218.95163396929067,932.7339607091783,4.415902216241074,0.3100000000001728,-0.1900000000000004,-354.72454545454457,7.381999999999998,724.32,-12.620000000000005,762.9325319133889,46.54253191338887,276.49756,True,True,False,False
1306.65,4.26,12506.955454545456,12251.17,40553.29,716.39,58.5155,2774.33,47.59,40.91,0.07280122236328455,213.7374753835818,910.5216451340584,4.415902216241074,0.3100000000001728,-0.1900000000000004,-354.72454545454457,8.775500000000001,724.32,-12.620000000000005,764.3520440719574,47.96204407195739,275.91016,True,True,False,False
1306.65,4.26,12506.955454545456,12251.17,40553.29,716.39,59.909,2774.33,47.59,40.91,0.07110784571420245,208.7658823512256,889.342658816221,4.415902216241074,0.3100000000001728,-0.1900000000000004,-354.72454545454457,10.168999999999997,724.32,-12.620000000000005,763.8472017386364,47.4572017386364,277.0201,True,True,False,False
1306.65,4.26,12506.955454545456,12251.17,40553.29,716.39,61.302499999999995,2774.33,47.59,40.91,0.06949145516917818,204.02031320949627,869.126534272454,4.415902216241074,0.3100000000001728,-0.1900000000000004,-354.72454545454457,11.562499999999993,724.32,-12.620000000000005,758.5543955507201,42.16439555072009,282.7065,True,True,False,False
1306.65,4.26,12506.955454545456,12251.17,40553.29,716.39,62.696,2774.33,47.59,40.91,0.0679469173799458,199.48569693536683,849.8090689446627,4.415902216241074,0.3100000000001728,-0.1900000000000004,-354.72454545454457,12.955999999999996,724.32,-12.620000000000005,757.6992160656503,41.309216065650276,283.75787,True,True,False,False
1306.65,4.26,12506.955454545456,12251.17,40553.29,716.39,64.0895,2774.33,47.59,40.91,0.06646954545643911,195.1482732646874,831.3316441075683,4.415902216241074,0.3100000000001728,-0.1900000000000004,-354.72454545454457,14.349499999999999,724.32,-12.620000000000005,754.7894134390297,38.39941343902967,286.67932,True,True,False,False
1306.65,4.26,12506.955454545456,12251.17,40553.29,716.39,65.483,2774.33,47.59,40.91,0.06505505146289797,190.9954532252646,813.6406307396272,4.415902216241074,0.3100000000001728,-0.1900000000000004,-354.72454545454457,15.743000000000002,724.32,-12.620000000000005,754.6283030868199,38.23830308681988,286.67932,True,True,False,False
1306.65,4.26,12506.955454545456,12251.17,40553.29,716.39,66.8765,2774.33,47.59,40.91,0.06369950485298267,187.01569710630432,796.6868696728563,4.415902216241074,0.3100000000001728,-0.1900000000000004,-354.72454545454457,17.13649999999999,724.32,-12.620000000000005,756.4528803720661,40.06288037206616,284.53168,True,True,False,False
1306.65,4.26,12506.955454545456,12251.17,40553.29,716.39,68.27000000000001,2774.33,47.59,40.91,0.06239929599532303,183.19840737288774,780.4252154085018,4.415902216241074,0.3100000000001728,-0.1900000000000004,-354.72454545454457,18.53000000000001,724.32,-12.620000000000005,756.466696696411,40.07669669641098,284.04276,True,True,False,False
1306.65,4.26,12506.955454545456,12251.17,40553.29,716.39,69.6635,2774.33,47.59,40.91,0.06115110407672448,179.53383443283244,764.8141346838662,4.415902216241074,0.3100000000001728,-0.1900000000000004,-354.72454545454457,19.923499999999997,724.32,-12.620000000000005,755.8486757125447,39.45867571254473,284.04276,True,True,False,False
1306.65,4.26,12506.955454545456,12251.17,40553.29,716.39,71.057,2774.33,47.59,40.91,0.059951868782078206,176.01299349159777,749.8153522742065,4.415902216241074,0.3100000000001728,-0.1900000000000004,-354.72454545454457,21.317,724.32,-12.620000000000005,756.3773976758857,39.987397675885745,282.7615,True,True,False,False
1306.65,4.26,12506.955454545456,12251.17,40553.29,716.39,72.4505,2774.33,47.59,40.91,0.05879876524249294,172.62759100237906,735.3935376701348,4.415902216241074,0.3100000000001728,-0.1900000000000004,-354.72454545454457,22.710500000000003,724.32,-12.620000000000005,755.498123840345,39.108123840345,282.7615,True,True,False,False
1306.65,4.26,12506.955454545456,12251.17,40553.29,716.39,73.844,2774.33,47.59,40.91,0.05768918181992875,169.369959443902,721.5160272310225,4.415902216241074,0.3100000000001728,-0.1900000000000004,-354.72454545454457,24.103999999999992,724.32,-12.620000000000005,757.317059154622,40.92705915462204,279.94373,True,True,False,False
1306.65,4.26,12506.955454545456,12251.17,40553.29,716.39,75.2375,2774.33,47.59,40.91,0.05662070036058215,166.23299934623634,708.1525772149669,4.415902216241074,0.3100000000001728,-0.1900000000000004,-354.72454545454457,25.497499999999995,724.32,-12.620000000000005,756.2052883514559,39.81528835145593,279.94373,True,True,False,False
1306.65,4.26,12506.955454545456,12251.17,40553.29,716.39,76.631,2774.33,47.59,40.91,0.0555910786027707,163.210127642016,695.2751437549882,4.415902216241074,0.3100000000001728,-0.1900000000000004,-354.72454545454457,26.891,724.32,-12.620000000000005,759.4854087541605,43.09540875416053,275.44507,True,True,False,False
1306.65,4.26,12506.955454545456,12251.17,40553.29,716.39,78.02449999999999,2774.33,47.59,40.91,0.05459823446996477,160.29523155227173,682.8576864126776,4.415902216241074,0.3100000000001728,-0.1900000000000004,-354.72454545454457,28.284499999999987,724.32,-12.620000000000005,776.315759222128,59.92575922212802,257.29514,True,True,True,True
1306.65,4.26,12506.955454545456,12251.17,40553.29,716.39,79.418,2774.33,47.59,40.91,0.05364023201742385,157.48262732708992,670.8759924134031,4.415902216241074,0.3100000000001728,-0.1900000000000004,-354.72454545454457,29.678000000000004,724.32,-12.620000000000005,796.9344315404,80.54443154040007,235.26115,True,False,True,False
1306.65,4.26,12506.955454545456,12251.17,40553.29,716.39,80.8115,2774.33,47.59,40.91,0.05271526883283606,154.76702325508663,659.3075190666691,4.415902216241074,0.3100000000001728,-0.1900000000000004,-354.72454545454457,31.071499999999993,724.32,-12.620000000000005,795.4283480048346,79.03834800483457,235.26115,True,False,True,False
1306.65,4.26,12506.955454545456,12251.17,40553.29,716.39,82.205,2774.33,47.59,40.91,0.05182166471842753,152.14348643515564,648.1312522137631,4.415902216241074,0.3100000000001728,-0.1900000000000004,-354.72454545454457,32.464999999999996,724.32,-12.620000000000005,793.836106238419,77.44610623841902,235.26115,True,False,True,False
1306.65,4.26,12506.955454545456,12251.17,40553.29,716.39,83.5985,2774.33,47.59,40.91,0.05095785150501682,149.6074128714994,637.3275788325875,4.415902216241074,0.3100000000001728,-0.1900000000000004,-354.72454545454457,33.8585,724.32,-12.620000000000005,793.0535552725939,76.66355527259395,234.36961,True,False,True,False
1306.65,4.26,12506.955454545456,12251.17,40553.29,716.39,84.99199999999999,2774.33,47.59,40.91,0.050122363868100955,147.15450051052989,626.8781721748574,4.415902216241074,0.3100000000001728,-0.1900000000000004,-354.72454545454457,35.25199999999999,724.32,-12.620000000000005,792.1162304477878,75.72623044778777,233.55502,True,False,True,False
1306.65,4.26,12506.955454545456,12251.17,40553.29,716.39,86.38550000000001,2774.33,47.59,40.91,0.049313831032825745,144.78072488744905,616.765888020533,4.415902216241074,0.3100000000001728,-0.1900000000000004,-354.72454545454457,36.645500000000006,724.32,-12.620000000000005,790.9418993971537,74.55189939715376,232.90338,True,False,True,False
1306.65,4.26,12506.955454545456,12251.17,40553.29,716.39,87.779,2774.33,47.59,40.91,0.048530969269062425,142.48231709250663,606.9746708140783,4.415902216241074,0.3100000000001728,-0.1900000000000004,-354.72454545454457,38.038999999999994,724.32,-12.620000000000005,794.8534403321684,78.46344033216837,227.09534,True,False,True,False
1306.65,4.26,12506.955454545456,12251.17,40553.29,716.39,89.1725,2774.33,47.59,40.91,0.04777257509016148,140.25574380318722,597.4894686015775,4.415902216241074,0.3100000000001728,-0.1900000000000004,-354.72454545454457,39.4325,724.32,-12.620000000000005,793.8436007191126,77.45360071911261,226.14145,True,False,True,False
1306.65,4.26,12506.955454545456,12251.17,40553.29,716.39,90.566,2774.33,47.59,40.91,0.04703751907959367,138.09768915981456,588.2961558208101,4.415902216241074,0.3100000000001728,-0.1900000000000004,-354.72454545454457,40.826,724.32,-12.620000000000005,792.098116046856,75.70811604685605,225.85909,True,False,True,False
1306.65,4.26,12506.955454545456,12251.17,40553.29,716.39,91.95949999999999,2774.33,47.59,40.91,0.04632474027887559,136.00503828903396,579.3814631112847,4.415902216241074,0.3100000000001728,-0.1900000000000004,-354.72454545454457,42.21949999999999,724.32,-12.620000000000005,790.0090614275261,73.61906142752616,225.85909,True,False,True,False
1306.65,4.26,12506.955454545456,12251.17,40553.29,716.39,93.35300000000001,2774.33,47.59,40.91,0.04563324107813095,133.97486230298537,570.7329134107176,4.415902216241074,0.3100000000001728,-0.1900000000000004,-354.72454545454457,43.61300000000001,724.32,-12.620000000000005,787.8615416599496,71.4715416599496,225.85909,True,False,True,False
1306.65,4.26,12506.955454545456,12251.17,40553.29,716.39,94.7465,2774.33,47.59,40.91,0.044962082557539515,132.0044046222399,562.338763690742,4.415902216241074,0.3100000000001728,-0.1900000000000004,-354.72454545454457,45.006499999999996,724.32,-12.620000000000005,783.9132175787043,67.52321757870436,227.604,True,False,True,False
1306.65,4.26,12506.955454545456,12251.17,40553.29,716.39,96.14,2774.33,47.59,40.91,0.04431038023392573,130.09106848818791,554.1879517596806,4.415902216241074,0.3100000000001728,-0.1900000000000004,-354.72454545454457,46.4,724.32,-12.620000000000005,782.0900422275619,65.70004222756188,227.17032,True,True,True,True
1306.65,4.26,12747.08109090909,12251.17,40553.29,716.39,34.826,2774.33,47.59,40.91,0.1223223992901166,366.021958447342,1559.2535429856769,4.415902216241074,0.3100000000001728,-0.1900000000000004,-114.59890909090973,-14.914000000000001,724.32,-12.620000000000005,784.4296206426397,68.03962064263976,188.68935,True,False,True,False
1306.65,4.26,12747.08109090909,12251.17,40553.29,716.39,36.219500000000004,2774.33,47.59,40.91,0.11761619797025916,351.9397213923265,1499.2632131313107,4.415902216241074,0.3100000000001728,-0.1900000000000004,-114.59890909090973,-13.520499999999998,724.32,-12.620000000000005,781.4243169215075,65.03431692150752,200.81738,True,True,True,True
1306.65,4.26,12747.08109090909,12251.17,40553.29,716.39,37.613,2774.33,47.59,40.91,0.11325871073143035,338.9009319120559,1443.7179699453582,4.415902216241074,0.3100000000001728,-0.1900000000000004,-114.59890909090973,-12.127000000000002,724.32,-12.620000000000005,774.5941355851803,58.204135585180325,215.79443,True,True,True,True
1306.65,4.26,12747.08109090909,12251.17,40553.29,716.39,39.0065,2774.33,47.59,40.91,0.109212564336391,326.7937590943902,1392.1414137421023,4.415902216241074,0.3100000000001728,-0.1900000000000004,-114.59890909090973,-10.7335,724.32,-12.620000000000005,773.8187191740021,57.42871917400214,223.84544,True,True,True,True
1306.65,4.26,12747.08109090909,12251.17,40553.29,716.39,40.4,2774.33,47.59,40.91,0.10544554194441728,315.5218013709725,1344.122873840343,4.415902216241074,0.3100000000001728,-0.1900000000000004,-114.59890909090973,-9.340000000000003,724.32,-12.620000000000005,776.198174044064,59.808174044064,227.96046,True,True,True,True
1306.65,4.26,12747.08109090909,12251.17,40553.29,716.39,41.7935,2774.33,47.59,40.91,0.10192972347542743,305.00151425239756,1299.3064507152135,4.415902216241074,0.3100000000001728,-0.1900000000000004,-114.59890909090973,-7.9465,724.32,-12.620000000000005,779.47573359445,63.08573359445006,230.4744,True,True,True,True
1306.65,4.26,12747.08109090909,12251.17,40553.29,716.39,43.187,2774.33,47.59,40.91,0.09864079239954635,295.1601360536494,1257.3821795885465,4.415902216241074,0.3100000000001728,-0.1900000000000004,-114.59890909090973,-6.553000000000004,724.32,-12.620000000000005,777.5803781223954,61.19037812239537,237.5263,True,True,True,True
1306.65,4.26,12747.08109090909,12251.17,40553.29,716.39,44.5805,2774.33,47.59,40.91,0.09555747253715251,285.9340026463384,1218.0788512734016,4.415902216241074,0.3100000000001728,-0.1900000000000004,-114.59890909090973,-5.159500000000001,724.32,-12.620000000000005,778.2907186565782,61.90071865657819,241.39713,True,True,True,True
1306.65,4.26,12747.08109090909,12251.17,40553.29,716.39,45.974000000000004,2774.33,47.59,40.91,0.09266106728452891,277.2671686962614,1181.1581386460734,4.415902216241074,0.3100000000001728,-0.1900000000000004,-114.59890909090973,-3.7659999999999982,724.32,-12.620000000000005,775.5833628329443,59.19336283294433,248.16257,True,True,True,True
1306.65,4.26,12747.08109090909,12251.17,40553.29,716.39,47.3675,2774.33,47.59,40.91,0.08993508017237388,269.110272271047,1146.4097598746603,4.415902216241074,0.3100000000001728,-0.1900000000000004,-114.59890909090973,-2.3725000000000023,724.32,-12.620000000000005,775.7083633442242,59.31836334422417,251.61874,True,True,True,True
1306.65,4.26,12747.08109090909,12251.17,40553.29,716.39,48.760999999999996,2774.33,47.59,40.91,0.08736490048676401,261.4195941323906,1113.647471003984,4.415902216241074,0.3100000000001728,-0.1900000000000004,-114.59890909090973,-0.9790000000000063,724.32,-12.620000000000005,771.484073548005,55.094073548004985,258.9882,True,True,True,True
1306.65,4.26,12747.08109090909,12251.17,40553.29,716.39,50.1545,2774.33,47.59,40.91,0.08493754129863638,254.15627384886338,1082.705726596158,4.415902216241074,0.3100000000001728,-0.1900000000000004,-114.59890909090973,0.41449999999999676,724.32,-12.620000000000005,767.7998031888637,51.40980318886375,265.41794,True,True,False,False
1306.65,4.26,12747.08109090909,12251.17,40553.29,716.39,51.548,2774.33,47.59,40.91,0.08264141998445293,247.28565305391942,1053.4368820096968,4.415902216241074,0.3100000000001728,-0.1900000000000004,-114.59890909090973,1.8079999999999998,724.32,-12.620000000000005,752.1850361187171,35.79503611871712,283.41092,True,True,False,False
1306.65,4.26,12747.08109090909,12251.17,40553.29,716.39,52.941500000000005,2774.33,47.59,40.91,0.08046617340902366,240.77672242252993,1025.7088375199774,4.415902216241074,0.3100000000001728,-0.1900000000000004,-114.59890909090973,3.201500000000003,724.32,-12.620000000000005,754.2249865632868,37.83498656328686,283.41092,True,True,False,False
1306.65,4.26,12747.08109090909,12251.17,40553.29,716.39,54.335,2774.33,47.59,40.91,0.07840250154775924,234.601653746341,999.4030449594126,4.415902216241074,0.3100000000001728,-0.1900000000000004,-114.59890909090973,4.594999999999999,724.32,-12.620000000000005,762.2828384972004,45.89283849720039,277.08078,True,True,False,False
1306.65,4.26,12747.08109090909,12251.17,40553.29,716.39,55.7285,2774.33,47.59,40.91,0.07644203457042564,228.73540221204033,974.4128134232918,4.415902216241074,0.3100000000001728,-0.1900000000000004,-114.59890909090973,5.988499999999995,724.32,-12.620000000000005,763.7217362574822,47.33173625748225,277.08078,True,True,False,False
1306.65,4.26,12747.08109090909,12251.17,40553.29,716.39,57.122,2774.33,47.59,40.91,0.07457721937997235,223.15536689460671,950.6418629710246,4.415902216241074,0.3100000000001728,-0.1900000000000004,-114.59890909090973,7.381999999999998,724.32,-12.620000000000005,765.4761774998594,49.086177499859446,276.49756,True,True,False,False
1306.65,4.26,12747.08109090909,12251.17,40553.29,716.39,58.5155,2774.33,47.59,40.91,0.07280122236328455,217.8410997610546,928.0030849820926,4.415902216241074,0.3100000000001728,-0.1900000000000004,-114.59890909090973,8.775500000000001,724.32,-12.620000000000005,766.986245308088,50.59624530808799,275.91016,True,True,False,False
1306.65,4.26,12747.08109090909,12251.17,40553.29,716.39,59.909,2774.33,47.59,40.91,0.07110784571420245,212.77405528610117,906.4174755187911,4.415902216241074,0.3100000000001728,-0.1900000000000004,-114.59890909090973,10.168999999999997,724.32,-12.620000000000005,766.5677459253102,50.177745925310205,277.0201,True,True,False,False
1306.65,4.26,12747.08109090909,12251.17,40553.29,716.39,61.302499999999995,2774.33,47.59,40.91,0.06949145516917818,207.93737421755586,885.8132141667879,4.415902216241074,0.3100000000001728,-0.1900000000000004,-114.59890909090973,11.562499999999993,724.32,-12.620000000000005,761.357357272183,44.967357272182994,282.7065,True,True,False,False
1306.65,4.26,12747.08109090909,12251.17,40553.29,716.39,62.696,2774.33,47.59,40.91,0.0679469173799458,203.31569617827924,866.1248657194695,4.415902216241074,0.3100000000001728,-0.1900000000000004,-114.59890909090973,12.955999999999996,724.32,-12.620000000000005,758.8544912188422,42.46449121884223,285.4843,True,True,False,False
1306.65,4.26,12747.08109090909,12251.17,40553.29,716.39,64.0895,2774.33,47.59,40.91,0.06646954545643911,198.89499671575055,847.2926860090973,4.415902216241074,0.3100000000001728,-0.1900000000000004,-114.59890909090973,14.349499999999999,724.32,-12.620000000000005,757.7464581880424,41.35645818804244,286.67932,True,True,False,False
1306.65,4.26,12747.08109090909,12251.17,40553.29,716.39,65.483,2774.33,47.59,40.91,0.06505505146289797,194.66244515747056,829.2620163708247,4.415902216241074,0.3100000000001728,-0.1900000000000004,-114.59890909090973,15.743000000000002,724.32,-12.620000000000005,757.6574709426404,41.26747094264044,286.67932,True,True,False,False
1306.65,4.26,12747.08109090909,12251.17,40553.29,716.39,66.8765,2774.33,47.59,40.91,0.06369950485298267,190.60628023749467,811.9827538117273,4.415902216241074,0.3100000000001728,-0.1900000000000004,-114.59890909090973,17.13649999999999,724.32,-12.620000000000005,759.551165688531,43.161165688531014,284.53168,True,True,False,False
1306.65,4.26,12747.08109090909,12251.17,40553.29,716.39,68.27000000000001,2774.33,47.59,40.91,0.06239929599532303,186.71570095493465,795.4088860680216,4.415902216241074,0.3100000000001728,-0.1900000000000004,-114.59890909090973,18.53000000000001,724.32,-12.620000000000005,759.1423557583637,42.752355758363706,284.53168,True,True,False,False
1306.65,4.26,12747.08109090909,12251.17,40553.29,716.39,69.6635,2774.33,47.59,40.91,0.06115110407672448,182.98077053160293,779.4980824646285,4.415902216241074,0.3100000000001728,-0.1900000000000004,-114.59890909090973,19.923499999999997,724.32,-12.620000000000005,759.0769004859565,42.68690048595647,284.04276,True,True,False,False
1306.65,4.26,12747.08109090909,12251.17,40553.29,716.39,71.057,2774.33,47.59,40.91,0.059951868782078206,179.392331670585,764.2113329166922,4.415902216241074,0.3100000000001728,-0.1900000000000004,-114.59890909090973,21.317,724.32,-12.620000000000005,758.3855198105721,41.99551981057209,284.04276,True,True,False,False
1306.65,4.26,12747.08109090909,12251.17,40553.29,716.39,72.4505,2774.33,47.59,40.91,0.05879876524249294,175.9419315942217,749.5126285913844,4.415902216241074,0.3100000000001728,-0.1900000000000004,-114.59890909090973,22.710500000000003,724.32,-12.620000000000005,758.8462911414481,42.456291141448105,282.7615,True,True,False,False
1306.65,4.26,12747.08109090909,12251.17,40553.29,716.39,73.844,2774.33,47.59,40.91,0.05768918181992875,172.62175556967847,735.3686787268302,4.415902216241074,0.3100000000001728,-0.1900000000000004,-114.59890909090973,24.103999999999992,724.32,-12.620000000000005,757.9040230501075,41.51402305010754,282.7615,True,True,False,False
1306.65,4.26,12747.08109090909,12251.17,40553.29,716.39,75.2375,2774.33,47.59,40.91,0.05662070036058215,169.42456782169162,721.7486589204063,4.415902216241074,0.3100000000001728,-0.1900000000000004,-114.59890909090973,25.497499999999995,724.32,-12.620000000000005,759.6645121906781,43.27451219067814,279.94373,True,True,False,False
1306.65,4.26,12747.08109090909,12251.17,40553.29,716.39,76.631,2774.33,47.59,40.91,0.0555910786027707,166.34365889216417,708.6239868806193,4.415902216241074,0.3100000000001728,-0.1900000000000004,-114.59890909090973,26.891,724.32,-12.620000000000005,763.2797854018659,46.88978540186588,275.1624,True,True,False,False
1306.65,4.26,12747.08109090909,12251.17,40553.29,716.39,78.02449999999999,2774.33,47.59,40.91,0.05459823446996477,163.3727986406359,695.9681222091089,4.415902216241074,0.3100000000001728,-0.1900000000000004,-114.59890909090973,28.284499999999987,724.32,-12.620000000000005,761.7281729591928,45.338172959192775,275.44507,True,True,False,False
1306.65,4.26,12747.08109090909,12251.17,40553.29,716.39,79.418,2774.33,47.59,40.91,0.05364023201742385,160.50619419278874,683.75638726128,4.415902216241074,0.3100000000001728,-0.1900000000000004,-114.59890909090973,29.678000000000004,724.32,-12.620000000000005,781.2717148461697,64.88171484616976,254.53506,True,True,True,True
1306.65,4.26,12747.08109090909,12251.17,40553.29,716.39,80.8115,2774.33,47.59,40.91,0.05271526883283606,157.73845223972626,671.9658065412339,4.415902216241074,0.3100000000001728,-0.1900000000000004,-114.59890909090973,31.071499999999993,724.32,-12.620000000000005,794.9482309252469,78.5582309252469,239.39963,True,False,True,False
1306.65,4.26,12747.08109090909,12251.17,40553.29,716.39,82.205,2774.33,47.59,40.91,0.05182166471842753,155.0645451717602,660.5749624316984,4.415902216241074,0.3100000000001728,-0.1900000000000004,-114.59890909090973,32.464999999999996,724.32,-12.620000000000005,797.5400263165609,81.15002631656091,235.26115,True,False,True,False
1306.65,4.26,12747.08109090909,12251.17,40553.29,716.39,83.5985,2774.33,47.59,40.91,0.05095785150501682,152.4797805992848,649.5638653529533,4.415902216241074,0.3100000000001728,-0.1900000000000004,-114.59890909090973,33.8585,724.32,-12.620000000000005,795.9099794732367,79.51997947323673,235.26115,True,False,True,False
1306.65,4.26,12747.08109090909,12251.17,40553.29,716.39,84.99199999999999,2774.33,47.59,40.91,0.050122363868100955,149.97977387200348,638.9138366947348,4.415902216241074,0.3100000000001728,-0.1900000000000004,-114.59890909090973,35.25199999999999,724.32,-12.620000000000005,794.2006645619156,77.81066456191559,235.26115,True,False,True,False
1306.65,4.26,12747.08109090909,12251.17,40553.29,716.39,86.38550000000001,2774.33,47.59,40.91,0.049313831032825745,147.56042325793874,628.6074030788191,4.415902216241074,0.3100000000001728,-0.1900000000000004,-114.59890909090973,36.645500000000006,724.32,-12.620000000000005,792.0508663753037,75.66086637530373,235.6262,True,False,True,False
1306.65,4.26,12747.08109090909,12251.17,40553.29,716.39,87.779,2774.33,47.59,40.91,0.048530969269062425,145.2178874866563,618.6282006931559,4.415902216241074,0.3100000000001728,-0.1900000000000004,-114.59890909090973,38.038999999999994,724.32,-12.620000000000005,791.0088703773897,74.61887037738973,234.81161,True,False,True,False
1306.65,4.26,12747.08109090909,12251.17,40553.29,716.39,89.1725,2774.33,47.59,40.91,0.04777257509016148,142.94856539808265,608.9608885958321,4.415902216241074,0.3100000000001728,-0.1900000000000004,-114.59890909090973,39.4325,724.32,-12.620000000000005,790.9920459454609,74.60204594546087,232.90338,True,False,True,False
1306.65,4.26,12747.08109090909,12251.17,40553.29,716.39,90.566,2774.33,47.59,40.91,0.04703751907959367,140.74907747013242,599.5910700227641,4.415902216241074,0.3100000000001728,-0.1900000000000004,-114.59890909090973,40.826,724.32,-12.620000000000005,794.8097213120357,78.41972131203568,227.09534,True,False,True,False
1306.65,4.26,12747.08109090909,12251.17,40553.29,716.39,91.95949999999999,2774.33,47.59,40.91,0.04632474027887559,138.61624902585206,590.5052208501298,4.415902216241074,0.3100000000001728,-0.1900000000000004,-114.59890909090973,42.21949999999999,724.32,-12.620000000000005,793.7108982446518,77.32089824465186,226.14145,True,False,True,False
1306.65,4.26,12747.08109090909,12251.17,40553.29,716.39,93.35300000000001,2774.33,47.59,40.91,0.04563324107813095,136.54709494458663,581.690624463939,4.415902216241074,0.3100000000001728,-0.1900000000000004,-114.59890909090973,43.61300000000001,724.32,-12.620000000000005,791.8810009635812,75.4910009635812,225.85909,True,False,True,False
1306.65,4.26,12747.08109090909,12251.17,40553.29,716.39,94.7465,2774.33,47.59,40.91,0.044962082557539515,134.5388057223252,573.1353123771054,4.415902216241074,0.3100000000001728,-0.1900000000000004,-114.59890909090973,45.006499999999996,724.32,-12.620000000000005,787.9668983338845,71.57689833388451,227.604,True,False,True,False
1306.65,4.26,12747.08109090909,12251.17,40553.29,716.39,96.14,2774.33,47.59,40.91,0.04431038023392573,132.5887347443349,564.8280100108666,4.415902216241074,0.3100000000001728,-0.1900000000000004,-114.59890909090973,46.4,724.32,-12.620000000000005,785.743267086783,69.35326708678303,227.604,True,False,True,False
1306.65,4.26,12987.206727272727,12251.17,40553.29,716.39,34.826,2774.33,47.59,40.91,0.1223223992901166,372.9169687691885,1588.6262869567431,4.415902216241074,0.3100000000001728,-0.1900000000000004,125.52672727272693,-14.914000000000001,724.32,-12.620000000000005,785.6394367674998,69.24943676749979,187.58871,True,False,True,False
1306.65,4.26,12987.206727272727,12251.17,40553.29,716.39,36.219500000000004,2774.33,47.59,40.91,0.11761619797025916,358.5694548158664,1527.5058775155908,4.415902216241074,0.3100000000001728,-0.1900000000000004,125.52672727272693,-13.520499999999998,724.32,-12.620000000000005,782.8740957906432,66.48409579064321,199.71675,True,True,True,True
1306.65,4.26,12987.206727272727,12251.17,40553.29,716.39,37.613,2774.33,47.59,40.91,0.11325871073143035,345.28504458532115,1470.914289933468,4.415902216241074,0.3100000000001728,-0.1900000000000004,125.52672727272693,-12.127000000000002,724.32,-12.620000000000005,776.2660967463407,59.87609674634075,214.6938,True,True,True,True
1306.65,4.26,12987.206727272727,12251.17,40553.29,716.39,39.0065,2774.33,47.59,40.91,0.109212564336391,332.9498005287049,1418.3661502522828,4.415902216241074,0.3100000000001728,-0.1900000000000004,125.52672727272693,-10.7335,724.32,-12.620000000000005,775.6969877849945,59.306987784994476,222.74481,True,True,True,True
1306.65,4.26,12987.206727272727,12251.17,40553.29,716.39,40.4,2774.33,47.59,40.91,0.10544554194441728,321.4655050942382,1369.4430517014548,4.415902216241074,0.3100000000001728,-0.1900000000000004,125.52672727272693,-9.340000000000003,724.32,-12.620000000000005,777.2281126817364,60.83811268173645,227.90024,True,True,True,True
1306.65,4.26,12987.206727272727,12251.17,40553.29,716.39,41.7935,2774.33,47.59,40.91,0.10192972347542743,310.7470400068357,1323.78239042912,4.415902216241074,0.3100000000001728,-0.1900000000000004,125.52672727272693,-7.9465,724.32,-12.620000000000005,781.7253442625163,65.33534426251629,229.37376,True,True,True,True
1306.65,4.26,12987.206727272727,12251.17,40553.29,716.39,43.187,2774.33,47.59,40.91,0.09864079239954635,300.7202729189908,1281.0683626349007,4.415902216241074,0.3100000000001728,-0.1900000000000004,125.52672727272693,-6.553000000000004,724.32,-12.620000000000005,779.9976868707312,63.607686870731186,236.42567,True,True,True,True
1306.65,4.26,12987.206727272727,12251.17,40553.29,716.39,44.5805,2774.33,47.59,40.91,0.09555747253715251,291.3203404168277,1241.024650175686,4.415902216241074,0.3100000000001728,-0.1900000000000004,125.52672727272693,-5.159500000000001,724.32,-12.620000000000005,779.911353712233,63.52135371223301,241.25038,True,True,True,True
1306.65,4.26,12987.206727272727,12251.17,40553.29,716.39,45.974000000000004,2774.33,47.59,40.91,0.09266106728452891,282.4902432849542,1203.4084363939048,4.415902216241074,0.3100000000001728,-0.1900000000000004,125.52672727272693,-3.7659999999999982,724.32,-12.620000000000005,776.3973359129045,60.00733591290452,248.97017,True,True,True,True
1306.65,4.26,12987.206727272727,12251.17,40553.29,716.39,47.3675,2774.33,47.59,40.91,0.08993508017237388,274.17968972593104,1168.0054782324662,4.415902216241074,0.3100000000001728,-0.1900000000000004,125.52672727272693,-2.3725000000000023,724.32,-12.620000000000005,777.095931594673,60.70593159467296,251.99174,True,True,True,True
1306.65,4.26,12987.206727272727,12251.17,40553.29,716.39,48.760999999999996,2774.33,47.59,40.91,0.08736490048676401,266.34413693174037,1134.626023329214,4.415902216241074,0.3100000000001728,-0.1900000000000004,125.52672727272693,-0.9790000000000063,724.32,-12.620000000000005,773.3756928307216,56.98569283072163,258.9882,True,True,True,True
1306.65,4.26,12987.206727272727,12251.17,40553.29,716.39,50.1545,2774.33,47.59,40.91,0.08493754129863638,258.9439924299661,1103.1014077516556,4.415902216241074,0.3100000000001728,-0.1900000000000004,125.52672727272693,0.41449999999999676,724.32,-12.620000000000005,750.5412033677176,34.151203367717585,284.69193,True,True,False,False
1306.65,4.26,12987.206727272727,12251.17,40553.29,716.39,51.548,2774.33,47.59,40.91,0.08264141998445293,251.94394497029532,1073.281205573458,4.415902216241074,0.3100000000001728,-0.1900000000000004,125.52672727272693,1.8079999999999998,724.32,-12.620000000000005,754.3174991875007,37.92749918750076,283.41092,True,True,False,False
1306.65,4.26,12987.206727272727,12251.17,40553.29,716.39,52.941500000000005,2774.33,47.59,40.91,0.08046617340902366,245.3124010834662,1045.030828615566,4.415902216241074,0.3100000000001728,-0.1900000000000004,125.52672727272693,3.201500000000003,724.32,-12.620000000000005,756.4683624686111,40.07836246861109,283.41092,True,True,False,False
1306.65,4.26,12987.206727272727,12251.17,40553.29,716.39,54.335,2774.33,47.59,40.91,0.07840250154775924,239.0210083418003,1018.2294955360693,4.415902216241074,0.3100000000001728,-0.1900000000000004,125.52672727272693,4.594999999999999,724.32,-12.620000000000005,764.6314381975681,48.24143819756807,277.08078,True,True,False,False
1306.65,4.26,12987.206727272727,12251.17,40553.29,716.39,55.7285,2774.33,47.59,40.91,0.07644203457042564,233.04425014540996,992.7685056194464,4.415902216241074,0.3100000000001728,-0.1900000000000004,125.52672727272693,5.988499999999995,724.32,-12.620000000000005,766.170297477549,49.78029747754897,277.08078,True,True,False,False
1306.65,4.26,12987.206727272727,12251.17,40553.29,716.39,57.122,2774.33,47.59,40.91,0.07457721937997235,227.35909981992276,968.549765232871,4.415902216241074,0.3100000000001728,-0.1900000000000004,125.52672727272693,7.381999999999998,724.32,-12.620000000000005,768.0198230863302,51.62982308633025,276.49756,True,True,False,False
1306.65,4.26,12987.206727272727,12251.17,40553.29,716.39,58.5155,2774.33,47.59,40.91,0.07280122236328455,221.94472413852745,945.4845248301269,4.415902216241074,0.3100000000001728,-0.1900000000000004,125.52672727272693,8.775500000000001,724.32,-12.620000000000005,769.6204465442186,53.23044654421858,275.91016,True,True,False,False
1306.65,4.26,12987.206727272727,12251.17,40553.29,716.39,59.909,2774.33,47.59,40.91,0.07110784571420245,216.7822282209768,923.4922922213611,4.415902216241074,0.3100000000001728,-0.1900000000000004,125.52672727272693,10.168999999999997,724.32,-12.620000000000005,769.2882901119838,52.89829011198378,277.0201,True,True,False,False
1306.65,4.26,12987.206727272727,12251.17,40553.29,716.39,61.302499999999995,2774.33,47.59,40.91,0.06949145516917818,211.8544352256155,902.499894061122,4.415902216241074,0.3100000000001728,-0.1900000000000004,125.52672727272693,11.562499999999993,724.32,-12.620000000000005,763.8951822748961,47.50518227489613,282.97165,True,True,False,False
1306.65,4.26,12987.206727272727,12251.17,40553.29,716.39,62.696,2774.33,47.59,40.91,0.0679469173799458,207.14569542119168,882.4406624942765,4.415902216241074,0.3100000000001728,-0.1900000000000004,125.52672727272693,12.955999999999996,724.32,-12.620000000000005,761.7362068017214,45.34620680172145,285.4843,True,True,False,False
1306.65,4.26,12987.206727272727,12251.17,40553.29,716.39,64.0895,2774.33,47.59,40.91,0.06646954545643911,202.6417201668137,863.2537279106264,4.415902216241074,0.3100000000001728,-0.1900000000000004,125.52672727272693,14.349499999999999,724.32,-12.620000000000005,760.7035029370552,44.313502937055205,286.67932,True,True,False,False
1306.65,4.26,12987.206727272727,12251.17,40553.29,716.39,65.483,2774.33,47.59,40.91,0.06505505146289797,198.32943708967656,844.8834020020221,4.415902216241074,0.3100000000001728,-0.1900000000000004,125.52672727272693,15.743000000000002,724.32,-12.620000000000005,760.6866387984612,44.29663879846123,286.67932,True,True,False,False
1306.65,4.26,12987.206727272727,12251.17,40553.29,716.39,66.8765,2774.33,47.59,40.91,0.06369950485298267,194.19686336868506,827.2786379505983,4.415902216241074,0.3100000000001728,-0.1900000000000004,125.52672727272693,17.13649999999999,724.32,-12.620000000000005,762.6494510049959,46.25945100499587,284.53168,True,True,False,False
1306.65,4.26,12987.206727272727,12251.17,40553.29,716.39,68.27000000000001,2774.33,47.59,40.91,0.06239929599532303,190.23299453698155,810.3925567275414,4.415902216241074,0.3100000000001728,-0.1900000000000004,125.52672727272693,18.53000000000001,724.32,-12.620000000000005,762.306936939457,45.91693693945706,284.53168,True,True,False,False
1306.65,4.26,12987.206727272727,12251.17,40553.29,716.39,69.6635,2774.33,47.59,40.91,0.06115110407672448,186.42770663037345,794.1820302453909,4.415902216241074,0.3100000000001728,-0.1900000000000004,125.52672727272693,19.923499999999997,724.32,-12.620000000000005,761.8162031402276,45.426203140227585,284.53168,True,True,False,False
1306.65,4.26,12987.206727272727,12251.17,40553.29,716.39,71.057,2774.33,47.59,40.91,0.059951868782078206,182.77166984957228,778.6073135591779,4.415902216241074,0.3100000000001728,-0.1900000000000004,125.52672727272693,21.317,724.32,-12.620000000000005,761.6748919452584,45.28489194525844,284.04276,True,True,False,False
1306.65,4.26,12987.206727272727,12251.17,40553.29,716.39,72.4505,2774.33,47.59,40.91,0.05879876524249294,179.25627218606434,763.631719512634,4.415902216241074,0.3100000000001728,-0.1900000000000004,125.52672727272693,22.710500000000003,724.32,-12.620000000000005,760.9132084425514,44.523208442551436,284.04276,True,True,False,False
1306.65,4.26,12987.206727272727,12251.17,40553.29,716.39,73.844,2774.33,47.59,40.91,0.05768918181992875,175.87355169545498,749.2213302226381,4.415902216241074,0.3100000000001728,-0.1900000000000004,125.52672727272693,24.103999999999992,724.32,-12.620000000000005,761.3087664866084,44.91876648660843,282.7615,True,True,False,False
1306.65,4.26,12987.206727272727,12251.17,40553.29,716.39,75.2375,2774.33,47.59,40.91,0.05662070036058215,172.61613629714694,735.3447406258459,4.415902216241074,0.3100000000001728,-0.1900000000000004,125.52672727272693,25.497499999999995,724.32,-12.620000000000005,760.3059564888847,43.91595648888472,282.7615,True,True,False,False
1306.65,4.26,12987.206727272727,12251.17,40553.29,716.39,76.631,2774.33,47.59,40.91,0.0555910786027707,169.47719014231234,721.9728300062505,4.415902216241074,0.3100000000001728,-0.1900000000000004,125.52672727272693,26.891,724.32,-12.620000000000005,766.7915082409772,50.40150824097725,275.1624,True,True,False,False
1306.65,4.26,12987.206727272727,12251.17,40553.29,716.39,78.02449999999999,2774.33,47.59,40.91,0.05459823446996477,166.45036572900005,709.0785580055401,4.415902216241074,0.3100000000001728,-0.1900000000000004,125.52672727272693,28.284499999999987,724.32,-12.620000000000005,765.5731733661792,49.183173366179176,275.1624,True,True,False,False
1306.65,4.26,12987.206727272727,12251.17,40553.29,716.39,79.418,2774.33,47.59,40.91,0.05364023201742385,163.52976105848757,696.636782109157,4.415902216241074,0.3100000000001728,-0.1900000000000004,125.52672727272693,29.678000000000004,724.32,-12.620000000000005,786.0068710767441,69.61687107674413,253.4111,True,False,True,False
1306.65,4.26,12987.206727272727,12251.17,40553.29,716.39,80.8115,2774.33,47.59,40.91,0.05271526883283606,160.70988122436592,684.6240940157988,4.415902216241074,0.3100000000001728,-0.1900000000000004,125.52672727272693,31.071499999999993,724.32,-12.620000000000005,783.4711503446827,67.08115034468267,254.53506,True,True,True,True
1306.65,4.26,12987.206727272727,12251.17,40553.29,716.39,82.205,2774.33,47.59,40.91,0.05182166471842753,157.98560390836474,673.0186726496338,4.415902216241074,0.3100000000001728,-0.1900000000000004,125.52672727272693,32.464999999999996,724.32,-12.620000000000005,781.9700358722419,65.58003587224187,254.53506,True,True,True,True
1306.65,4.26,12987.206727272727,12251.17,40553.29,716.39,83.5985,2774.33,47.59,40.91,0.05095785150501682,155.3521483270702,661.8001518733191,4.415902216241074,0.3100000000001728,-0.1900000000000004,125.52672727272693,33.8585,724.32,-12.620000000000005,780.3840336787623,63.99403367876232,254.53506,True,True,True,True
1306.65,4.26,12987.206727272727,12251.17,40553.29,716.39,84.99199999999999,2774.33,47.59,40.91,0.050122363868100955,152.80504723347707,650.9495012146123,4.415902216241074,0.3100000000001728,-0.1900000000000004,125.52672727272693,35.25199999999999,724.32,-12.620000000000005,797.9912296574889,81.60122965748894,235.26115,True,False,True,False
1306.65,4.26,12987.206727272727,12251.17,40553.29,716.39,86.38550000000001,2774.33,47.59,40.91,0.049313831032825745,150.34012162842845,640.4489181371051,4.415902216241074,0.3100000000001728,-0.1900000000000004,125.52672727272693,36.645500000000006,724.32,-12.620000000000005,794.9911169227898,78.60111692278986,236.51775,True,False,True,False
1306.65,4.26,12987.206727272727,12251.17,40553.29,716.39,87.779,2774.33,47.59,40.91,0.048530969269062425,147.953457880806,630.2817305722335,4.415902216241074,0.3100000000001728,-0.1900000000000004,125.52672727272693,38.038999999999994,724.32,-12.620000000000005,793.1744475173375,76.78444751733753,236.51775,True,False,True,False
1306.65,4.26,12987.206727272727,12251.17,40553.29,716.39,89.1725,2774.33,47.59,40.91,0.04777257509016148,145.6413869929781,620.4323085900868,4.415902216241074,0.3100000000001728,-0.1900000000000004,125.52672727272693,39.4325,724.32,-12.620000000000005,792.1795994481765,75.78959944817655,235.6262,True,False,True,False
1306.65,4.26,12987.206727272727,12251.17,40553.29,716.39,90.566,2774.33,47.59,40.91,0.04703751907959367,143.4004657804503,610.8859842247182,4.415902216241074,0.3100000000001728,-0.1900000000000004,125.52672727272693,40.826,724.32,-12.620000000000005,791.0413003320982,74.65130033209823,234.81161,True,False,True,False
1306.65,4.26,12987.206727272727,12251.17,40553.29,716.39,91.95949999999999,2774.33,47.59,40.91,0.04632474027887559,141.22745976267018,601.628978588975,4.415902216241074,0.3100000000001728,-0.1900000000000004,125.52672727272693,42.21949999999999,724.32,-12.620000000000005,790.9331665803322,74.54316658033224,232.90338,True,False,True,False
1306.65,4.26,12987.206727272727,12251.17,40553.29,716.39,93.35300000000001,2774.33,47.59,40.91,0.04563324107813095,139.1193275861879,592.6483355171604,4.415902216241074,0.3100000000001728,-0.1900000000000004,125.52672727272693,43.61300000000001,724.32,-12.620000000000005,794.664208436158,78.274208436158,227.09534,True,False,True,False
1306.65,4.26,12987.206727272727,12251.17,40553.29,716.39,94.7465,2774.33,47.59,40.91,0.044962082557539515,137.07320682241055,583.9318610634689,4.415902216241074,0.3100000000001728,-0.1900000000000004,125.52672727272693,45.006499999999996,724.32,-12.620000000000005,791.738215197463,75.34821519746299,227.88637,True,False,True,False
1306.65,4.26,12987.206727272727,12251.17,40553.29,716.39,96.14,2774.33,47.59,40.91,0.04431038023392573,135.08640100048186,575.4680682620527,4.415902216241074,0.3100000000001728,-0.1900000000000004,125.52672727272693,46.4,724.32,-12.620000000000005,789.8301772487387,73.44017724873868,227.604,True,False,True,False
1306.65,4.26,13227.332363636364,12251.17,40553.29,716.39,34.826,2774.33,47.59,40.91,0.1223223992901166,379.811979091035,1617.9990309278091,4.415902216241074,0.3100000000001728,-0.1900000000000004,365.6523636363636,-14.914000000000001,724.32,-12.620000000000005,788.2122137077894,71.82221370778939,185.12512,True,False,True,False
1306.65,4.26,13227.332363636364,12251.17,40553.29,716.39,36.219500000000004,2774.33,47.59,40.91,0.11761619797025916,365.1991882394063,1555.7485418998706,4.415902216241074,0.3100000000001728,-0.1900000000000004,365.6523636363636,-13.520499999999998,724.32,-12.620000000000005,785.6868354752086,69.29683547520858,197.25316,True,False,True,False
1306.65,4.26,13227.332363636364,12251.17,40553.29,716.39,37.613,2774.33,47.59,40.91,0.11325871073143035,351.6691572585863,1498.1106099215776,4.415902216241074,0.3100000000001728,-0.1900000000000004,365.6523636363636,-12.127000000000002,724.32,-12.620000000000005,779.3010187229308,62.91101872293086,212.23021,True,True,True,True
1306.65,4.26,13227.332363636364,12251.17,40553.29,716.39,39.0065,2774.33,47.59,40.91,0.109212564336391,339.10584196301954,1444.5908867624632,4.415902216241074,0.3100000000001728,-0.1900000000000004,365.6523636363636,-10.7335,724.32,-12.620000000000005,778.9382172114164,62.548217211416386,220.28122,True,True,True,True
1306.65,4.26,13227.332363636364,12251.17,40553.29,716.39,40.4,2774.33,47.59,40.91,0.10544554194441728,327.4092088175039,1394.7632295625665,4.415902216241074,0.3100000000001728,-0.1900000000000004,365.6523636363636,-9.340000000000003,724.32,-12.620000000000005,780.6614174082761,64.27141740827608,225.43665,True,True,True,True
1306.65,4.26,13227.332363636364,12251.17,40553.29,716.39,41.7935,2774.33,47.59,40.91,0.10192972347542743,316.49256576127385,1348.2583301430266,4.415902216241074,0.3100000000001728,-0.1900000000000004,365.6523636363636,-7.9465,724.32,-12.620000000000005,785.3379157460122,68.9479157460122,226.91017,True,False,True,False
1306.65,4.26,13227.332363636364,12251.17,40553.29,716.39,43.187,2774.33,47.59,40.91,0.09864079239954635,306.2804097843322,1304.7545456812552,4.415902216241074,0.3100000000001728,-0.1900000000000004,365.6523636363636,-6.553000000000004,724.32,-12.620000000000005,783.7779564344966,67.38795643449657,233.96208,True,False,True,False
1306.65,4.26,13227.332363636364,12251.17,40553.29,716.39,44.5805,2774.33,47.59,40.91,0.09555747253715251,296.70667818731704,1263.9704490779704,4.415902216241074,0.3100000000001728,-0.1900000000000004,365.6523636363636,-5.159500000000001,724.32,-12.620000000000005,781.1488405745284,64.75884057452845,241.48679,True,True,True,True
1306.65,4.26,13227.332363636364,12251.17,40553.29,716.39,45.974000000000004,2774.33,47.59,40.91,0.09266106728452891,287.713317873647,1225.658734141736,4.415902216241074,0.3100000000001728,-0.1900000000000004,365.6523636363636,-3.7659999999999982,724.32,-12.620000000000005,779.6679129967708,63.27791299677085,247.32117,True,True,True,True
1306.65,4.26,13227.332363636364,12251.17,40553.29,716.39,47.3675,2774.33,47.59,40.91,0.08993508017237388,279.2491071808151,1189.6011965902721,4.415902216241074,0.3100000000001728,-0.1900000000000004,365.6523636363636,-2.3725000000000023,724.32,-12.620000000000005,780.8766578041061,64.48665780410613,249.97159,True,True,True,True
1306.65,4.26,13227.332363636364,12251.17,40553.29,716.39,48.760999999999996,2774.33,47.59,40.91,0.08736490048676401,271.2686797310901,1155.6045756544438,4.415902216241074,0.3100000000001728,-0.1900000000000004,365.6523636363636,-0.9790000000000063,724.32,-12.620000000000005,773.148781840001,56.75878184000101,261.10672,True,True,False,False
1306.65,4.26,13227.332363636364,12251.17,40553.29,716.39,50.1545,2774.33,47.59,40.91,0.08493754129863638,263.73171101106885,1123.4970889071533,4.415902216241074,0.3100000000001728,-0.1900000000000004,365.6523636363636,0.41449999999999676,724.32,-12.620000000000005,754.5767319645397,38.18673196453972,282.67178,True,True,False,False
1306.65,4.26,13227.332363636364,12251.17,40553.29,716.39,51.548,2774.33,47.59,40.91,0.08264141998445293,256.6022368866712,1093.1255291372192,4.415902216241074,0.3100000000001728,-0.1900000000000004,365.6523636363636,1.8079999999999998,724.32,-12.620000000000005,758.4701038578469,42.08010385784689,281.39078,True,True,False,False
1306.65,4.26,13227.332363636364,12251.17,40553.29,716.39,52.941500000000005,2774.33,47.59,40.91,0.08046617340902366,249.84807974440247,1064.3528197111546,4.415902216241074,0.3100000000001728,-0.1900000000000004,365.6523636363636,3.201500000000003,724.32,-12.620000000000005,760.7318799754978,44.34187997549782,281.39078,True,True,False,False
1306.65,4.26,13227.332363636364,12251.17,40553.29,716.39,54.335,2774.33,47.59,40.91,0.07840250154775924,243.4403629372596,1037.055946112726,4.415902216241074,0.3100000000001728,-0.1900000000000004,365.6523636363636,4.594999999999999,724.32,-12.620000000000005,769.000179499498,52.61017949949803,275.06064,True,True,False,False
1306.65,4.26,13227.332363636364,12251.17,40553.29,716.39,55.7285,2774.33,47.59,40.91,0.07644203457042564,237.35309807877957,1011.124197815601,4.415902216241074,0.3100000000001728,-0.1900000000000004,365.6523636363636,5.988499999999995,724.32,-12.620000000000005,770.639000299178,54.249000299177965,275.06064,True,True,False,False
1306.65,4.26,13227.332363636364,12251.17,40553.29,716.39,57.122,2774.33,47.59,40.91,0.07457721937997235,231.5628327452388,986.4576674947173,4.415902216241074,0.3100000000001728,-0.1900000000000004,365.6523636363636,7.381999999999998,724.32,-12.620000000000005,772.0003888388164,55.61038883881645,275.06064,True,True,False,False
1306.65,4.26,13227.332363636364,12251.17,40553.29,716.39,58.5155,2774.33,47.59,40.91,0.07280122236328455,226.0483485160003,962.9659646781612,4.415902216241074,0.3100000000001728,-0.1900000000000004,365.6523636363636,8.775500000000001,724.32,-12.620000000000005,773.6873870381614,57.297387038161446,274.47742,True,True,False,False
1306.65,4.26,13227.332363636364,12251.17,40553.29,716.39,59.909,2774.33,47.59,40.91,0.07110784571420245,220.79040115585244,940.5671089239313,4.415902216241074,0.3100000000001728,-0.1900000000000004,365.6523636363636,10.168999999999997,724.32,-12.620000000000005,773.4415735564698,57.05157355646986,275.58737,True,True,False,False
1306.65,4.26,13227.332363636364,12251.17,40553.29,716.39,61.302499999999995,2774.33,47.59,40.91,0.06949145516917818,215.77149623367512,919.186573955456,4.415902216241074,0.3100000000001728,-0.1900000000000004,365.6523636363636,11.562499999999993,724.32,-12.620000000000005,768.4757013694059,52.08570136940591,281.1941,True,True,False,False
1306.65,4.26,13227.332363636364,12251.17,40553.29,716.39,62.696,2774.33,47.59,40.91,0.0679469173799458,210.97569466410408,898.7564592690834,4.415902216241074,0.3100000000001728,-0.1900000000000004,365.6523636363636,12.955999999999996,724.32,-12.620000000000005,766.1303430388978,49.74034303889778,283.9719,True,True,False,False
1306.65,4.26,13227.332363636364,12251.17,40553.29,716.39,64.0895,2774.33,47.59,40.91,0.06646954545643911,206.38844361787687,879.2147698121555,4.415902216241074,0.3100000000001728,-0.1900000000000004,365.6523636363636,14.349499999999999,724.32,-12.620000000000005,763.7116646294273,47.321664629427346,286.6282,True,True,False,False
1306.65,4.26,13227.332363636364,12251.17,40553.29,716.39,65.483,2774.33,47.59,40.91,0.06505505146289797,201.99642902188253,860.5047876332196,4.415902216241074,0.3100000000001728,-0.1900000000000004,365.6523636363636,15.743000000000002,724.32,-12.620000000000005,765.4933640273287,49.10336402732867,284.90176,True,True,False,False
1306.65,4.26,13227.332363636364,12251.17,40553.29,716.39,66.8765,2774.33,47.59,40.91,0.06369950485298267,197.78744649987544,842.5745220894693,4.415902216241074,0.3100000000001728,-0.1900000000000004,365.6523636363636,17.13649999999999,724.32,-12.620000000000005,767.5252936945076,51.135293694507595,282.75412,True,True,False,False
1306.65,4.26,13227.332363636364,12251.17,40553.29,716.39,68.27000000000001,2774.33,47.59,40.91,0.06239929599532303,193.75028811902848,825.3762273870612,4.415902216241074,0.3100000000001728,-0.1900000000000004,365.6523636363636,18.53000000000001,724.32,-12.620000000000005,767.2490754935973,50.85907549359729,282.75412,True,True,False,False
1306.65,4.26,13227.332363636364,12251.17,40553.29,716.39,69.6635,2774.33,47.59,40.91,0.06115110407672448,189.87464272914397,808.8659780261534,4.415902216241074,0.3100000000001728,-0.1900000000000004,365.6523636363636,19.923499999999997,724.32,-12.620000000000005,766.8219852866864,50.43198528668643,282.75412,True,True,False,False
1306.65,4.26,13227.332363636364,12251.17,40553.29,716.39,71.057,2774.33,47.59,40.91,0.059951868782078206,186.15100802855954,793.0032942016636,4.415902216241074,0.3100000000001728,-0.1900000000000004,365.6523636363636,21.317,724.32,-12.620000000000005,766.2528993338508,49.862899333850805,282.75412,True,True,False,False
1306.65,4.26,13227.332363636364,12251.17,40553.29,716.39,72.4505,2774.33,47.59,40.91,0.05879876524249294,182.570612777907,777.7508104338838,4.415902216241074,0.3100000000001728,-0.1900000000000004,365.6523636363636,22.710500000000003,724.32,-12.620000000000005,766.0389331167016,49.64893311670164,282.2652,True,True,False,False
1306.65,4.26,13227.332363636364,12251.17,40553.29,716.39,73.844,2774.33,47.59,40.91,0.05768918181992875,179.1253478212315,763.073981718446,4.415902216241074,0.3100000000001728,-0.1900000000000004,365.6523636363636,24.103999999999992,724.32,-12.620000000000005,765.2098172961564,48.81981729615643,282.2652,True,True,False,False
1306.65,4.26,13227.332363636364,12251.17,40553.29,716.39,75.2375,2774.33,47.59,40.91,0.05662070036058215,175.80770477260222,748.9408223312854,4.415902216241074,0.3100000000001728,-0.1900000000000004,365.6523636363636,25.497499999999995,724.32,-12.620000000000005,765.5427377011536,49.15273770115357,280.98395,True,True,False,False
1306.65,4.26,13227.332363636364,12251.17,40553.29,716.39,76.631,2774.33,47.59,40.91,0.0555910786027707,172.61072139246053,735.3216731318818,4.415902216241074,0.3100000000001728,-0.1900000000000004,365.6523636363636,26.891,724.32,-12.620000000000005,769.2630089121201,52.8730089121201,276.20264,True,True,False,False
1306.65,4.26,13227.332363636364,12251.17,40553.29,716.39,78.02449999999999,2774.33,47.59,40.91,0.05459823446996477,169.52793281736422,722.1889938019715,4.415902216241074,0.3100000000001728,-0.1900000000000004,365.6523636363636,28.284499999999987,724.32,-12.620000000000005,770.9130773376189,54.52307733761893,273.38486,True,True,False,False
1306.65,4.26,13227.332363636364,12251.17,40553.29,716.39,79.418,2774.33,47.59,40.91,0.05364023201742385,166.5533279241864,709.517176957034,4.415902216241074,0.3100000000001728,-0.1900000000000004,365.6523636363636,29.678000000000004,724.32,-12.620000000000005,791.6782608278265,75.28826082782655,251.3509,True,False,True,False
1306.65,4.26,13227.332363636364,12251.17,40553.29,716.39,80.8115,2774.33,47.59,40.91,0.05271526883283606,163.68131020900557,697.2823814903637,4.415902216241074,0.3100000000001728,-0.1900000000000004,365.6523636363636,31.071499999999993,724.32,-12.620000000000005,790.0310112924387,73.64101129243875,251.63356,True,False,True,False
1306.65,4.26,13227.332363636364,12251.17,40553.29,716.39,82.205,2774.33,47.59,40.91,0.05182166471842753,160.90666264496932,685.4623828675692,4.415902216241074,0.3100000000001728,-0.1900000000000004,365.6523636363636,32.464999999999996,724.32,-12.620000000000005,787.4514370294853,71.06143702948532,252.75758,True,False,True,False
1306.65,4.26,13227.332363636364,12251.17,40553.29,716.39,83.5985,2774.33,47.59,40.91,0.05095785150501682,158.22451605485563,674.0364383936849,4.415902216241074,0.3100000000001728,-0.1900000000000004,365.6523636363636,33.8585,724.32,-12.620000000000005,785.9094794858506,69.51947948585064,252.75758,True,False,True,False
1306.65,4.26,13227.332363636364,12251.17,40553.29,716.39,84.99199999999999,2774.33,47.59,40.91,0.050122363868100955,155.63032059495063,662.9851657344897,4.415902216241074,0.3100000000001728,-0.1900000000000004,365.6523636363636,35.25199999999999,724.32,-12.620000000000005,784.2853653097029,67.89536530970292,252.75758,True,False,True,False
1306.65,4.26,13227.332363636364,12251.17,40553.29,716.39,86.38550000000001,2774.33,47.59,40.91,0.049313831032825745,153.11981999891813,652.2904331953912,4.415902216241074,0.3100000000001728,-0.1900000000000004,365.6523636363636,36.645500000000006,724.32,-12.620000000000005,781.3264785542603,64.93647855426036,254.01418,True,True,True,True
1306.65,4.26,13227.332363636364,12251.17,40553.29,716.39,87.779,2774.33,47.59,40.91,0.048530969269062425,150.6890282749557,641.9352604513113,4.415902216241074,0.3100000000001728,-0.1900000000000004,365.6523636363636,38.038999999999994,724.32,-12.620000000000005,798.8237435293556,82.43374352935564,234.74016,True,False,True,False
1306.65,4.26,13227.332363636364,12251.17,40553.29,716.39,89.1725,2774.33,47.59,40.91,0.04777257509016148,148.33420858787358,631.9037285843414,4.415902216241074,0.3100000000001728,-0.1900000000000004,365.6523636363636,39.4325,724.32,-12.620000000000005,796.9760244108529,80.58602441085293,234.74016,True,False,True,False
1306.65,4.26,13227.332363636364,12251.17,40553.29,716.39,90.566,2774.33,47.59,40.91,0.04703751907959367,146.05185409076816,622.1808984266723,4.415902216241074,0.3100000000001728,-0.1900000000000004,365.6523636363636,40.826,724.32,-12.620000000000005,795.0606143375126,78.67061433751257,234.74016,True,False,True,False
1306.65,4.26,13227.332363636364,12251.17,40553.29,716.39,91.95949999999999,2774.33,47.59,40.91,0.04632474027887559,143.8386704994883,612.7527363278201,4.415902216241074,0.3100000000001728,-0.1900000000000004,365.6523636363636,42.21949999999999,724.32,-12.620000000000005,793.9721310830046,77.58213108300458,233.84862,True,False,True,False
1306.65,4.26,13227.332363636364,12251.17,40553.29,716.39,93.35300000000001,2774.33,47.59,40.91,0.04563324107813095,141.69156022778918,603.6060465703819,4.415902216241074,0.3100000000001728,-0.1900000000000004,365.6523636363636,43.61300000000001,724.32,-12.620000000000005,792.7449775542427,76.35497755424274,233.03403,True,False,True,False
1306.65,4.26,13227.332363636364,12251.17,40553.29,716.39,94.7465,2774.33,47.59,40.91,0.044962082557539515,139.6076079224959,594.7284097498324,4.415902216241074,0.3100000000001728,-0.1900000000000004,365.6523636363636,45.006499999999996,724.32,-12.620000000000005,790.8075514702211,74.41755147022116,232.87071,True,False,True,False
1306.65,4.26,13227.332363636364,12251.17,40553.29,716.39,96.14,2774.33,47.59,40.91,0.04431038023392573,137.58406725662886,586.1081265132389,4.415902216241074,0.3100000000001728,-0.1900000000000004,365.6523636363636,46.4,724.32,-12.620000000000005,794.4584234702647,78.06842347026475,227.06267,True,False,True,False
1306.65,4.26,13467.458,12251.17,40553.29,716.39,34.826,2774.33,47.59,40.91,0.1223223992901166,386.7069894128815,1647.3717748988752,4.415902216241074,0.3100000000001728,-0.1900000000000004,605.7780000000002,-14.914000000000001,724.32,-12.620000000000005,788.3213981187822,71.93139811878223,185.12512,True,False,True,False
1306.65,4.26,13467.458,12251.17,40553.29,716.39,36.219500000000004,2774.33,47.59,40.91,0.11761619797025916,371.8289216629462,1583.9912062841504,4.415902216241074,0.3100000000001728,-0.1900000000000004,605.7780000000002,-13.520499999999998,724.32,-12.620000000000005,786.0359826304771,69.64598263047708,197.25316,True,False,True,False
1306.65,4.26,13467.458,12251.17,40553.29,716.39,37.613,2774.33,47.59,40.91,0.11325871073143035,358.05326993185156,1525.3069299096874,4.415902216241074,0.3100000000001728,-0.1900000000000004,605.7780000000002,-12.127000000000002,724.32,-12.620000000000005,779.8723481702241,63.4823481702241,212.23021,True,True,True,True
1306.65,4.26,13467.458,12251.17,40553.29,716.39,39.0065,2774.33,47.59,40.91,0.109212564336391,345.2618833973342,1470.8156232726437,4.415902216241074,0.3100000000001728,-0.1900000000000004,605.7780000000002,-10.7335,724.32,-12.620000000000005,779.7158541085414,63.32585410854142,220.28122,True,True,True,True
1306.65,4.26,13467.458,12251.17,40553.29,716.39,40.4,2774.33,47.59,40.91,0.10544554194441728,333.3529125407695,1420.0834074236782,4.415902216241074,0.3100000000001728,-0.1900000000000004,605.7780000000002,-9.340000000000003,724.32,-12.620000000000005,781.578914029347,65.18891402934696,225.48886,True,True,True,True
1306.65,4.26,13467.458,12251.17,40553.29,716.39,41.7935,2774.33,47.59,40.91,0.10192972347542743,322.238091515712,1372.734269856933,4.415902216241074,0.3100000000001728,-0.1900000000000004,605.7780000000002,-7.9465,724.32,-12.620000000000005,787.2254200908362,70.83542009083624,226.17165,True,False,True,False
1306.65,4.26,13467.458,12251.17,40553.29,716.39,43.187,2774.33,47.59,40.91,0.09864079239954635,311.8405466496736,1328.4407287276097,4.415902216241074,0.3100000000001728,-0.1900000000000004,605.7780000000002,-6.553000000000004,724.32,-12.620000000000005,784.8122695773636,68.42226957736364,234.24445,True,False,True,False
1306.65,4.26,13467.458,12251.17,40553.29,716.39,44.5805,2774.33,47.59,40.91,0.09555747253715251,302.09301595780636,1286.9162479802549,4.415902216241074,0.3100000000001728,-0.1900000000000004,605.7780000000002,-5.159500000000001,724.32,-12.620000000000005,780.5208031448317,64.1308031448317,243.58871,True,True,True,True
1306.65,4.26,13467.458,12251.17,40553.29,716.39,45.974000000000004,2774.33,47.59,40.91,0.09266106728452891,292.93639246233977,1247.9090318895671,4.415902216241074,0.3100000000001728,-0.1900000000000004,605.7780000000002,-3.7659999999999982,724.32,-12.620000000000005,780.3979474780983,64.00794747809834,248.2127,True,True,True,True
1306.65,4.26,13467.458,12251.17,40553.29,716.39,47.3675,2774.33,47.59,40.91,0.08993508017237388,284.3185246356991,1211.196914948078,4.415902216241074,0.3100000000001728,-0.1900000000000004,605.7780000000002,-2.3725000000000023,724.32,-12.620000000000005,782.637227153188,66.24722715318796,249.97159,True,True,True,True
1306.65,4.26,13467.458,12251.17,40553.29,716.39,48.760999999999996,2774.33,47.59,40.91,0.08736490048676401,276.1932225304399,1176.583127979674,4.415902216241074,0.3100000000001728,-0.1900000000000004,605.7780000000002,-0.9790000000000063,724.32,-12.620000000000005,759.9049335934208,43.51493359342078,276.2422,True,True,False,False
1306.65,4.26,13467.458,12251.17,40553.29,716.39,50.1545,2774.33,47.59,40.91,0.08493754129863638,268.5194295921716,1143.892770062651,4.415902216241074,0.3100000000001728,-0.1900000000000004,605.7780000000002,0.41449999999999676,724.32,-12.620000000000005,756.5921189597996,40.20211895979958,282.67178,True,True,False,False
1306.65,4.26,13467.458,12251.17,40553.29,716.39,51.548,2774.33,47.59,40.91,0.08264141998445293,261.2605288030471,1112.9698527009805,4.415902216241074,0.3100000000001728,-0.1900000000000004,605.7780000000002,1.8079999999999998,724.32,-12.620000000000005,760.6025669266305,44.21256692663053,281.39078,True,True,False,False
1306.65,4.26,13467.458,12251.17,40553.29,716.39,52.941500000000005,2774.33,47.59,40.91,0.08046617340902366,254.38375840533874,1083.674810806743,4.415902216241074,0.3100000000001728,-0.1900000000000004,605.7780000000002,3.201500000000003,724.32,-12.620000000000005,762.975255880822,46.58525588082205,281.39078,True,True,False,False
1306.65,4.26,13467.458,12251.17,40553.29,716.39,54.335,2774.33,47.59,40.91,0.07840250154775924,247.85971753271895,1055.8823966893826,4.415902216241074,0.3100000000001728,-0.1900000000000004,605.7780000000002,4.594999999999999,724.32,-12.620000000000005,771.3487791998655,54.95877919986549,275.06064,True,True,False,False
1306.65,4.26,13467.458,12251.17,40553.29,716.39,55.7285,2774.33,47.59,40.91,0.07644203457042564,241.66194601214917,1029.4798900117555,4.415902216241074,0.3100000000001728,-0.1900000000000004,605.7780000000002,5.988499999999995,724.32,-12.620000000000005,773.0875615192447,56.69756151924469,275.06064,True,True,False,False
1306.65,4.26,13467.458,12251.17,40553.29,716.39,57.122,2774.33,47.59,40.91,0.07457721937997235,235.76656567055488,1004.3655697565637,4.415902216241074,0.3100000000001728,-0.1900000000000004,605.7780000000002,7.381999999999998,724.32,-12.620000000000005,774.544034425287,58.15403442528702,275.06064,True,True,False,False
1306.65,4.26,13467.458,12251.17,40553.29,716.39,58.5155,2774.33,47.59,40.91,0.07280122236328455,230.15197289347313,980.4474045261954,4.415902216241074,0.3100000000001728,-0.1900000000000004,605.7780000000002,8.775500000000001,724.32,-12.620000000000005,775.7383668387452,59.348366838745164,275.06064,True,True,False,False
1306.65,4.26,13467.458,12251.17,40553.29,716.39,59.909,2774.33,47.59,40.91,0.07110784571420245,224.79857409072807,957.6419256265015,4.415902216241074,0.3100000000001728,-0.1900000000000004,605.7780000000002,10.168999999999997,724.32,-12.620000000000005,776.1621177431434,59.77211774314344,275.58737,True,True,False,False
1306.65,4.26,13467.458,12251.17,40553.29,716.39,61.302499999999995,2774.33,47.59,40.91,0.06949145516917818,219.68855724173477,935.87325384979,4.415902216241074,0.3100000000001728,-0.1900000000000004,605.7780000000002,11.562499999999993,724.32,-12.620000000000005,771.278663090869,54.888663090869045,281.1941,True,True,False,False
1306.65,4.26,13467.458,12251.17,40553.29,716.39,62.696,2774.33,47.59,40.91,0.0679469173799458,214.80569390701652,915.0722560438903,4.415902216241074,0.3100000000001728,-0.1900000000000004,605.7780000000002,12.955999999999996,724.32,-12.620000000000005,769.0120586217772,52.62205862177723,283.9719,True,True,False,False
1306.65,4.26,13467.458,12251.17,40553.29,716.39,64.0895,2774.33,47.59,40.91,0.06646954545643911,210.13516706894006,895.1758117136845,4.415902216241074,0.3100000000001728,-0.1900000000000004,605.7780000000002,14.349499999999999,724.32,-12.620000000000005,766.4035726596901,50.01357265969011,286.89334,True,True,False,False
1306.65,4.26,13467.458,12251.17,40553.29,716.39,65.483,2774.33,47.59,40.91,0.06505505146289797,205.66342095408854,876.126173264417,4.415902216241074,0.3100000000001728,-0.1900000000000004,605.7780000000002,15.743000000000002,724.32,-12.620000000000005,766.7960914534619,50.406091453461954,286.6282,True,True,False,False
1306.65,4.26,13467.458,12251.17,40553.29,716.39,66.8765,2774.33,47.59,40.91,0.06369950485298267,201.3780296310658,857.8704062283402,4.415902216241074,0.3100000000001728,-0.1900000000000004,605.7780000000002,17.13649999999999,724.32,-12.620000000000005,770.6235790109727,54.233579010972676,282.75412,True,True,False,False
1306.65,4.26,13467.458,12251.17,40553.29,716.39,68.27000000000001,2774.33,47.59,40.91,0.06239929599532303,197.2675817010754,840.3598980465811,4.415902216241074,0.3100000000001728,-0.1900000000000004,605.7780000000002,18.53000000000001,724.32,-12.620000000000005,770.4136566746906,54.02365667469064,282.75412,True,True,False,False
1306.65,4.26,13467.458,12251.17,40553.29,716.39,69.6635,2774.33,47.59,40.91,0.06115110407672448,193.32157882791452,823.5499258069158,4.415902216241074,0.3100000000001728,-0.1900000000000004,605.7780000000002,19.923499999999997,724.32,-12.620000000000005,770.0502100600982,53.660210060098166,282.75412,True,True,False,False
1306.65,4.26,13467.458,12251.17,40553.29,716.39,71.057,2774.33,47.59,40.91,0.059951868782078206,189.5303462075468,807.3992748441494,4.415902216241074,0.3100000000001728,-0.1900000000000004,605.7780000000002,21.317,724.32,-12.620000000000005,769.5422714685371,53.15227146853715,282.75412,True,True,False,False
1306.65,4.26,13467.458,12251.17,40553.29,716.39,72.4505,2774.33,47.59,40.91,0.05879876524249294,185.88495336974964,791.8699013551334,4.415902216241074,0.3100000000001728,-0.1900000000000004,605.7780000000002,22.710500000000003,724.32,-12.620000000000005,768.8981782986643,52.50817829866435,282.75412,True,True,False,False
1306.65,4.26,13467.458,12251.17,40553.29,716.39,73.844,2774.33,47.59,40.91,0.05768918181992875,182.377143947008,776.926633214254,4.415902216241074,0.3100000000001728,-0.1900000000000004,605.7780000000002,24.103999999999992,724.32,-12.620000000000005,768.6145607326573,52.224560732657324,282.2652,True,True,False,False
1306.65,4.26,13467.458,12251.17,40553.29,716.39,75.2375,2774.33,47.59,40.91,0.05662070036058215,178.99927324805753,762.536904036725,4.415902216241074,0.3100000000001728,-0.1900000000000004,605.7780000000002,25.497499999999995,724.32,-12.620000000000005,767.7207115403758,51.33071154037577,282.2652,True,True,False,False
1306.65,4.26,13467.458,12251.17,40553.29,716.39,76.631,2774.33,47.59,40.91,0.0555910786027707,175.7442526426087,748.6705162575131,4.415902216241074,0.3100000000001728,-0.1900000000000004,605.7780000000002,26.891,724.32,-12.620000000000005,772.7747317512315,56.38473175123147,276.20264,True,True,False,False
1306.65,4.26,13467.458,12251.17,40553.29,716.39,78.02449999999999,2774.33,47.59,40.91,0.05459823446996477,172.60549990572838,735.2994295984028,4.415902216241074,0.3100000000001728,-0.1900000000000004,605.7780000000002,28.284499999999987,724.32,-12.620000000000005,771.6576443949962,55.26764439499618,276.20264,True,True,False,False
1306.65,4.26,13467.458,12251.17,40553.29,716.39,79.418,2774.33,47.59,40.91,0.05364023201742385,169.57689478988522,722.397571804911,4.415902216241074,0.3100000000001728,-0.1900000000000004,605.7780000000002,29.678000000000004,724.32,-12.620000000000005,795.2894546560574,78.8994546560574,251.3509,True,False,True,False
1306.65,4.26,13467.458,12251.17,40553.29,716.39,80.8115,2774.33,47.59,40.91,0.05271526883283606,166.65273919364523,709.9406689649287,4.415902216241074,0.3100000000001728,-0.1900000000000004,605.7780000000002,31.071499999999993,724.32,-12.620000000000005,793.972021532187,77.58202153218701,251.3509,True,False,True,False
1306.65,4.26,13467.458,12251.17,40553.29,716.39,82.205,2774.33,47.59,40.91,0.05182166471842753,163.82772138157387,697.9060930855046,4.415902216241074,0.3100000000001728,-0.1900000000000004,605.7780000000002,32.464999999999996,724.32,-12.620000000000005,792.2793805451272,75.88938054512721,251.63356,True,False,True,False
1306.65,4.26,13467.458,12251.17,40553.29,716.39,83.5985,2774.33,47.59,40.91,0.05095785150501682,161.09688378264104,686.2727249140507,4.415902216241074,0.3100000000001728,-0.1900000000000004,605.7780000000002,33.8585,724.32,-12.620000000000005,789.6574442138372,73.26744421383717,252.75758,True,False,True,False
1306.65,4.26,13467.458,12251.17,40553.29,716.39,84.99199999999999,2774.33,47.59,40.91,0.050122363868100955,158.45559395642422,675.0208302543672,4.415902216241074,0.3100000000001728,-0.1900000000000004,605.7780000000002,35.25199999999999,724.32,-12.620000000000005,788.075930405276,71.68593040527605,252.75758,True,False,True,False
1306.65,4.26,13467.458,12251.17,40553.29,716.39,86.38550000000001,2774.33,47.59,40.91,0.049313831032825745,155.89951836940784,664.1319482536774,4.415902216241074,0.3100000000001728,-0.1900000000000004,605.7780000000002,36.645500000000006,724.32,-12.620000000000005,785.15826962909,68.76826962909001,254.01418,True,False,True,False
1306.65,4.26,13467.458,12251.17,40553.29,716.39,87.779,2774.33,47.59,40.91,0.048530969269062425,153.4245986691054,653.588790330389,4.415902216241074,0.3100000000001728,-0.1900000000000004,605.7780000000002,38.038999999999994,724.32,-12.620000000000005,783.4214343167644,67.03143431676438,254.01418,True,True,True,True
1306.65,4.26,13467.458,12251.17,40553.29,716.39,89.1725,2774.33,47.59,40.91,0.04777257509016148,151.027030182769,643.3751485785959,4.415902216241074,0.3100000000001728,-0.1900000000000004,605.7780000000002,39.4325,724.32,-12.620000000000005,781.6123846762639,65.22238467626391,254.01418,True,True,True,True
1306.65,4.26,13467.458,12251.17,40553.29,716.39,90.566,2774.33,47.59,40.91,0.04703751907959367,148.70324240108604,633.4758126286265,4.415902216241074,0.3100000000001728,-0.1900000000000004,605.7780000000002,40.826,724.32,-12.620000000000005,799.0084714337468,82.61847143374678,234.74016,True,False,True,False
1306.65,4.26,13467.458,12251.17,40553.29,716.39,91.95949999999999,2774.33,47.59,40.91,0.04632474027887559,146.44988123630642,623.8764940666654,4.415902216241074,0.3100000000001728,-0.1900000000000004,605.7780000000002,42.21949999999999,724.32,-12.620000000000005,797.0647912643881,80.67479126438809,234.74016,True,False,True,False
1306.65,4.26,13467.458,12251.17,40553.29,716.39,93.35300000000001,2774.33,47.59,40.91,0.04563324107813095,144.26379286939044,614.5637576236032,4.415902216241074,0.3100000000001728,-0.1900000000000004,605.7780000000002,43.61300000000001,724.32,-12.620000000000005,795.0583058764289,78.66830587642892,234.74016,True,False,True,False
1306.65,4.26,13467.458,12251.17,40553.29,716.39,94.7465,2774.33,47.59,40.91,0.044962082557539515,142.14200902258122,605.524958436196,4.415902216241074,0.3100000000001728,-0.1900000000000004,605.7780000000002,45.006499999999996,724.32,-12.620000000000005,792.1384081287215,75.74840812872151,235.59354,True,False,True,False
1306.65,4.26,13467.458,12251.17,40553.29,716.39,96.14,2774.33,47.59,40.91,0.04431038023392573,140.08173351277583,596.748184764425,4.415902216241074,0.3100000000001728,-0.1900000000000004,605.7780000000002,46.4,724.32,-12.620000000000005,790.8290555560484,74.4390555560484,234.77895,True,False,True,False
1306.65,4.26,13707.583636363637,12251.17,40553.29,716.39,34.826,2774.33,47.59,40.91,0.1223223992901166,393.60199973472805,1676.7445188699414,4.415902216241074,0.3100000000001728,-0.1900000000000004,845.9036363636369,-14.914000000000001,724.32,-12.620000000000005,791.0188546245015,74.62885462450151,182.53685,True,False,True,False
1306.65,4.26,13707.583636363637,12251.17,40553.29,716.39,36.219500000000004,2774.33,47.59,40.91,0.11761619797025916,378.45865508648603,1612.2338706684307,4.415902216241074,0.3100000000001728,-0.1900000000000004,845.9036363636369,-13.520499999999998,724.32,-12.620000000000005,786.8767221929722,70.48672219297225,196.76157,True,False,True,False
1306.65,4.26,13707.583636363637,12251.17,40553.29,716.39,37.613,2774.33,47.59,40.91,0.11325871073143035,364.43738260511674,1552.5032498977973,4.415902216241074,0.3100000000001728,-0.1900000000000004,845.9036363636369,-12.127000000000002,724.32,-12.620000000000005,780.9352700247439,64.5452700247439,211.73862,True,True,True,True
1306.65,4.26,13707.583636363637,12251.17,40553.29,716.39,39.0065,2774.33,47.59,40.91,0.109212564336391,351.41792483164886,1497.0403597828242,4.415902216241074,0.3100000000001728,-0.1900000000000004,845.9036363636369,-10.7335,724.32,-12.620000000000005,780.9850834128931,64.59508341289313,219.78963,True,True,True,True
1306.65,4.26,13707.583636363637,12251.17,40553.29,716.39,40.4,2774.33,47.59,40.91,0.10544554194441728,339.2966162640352,1445.40358528479,4.415902216241074,0.3100000000001728,-0.1900000000000004,845.9036363636369,-9.340000000000003,724.32,-12.620000000000005,781.6189082090116,65.22890820901159,226.41858,True,True,True,True
1306.65,4.26,13707.583636363637,12251.17,40553.29,716.39,41.7935,2774.33,47.59,40.91,0.10192972347542743,327.98361727015015,1397.2102095708397,4.415902216241074,0.3100000000001728,-0.1900000000000004,845.9036363636369,-7.9465,724.32,-12.620000000000005,788.8659914522618,72.47599145226184,225.68005,True,False,True,False
1306.65,4.26,13707.583636363637,12251.17,40553.29,716.39,43.187,2774.33,47.59,40.91,0.09864079239954635,317.40068351501503,1352.1269117739641,4.415902216241074,0.3100000000001728,-0.1900000000000004,845.9036363636369,-6.553000000000004,724.32,-12.620000000000005,786.6205390190587,70.23053901905871,233.75285,True,False,True,False
1306.65,4.26,13707.583636363637,12251.17,40553.29,716.39,44.5805,2774.33,47.59,40.91,0.09555747253715251,307.4793537282956,1309.8620468825395,4.415902216241074,0.3100000000001728,-0.1900000000000004,845.9036363636369,-5.159500000000001,724.32,-12.620000000000005,780.578053190721,64.188053190721,245.00536,True,True,True,True
1306.65,4.26,13707.583636363637,12251.17,40553.29,716.39,45.974000000000004,2774.33,47.59,40.91,0.09266106728452891,298.15946705103255,1270.1593296373985,4.415902216241074,0.3100000000001728,-0.1900000000000004,845.9036363636369,-3.7659999999999982,724.32,-12.620000000000005,782.5111148939959,66.12111489399592,247.72112,True,True,True,True
1306.65,4.26,13707.583636363637,12251.17,40553.29,716.39,47.3675,2774.33,47.59,40.91,0.08993508017237388,289.3879420905831,1232.792633305884,4.415902216241074,0.3100000000001728,-0.1900000000000004,845.9036363636369,-2.3725000000000023,724.32,-12.620000000000005,780.7509153987539,64.36091539875395,253.61847,True,True,True,True
1306.65,4.26,13707.583636363637,12251.17,40553.29,716.39,48.760999999999996,2774.33,47.59,40.91,0.08736490048676401,281.1177653297897,1197.561680304904,4.415902216241074,0.3100000000001728,-0.1900000000000004,845.9036363636369,-0.9790000000000063,724.32,-12.620000000000005,762.2881605421533,45.89816054215328,275.75058,True,True,False,False
1306.65,4.26,13707.583636363637,12251.17,40553.29,716.39,50.1545,2774.33,47.59,40.91,0.08493754129863638,273.30714817327436,1164.2884512181488,4.415902216241074,0.3100000000001728,-0.1900000000000004,845.9036363636369,0.41449999999999676,724.32,-12.620000000000005,759.099113621075,42.70911362107506,282.18018,True,True,False,False
1306.65,4.26,13707.583636363637,12251.17,40553.29,716.39,51.548,2774.33,47.59,40.91,0.08264141998445293,265.918820719423,1132.814176264742,4.415902216241074,0.3100000000001728,-0.1900000000000004,845.9036363636369,1.8079999999999998,724.32,-12.620000000000005,763.2266376614298,46.83663766142979,280.89917,True,True,False,False
1306.65,4.26,13707.583636363637,12251.17,40553.29,716.39,52.941500000000005,2774.33,47.59,40.91,0.08046617340902366,258.919437066275,1102.9968019023315,4.415902216241074,0.3100000000001728,-0.1900000000000004,845.9036363636369,3.201500000000003,724.32,-12.620000000000005,765.7102394521617,49.32023945216167,280.89917,True,True,False,False
1306.65,4.26,13707.583636363637,12251.17,40553.29,716.39,54.335,2774.33,47.59,40.91,0.07840250154775924,252.27907212817826,1074.7088472660394,4.415902216241074,0.3100000000001728,-0.1900000000000004,845.9036363636369,4.594999999999999,724.32,-12.620000000000005,774.1889865662488,57.7989865662488,274.56903,True,True,False,False
1306.65,4.26,13707.583636363637,12251.17,40553.29,716.39,55.7285,2774.33,47.59,40.91,0.07644203457042564,245.9707939455188,1047.8355822079102,4.415902216241074,0.3100000000001728,-0.1900000000000004,845.9036363636369,5.988499999999995,724.32,-12.620000000000005,776.027730405327,59.637730405327034,274.56903,True,True,False,False
1306.65,4.26,13707.583636363637,12251.17,40553.29,716.39,57.122,2774.33,47.59,40.91,0.07457721937997235,239.97029859587093,1022.2734720184102,4.415902216241074,0.3100000000001728,-0.1900000000000004,845.9036363636369,7.381999999999998,724.32,-12.620000000000005,777.5792876777734,61.18928767777345,274.56903,True,True,False,False
1306.65,4.26,13707.583636363637,12251.17,40553.29,716.39,58.5155,2774.33,47.59,40.91,0.07280122236328455,234.255597270946,997.9288443742299,4.415902216241074,0.3100000000001728,-0.1900000000000004,845.9036363636369,8.775500000000001,724.32,-12.620000000000005,778.8641757408914,62.47417574089138,274.56903,True,True,False,False
1306.65,4.26,13707.583636363637,12251.17,40553.29,716.39,59.909,2774.33,47.59,40.91,0.07110784571420245,228.80674702560367,974.7167423290717,4.415902216241074,0.3100000000001728,-0.1900000000000004,845.9036363636369,10.168999999999997,724.32,-12.620000000000005,778.7910481602858,62.40104816028577,275.679,True,True,False,False
1306.65,4.26,13707.583636363637,12251.17,40553.29,716.39,61.302499999999995,2774.33,47.59,40.91,0.06949145516917818,223.6056182497944,952.5599337441241,4.415902216241074,0.3100000000001728,-0.1900000000000004,845.9036363636369,11.562499999999993,724.32,-12.620000000000005,772.4534509842069,56.06345098420695,282.82227,True,True,False,False
1306.65,4.26,13707.583636363637,12251.17,40553.29,716.39,62.696,2774.33,47.59,40.91,0.0679469173799458,218.63569314992895,931.3880528186974,4.415902216241074,0.3100000000001728,-0.1900000000000004,845.9036363636369,12.955999999999996,724.32,-12.620000000000005,770.2656003765317,53.87560037653168,285.60007,True,True,False,False
1306.65,4.26,13707.583636363637,12251.17,40553.29,716.39,64.0895,2774.33,47.59,40.91,0.06646954545643911,213.88189052000322,911.1368536152138,4.415902216241074,0.3100000000001728,-0.1900000000000004,845.9036363636369,14.349499999999999,724.32,-12.620000000000005,767.7324435805779,51.34244358057788,288.5215,True,True,False,False
1306.65,4.26,13707.583636363637,12251.17,40553.29,716.39,65.483,2774.33,47.59,40.91,0.06505505146289797,209.3304128862945,891.7475588956147,4.415902216241074,0.3100000000001728,-0.1900000000000004,845.9036363636369,15.743000000000002,724.32,-12.620000000000005,767.9319487624075,51.541948762407515,288.5215,True,True,False,False
1306.65,4.26,13707.583636363637,12251.17,40553.29,716.39,66.8765,2774.33,47.59,40.91,0.06369950485298267,204.96861276225619,873.1662903672114,4.415902216241074,0.3100000000001728,-0.1900000000000004,845.9036363636369,17.13649999999999,724.32,-12.620000000000005,770.367250069625,53.97725006962503,286.10873,True,True,False,False
1306.65,4.26,13707.583636363637,12251.17,40553.29,716.39,68.27000000000001,2774.33,47.59,40.91,0.06239929599532303,200.78487528312232,855.3435687061011,4.415902216241074,0.3100000000001728,-0.1900000000000004,845.9036363636369,18.53000000000001,724.32,-12.620000000000005,771.950064027659,55.560064027658996,284.3823,True,True,False,False
1306.65,4.26,13707.583636363637,12251.17,40553.29,716.39,69.6635,2774.33,47.59,40.91,0.06115110407672448,196.76851492668504,838.2338735876782,4.415902216241074,0.3100000000001728,-0.1900000000000004,845.9036363636369,19.923499999999997,724.32,-12.620000000000005,771.6502610053849,55.260261005384905,284.3823,True,True,False,False
1306.65,4.26,13707.583636363637,12251.17,40553.29,716.39,71.057,2774.33,47.59,40.91,0.059951868782078206,192.90968438653408,821.7952554866353,4.415902216241074,0.3100000000001728,-0.1900000000000004,845.9036363636369,21.317,724.32,-12.620000000000005,771.2034697750985,54.8134697750985,284.3823,True,True,False,False
1306.65,4.26,13707.583636363637,12251.17,40553.29,716.39,72.4505,2774.33,47.59,40.91,0.05879876524249294,189.1992939615923,805.9889922763832,4.415902216241074,0.3100000000001728,-0.1900000000000004,845.9036363636369,22.710500000000003,724.32,-12.620000000000005,770.6181717716424,54.22817177164245,284.3823,True,True,False,False
1306.65,4.26,13707.583636363637,12251.17,40553.29,716.39,73.844,2774.33,47.59,40.91,0.05768918181992875,185.6289400727845,790.779284710062,4.415902216241074,0.3100000000001728,-0.1900000000000004,845.9036363636369,24.103999999999992,724.32,-12.620000000000005,772.0219897160334,55.631989716033445,282.2625,True,True,False,False
1306.65,4.26,13707.583636363637,12251.17,40553.29,716.39,75.2375,2774.33,47.59,40.91,0.05662070036058215,182.19084172351282,776.1329857421647,4.415902216241074,0.3100000000001728,-0.1900000000000004,845.9036363636369,25.497499999999995,724.32,-12.620000000000005,771.6715430456136,55.2815430456136,281.7736,True,True,False,False
1306.65,4.26,13707.583636363637,12251.17,40553.29,716.39,76.631,2774.33,47.59,40.91,0.0555910786027707,178.8777838927569,762.0193593831444,4.415902216241074,0.3100000000001728,-0.1900000000000004,845.9036363636369,26.891,724.32,-12.620000000000005,775.4968122563587,59.106812256358694,276.99228,True,True,False,False
1306.65,4.26,13707.583636363637,12251.17,40553.29,716.39,78.02449999999999,2774.33,47.59,40.91,0.05459823446996477,175.68306699409254,748.4098653948341,4.415902216241074,0.3100000000001728,-0.1900000000000004,845.9036363636369,28.284499999999987,724.32,-12.620000000000005,775.7115986594047,59.321598659404685,275.71103,True,True,False,False
1306.65,4.26,13707.583636363637,12251.17,40553.29,716.39,79.418,2774.33,47.59,40.91,0.05364023201742385,172.60046165558407,735.2779666527881,4.415902216241074,0.3100000000001728,-0.1900000000000004,845.9036363636369,29.678000000000004,724.32,-12.620000000000005,796.5744155741318,80.18441557413178,253.67714,True,False,True,False
1306.65,4.26,13707.583636363637,12251.17,40553.29,716.39,80.8115,2774.33,47.59,40.91,0.05271526883283606,169.6241681782849,722.5989564394937,4.415902216241074,0.3100000000001728,-0.1900000000000004,845.9036363636369,31.071499999999993,724.32,-12.620000000000005,798.1219245942009,81.7319245942009,250.85936,True,False,True,False
1306.65,4.26,13707.583636363637,12251.17,40553.29,716.39,82.205,2774.33,47.59,40.91,0.05182166471842753,166.74878011817842,710.3498033034401,4.415902216241074,0.3100000000001728,-0.1900000000000004,845.9036363636369,32.464999999999996,724.32,-12.620000000000005,796.7575010627222,80.36750106272223,250.85936,True,False,True,False
1306.65,4.26,13707.583636363637,12251.17,40553.29,716.39,83.5985,2774.33,47.59,40.91,0.05095785150501682,163.96925151042646,698.5090114344167,4.415902216241074,0.3100000000001728,-0.1900000000000004,845.9036363636369,33.8585,724.32,-12.620000000000005,795.3036328187768,78.91363281877682,250.85936,True,False,True,False
1306.65,4.26,13707.583636363637,12251.17,40553.29,716.39,84.99199999999999,2774.33,47.59,40.91,0.050122363868100955,161.28086731789782,687.0564947742447,4.415902216241074,0.3100000000001728,-0.1900000000000004,845.9036363636369,35.25199999999999,724.32,-12.620000000000005,792.3580421317085,75.96804213170856,252.26604,True,False,True,False
1306.65,4.26,13707.583636363637,12251.17,40553.29,716.39,86.38550000000001,2774.33,47.59,40.91,0.049313831032825745,158.67921673989756,675.9734633119635,4.415902216241074,0.3100000000001728,-0.1900000000000004,845.9036363636369,36.645500000000006,724.32,-12.620000000000005,789.4816073347793,73.09160733477927,253.52263,True,False,True,False
1306.65,4.26,13707.583636363637,12251.17,40553.29,716.39,87.779,2774.33,47.59,40.91,0.048530969269062425,156.1601690632551,665.2423202094667,4.415902216241074,0.3100000000001728,-0.1900000000000004,845.9036363636369,38.038999999999994,724.32,-12.620000000000005,787.7846890690168,71.39468906901686,253.52263,True,False,True,False
1306.65,4.26,13707.583636363637,12251.17,40553.29,716.39,89.1725,2774.33,47.59,40.91,0.04777257509016148,153.71985177766447,654.8465685728507,4.415902216241074,0.3100000000001728,-0.1900000000000004,845.9036363636369,39.4325,724.32,-12.620000000000005,786.0143089065186,69.62430890651865,253.52263,True,False,True,False
1306.65,4.26,13707.583636363637,12251.17,40553.29,716.39,90.566,2774.33,47.59,40.91,0.04703751907959367,151.3546307114039,644.7707268305807,4.415902216241074,0.3100000000001728,-0.1900000000000004,845.9036363636369,40.826,724.32,-12.620000000000005,784.1738578268564,67.78385782685643,253.52263,True,False,True,False
1306.65,4.26,13707.583636363637,12251.17,40553.29,716.39,91.95949999999999,2774.33,47.59,40.91,0.04632474027887559,149.06109197312455,635.0002518055106,4.415902216241074,0.3100000000001728,-0.1900000000000004,845.9036363636369,42.21949999999999,724.32,-12.620000000000005,782.2665212699903,65.87652126999035,253.52263,True,True,True,True
1306.65,4.26,13707.583636363637,12251.17,40553.29,716.39,93.35300000000001,2774.33,47.59,40.91,0.04563324107813095,146.83602551099173,625.5214686768247,4.415902216241074,0.3100000000001728,-0.1900000000000004,845.9036363636369,43.61300000000001,724.32,-12.620000000000005,799.569357587287,83.17935758728697,234.24857,True,False,True,False
1306.65,4.26,13707.583636363637,12251.17,40553.29,716.39,94.7465,2774.33,47.59,40.91,0.044962082557539515,144.67641012266657,616.3215071225595,4.415902216241074,0.3100000000001728,-0.1900000000000004,845.9036363636369,45.006499999999996,724.32,-12.620000000000005,795.7921407637846,79.40214076378459,235.99348,True,False,True,False
1306.65,4.26,13707.583636363637,12251.17,40553.29,716.39,96.14,2774.33,47.59,40.91,0.04431038023392573,142.5793997689228,607.3882430156111,4.415902216241074,0.3100000000001728,-0.1900000000000004,845.9036363636369,46.4,724.32,-12.620000000000005,793.7014271437854,77.31142714378541,235.99348,True,False,True,False
1306.65,4.26,13947.709272727274,12251.17,40553.29,716.39,34.826,2774.33,47.59,40.91,0.1223223992901166,400.49701005657454,1706.1172628410075,4.415902216241074,0.3100000000001728,-0.1900000000000004,1086.0292727272736,-14.914000000000001,724.32,-12.620000000000005,795.1163813206506,78.7263813206506,178.54851,True,False,True,False
1306.65,4.26,13947.709272727274,12251.17,40553.29,716.39,36.219500000000004,2774.33,47.59,40.91,0.11761619797025916,385.08838851002594,1640.4765350527105,4.415902216241074,0.3100000000001728,-0.1900000000000004,1086.0292727272736,-13.520499999999998,724.32,-12.620000000000005,787.2258693482406,70.83586934824064,196.76157,True,False,True,False
1306.65,4.26,13947.709272727274,12251.17,40553.29,716.39,37.613,2774.33,47.59,40.91,0.11325871073143035,370.8214952783819,1579.699569885907,4.415902216241074,0.3100000000001728,-0.1900000000000004,1086.0292727272736,-12.127000000000002,724.32,-12.620000000000005,781.5065994720371,65.11659947203714,211.73862,True,True,True,True
1306.65,4.26,13947.709272727274,12251.17,40553.29,716.39,39.0065,2774.33,47.59,40.91,0.109212564336391,357.5739662659636,1523.2650962930047,4.415902216241074,0.3100000000001728,-0.1900000000000004,1086.0292727272736,-10.7335,724.32,-12.620000000000005,781.762720310018,65.37272031001805,219.78963,True,True,True,True
1306.65,4.26,13947.709272727274,12251.17,40553.29,716.39,40.4,2774.33,47.59,40.91,0.10544554194441728,345.2403199873009,1470.7237631459018,4.415902216241074,0.3100000000001728,-0.1900000000000004,1086.0292727272736,-9.340000000000003,724.32,-12.620000000000005,782.5886204062543,66.19862040625435,226.41858,True,True,True,True
1306.65,4.26,13947.709272727274,12251.17,40553.29,716.39,41.7935,2774.33,47.59,40.91,0.10192972347542743,333.7291430245883,1421.686149284746,4.415902216241074,0.3100000000001728,-0.1900000000000004,1086.0292727272736,-7.9465,724.32,-12.620000000000005,790.0149704064607,73.62497040646076,225.68005,True,False,True,False
1306.65,4.26,13947.709272727274,12251.17,40553.29,716.39,43.187,2774.33,47.59,40.91,0.09864079239954635,322.9608203803565,1375.8130948203186,4.415902216241074,0.3100000000001728,-0.1900000000000004,1086.0292727272736,-6.553000000000004,724.32,-12.620000000000005,786.9833281140741,70.5933281140741,234.70674,True,False,True,False
1306.65,4.26,13947.709272727274,12251.17,40553.29,716.39,44.5805,2774.33,47.59,40.91,0.09555747253715251,312.86569149878494,1332.807845784824,4.415902216241074,0.3100000000001728,-0.1900000000000004,1086.0292727272736,-5.159500000000001,724.32,-12.620000000000005,781.2373540178603,64.84735401786031,245.81995,True,True,True,True
1306.65,4.26,13947.709272727274,12251.17,40553.29,716.39,45.974000000000004,2774.33,47.59,40.91,0.09266106728452891,303.38254163972533,1292.40962738523,4.415902216241074,0.3100000000001728,-0.1900000000000004,1086.0292727272736,-3.7659999999999982,724.32,-12.620000000000005,784.1326899026672,67.74268990266717,247.72112,True,False,True,False
1306.65,4.26,13947.709272727274,12251.17,40553.29,716.39,47.3675,2774.33,47.59,40.91,0.08993508017237388,294.45735954546717,1254.38835166369,4.415902216241074,0.3100000000001728,-0.1900000000000004,1086.0292727272736,-2.3725000000000023,724.32,-12.620000000000005,767.3758035954918,50.9858035954918,268.75415,True,True,False,False
1306.65,4.26,13947.709272727274,12251.17,40553.29,716.39,48.760999999999996,2774.33,47.59,40.91,0.08736490048676401,286.0423081291394,1218.540232630134,4.415902216241074,0.3100000000001728,-0.1900000000000004,1086.0292727272736,-0.9790000000000063,724.32,-12.620000000000005,764.1797798248699,47.789779824869925,275.75058,True,True,False,False
1306.65,4.26,13947.709272727274,12251.17,40553.29,716.39,50.1545,2774.33,47.59,40.91,0.08493754129863638,278.09486675437716,1184.6841323736467,4.415902216241074,0.3100000000001728,-0.1900000000000004,1086.0292727272736,0.41449999999999676,724.32,-12.620000000000005,761.1145006163349,44.72450061633492,282.18018,True,True,False,False
1306.65,4.26,13947.709272727274,12251.17,40553.29,716.39,51.548,2774.33,47.59,40.91,0.08264141998445293,270.57711263579887,1152.6584998285032,4.415902216241074,0.3100000000001728,-0.1900000000000004,1086.0292727272736,1.8079999999999998,724.32,-12.620000000000005,765.3591007302134,48.96910073021343,280.89917,True,True,False,False
1306.65,4.26,13947.709272727274,12251.17,40553.29,716.39,52.941500000000005,2774.33,47.59,40.91,0.08046617340902366,263.4551157272113,1122.3187929979201,4.415902216241074,0.3100000000001728,-0.1900000000000004,1086.0292727272736,3.201500000000003,724.32,-12.620000000000005,767.9536153574859,51.5636153574859,280.89917,True,True,False,False
1306.65,4.26,13947.709272727274,12251.17,40553.29,716.39,54.335,2774.33,47.59,40.91,0.07840250154775924,256.69842672363757,1093.535297842696,4.415902216241074,0.3100000000001728,-0.1900000000000004,1086.0292727272736,4.594999999999999,724.32,-12.620000000000005,776.5375862666165,60.147586266616486,274.56903,True,True,False,False
1306.65,4.26,13947.709272727274,12251.17,40553.29,716.39,55.7285,2774.33,47.59,40.91,0.07644203457042564,250.2796418788884,1066.1912744040646,4.415902216241074,0.3100000000001728,-0.1900000000000004,1086.0292727272736,5.988499999999995,724.32,-12.620000000000005,778.4762916253937,62.086291625393756,274.56903,True,True,False,False
1306.65,4.26,13947.709272727274,12251.17,40553.29,716.39,57.122,2774.33,47.59,40.91,0.07457721937997235,244.17403152118698,1040.1813742802565,4.415902216241074,0.3100000000001728,-0.1900000000000004,1086.0292727272736,7.381999999999998,724.32,-12.620000000000005,780.122933264244,63.732933264244025,274.56903,True,True,False,False
1306.65,4.26,13947.709272727274,12251.17,40553.29,716.39,58.5155,2774.33,47.59,40.91,0.07280122236328455,238.35922164841884,1015.4102842222642,4.415902216241074,0.3100000000001728,-0.1900000000000004,1086.0292727272736,8.775500000000001,724.32,-12.620000000000005,779.3785954828813,62.98859548288135,276.6888,True,True,False,False
1306.65,4.26,13947.709272727274,12251.17,40553.29,716.39,59.909,2774.33,47.59,40.91,0.07110784571420245,232.8149199604793,991.7915590316418,4.415902216241074,0.3100000000001728,-0.1900000000000004,1086.0292727272736,10.168999999999997,724.32,-12.620000000000005,779.3918108528187,63.00181085281872,277.79877,True,True,False,False
1306.65,4.26,13947.709272727274,12251.17,40553.29,716.39,61.302499999999995,2774.33,47.59,40.91,0.06949145516917818,227.52267925785404,969.2466136384581,4.415902216241074,0.3100000000001728,-0.1900000000000004,1086.0292727272736,11.562499999999993,724.32,-12.620000000000005,774.673191270123,58.283191270122984,283.4055,True,True,False,False
1306.65,4.26,13947.709272727274,12251.17,40553.29,716.39,62.696,2774.33,47.59,40.91,0.0679469173799458,222.46569239284136,947.7038495935042,4.415902216241074,0.3100000000001728,-0.1900000000000004,1086.0292727272736,12.955999999999996,724.32,-12.620000000000005,773.1473159594111,56.75731595941113,285.60007,True,True,False,False
1306.65,4.26,13947.709272727274,12251.17,40553.29,716.39,64.0895,2774.33,47.59,40.91,0.06646954545643911,217.62861397106641,927.0978955167428,4.415902216241074,0.3100000000001728,-0.1900000000000004,1086.0292727272736,14.349499999999999,724.32,-12.620000000000005,770.6894883295906,54.299488329590645,288.5215,True,True,False,False
1306.65,4.26,13947.709272727274,12251.17,40553.29,716.39,65.483,2774.33,47.59,40.91,0.06505505146289797,212.9974048185005,907.3689445268121,4.415902216241074,0.3100000000001728,-0.1900000000000004,1086.0292727272736,15.743000000000002,724.32,-12.620000000000005,770.9611166182283,54.5711166182283,288.5215,True,True,False,False
1306.65,4.26,13947.709272727274,12251.17,40553.29,716.39,66.8765,2774.33,47.59,40.91,0.06369950485298267,208.55919589344657,888.4621745060824,4.415902216241074,0.3100000000001728,-0.1900000000000004,1086.0292727272736,17.13649999999999,724.32,-12.620000000000005,773.2003986673399,56.81039866733988,286.37387,True,True,False,False
1306.65,4.26,13947.709272727274,12251.17,40553.29,716.39,68.27000000000001,2774.33,47.59,40.91,0.06239929599532303,204.30216886516922,870.3272393656209,4.415902216241074,0.3100000000001728,-0.1900000000000004,1086.0292727272736,18.53000000000001,724.32,-12.620000000000005,773.3882047790648,56.99820477906485,286.10873,True,True,False,False
1306.65,4.26,13947.709272727274,12251.17,40553.29,716.39,69.6635,2774.33,47.59,40.91,0.06115110407672448,200.21545102545556,852.9178213684406,4.415902216241074,0.3100000000001728,-0.1900000000000004,1086.0292727272736,19.923499999999997,724.32,-12.620000000000005,774.8784857787969,58.48848577879687,284.3823,True,True,False,False
1306.65,4.26,13947.709272727274,12251.17,40553.29,716.39,71.057,2774.33,47.59,40.91,0.059951868782078206,196.28902256552135,836.191236129121,4.415902216241074,0.3100000000001728,-0.1900000000000004,1086.0292727272736,21.317,724.32,-12.620000000000005,774.4928419097846,58.102841909784615,284.3823,True,True,False,False
1306.65,4.26,13947.709272727274,12251.17,40553.29,716.39,72.4505,2774.33,47.59,40.91,0.05879876524249294,192.51363455343494,820.1080831976328,4.415902216241074,0.3100000000001728,-0.1900000000000004,1086.0292727272736,22.710500000000003,724.32,-12.620000000000005,773.9663390727458,57.57633907274578,284.3823,True,True,False,False
1306.65,4.26,13947.709272727274,12251.17,40553.29,716.39,73.844,2774.33,47.59,40.91,0.05768918181992875,188.880736198561,804.6319362058699,4.415902216241074,0.3100000000001728,-0.1900000000000004,1086.0292727272736,24.103999999999992,724.32,-12.620000000000005,773.3069516583937,56.916951658393714,284.3823,True,True,False,False
1306.65,4.26,13947.709272727274,12251.17,40553.29,716.39,75.2375,2774.33,47.59,40.91,0.05662070036058215,185.38241019896813,789.7290674476042,4.415902216241074,0.3100000000001728,-0.1900000000000004,1086.0292727272736,25.497499999999995,724.32,-12.620000000000005,772.5220632715543,56.13206327155433,284.3823,True,True,False,False
1306.65,4.26,13947.709272727274,12251.17,40553.29,716.39,76.631,2774.33,47.59,40.91,0.0555910786027707,182.0113151429051,775.3682025087757,4.415902216241074,0.3100000000001728,-0.1900000000000004,1086.0292727272736,26.891,724.32,-12.620000000000005,776.8887536013294,60.49875360132944,279.11206,True,True,False,False
1306.65,4.26,13947.709272727274,12251.17,40553.29,716.39,78.02449999999999,2774.33,47.59,40.91,0.05459823446996477,178.7606340824567,761.5203011912655,4.415902216241074,0.3100000000001728,-0.1900000000000004,1086.0292727272736,28.284499999999987,724.32,-12.620000000000005,775.8729137636569,59.48291376365694,279.11206,True,True,False,False
1306.65,4.26,13947.709272727274,12251.17,40553.29,716.39,79.418,2774.33,47.59,40.91,0.05364023201742385,175.6240285212829,748.1583615006651,4.415902216241074,0.3100000000001728,-0.1900000000000004,1086.0292727272736,29.678000000000004,724.32,-12.620000000000005,800.1856094023626,83.79560940236263,253.67714,True,False,True,False
1306.65,4.26,13947.709272727274,12251.17,40553.29,716.39,80.8115,2774.33,47.59,40.91,0.05271526883283606,172.59559716292455,735.2572439140586,4.415902216241074,0.3100000000001728,-0.1900000000000004,1086.0292727272736,31.071499999999993,724.32,-12.620000000000005,798.9625014843398,82.5725014843398,253.67714,True,False,True,False
1306.65,4.26,13947.709272727274,12251.17,40553.29,716.39,82.205,2774.33,47.59,40.91,0.05182166471842753,169.669838854783,722.7935135213755,4.415902216241074,0.3100000000001728,-0.1900000000000004,1086.0292727272736,32.464999999999996,724.32,-12.620000000000005,800.4614211408641,84.07142114086412,250.85936,True,False,True,False
1306.65,4.26,13947.709272727274,12251.17,40553.29,716.39,83.5985,2774.33,47.59,40.91,0.05095785150501682,166.84161923821188,710.7452979547826,4.415902216241074,0.3100000000001728,-0.1900000000000004,1086.0292727272736,33.8585,724.32,-12.620000000000005,799.0515975467633,82.66159754676335,250.85936,True,False,True,False
1306.65,4.26,13947.709272727274,12251.17,40553.29,716.39,84.99199999999999,2774.33,47.59,40.91,0.050122363868100955,164.1061406793714,699.0921592941222,4.415902216241074,0.3100000000001728,-0.1900000000000004,1086.0292727272736,35.25199999999999,724.32,-12.620000000000005,797.5552844733757,81.16528447337566,250.85936,True,False,True,False
1306.65,4.26,13947.709272727274,12251.17,40553.29,716.39,86.38550000000001,2774.33,47.59,40.91,0.049313831032825745,161.45891511038724,687.8149783702497,4.415902216241074,0.3100000000001728,-0.1900000000000004,1086.0292727272736,36.645500000000006,724.32,-12.620000000000005,793.3133984096091,76.92339840960915,253.52263,True,False,True,False
1306.65,4.26,13947.709272727274,12251.17,40553.29,716.39,87.779,2774.33,47.59,40.91,0.048530969269062425,158.8957394574048,676.8958500885444,4.415902216241074,0.3100000000001728,-0.1900000000000004,1086.0292727272736,38.038999999999994,724.32,-12.620000000000005,791.65639719041,75.26639719040998,253.52263,True,False,True,False
1306.65,4.26,13947.709272727274,12251.17,40553.29,716.39,89.1725,2774.33,47.59,40.91,0.04777257509016148,156.41267337255994,666.3179885671053,4.415902216241074,0.3100000000001728,-0.1900000000000004,1086.0292727272736,39.4325,724.32,-12.620000000000005,789.9246865059138,73.53468650591378,253.52263,True,False,True,False
1306.65,4.26,13947.709272727274,12251.17,40553.29,716.39,90.566,2774.33,47.59,40.91,0.04703751907959367,154.00601902172178,656.0656410325348,4.415902216241074,0.3100000000001728,-0.1900000000000004,1086.0292727272736,40.826,724.32,-12.620000000000005,788.1217149230908,71.73171492309086,253.52263,True,False,True,False
1306.65,4.26,13947.709272727274,12251.17,40553.29,716.39,91.95949999999999,2774.33,47.59,40.91,0.04632474027887559,151.67230270994267,646.1240095443558,4.415902216241074,0.3100000000001728,-0.1900000000000004,1086.0292727272736,42.21949999999999,724.32,-12.620000000000005,786.2507219787176,69.8607219787176,253.52263,True,False,True,False
1306.65,4.26,13947.709272727274,12251.17,40553.29,716.39,93.35300000000001,2774.33,47.59,40.91,0.04563324107813095,149.408258152593,636.4791797300462,4.415902216241074,0.3100000000001728,-0.1900000000000004,1086.0292727272736,43.61300000000001,724.32,-12.620000000000005,784.3147537805671,67.92475378056713,253.52263,True,False,True,False
1306.65,4.26,13947.709272727274,12251.17,40553.29,716.39,94.7465,2774.33,47.59,40.91,0.044962082557539515,147.21081122275191,627.1180558089231,4.415902216241074,0.3100000000001728,-0.1900000000000004,1086.0292727272736,45.006499999999996,724.32,-12.620000000000005,780.571758408613,64.18175840861306,255.26755,True,True,True,True
1306.65,4.26,13947.709272727274,12251.17,40553.29,716.39,96.14,2774.33,47.59,40.91,0.04431038023392573,145.07706602506977,618.0283012667973,4.415902216241074,0.3100000000001728,-0.1900000000000004,1086.0292727272736,46.4,724.32,-12.620000000000005,797.7883373057412,81.39833730574117,235.99348,True,False,True,False
1306.65,4.26,14187.834909090909,12251.17,40553.29,716.39,34.826,2774.33,47.59,40.91,0.1223223992901166,407.39202037842097,1735.4900068120733,4.415902216241074,0.3100000000001728,-0.1900000000000004,1326.1549090909084,-14.914000000000001,724.32,-12.620000000000005,797.2440593839872,80.85405938398719,176.53001,True,False,True,False
1306.65,4.26,14187.834909090909,12251.17,40553.29,716.39,36.219500000000004,2774.33,47.59,40.91,0.11761619797025916,391.7181219335658,1668.7191994369903,4.415902216241074,0.3100000000001728,-0.1900000000000004,1326.1549090909084,-13.520499999999998,724.32,-12.620000000000005,788.7999310542905,72.4099310542905,195.53665,True,False,True,False
1306.65,4.26,14187.834909090909,12251.17,40553.29,716.39,37.613,2774.33,47.59,40.91,0.11325871073143035,377.2056079516471,1606.8958898740166,4.415902216241074,0.3100000000001728,-0.1900000000000004,1326.1549090909084,-12.127000000000002,724.32,-12.620000000000005,782.8174613900335,66.4274613900335,210.99908,True,True,True,True
1306.65,4.26,14187.834909090909,12251.17,40553.29,716.39,39.0065,2774.33,47.59,40.91,0.109212564336391,363.7300077002782,1549.489832803185,4.415902216241074,0.3100000000001728,-0.1900000000000004,1326.1549090909084,-10.7335,724.32,-12.620000000000005,783.7652717579243,67.37527175792434,218.56471,True,False,True,False
1306.65,4.26,14187.834909090909,12251.17,40553.29,716.39,40.4,2774.33,47.59,40.91,0.10544554194441728,351.1840237105665,1496.0439410070132,4.415902216241074,0.3100000000001728,-0.1900000000000004,1326.1549090909084,-9.340000000000003,724.32,-12.620000000000005,784.7832471542783,68.39324715427836,225.19366,True,False,True,False
1306.65,4.26,14187.834909090909,12251.17,40553.29,716.39,41.7935,2774.33,47.59,40.91,0.10192972347542743,339.4746687790264,1446.1620889986525,4.415902216241074,0.3100000000001728,-0.1900000000000004,1326.1549090909084,-7.9465,724.32,-12.620000000000005,792.388863911441,75.99886391144105,224.45514,True,False,True,False
1306.65,4.26,14187.834909090909,12251.17,40553.29,716.39,43.187,2774.33,47.59,40.91,0.09864079239954635,328.52095724569784,1399.4992778666729,4.415902216241074,0.3100000000001728,-0.1900000000000004,1326.1549090909084,-6.553000000000004,724.32,-12.620000000000005,784.7229940401443,68.33299404014429,238.28375,True,False,True,False
1306.65,4.26,14187.834909090909,12251.17,40553.29,716.39,44.5805,2774.33,47.59,40.91,0.09555747253715251,318.25202926927426,1355.7536446871081,4.415902216241074,0.3100000000001728,-0.1900000000000004,1326.1549090909084,-5.159500000000001,724.32,-12.620000000000005,783.0446193225384,66.65461932253845,245.48657,True,True,True,True
1306.65,4.26,14187.834909090909,12251.17,40553.29,716.39,45.974000000000004,2774.33,47.59,40.91,0.09266106728452891,308.60561622841806,1314.6599251330608,4.415902216241074,0.3100000000001728,-0.1900000000000004,1326.1549090909084,-3.7659999999999982,724.32,-12.620000000000005,786.9791794621194,70.58917946211943,246.4962,True,False,True,False
1306.65,4.26,14187.834909090909,12251.17,40553.29,716.39,47.3675,2774.33,47.59,40.91,0.08993508017237388,299.52677700035116,1275.9840700214959,4.415902216241074,0.3100000000001728,-0.1900000000000004,1326.1549090909084,-2.3725000000000023,724.32,-12.620000000000005,770.361318012933,53.97131801293301,267.5292,True,True,False,False
1306.65,4.26,14187.834909090909,12251.17,40553.29,716.39,48.760999999999996,2774.33,47.59,40.91,0.08736490048676401,290.9668509284892,1239.5187849553638,4.415902216241074,0.3100000000001728,-0.1900000000000004,1326.1549090909084,-0.9790000000000063,724.32,-12.620000000000005,767.2962831407899,50.906283140789924,274.5257,True,True,False,False
1306.65,4.26,14187.834909090909,12251.17,40553.29,716.39,50.1545,2774.33,47.59,40.91,0.08493754129863638,282.88258533547986,1205.079813529144,4.415902216241074,0.3100000000001728,-0.1900000000000004,1326.1549090909084,0.41449999999999676,724.32,-12.620000000000005,764.354802162376,47.96480216237603,280.95526,True,True,False,False
1306.65,4.26,14187.834909090909,12251.17,40553.29,716.39,51.548,2774.33,47.59,40.91,0.08264141998445293,275.23540455217477,1172.5028233922644,4.415902216241074,0.3100000000001728,-0.1900000000000004,1326.1549090909084,1.8079999999999998,724.32,-12.620000000000005,768.7164783497783,52.32647834977831,279.67426,True,True,False,False
1306.65,4.26,14187.834909090909,12251.17,40553.29,716.39,52.941500000000005,2774.33,47.59,40.91,0.08046617340902366,267.99079438814755,1141.6407840935085,4.415902216241074,0.3100000000001728,-0.1900000000000004,1326.1549090909084,3.201500000000003,724.32,-12.620000000000005,771.4219058135914,55.03190581359138,279.67426,True,True,False,False
1306.65,4.26,14187.834909090909,12251.17,40553.29,716.39,54.335,2774.33,47.59,40.91,0.07840250154775924,261.1177813190969,1112.3617484193526,4.415902216241074,0.3100000000001728,-0.1900000000000004,1326.1549090909084,4.594999999999999,724.32,-12.620000000000005,780.1111005177652,63.721100517765194,273.34412,True,True,False,False
1306.65,4.26,14187.834909090909,12251.17,40553.29,716.39,55.7285,2774.33,47.59,40.91,0.07644203457042564,254.58848981225802,1084.546966600219,4.415902216241074,0.3100000000001728,-0.1900000000000004,1326.1549090909084,5.988499999999995,724.32,-12.620000000000005,780.0299859021009,63.639985902100875,275.4639,True,True,False,False
1306.65,4.26,14187.834909090909,12251.17,40553.29,716.39,57.122,2774.33,47.59,40.91,0.07457721937997235,248.37776444650302,1058.0892765421029,4.415902216241074,0.3100000000001728,-0.1900000000000004,1326.1549090909084,7.381999999999998,724.32,-12.620000000000005,781.7717119073552,65.38171190735522,275.4639,True,True,False,False
1306.65,4.26,14187.834909090909,12251.17,40553.29,716.39,58.5155,2774.33,47.59,40.91,0.07280122236328455,242.46284602589165,1032.8917240702983,4.415902216241074,0.3100000000001728,-0.1900000000000004,1326.1549090909084,8.775500000000001,724.32,-12.620000000000005,783.237711269793,66.84771126979297,275.4639,True,True,False,False
1306.65,4.26,14187.834909090909,12251.17,40553.29,716.39,59.909,2774.33,47.59,40.91,0.07110784571420245,236.8230928953549,1008.8663757342118,4.415902216241074,0.3100000000001728,-0.1900000000000004,1326.1549090909084,10.168999999999997,724.32,-12.620000000000005,783.3372695902735,66.94726959027355,276.57385,True,True,False,False
1306.65,4.26,14187.834909090909,12251.17,40553.29,716.39,61.302499999999995,2774.33,47.59,40.91,0.06949145516917818,231.43974026591363,985.933293532792,4.415902216241074,0.3100000000001728,-0.1900000000000004,1326.1549090909084,11.562499999999993,724.32,-12.620000000000005,778.7010675423674,62.31106754236737,282.18057,True,True,False,False
1306.65,4.26,14187.834909090909,12251.17,40553.29,716.39,62.696,2774.33,47.59,40.91,0.0679469173799458,226.29569163575377,964.019646368311,4.415902216241074,0.3100000000001728,-0.1900000000000004,1326.1549090909084,12.955999999999996,724.32,-12.620000000000005,777.2539460930716,60.863946093071604,284.37515,True,True,False,False
1306.65,4.26,14187.834909090909,12251.17,40553.29,716.39,64.0895,2774.33,47.59,40.91,0.06646954545643911,221.37533742212955,943.0589374182719,4.415902216241074,0.3100000000001728,-0.1900000000000004,1326.1549090909084,14.349499999999999,724.32,-12.620000000000005,774.8714476293846,58.48144762938466,287.2966,True,True,False,False
1306.65,4.26,14187.834909090909,12251.17,40553.29,716.39,65.483,2774.33,47.59,40.91,0.06505505146289797,216.66439675070646,922.9903301580096,4.415902216241074,0.3100000000001728,-0.1900000000000004,1326.1549090909084,15.743000000000002,724.32,-12.620000000000005,775.2151990248301,58.82519902483011,287.2966,True,True,False,False
1306.65,4.26,14187.834909090909,12251.17,40553.29,716.39,66.8765,2774.33,47.59,40.91,0.06369950485298267,212.14977902463693,903.7580586449533,4.415902216241074,0.3100000000001728,-0.1900000000000004,1326.1549090909084,17.13649999999999,724.32,-12.620000000000005,777.523598534586,61.133598534585985,285.14896,True,True,False,False
1306.65,4.26,14187.834909090909,12251.17,40553.29,716.39,68.27000000000001,2774.33,47.59,40.91,0.06239929599532303,207.81946244721613,885.3109100251406,4.415902216241074,0.3100000000001728,-0.1900000000000004,1326.1549090909084,18.53000000000001,724.32,-12.620000000000005,777.7777005109392,61.387700510939226,284.88382,True,True,False,False
1306.65,4.26,14187.834909090909,12251.17,40553.29,716.39,69.6635,2774.33,47.59,40.91,0.06115110407672448,203.66238712422606,867.6017691492029,4.415902216241074,0.3100000000001728,-0.1900000000000004,1326.1549090909084,19.923499999999997,724.32,-12.620000000000005,777.6051846733023,61.21518467330236,284.88382,True,True,False,False
1306.65,4.26,14187.834909090909,12251.17,40553.29,716.39,71.057,2774.33,47.59,40.91,0.059951868782078206,199.66836074450862,850.5872167716067,4.415902216241074,0.3100000000001728,-0.1900000000000004,1326.1549090909084,21.317,724.32,-12.620000000000005,779.0071285952522,62.61712859525221,283.15738,True,True,False,False
1306.65,4.26,14187.834909090909,12251.17,40553.29,716.39,72.4505,2774.33,47.59,40.91,0.05879876524249294,195.82797514527758,834.2271741188824,4.415902216241074,0.3100000000001728,-0.1900000000000004,1326.1549090909084,22.710500000000003,724.32,-12.620000000000005,778.5394209246301,62.149420924630135,283.15738,True,True,False,False
1306.65,4.26,14187.834909090909,12251.17,40553.29,716.39,73.844,2774.33,47.59,40.91,0.05768918181992875,192.1325323243375,818.4845877016777,4.415902216241074,0.3100000000001728,-0.1900000000000004,1326.1549090909084,24.103999999999992,724.32,-12.620000000000005,777.9366096456761,61.546609645676085,283.15738,True,True,False,False
1306.65,4.26,14187.834909090909,12251.17,40553.29,716.39,75.2375,2774.33,47.59,40.91,0.05662070036058215,188.57397867442342,803.3251491530436,4.415902216241074,0.3100000000001728,-0.1900000000000004,1326.1549090909084,25.497499999999995,724.32,-12.620000000000005,777.2062016615578,60.816201661557784,283.15738,True,True,False,False
1306.65,4.26,14187.834909090909,12251.17,40553.29,716.39,76.631,2774.33,47.59,40.91,0.0555910786027707,185.14484639305323,788.7170456344068,4.415902216241074,0.3100000000001728,-0.1900000000000004,1326.1549090909084,26.891,724.32,-12.620000000000005,781.1364383545035,64.74643835450354,278.3761,True,True,False,False
1306.65,4.26,14187.834909090909,12251.17,40553.29,716.39,78.02449999999999,2774.33,47.59,40.91,0.05459823446996477,181.83820117082084,774.6307369876968,4.415902216241074,0.3100000000001728,-0.1900000000000004,1326.1549090909084,28.284499999999987,724.32,-12.620000000000005,780.6601443952529,64.27014439525294,277.88718,True,True,False,False
1306.65,4.26,14187.834909090909,12251.17,40553.29,716.39,79.418,2774.33,47.59,40.91,0.05364023201742385,178.6475953869817,761.038756348542,4.415902216241074,0.3100000000001728,-0.1900000000000004,1326.1549090909084,29.678000000000004,724.32,-12.620000000000005,801.6208236163357,85.23082361633567,255.85312,True,False,True,False
1306.65,4.26,14187.834909090909,12251.17,40553.29,716.39,80.8115,2774.33,47.59,40.91,0.05271526883283606,175.5670261475642,747.9155313886234,4.415902216241074,0.3100000000001728,-0.1900000000000004,1326.1549090909084,31.071499999999993,724.32,-12.620000000000005,801.7260520072912,85.33605200729119,254.57195,True,False,True,False
1306.65,4.26,14187.834909090909,12251.17,40553.29,716.39,82.205,2774.33,47.59,40.91,0.05182166471842753,172.59089759138752,735.2372237393108,4.415902216241074,0.3100000000001728,-0.1900000000000004,1326.1549090909084,32.464999999999996,724.32,-12.620000000000005,800.4527557697872,84.06275576978726,254.57195,True,False,True,False
1306.65,4.26,14187.834909090909,12251.17,40553.29,716.39,83.5985,2774.33,47.59,40.91,0.05095785150501682,169.71398696599726,722.9815844751483,4.415902216241074,0.3100000000001728,-0.1900000000000004,1326.1549090909084,33.8585,724.32,-12.620000000000005,804.0245073431092,87.63450734310925,249.63441,True,False,True,False
1306.65,4.26,14187.834909090909,12251.17,40553.29,716.39,84.99199999999999,2774.33,47.59,40.91,0.050122363868100955,166.93141404084497,711.1278238139996,4.415902216241074,0.3100000000001728,-0.1900000000000004,1326.1549090909084,35.25199999999999,724.32,-12.620000000000005,802.5707946373082,86.18079463730817,249.63441,True,False,True,False
1306.65,4.26,14187.834909090909,12251.17,40553.29,716.39,86.38550000000001,2774.33,47.59,40.91,0.049313831032825745,164.23861348087692,699.6564934285357,4.415902216241074,0.3100000000001728,-0.1900000000000004,1326.1549090909084,36.645500000000006,724.32,-12.620000000000005,799.7768117988919,83.38681179889193,250.891,True,False,True,False
1306.65,4.26,14187.834909090909,12251.17,40553.29,716.39,87.779,2774.33,47.59,40.91,0.048530969269062425,161.63130985155448,688.549379967622,4.415902216241074,0.3100000000001728,-0.1900000000000004,1326.1549090909084,38.038999999999994,724.32,-12.620000000000005,796.7530503801624,80.36305038016246,252.29768,True,False,True,False
1306.65,4.26,14187.834909090909,12251.17,40553.29,716.39,89.1725,2774.33,47.59,40.91,0.04777257509016148,159.10549496745537,677.7894085613599,4.415902216241074,0.3100000000001728,-0.1900000000000004,1326.1549090909084,39.4325,724.32,-12.620000000000005,795.0600091736683,78.67000917366829,252.29768,True,False,True,False
1306.65,4.26,14187.834909090909,12251.17,40553.29,716.39,90.566,2774.33,47.59,40.91,0.04703751907959367,156.65740733203964,667.3605552344889,4.415902216241074,0.3100000000001728,-0.1900000000000004,1326.1549090909084,40.826,724.32,-12.620000000000005,793.2945170876844,76.90451708768444,252.29768,True,False,True,False
1306.65,4.26,14187.834909090909,12251.17,40553.29,716.39,91.95949999999999,2774.33,47.59,40.91,0.04632474027887559,154.28351344676076,657.2477672832008,4.415902216241074,0.3100000000001728,-0.1900000000000004,1326.1549090909084,42.21949999999999,724.32,-12.620000000000005,791.4598677558042,75.06986775580424,252.29768,True,False,True,False
1306.65,4.26,14187.834909090909,12251.17,40553.29,716.39,93.35300000000001,2774.33,47.59,40.91,0.04563324107813095,151.98049079419425,647.4368907832676,4.415902216241074,0.3100000000001728,-0.1900000000000004,1326.1549090909084,43.61300000000001,724.32,-12.620000000000005,789.559158152558,73.169158152558,252.29768,True,False,True,False
1306.65,4.26,14187.834909090909,12251.17,40553.29,716.39,94.7465,2774.33,47.59,40.91,0.044962082557539515,149.74521232283723,637.9146044952865,4.415902216241074,0.3100000000001728,-0.1900000000000004,1326.1549090909084,45.006499999999996,724.32,-12.620000000000005,785.8503842321525,69.46038423215248,254.0426,True,False,True,False
1306.65,4.26,14187.834909090909,12251.17,40553.29,716.39,96.14,2774.33,47.59,40.91,0.04431038023392573,147.57473228121674,628.6683595179833,4.415902216241074,0.3100000000001728,-0.1900000000000004,1326.1549090909084,46.4,724.32,-12.620000000000005,783.8261294257045,67.43612942570451,254.0426,True,False,True,False
1306.65,4.26,14427.960545454545,12251.17,40553.29,716.39,34.826,2774.33,47.59,40.91,0.1223223992901166,414.2870307002675,1764.8627507831393,4.415902216241074,0.3100000000001728,-0.1900000000000004,1566.280545454545,-14.914000000000001,724.32,-12.620000000000005,797.8302335410738,81.44023354107378,176.05302,True,False,True,False
1306.65,4.26,14427.960545454545,12251.17,40553.29,716.39,36.219500000000004,2774.33,47.59,40.91,0.11761619797025916,398.3478553571057,1696.96186382127,4.415902216241074,0.3100000000001728,-0.1900000000000004,1566.280545454545,-13.520499999999998,724.32,-12.620000000000005,792.3870695425668,75.9970695425668,192.29866,True,False,True,False
1306.65,4.26,14427.960545454545,12251.17,40553.29,716.39,37.613,2774.33,47.59,40.91,0.11325871073143035,383.5897206249123,1634.0922098621263,4.415902216241074,0.3100000000001728,-0.1900000000000004,1566.280545454545,-12.127000000000002,724.32,-12.620000000000005,783.3887908373267,66.99879083732674,210.99908,True,True,True,True
1306.65,4.26,14427.960545454545,12251.17,40553.29,716.39,39.0065,2774.33,47.59,40.91,0.109212564336391,369.88604913459284,1575.7145693133655,4.415902216241074,0.3100000000001728,-0.1900000000000004,1566.280545454545,-10.7335,724.32,-12.620000000000005,784.5429086550495,68.15290865504949,218.56471,True,False,True,False
1306.65,4.26,14427.960545454545,12251.17,40553.29,716.39,40.4,2774.33,47.59,40.91,0.10544554194441728,357.12772743383215,1521.364118868125,4.415902216241074,0.3100000000001728,-0.1900000000000004,1566.280545454545,-9.340000000000003,724.32,-12.620000000000005,785.7529593515212,69.36295935152123,225.19366,True,False,True,False
1306.65,4.26,14427.960545454545,12251.17,40553.29,716.39,41.7935,2774.33,47.59,40.91,0.10192972347542743,345.22019453346456,1470.638028712559,4.415902216241074,0.3100000000001728,-0.1900000000000004,1566.280545454545,-7.9465,724.32,-12.620000000000005,793.2554789740385,76.86547897403852,224.7375,True,False,True,False
1306.65,4.26,14427.960545454545,12251.17,40553.29,716.39,43.187,2774.33,47.59,40.91,0.09864079239954635,334.08109411103925,1423.185460913027,4.415902216241074,0.3100000000001728,-0.1900000000000004,1566.280545454545,-6.553000000000004,724.32,-12.620000000000005,786.0396710746129,69.64967107461291,238.28375,True,False,True,False
1306.65,4.26,14427.960545454545,12251.17,40553.29,716.39,44.5805,2774.33,47.59,40.91,0.09555747253715251,323.6383670397635,1378.6994435893926,4.415902216241074,0.3100000000001728,-0.1900000000000004,1566.280545454545,-5.159500000000001,724.32,-12.620000000000005,784.5185106037793,68.12851060377932,245.48657,True,False,True,False
1306.65,4.26,14427.960545454545,12251.17,40553.29,716.39,45.974000000000004,2774.33,47.59,40.91,0.09266106728452891,313.82869081711084,1336.9102228808922,4.415902216241074,0.3100000000001728,-0.1900000000000004,1566.280545454545,-3.7659999999999982,724.32,-12.620000000000005,769.3265998077047,52.93659980770474,265.77036,True,True,False,False
1306.65,4.26,14427.960545454545,12251.17,40553.29,716.39,47.3675,2774.33,47.59,40.91,0.08993508017237388,304.59619445523515,1297.5797883793018,4.415902216241074,0.3100000000001728,-0.1900000000000004,1566.280545454545,-2.3725000000000023,724.32,-12.620000000000005,772.1218873620146,55.73188736201462,267.5292,True,True,False,False
1306.65,4.26,14427.960545454545,12251.17,40553.29,716.39,48.760999999999996,2774.33,47.59,40.91,0.08736490048676401,295.89139372783893,1260.4973372805937,4.415902216241074,0.3100000000001728,-0.1900000000000004,1566.280545454545,-0.9790000000000063,724.32,-12.620000000000005,769.1879024235066,52.79790242350657,274.5257,True,True,False,False
1306.65,4.26,14427.960545454545,12251.17,40553.29,716.39,50.1545,2774.33,47.59,40.91,0.08493754129863638,287.6703039165826,1225.475494684642,4.415902216241074,0.3100000000001728,-0.1900000000000004,1566.280545454545,0.41449999999999676,724.32,-12.620000000000005,766.3701891576359,49.98018915763589,280.95526,True,True,False,False
1306.65,4.26,14427.960545454545,12251.17,40553.29,716.39,51.548,2774.33,47.59,40.91,0.08264141998445293,279.8936964685507,1192.3471469560257,4.415902216241074,0.3100000000001728,-0.1900000000000004,1566.280545454545,1.8079999999999998,724.32,-12.620000000000005,770.8489414185619,54.45894141856195,279.67426,True,True,False,False
1306.65,4.26,14427.960545454545,12251.17,40553.29,716.39,52.941500000000005,2774.33,47.59,40.91,0.08046617340902366,272.52647304908385,1160.962775189097,4.415902216241074,0.3100000000001728,-0.1900000000000004,1566.280545454545,3.201500000000003,724.32,-12.620000000000005,773.6652817189156,57.27528171891561,279.67426,True,True,False,False
1306.65,4.26,14427.960545454545,12251.17,40553.29,716.39,54.335,2774.33,47.59,40.91,0.07840250154775924,265.5371359145562,1131.1881989960093,4.415902216241074,0.3100000000001728,-0.1900000000000004,1566.280545454545,4.594999999999999,724.32,-12.620000000000005,780.339918723992,63.94991872399203,275.4639,True,True,False,False
1306.65,4.26,14427.960545454545,12251.17,40553.29,716.39,55.7285,2774.33,47.59,40.91,0.07644203457042564,258.8973377456276,1102.9026587963735,4.415902216241074,0.3100000000001728,-0.1900000000000004,1566.280545454545,5.988499999999995,724.32,-12.620000000000005,782.4785471221676,66.0885471221676,275.4639,True,True,False,False
1306.65,4.26,14427.960545454545,12251.17,40553.29,716.39,57.122,2774.33,47.59,40.91,0.07457721937997235,252.58149737181907,1075.997178803949,4.415902216241074,0.3100000000001728,-0.1900000000000004,1566.280545454545,7.381999999999998,724.32,-12.620000000000005,784.315357493826,67.92535749382603,275.4639,True,False,False,False
1306.65,4.26,14427.960545454545,12251.17,40553.29,716.39,58.5155,2774.33,47.59,40.91,0.07280122236328455,246.5664704033645,1050.3731639183327,4.415902216241074,0.3100000000001728,-0.1900000000000004,1566.280545454545,8.775500000000001,724.32,-12.620000000000005,785.8719125059235,69.48191250592356,275.4639,True,False,False,False
1306.65,4.26,14427.960545454545,12251.17,40553.29,716.39,59.909,2774.33,47.59,40.91,0.07110784571420245,240.83126583023054,1025.9411924367819,4.415902216241074,0.3100000000001728,-0.1900000000000004,1566.280545454545,10.168999999999997,724.32,-12.620000000000005,786.0578137769471,69.66781377694713,276.57385,True,False,False,False
1306.65,4.26,14427.960545454545,12251.17,40553.29,716.39,61.302499999999995,2774.33,47.59,40.91,0.06949145516917818,235.35680127397328,1002.6199734271261,4.415902216241074,0.3100000000001728,-0.1900000000000004,1566.280545454545,11.562499999999993,724.32,-12.620000000000005,781.5040292638303,65.11402926383028,282.18057,True,True,False,False
1306.65,4.26,14427.960545454545,12251.17,40553.29,716.39,62.696,2774.33,47.59,40.91,0.0679469173799458,230.1256908786662,980.3354431431179,4.415902216241074,0.3100000000001728,-0.1900000000000004,1566.280545454545,12.955999999999996,724.32,-12.620000000000005,779.5524402404042,63.16244024040418,284.95837,True,True,False,False
1306.65,4.26,14427.960545454545,12251.17,40553.29,716.39,64.0895,2774.33,47.59,40.91,0.06646954545643911,225.1220608731927,959.0199793198009,4.415902216241074,0.3100000000001728,-0.1900000000000004,1566.280545454545,14.349499999999999,724.32,-12.620000000000005,777.8284923783974,61.43849237839743,287.2966,True,True,False,False
1306.65,4.26,14427.960545454545,12251.17,40553.29,716.39,65.483,2774.33,47.59,40.91,0.06505505146289797,220.33138868291246,938.611715789207,4.415902216241074,0.3100000000001728,-0.1900000000000004,1566.280545454545,15.743000000000002,724.32,-12.620000000000005,778.2443668806509,61.8543668806509,287.2966,True,True,False,False
1306.65,4.26,14427.960545454545,12251.17,40553.29,716.39,66.8765,2774.33,47.59,40.91,0.06369950485298267,215.7403621558273,919.0539427838243,4.415902216241074,0.3100000000001728,-0.1900000000000004,1566.280545454545,17.13649999999999,724.32,-12.620000000000005,780.6218838510508,64.23188385105084,285.14896,True,True,False,False
1306.65,4.26,14427.960545454545,12251.17,40553.29,716.39,68.27000000000001,2774.33,47.59,40.91,0.06239929599532303,211.33675602926303,900.2945806846604,4.415902216241074,0.3100000000001728,-0.1900000000000004,1566.280545454545,18.53000000000001,724.32,-12.620000000000005,780.6771449732826,64.28714497328258,285.14896,True,True,False,False
1306.65,4.26,14427.960545454545,12251.17,40553.29,716.39,69.6635,2774.33,47.59,40.91,0.06115110407672448,207.10932322299658,882.2857169299654,4.415902216241074,0.3100000000001728,-0.1900000000000004,1566.280545454545,19.923499999999997,724.32,-12.620000000000005,780.8334094467141,64.4434094467141,284.88382,True,True,False,False
1306.65,4.26,14427.960545454545,12251.17,40553.29,716.39,71.057,2774.33,47.59,40.91,0.059951868782078206,203.0476989234959,864.9831974140924,4.415902216241074,0.3100000000001728,-0.1900000000000004,1566.280545454545,21.317,724.32,-12.620000000000005,780.5700603002508,64.18006030025083,284.88382,True,True,False,False
1306.65,4.26,14427.960545454545,12251.17,40553.29,716.39,72.4505,2774.33,47.59,40.91,0.05879876524249294,199.14231573712024,848.3462650401322,4.415902216241074,0.3100000000001728,-0.1900000000000004,1566.280545454545,22.710500000000003,724.32,-12.620000000000005,781.8875882257335,65.49758822573347,283.15738,True,True,False,False
1306.65,4.26,14427.960545454545,12251.17,40553.29,716.39,73.844,2774.33,47.59,40.91,0.05768918181992875,195.384328450114,832.3372391974856,4.415902216241074,0.3100000000001728,-0.1900000000000004,1566.280545454545,24.103999999999992,724.32,-12.620000000000005,781.341353082177,64.95135308217698,283.15738,True,True,False,False
1306.65,4.26,14427.960545454545,12251.17,40553.29,716.39,75.2375,2774.33,47.59,40.91,0.05662070036058215,191.7655471498787,816.9212308584832,4.415902216241074,0.3100000000001728,-0.1900000000000004,1566.280545454545,25.497499999999995,724.32,-12.620000000000005,780.66542550078,64.27542550077999,283.15738,True,True,False,False
1306.65,4.26,14427.960545454545,12251.17,40553.29,716.39,76.631,2774.33,47.59,40.91,0.0555910786027707,188.27837764320142,802.065888760038,4.415902216241074,0.3100000000001728,-0.1900000000000004,1566.280545454545,26.891,724.32,-12.620000000000005,784.6481611936149,68.25816119361491,278.3761,True,False,False,False
1306.65,4.26,14427.960545454545,12251.17,40553.29,716.39,78.02449999999999,2774.33,47.59,40.91,0.05459823446996477,184.915768259185,787.741172784128,4.415902216241074,0.3100000000001728,-0.1900000000000004,1566.280545454545,28.284499999999987,724.32,-12.620000000000005,783.7335688745052,67.3435688745052,278.3761,True,False,False,False
1306.65,4.26,14427.960545454545,12251.17,40553.29,716.39,79.418,2774.33,47.59,40.91,0.05364023201742385,181.67116225268052,773.919151196419,4.415902216241074,0.3100000000001728,-0.1900000000000004,1566.280545454545,29.678000000000004,724.32,-12.620000000000005,805.2320174445663,88.8420174445663,255.85312,True,False,True,False
1306.65,4.26,14427.960545454545,12251.17,40553.29,716.39,80.8115,2774.33,47.59,40.91,0.05271526883283606,178.53845513220386,760.5738188631883,4.415902216241074,0.3100000000001728,-0.1900000000000004,1566.280545454545,31.071499999999993,724.32,-12.620000000000005,804.103234732391,87.71323473239102,255.85312,True,False,True,False
1306.65,4.26,14427.960545454545,12251.17,40553.29,716.39,82.205,2774.33,47.59,40.91,0.05182166471842753,175.5119563279921,747.6809339572462,4.415902216241074,0.3100000000001728,-0.1900000000000004,1566.280545454545,32.464999999999996,724.32,-12.620000000000005,804.1566758479291,87.76667584792915,254.57195,True,False,True,False
1306.65,4.26,14427.960545454545,12251.17,40553.29,716.39,83.5985,2774.33,47.59,40.91,0.05095785150501682,172.58635469378268,735.2178709955141,4.415902216241074,0.3100000000001728,-0.1900000000000004,1566.280545454545,33.8585,724.32,-12.620000000000005,802.8349415535176,86.44494155351765,254.57195,True,False,True,False
1306.65,4.26,14427.960545454545,12251.17,40553.29,716.39,84.99199999999999,2774.33,47.59,40.91,0.050122363868100955,169.75668740231856,723.163488333877,4.415902216241074,0.3100000000001728,-0.1900000000000004,1566.280545454545,35.25199999999999,724.32,-12.620000000000005,804.241608756319,87.85160875631902,251.75417,True,False,True,False
1306.65,4.26,14427.960545454545,12251.17,40553.29,716.39,86.38550000000001,2774.33,47.59,40.91,0.049313831032825745,167.01831185136663,711.4980084868218,4.415902216241074,0.3100000000001728,-0.1900000000000004,1566.280545454545,36.645500000000006,724.32,-12.620000000000005,803.6086028737218,87.2186028737218,250.891,True,False,True,False
1306.65,4.26,14427.960545454545,12251.17,40553.29,716.39,87.779,2774.33,47.59,40.91,0.048530969269062425,164.36688024570418,700.2029098466998,4.415902216241074,0.3100000000001728,-0.1900000000000004,1566.280545454545,38.038999999999994,724.32,-12.620000000000005,802.0314357476493,85.64143574764933,250.891,True,False,True,False
1306.65,4.26,14427.960545454545,12251.17,40553.29,716.39,89.1725,2774.33,47.59,40.91,0.04777257509016148,161.79831656235083,689.2608285556145,4.415902216241074,0.3100000000001728,-0.1900000000000004,1566.280545454545,39.4325,724.32,-12.620000000000005,798.9703867730636,82.58038677306365,252.29768,True,False,True,False
1306.65,4.26,14427.960545454545,12251.17,40553.29,716.39,90.566,2774.33,47.59,40.91,0.04703751907959367,159.3087956423575,678.6554694364429,4.415902216241074,0.3100000000001728,-0.1900000000000004,1566.280545454545,40.826,724.32,-12.620000000000005,797.2423741839191,80.8523741839191,252.29768,True,False,True,False
1306.65,4.26,14427.960545454545,12251.17,40553.29,716.39,91.95949999999999,2774.33,47.59,40.91,0.04632474027887559,156.8947241835789,668.3715250220461,4.415902216241074,0.3100000000001728,-0.1900000000000004,1566.280545454545,42.21949999999999,724.32,-12.620000000000005,795.4440684645315,79.0540684645315,252.29768,True,False,True,False
1306.65,4.26,14427.960545454545,12251.17,40553.29,716.39,93.35300000000001,2774.33,47.59,40.91,0.04563324107813095,154.55272343579554,658.394601836489,4.415902216241074,0.3100000000001728,-0.1900000000000004,1566.280545454545,43.61300000000001,724.32,-12.620000000000005,793.5786174561895,77.18861745618949,252.29768,True,False,True,False
1306.65,4.26,14427.960545454545,12251.17,40553.29,716.39,94.7465,2774.33,47.59,40.91,0.044962082557539515,152.27961342292255,648.71115318165,4.415902216241074,0.3100000000001728,-0.1900000000000004,1566.280545454545,45.006499999999996,724.32,-12.620000000000005,789.9040649873325,73.51406498733252,254.0426,True,False,True,False
1306.65,4.26,14427.960545454545,12251.17,40553.29,716.39,96.14,2774.33,47.59,40.91,0.04431038023392573,150.0723985373637,639.3084177691694,4.415902216241074,0.3100000000001728,-0.1900000000000004,1566.280545454545,46.4,724.32,-12.620000000000005,787.91303958766,71.52303958766004,254.0426,True,False,True,False
1306.65,4.26,14668.086181818182,12251.17,40553.29,716.39,34.826,2774.33,47.59,40.91,0.1223223992901166,421.182041022114,1794.2354947542055,4.415902216241074,0.3100000000001728,-0.1900000000000004,1806.4061818181817,-14.914000000000001,724.32,-12.620000000000005,750.1849318680821,33.79493186808213,223.80751,True,True,True,True
1306.65,4.26,14668.086181818182,12251.17,40553.29,716.39,36.219500000000004,2774.33,47.59,40.91,0.11761619797025916,404.9775887806456,1725.20452820555,4.415902216241074,0.3100000000001728,-0.1900000000000004,1806.4061818181817,-13.520499999999998,724.32,-12.620000000000005,748.1865493394369,31.796549339436865,236.84833,True,True,True,True
1306.65,4.26,14668.086181818182,12251.17,40553.29,716.39,37.613,2774.33,47.59,40.91,0.11325871073143035,389.9738332981775,1661.288529850236,4.415902216241074,0.3100000000001728,-0.1900000000000004,1806.4061818181817,-12.127000000000002,724.32,-12.620000000000005,736.2054510951668,19.81545109516685,258.75375,True,True,True,True
1306.65,4.26,14668.086181818182,12251.17,40553.29,716.39,39.0065,2774.33,47.59,40.91,0.109212564336391,376.04209056890755,1601.939305823546,4.415902216241074,0.3100000000001728,-0.1900000000000004,1806.4061818181817,-10.7335,724.32,-12.620000000000005,734.0889323929947,17.69893239299472,269.79633,True,True,False,False
1306.65,4.26,14668.086181818182,12251.17,40553.29,716.39,40.4,2774.33,47.59,40.91,0.10544554194441728,363.07143115709783,1546.6842967292366,4.415902216241074,0.3100000000001728,-0.1900000000000004,1806.4061818181817,-9.340000000000003,724.32,-12.620000000000005,738.9683685702482,22.578368570248244,272.94797,True,True,False,False
1306.65,4.26,14668.086181818182,12251.17,40553.29,716.39,41.7935,2774.33,47.59,40.91,0.10192972347542743,350.96572028790274,1495.1139684264654,4.415902216241074,0.3100000000001728,-0.1900000000000004,1806.4061818181817,-7.9465,724.32,-12.620000000000005,746.6501396909327,30.26013969093276,272.49182,True,True,False,False
1306.65,4.26,14668.086181818182,12251.17,40553.29,716.39,43.187,2774.33,47.59,40.91,0.09864079239954635,339.6412309763807,1446.8716439593816,4.415902216241074,0.3100000000001728,-0.1900000000000004,1806.4061818181817,-6.553000000000004,724.32,-12.620000000000005,737.6937809704095,21.303780970409548,287.94632,True,True,False,False
1306.65,4.26,14668.086181818182,12251.17,40553.29,716.39,44.5805,2774.33,47.59,40.91,0.09555747253715251,329.02470481025284,1401.645242491677,4.415902216241074,0.3100000000001728,-0.1900000000000004,1806.4061818181817,-5.159500000000001,724.32,-12.620000000000005,738.2380378713481,21.848037871348083,293.24094,True,True,False,False
1306.65,4.26,14668.086181818182,12251.17,40553.29,716.39,45.974000000000004,2774.33,47.59,40.91,0.09266106728452891,319.0517654058036,1359.1605206287234,4.415902216241074,0.3100000000001728,-0.1900000000000004,1806.4061818181817,-3.7659999999999982,724.32,-12.620000000000005,723.1939023554382,6.803902355438254,313.52463,True,True,False,False
1306.65,4.26,14668.086181818182,12251.17,40553.29,716.39,47.3675,2774.33,47.59,40.91,0.08993508017237388,309.6656119101192,1319.1755067371078,4.415902216241074,0.3100000000001728,-0.1900000000000004,1806.4061818181817,-2.3725000000000023,724.32,-12.620000000000005,726.1281842501589,9.738184250158952,315.28348,True,True,False,False
1306.65,4.26,14668.086181818182,12251.17,40553.29,716.39,48.760999999999996,2774.33,47.59,40.91,0.08736490048676401,300.8159365271887,1281.4758896058238,4.415902216241074,0.3100000000001728,-0.1900000000000004,1806.4061818181817,-0.9790000000000063,724.32,-12.620000000000005,723.3250661398172,6.935066139817195,322.28015,True,True,False,False
1306.65,4.26,14668.086181818182,12251.17,40553.29,716.39,50.1545,2774.33,47.59,40.91,0.08493754129863638,292.45802249768536,1245.8711758401396,4.415902216241074,0.3100000000001728,-0.1900000000000004,1806.4061818181817,0.41449999999999676,724.32,-12.620000000000005,720.6311511040676,4.241151104067626,328.7097,True,True,False,False
1306.65,4.26,14668.086181818182,12251.17,40553.29,716.39,51.548,2774.33,47.59,40.91,0.08264141998445293,284.5519883849266,1212.191470519787,4.415902216241074,0.3100000000001728,-0.1900000000000004,1806.4061818181817,1.8079999999999998,724.32,-12.620000000000005,725.2269794385172,8.836979438517233,327.42868,True,True,False,False
1306.65,4.26,14668.086181818182,12251.17,40553.29,716.39,52.941500000000005,2774.33,47.59,40.91,0.08046617340902366,277.0621517100201,1180.2847662846855,4.415902216241074,0.3100000000001728,-0.1900000000000004,1806.4061818181817,3.201500000000003,724.32,-12.620000000000005,726.0344510812711,9.644451081271086,329.54846,True,True,False,False
1306.65,4.26,14668.086181818182,12251.17,40553.29,716.39,54.335,2774.33,47.59,40.91,0.07840250154775924,269.9564905100155,1150.0146495726658,4.415902216241074,0.3100000000001728,-0.1900000000000004,1806.4061818181817,4.594999999999999,724.32,-12.620000000000005,734.9340933755316,18.544093375531588,323.21832,True,True,False,False
1306.65,4.26,14668.086181818182,12251.17,40553.29,716.39,55.7285,2774.33,47.59,40.91,0.07644203457042564,263.20618567899726,1121.2583509925282,4.415902216241074,0.3100000000001728,-0.1900000000000004,1806.4061818181817,5.988499999999995,724.32,-12.620000000000005,737.1726832934062,20.782683293406194,323.21832,True,True,False,False
1306.65,4.26,14668.086181818182,12251.17,40553.29,716.39,57.122,2774.33,47.59,40.91,0.07457721937997235,256.7852302971351,1093.9050810657955,4.415902216241074,0.3100000000001728,-0.1900000000000004,1806.4061818181817,7.381999999999998,724.32,-12.620000000000005,739.1045780314685,22.714578031468477,323.21832,True,True,False,False
1306.65,4.26,14668.086181818182,12251.17,40553.29,716.39,58.5155,2774.33,47.59,40.91,0.07280122236328455,250.67009478083733,1067.854603766367,4.415902216241074,0.3100000000001728,-0.1900000000000004,1806.4061818181817,8.775500000000001,724.32,-12.620000000000005,740.751688693226,24.36168869322603,323.21832,True,True,False,False
1306.65,4.26,14668.086181818182,12251.17,40553.29,716.39,59.909,2774.33,47.59,40.91,0.07110784571420245,244.83943876510614,1043.016009139352,4.415902216241074,0.3100000000001728,-0.1900000000000004,1806.4061818181817,10.168999999999997,724.32,-12.620000000000005,741.0238718796363,24.63387187963633,324.32834,True,True,False,False
1306.65,4.26,14668.086181818182,12251.17,40553.29,716.39,61.302499999999995,2774.33,47.59,40.91,0.06949145516917818,239.2738622820329,1019.3066533214601,4.415902216241074,0.3100000000001728,-0.1900000000000004,1806.4061818181817,11.562499999999993,724.32,-12.620000000000005,736.552504901309,20.162504901309035,329.93506,True,True,False,False
1306.65,4.26,14668.086181818182,12251.17,40553.29,716.39,62.696,2774.33,47.59,40.91,0.0679469173799458,233.9556901215786,996.6512399179248,4.415902216241074,0.3100000000001728,-0.1900000000000004,1806.4061818181817,12.955999999999996,724.32,-12.620000000000005,734.6796697392992,18.289669739299256,332.71286,True,True,False,False
1306.65,4.26,14668.086181818182,12251.17,40553.29,716.39,64.0895,2774.33,47.59,40.91,0.06646954545643911,228.8687843242559,974.98102122133,4.415902216241074,0.3100000000001728,-0.1900000000000004,1806.4061818181817,14.349499999999999,724.32,-12.620000000000005,732.4478296078789,16.057829607878944,335.6343,True,True,False,False
1306.65,4.26,14668.086181818182,12251.17,40553.29,716.39,65.483,2774.33,47.59,40.91,0.06505505146289797,223.99838061511844,954.2331014204045,4.415902216241074,0.3100000000001728,-0.1900000000000004,1806.4061818181817,15.743000000000002,724.32,-12.620000000000005,733.5190486524871,17.129048652487086,335.0511,True,True,False,False
1306.65,4.26,14668.086181818182,12251.17,40553.29,716.39,66.8765,2774.33,47.59,40.91,0.06369950485298267,219.3309452870177,934.3498269226953,4.415902216241074,0.3100000000001728,-0.1900000000000004,1806.4061818181817,17.13649999999999,724.32,-12.620000000000005,735.9656830835313,19.575683083531317,332.90344,True,True,False,False
1306.65,4.26,14668.086181818182,12251.17,40553.29,716.39,68.27000000000001,2774.33,47.59,40.91,0.06239929599532303,214.85404961130996,915.2782513441804,4.415902216241074,0.3100000000001728,-0.1900000000000004,1806.4061818181817,18.53000000000001,724.32,-12.620000000000005,736.0872400703915,19.697240070391558,332.90344,True,True,False,False
1306.65,4.26,14668.086181818182,12251.17,40553.29,716.39,69.6635,2774.33,47.59,40.91,0.06115110407672448,210.5562593217671,896.9696647107278,4.415902216241074,0.3100000000001728,-0.1900000000000004,1806.4061818181817,19.923499999999997,724.32,-12.620000000000005,736.0420114173914,19.652011417391464,332.90344,True,True,False,False
1306.65,4.26,14668.086181818182,12251.17,40553.29,716.39,71.057,2774.33,47.59,40.91,0.059951868782078206,206.42703710248315,879.3791780565781,4.415902216241074,0.3100000000001728,-0.1900000000000004,1806.4061818181817,21.317,724.32,-12.620000000000005,736.1049463509528,19.7149463509528,332.6383,True,True,False,False
1306.65,4.26,14668.086181818182,12251.17,40553.29,716.39,72.4505,2774.33,47.59,40.91,0.05879876524249294,202.45665632896288,862.4653559613818,4.415902216241074,0.3100000000001728,-0.1900000000000004,1806.4061818181817,22.710500000000003,724.32,-12.620000000000005,737.4812694428524,21.091269442852422,330.91187,True,True,False,False
1306.65,4.26,14668.086181818182,12251.17,40553.29,716.39,73.844,2774.33,47.59,40.91,0.05768918181992875,198.6361245758905,846.1898906932935,4.415902216241074,0.3100000000001728,-0.1900000000000004,1806.4061818181817,24.103999999999992,724.32,-12.620000000000005,736.9916104346937,20.601610434693725,330.91187,True,True,False,False
1306.65,4.26,14668.086181818182,12251.17,40553.29,716.39,75.2375,2774.33,47.59,40.91,0.05662070036058215,194.957115625334,830.5173125639228,4.415902216241074,0.3100000000001728,-0.1900000000000004,1806.4061818181817,25.497499999999995,724.32,-12.620000000000005,736.3701632560176,19.98016325601759,330.91187,True,True,False,False
1306.65,4.26,14668.086181818182,12251.17,40553.29,716.39,76.631,2774.33,47.59,40.91,0.0555910786027707,191.41190889334962,815.4147318856692,4.415902216241074,0.3100000000001728,-0.1900000000000004,1806.4061818181817,26.891,724.32,-12.620000000000005,740.40542846632,24.01542846632003,326.13055,True,True,False,False
1306.65,4.26,14668.086181818182,12251.17,40553.29,716.39,78.02449999999999,2774.33,47.59,40.91,0.05459823446996477,187.99333534754916,800.8516085805593,4.415902216241074,0.3100000000001728,-0.1900000000000004,1806.4061818181817,28.284499999999987,724.32,-12.620000000000005,739.5414599064916,23.151459906491596,326.13055,True,True,False,False
1306.65,4.26,14668.086181818182,12251.17,40553.29,716.39,79.418,2774.33,47.59,40.91,0.05364023201742385,184.69472911837937,786.799546044296,4.415902216241074,0.3100000000001728,-0.1900000000000004,1806.4061818181817,29.678000000000004,724.32,-12.620000000000005,760.5998030696721,44.20980306967215,304.09653,True,True,False,False
1306.65,4.26,14668.086181818182,12251.17,40553.29,716.39,80.8115,2774.33,47.59,40.91,0.05271526883283606,181.50988411684352,773.2321063377533,4.415902216241074,0.3100000000001728,-0.1900000000000004,1806.4061818181817,31.071499999999993,724.32,-12.620000000000005,760.0071050795611,43.617105079561156,303.6076,True,True,False,False
1306.65,4.26,14668.086181818182,12251.17,40553.29,716.39,82.205,2774.33,47.59,40.91,0.05182166471842753,178.43301506459665,760.1246441751816,4.415902216241074,0.3100000000001728,-0.1900000000000004,1806.4061818181817,32.464999999999996,724.32,-12.620000000000005,758.824936136032,42.43493613603198,303.6076,True,True,False,False
1306.65,4.26,14668.086181818182,12251.17,40553.29,716.39,83.5985,2774.33,47.59,40.91,0.05095785150501682,175.4587224215681,747.45415751588,4.415902216241074,0.3100000000001728,-0.1900000000000004,1806.4061818181817,33.8585,724.32,-12.620000000000005,758.8284964914651,42.438496491465116,302.32635,True,True,False,False
1306.65,4.26,14668.086181818182,12251.17,40553.29,716.39,84.99199999999999,2774.33,47.59,40.91,0.050122363868100955,172.58196076379215,735.1991528537545,4.415902216241074,0.3100000000001728,-0.1900000000000004,1806.4061818181817,35.25199999999999,724.32,-12.620000000000005,757.4599845208375,41.069984520837465,302.32635,True,True,False,False
1306.65,4.26,14668.086181818182,12251.17,40553.29,716.39,86.38550000000001,2774.33,47.59,40.91,0.049313831032825745,169.79801022185634,723.3395235451079,4.415902216241074,0.3100000000001728,-0.1900000000000004,1806.4061818181817,36.645500000000006,724.32,-12.620000000000005,757.5662331819499,41.1762331819499,300.76517,True,True,False,False
1306.65,4.26,14668.086181818182,12251.17,40553.29,716.39,87.779,2774.33,47.59,40.91,0.048530969269062425,167.10245063985386,711.8564397257774,4.415902216241074,0.3100000000001728,-0.1900000000000004,1806.4061818181817,38.038999999999994,724.32,-12.620000000000005,756.0289831024409,39.638983102440875,300.76517,True,True,False,False
1306.65,4.26,14668.086181818182,12251.17,40553.29,716.39,89.1725,2774.33,47.59,40.91,0.04777257509016148,164.4911381572463,700.7322485498692,4.415902216241074,0.3100000000001728,-0.1900000000000004,1806.4061818181817,39.4325,724.32,-12.620000000000005,754.413280851951,38.02328085195097,300.76517,True,True,False,False
1306.65,4.26,14668.086181818182,12251.17,40553.29,716.39,90.566,2774.33,47.59,40.91,0.04703751907959367,161.96018395267538,689.950383638397,4.415902216241074,0.3100000000001728,-0.1900000000000004,1806.4061818181817,40.826,724.32,-12.620000000000005,753.4358520076926,37.04585200769259,300.05206,True,True,False,False
1306.65,4.26,14668.086181818182,12251.17,40553.29,716.39,91.95949999999999,2774.33,47.59,40.91,0.04632474027887559,159.505934920397,679.4952827608912,4.415902216241074,0.3100000000001728,-0.1900000000000004,1806.4061818181817,42.21949999999999,724.32,-12.620000000000005,751.6738899007976,35.28388990079759,300.05206,True,True,False,False
1306.65,4.26,14668.086181818182,12251.17,40553.29,716.39,93.35300000000001,2774.33,47.59,40.91,0.04563324107813095,157.1249560773968,669.3523128897103,4.415902216241074,0.3100000000001728,-0.1900000000000004,1806.4061818181817,43.61300000000001,724.32,-12.620000000000005,749.8436974873603,33.45369748736027,300.05206,True,True,False,False
1306.65,4.26,14668.086181818182,12251.17,40553.29,716.39,94.7465,2774.33,47.59,40.91,0.044962082557539515,154.8140145230079,659.5077018680136,4.415902216241074,0.3100000000001728,-0.1900000000000004,1806.4061818181817,45.006499999999996,724.32,-12.620000000000005,746.2034427639969,29.81344276399693,301.7969,True,True,False,False
1306.65,4.26,14668.086181818182,12251.17,40553.29,716.39,96.14,2774.33,47.59,40.91,0.04431038023392573,152.57006479351068,649.9484760203554,4.415902216241074,0.3100000000001728,-0.1900000000000004,1806.4061818181817,46.4,724.32,-12.620000000000005,744.2456467711002,27.85564677110017,301.7969,True,True,False,False
1306.65,4.26,14908.211818181819,12251.17,40553.29,716.39,34.826,2774.33,47.59,40.91,0.1223223992901166,428.0770513439605,1823.6082387252718,4.415902216241074,0.3100000000001728,-0.1900000000000004,2046.5318181818184,-14.914000000000001,724.32,-12.620000000000005,750.294116279075,33.90411627907497,223.80751,True,True,True,True
1306.65,4.26,14908.211818181819,12251.17,40553.29,716.39,36.219500000000004,2774.33,47.59,40.91,0.11761619797025916,411.6073222041855,1753.4471925898301,4.415902216241074,0.3100000000001728,-0.1900000000000004,2046.5318181818184,-13.520499999999998,724.32,-12.620000000000005,748.9714875103303,32.58148751033036,236.41254,True,True,True,True
1306.65,4.26,14908.211818181819,12251.17,40553.29,716.39,37.613,2774.33,47.59,40.91,0.11325871073143035,396.3579459714427,1688.4848498383458,4.415902216241074,0.3100000000001728,-0.1900000000000004,2046.5318181818184,-12.127000000000002,724.32,-12.620000000000005,738.8734602299601,22.483460229960087,256.65707,True,True,True,True
1306.65,4.26,14908.211818181819,12251.17,40553.29,716.39,39.0065,2774.33,47.59,40.91,0.109212564336391,382.1981320032222,1628.1640423337265,4.415902216241074,0.3100000000001728,-0.1900000000000004,2046.5318181818184,-10.7335,724.32,-12.620000000000005,734.8665692901199,18.47656929011987,269.79633,True,True,False,False
1306.65,4.26,14908.211818181819,12251.17,40553.29,716.39,40.4,2774.33,47.59,40.91,0.10544554194441728,369.0151348803635,1572.0044745903485,4.415902216241074,0.3100000000001728,-0.1900000000000004,2046.5318181818184,-9.340000000000003,724.32,-12.620000000000005,739.9380807674911,23.548080767491115,272.94797,True,True,False,False
1306.65,4.26,14908.211818181819,12251.17,40553.29,716.39,41.7935,2774.33,47.59,40.91,0.10192972347542743,356.71124604234086,1519.589908140372,4.415902216241074,0.3100000000001728,-0.1900000000000004,2046.5318181818184,-7.9465,724.32,-12.620000000000005,747.7991186451319,31.40911864513191,272.49182,True,True,False,False
1306.65,4.26,14908.211818181819,12251.17,40553.29,716.39,43.187,2774.33,47.59,40.91,0.09864079239954635,345.2013678417221,1470.5578270057363,4.415902216241074,0.3100000000001728,-0.1900000000000004,2046.5318181818184,-6.553000000000004,724.32,-12.620000000000005,738.1958522919874,21.805852291987435,288.76093,True,True,False,False
1306.65,4.26,14908.211818181819,12251.17,40553.29,716.39,44.5805,2774.33,47.59,40.91,0.09555747253715251,334.41104258074216,1424.5910413939616,4.415902216241074,0.3100000000001728,-0.1900000000000004,2046.5318181818184,-5.159500000000001,724.32,-12.620000000000005,739.7119291525889,23.32192915258895,293.24094,True,True,False,False
1306.65,4.26,14908.211818181819,12251.17,40553.29,716.39,45.974000000000004,2774.33,47.59,40.91,0.09266106728452891,324.2748399944964,1381.4108183765547,4.415902216241074,0.3100000000001728,-0.1900000000000004,2046.5318181818184,-3.7659999999999982,724.32,-12.620000000000005,724.8154773641095,8.425477364109497,313.52463,True,True,False,False
1306.65,4.26,14908.211818181819,12251.17,40553.29,716.39,47.3675,2774.33,47.59,40.91,0.08993508017237388,314.73502936500324,1340.7712250949137,4.415902216241074,0.3100000000001728,-0.1900000000000004,2046.5318181818184,-2.3725000000000023,724.32,-12.620000000000005,727.8887535992405,11.498753599240558,315.28348,True,True,False,False
1306.65,4.26,14908.211818181819,12251.17,40553.29,716.39,48.760999999999996,2774.33,47.59,40.91,0.08736490048676401,305.74047932653843,1302.454441931054,4.415902216241074,0.3100000000001728,-0.1900000000000004,2046.5318181818184,-0.9790000000000063,724.32,-12.620000000000005,725.2166854225338,8.826685422533842,322.28015,True,True,False,False
1306.65,4.26,14908.211818181819,12251.17,40553.29,716.39,50.1545,2774.33,47.59,40.91,0.08493754129863638,297.2457410787881,1266.2668569956375,4.415902216241074,0.3100000000001728,-0.1900000000000004,2046.5318181818184,0.41449999999999676,724.32,-12.620000000000005,722.6465380993272,6.256538099327258,328.7097,True,True,False,False
1306.65,4.26,14908.211818181819,12251.17,40553.29,716.39,51.548,2774.33,47.59,40.91,0.08264141998445293,289.2102803013025,1232.0357940835484,4.415902216241074,0.3100000000001728,-0.1900000000000004,2046.5318181818184,1.8079999999999998,724.32,-12.620000000000005,725.2396610131602,8.849661013160244,329.54846,True,True,False,False
1306.65,4.26,14908.211818181819,12251.17,40553.29,716.39,52.941500000000005,2774.33,47.59,40.91,0.08046617340902366,281.5978303709564,1199.6067573802743,4.415902216241074,0.3100000000001728,-0.1900000000000004,2046.5318181818184,3.201500000000003,724.32,-12.620000000000005,728.2778269865953,11.887826986595314,329.54846,True,True,False,False
1306.65,4.26,14908.211818181819,12251.17,40553.29,716.39,54.335,2774.33,47.59,40.91,0.07840250154775924,274.3758451054748,1168.8411001493228,4.415902216241074,0.3100000000001728,-0.1900000000000004,2046.5318181818184,4.594999999999999,724.32,-12.620000000000005,737.2826930758993,20.892693075899274,323.21832,True,True,False,False
1306.65,4.26,14908.211818181819,12251.17,40553.29,716.39,55.7285,2774.33,47.59,40.91,0.07644203457042564,267.51503361236684,1139.614043188683,4.415902216241074,0.3100000000001728,-0.1900000000000004,2046.5318181818184,5.988499999999995,724.32,-12.620000000000005,739.6212445134729,23.231244513472916,323.21832,True,True,False,False
1306.65,4.26,14908.211818181819,12251.17,40553.29,716.39,57.122,2774.33,47.59,40.91,0.07457721937997235,260.98896322245116,1111.812983327642,4.415902216241074,0.3100000000001728,-0.1900000000000004,2046.5318181818184,7.381999999999998,724.32,-12.620000000000005,741.6482236179393,25.25822361793928,323.21832,True,True,False,False
1306.65,4.26,14908.211818181819,12251.17,40553.29,716.39,58.5155,2774.33,47.59,40.91,0.07280122236328455,254.77371915831017,1085.3360436144014,4.415902216241074,0.3100000000001728,-0.1900000000000004,2046.5318181818184,8.775500000000001,724.32,-12.620000000000005,743.3858899293566,26.995889929356622,323.21832,True,True,False,False
1306.65,4.26,14908.211818181819,12251.17,40553.29,716.39,59.909,2774.33,47.59,40.91,0.07110784571420245,248.84761169998177,1060.0908258419224,4.415902216241074,0.3100000000001728,-0.1900000000000004,2046.5318181818184,10.168999999999997,724.32,-12.620000000000005,743.7444160663099,27.35441606630991,324.32834,True,True,False,False
1306.65,4.26,14908.211818181819,12251.17,40553.29,716.39,61.302499999999995,2774.33,47.59,40.91,0.06949145516917818,243.19092329009254,1035.993333215794,4.415902216241074,0.3100000000001728,-0.1900000000000004,2046.5318181818184,11.562499999999993,724.32,-12.620000000000005,739.3554666227719,22.96546662277194,329.93506,True,True,False,False
1306.65,4.26,14908.211818181819,12251.17,40553.29,716.39,62.696,2774.33,47.59,40.91,0.0679469173799458,237.78568936449105,1012.9670366927319,4.415902216241074,0.3100000000001728,-0.1900000000000004,2046.5318181818184,12.955999999999996,724.32,-12.620000000000005,737.5613853221787,21.171385322178708,332.71286,True,True,False,False
1306.65,4.26,14908.211818181819,12251.17,40553.29,716.39,64.0895,2774.33,47.59,40.91,0.06646954545643911,232.61550777531906,990.9420631228592,4.415902216241074,0.3100000000001728,-0.1900000000000004,2046.5318181818184,14.349499999999999,724.32,-12.620000000000005,735.4048743568917,19.01487435689171,335.6343,True,True,False,False
1306.65,4.26,14908.211818181819,12251.17,40553.29,716.39,65.483,2774.33,47.59,40.91,0.06505505146289797,227.66537254732444,969.8544870516021,4.415902216241074,0.3100000000001728,-0.1900000000000004,2046.5318181818184,15.743000000000002,724.32,-12.620000000000005,735.9649950727608,19.57499507276077,335.6343,True,True,False,False
1306.65,4.26,14908.211818181819,12251.17,40553.29,716.39,66.8765,2774.33,47.59,40.91,0.06369950485298267,222.92152841820808,949.6457110615664,4.415902216241074,0.3100000000001728,-0.1900000000000004,2046.5318181818184,17.13649999999999,724.32,-12.620000000000005,739.0639683999962,22.67396839999617,332.90344,True,True,False,False
1306.65,4.26,14908.211818181819,12251.17,40553.29,716.39,68.27000000000001,2774.33,47.59,40.91,0.06239929599532303,218.37134319335686,930.2619220037003,4.415902216241074,0.3100000000001728,-0.1900000000000004,2046.5318181818184,18.53000000000001,724.32,-12.620000000000005,739.2518212514849,22.861821251484912,332.90344,True,True,False,False
1306.65,4.26,14908.211818181819,12251.17,40553.29,716.39,69.6635,2774.33,47.59,40.91,0.06115110407672448,214.00319542053765,911.6536124914903,4.415902216241074,0.3100000000001728,-0.1900000000000004,2046.5318181818184,19.923499999999997,724.32,-12.620000000000005,739.2702361908034,22.88023619080343,332.90344,True,True,False,False
1306.65,4.26,14908.211818181819,12251.17,40553.29,716.39,71.057,2774.33,47.59,40.91,0.059951868782078206,209.80637528147042,893.775158699064,4.415902216241074,0.3100000000001728,-0.1900000000000004,2046.5318181818184,21.317,724.32,-12.620000000000005,739.1291817668889,22.73918176688892,332.90344,True,True,False,False
1306.65,4.26,14908.211818181819,12251.17,40553.29,716.39,72.4505,2774.33,47.59,40.91,0.05879876524249294,205.77099692080554,876.5844468826316,4.415902216241074,0.3100000000001728,-0.1900000000000004,2046.5318181818184,22.710500000000003,724.32,-12.620000000000005,739.1029963142682,22.712996314268253,332.6383,True,True,False,False
1306.65,4.26,14908.211818181819,12251.17,40553.29,716.39,73.844,2774.33,47.59,40.91,0.05768918181992875,201.887920701667,860.0425421891015,4.415902216241074,0.3100000000001728,-0.1900000000000004,2046.5318181818184,24.103999999999992,724.32,-12.620000000000005,740.3963538711946,24.00635387119462,330.91187,True,True,False,False
1306.65,4.26,14908.211818181819,12251.17,40553.29,716.39,75.2375,2774.33,47.59,40.91,0.05662070036058215,198.1486841007893,844.1133942693624,4.415902216241074,0.3100000000001728,-0.1900000000000004,2046.5318181818184,25.497499999999995,724.32,-12.620000000000005,739.8293870952398,23.439387095239795,330.91187,True,True,False,False
1306.65,4.26,14908.211818181819,12251.17,40553.29,716.39,76.631,2774.33,47.59,40.91,0.0555910786027707,194.54544014349779,828.7635750113005,4.415902216241074,0.3100000000001728,-0.1900000000000004,2046.5318181818184,26.891,724.32,-12.620000000000005,743.9171513054316,27.52715130543163,326.13055,True,True,False,False
1306.65,4.26,14908.211818181819,12251.17,40553.29,716.39,78.02449999999999,2774.33,47.59,40.91,0.05459823446996477,191.07090243591333,813.9620443769908,4.415902216241074,0.3100000000001728,-0.1900000000000004,2046.5318181818184,28.284499999999987,724.32,-12.620000000000005,743.1038065048845,26.713806504884474,326.13055,True,True,False,False
1306.65,4.26,14908.211818181819,12251.17,40553.29,716.39,79.418,2774.33,47.59,40.91,0.05364023201742385,187.7182959840782,799.6799408921731,4.415902216241074,0.3100000000001728,-0.1900000000000004,2046.5318181818184,29.678000000000004,724.32,-12.620000000000005,764.2109968979028,47.82099689790277,304.09653,True,True,False,False
1306.65,4.26,14908.211818181819,12251.17,40553.29,716.39,80.8115,2774.33,47.59,40.91,0.05271526883283606,184.48131310148315,785.8903938123183,4.415902216241074,0.3100000000001728,-0.1900000000000004,2046.5318181818184,31.071499999999993,724.32,-12.620000000000005,763.176539391575,46.78653939157505,304.09653,True,True,False,False
1306.65,4.26,14908.211818181819,12251.17,40553.29,716.39,82.205,2774.33,47.59,40.91,0.05182166471842753,181.35407380120122,772.5683543931171,4.415902216241074,0.3100000000001728,-0.1900000000000004,2046.5318181818184,32.464999999999996,724.32,-12.620000000000005,762.5288562141739,46.13885621417387,303.6076,True,True,False,False
1306.65,4.26,14908.211818181819,12251.17,40553.29,716.39,83.5985,2774.33,47.59,40.91,0.05095785150501682,178.3310901493535,759.6904440362459,4.415902216241074,0.3100000000001728,-0.1900000000000004,2046.5318181818184,33.8585,724.32,-12.620000000000005,761.2952112194519,44.90521121945187,303.6076,True,True,False,False
1306.65,4.26,14908.211818181819,12251.17,40553.29,716.39,84.99199999999999,2774.33,47.59,40.91,0.050122363868100955,175.40723412526575,747.2348173736322,4.415902216241074,0.3100000000001728,-0.1900000000000004,2046.5318181818184,35.25199999999999,724.32,-12.620000000000005,761.2505496164106,44.860549616410594,302.32635,True,True,False,False
1306.65,4.26,14908.211818181819,12251.17,40553.29,716.39,86.38550000000001,2774.33,47.59,40.91,0.049313831032825745,172.57770859234606,735.1810386033942,4.415902216241074,0.3100000000001728,-0.1900000000000004,2046.5318181818184,36.645500000000006,724.32,-12.620000000000005,758.5802447157641,42.19024471576415,303.58295,True,True,False,False
1306.65,4.26,14908.211818181819,12251.17,40553.29,716.39,87.779,2774.33,47.59,40.91,0.048530969269062425,169.83802103400356,723.5099696048552,4.415902216241074,0.3100000000001728,-0.1900000000000004,2046.5318181818184,38.038999999999994,724.32,-12.620000000000005,759.900691223834,43.51069122383399,300.76517,True,True,False,False
1306.65,4.26,14908.211818181819,12251.17,40553.29,716.39,89.1725,2774.33,47.59,40.91,0.04777257509016148,167.18395975214173,712.2036685441238,4.415902216241074,0.3100000000001728,-0.1900000000000004,2046.5318181818184,39.4325,724.32,-12.620000000000005,758.3236584513463,41.93365845134633,300.76517,True,True,False,False
1306.65,4.26,14908.211818181819,12251.17,40553.29,716.39,90.566,2774.33,47.59,40.91,0.04703751907959367,164.61157226299323,701.2452978403512,4.415902216241074,0.3100000000001728,-0.1900000000000004,2046.5318181818184,40.826,724.32,-12.620000000000005,756.6706048558801,40.28060485588014,300.76517,True,True,False,False
1306.65,4.26,14908.211818181819,12251.17,40553.29,716.39,91.95949999999999,2774.33,47.59,40.91,0.04632474027887559,162.11714565721513,690.6190404997365,4.415902216241074,0.3100000000001728,-0.1900000000000004,2046.5318181818184,42.21949999999999,724.32,-12.620000000000005,754.6623325528842,38.27233255288422,301.04782,True,True,False,False
1306.65,4.26,14908.211818181819,12251.17,40553.29,716.39,93.35300000000001,2774.33,47.59,40.91,0.04563324107813095,159.6971887189981,680.3100239429318,4.415902216241074,0.3100000000001728,-0.1900000000000004,2046.5318181818184,43.61300000000001,724.32,-12.620000000000005,753.8631567909918,37.473156790991766,300.05206,True,True,False,False
1306.65,4.26,14908.211818181819,12251.17,40553.29,716.39,94.7465,2774.33,47.59,40.91,0.044962082557539515,157.34841562309325,670.3042505543772,4.415902216241074,0.3100000000001728,-0.1900000000000004,2046.5318181818184,45.006499999999996,724.32,-12.620000000000005,750.2571235191772,33.8671235191772,301.7969,True,True,False,False
1306.65,4.26,14908.211818181819,12251.17,40553.29,716.39,96.14,2774.33,47.59,40.91,0.04431038023392573,155.06773104965765,660.5885342715417,4.415902216241074,0.3100000000001728,-0.1900000000000004,2046.5318181818184,46.4,724.32,-12.620000000000005,748.3325569330559,31.942556933055926,301.7969,True,True,False,False
1306.65,4.26,15148.337454545455,12251.17,40553.29,716.39,34.826,2774.33,47.59,40.91,0.1223223992901166,434.972061665807,1852.9809826963378,4.415902216241074,0.3100000000001728,-0.1900000000000004,2286.657454545455,-14.914000000000001,724.32,-12.620000000000005,742.9549364322552,26.564936432255195,231.25587,True,True,True,True
1306.65,4.26,15148.337454545455,12251.17,40553.29,716.39,36.219500000000004,2774.33,47.59,40.91,0.11761619797025916,418.2370556277254,1781.6898569741102,4.415902216241074,0.3100000000001728,-0.1900000000000004,2286.657454545455,-13.520499999999998,724.32,-12.620000000000005,742.3493822241926,25.95938222419261,243.38379,True,True,True,True
1306.65,4.26,15148.337454545455,12251.17,40553.29,716.39,37.613,2774.33,47.59,40.91,0.11325871073143035,402.74205864470787,1715.6811698264555,4.415902216241074,0.3100000000001728,-0.1900000000000004,2286.657454545455,-12.127000000000002,724.32,-12.620000000000005,732.3937337690502,16.0037337690502,263.70813,True,True,False,False
1306.65,4.26,15148.337454545455,12251.17,40553.29,716.39,39.0065,2774.33,47.59,40.91,0.109212564336391,388.3541734375369,1654.388778843907,4.415902216241074,0.3100000000001728,-0.1900000000000004,2286.657454545455,-10.7335,724.32,-12.620000000000005,727.1553451032605,10.765345103260529,278.2852,True,True,False,False
1306.65,4.26,15148.337454545455,12251.17,40553.29,716.39,40.4,2774.33,47.59,40.91,0.10544554194441728,374.95883860362915,1597.3246524514602,4.415902216241074,0.3100000000001728,-0.1900000000000004,2286.657454545455,-9.340000000000003,724.32,-12.620000000000005,734.197862544812,17.807862544811996,279.6579,True,True,False,False
1306.65,4.26,15148.337454545455,12251.17,40553.29,716.39,41.7935,2774.33,47.59,40.91,0.10192972347542743,362.45677179677904,1544.0658478542787,4.415902216241074,0.3100000000001728,-0.1900000000000004,2286.657454545455,-7.9465,724.32,-12.620000000000005,741.499641788784,25.10964178878396,279.94028,True,True,False,False
1306.65,4.26,15148.337454545455,12251.17,40553.29,716.39,43.187,2774.33,47.59,40.91,0.09864079239954635,350.7615047070635,1494.2440100520905,4.415902216241074,0.3100000000001728,-0.1900000000000004,2286.657454545455,-6.553000000000004,724.32,-12.620000000000005,726.8860339651278,10.496033965127822,301.38742,True,True,False,False
1306.65,4.26,15148.337454545455,12251.17,40553.29,716.39,44.5805,2774.33,47.59,40.91,0.09555747253715251,339.7973803512315,1447.536840296246,4.415902216241074,0.3100000000001728,-0.1900000000000004,2286.657454545455,-5.159500000000001,724.32,-12.620000000000005,729.5989063713298,13.208906371329817,304.82785,True,True,False,False
1306.65,4.26,15148.337454545455,12251.17,40553.29,716.39,45.974000000000004,2774.33,47.59,40.91,0.09266106728452891,329.4979145831892,1403.661116124386,4.415902216241074,0.3100000000001728,-0.1900000000000004,2286.657454545455,-3.7659999999999982,724.32,-12.620000000000005,718.9886270798117,2.598627079811763,320.97305,True,True,False,False
1306.65,4.26,15148.337454545455,12251.17,40553.29,716.39,47.3675,2774.33,47.59,40.91,0.08993508017237388,319.80444681988723,1362.3669434527196,4.415902216241074,0.3100000000001728,-0.1900000000000004,2286.657454545455,-2.3725000000000023,724.32,-12.620000000000005,722.2008976553534,5.810897655353415,322.7319,True,True,False,False
1306.65,4.26,15148.337454545455,12251.17,40553.29,716.39,48.760999999999996,2774.33,47.59,40.91,0.08736490048676401,310.66502212588824,1323.4329942562838,4.415902216241074,0.3100000000001728,-0.1900000000000004,2286.657454545455,-0.9790000000000063,724.32,-12.620000000000005,719.659879412282,3.2698794122819663,329.72858,True,True,False,False
1306.65,4.26,15148.337454545455,12251.17,40553.29,716.39,50.1545,2774.33,47.59,40.91,0.08493754129863638,302.03345965989087,1286.662538151135,4.415902216241074,0.3100000000001728,-0.1900000000000004,2286.657454545455,0.41449999999999676,724.32,-12.620000000000005,717.2134998016184,0.8234998016183681,336.1581,True,True,False,False
1306.65,4.26,15148.337454545455,12251.17,40553.29,716.39,51.548,2774.33,47.59,40.91,0.08264141998445293,293.8685722176783,1251.8801176473098,4.415902216241074,0.3100000000001728,-0.1900000000000004,2286.657454545455,1.8079999999999998,724.32,-12.620000000000005,721.8580554784285,5.468055478428482,335.06253,True,True,False,False
1306.65,4.26,15148.337454545455,12251.17,40553.29,716.39,52.941500000000005,2774.33,47.59,40.91,0.08046617340902366,286.1335090318927,1218.9287484758627,4.415902216241074,0.3100000000001728,-0.1900000000000004,2286.657454545455,3.201500000000003,724.32,-12.620000000000005,725.0071342884037,8.61713428840369,335.06253,True,True,False,False
1306.65,4.26,15148.337454545455,12251.17,40553.29,716.39,54.335,2774.33,47.59,40.91,0.07840250154775924,278.7951997009341,1187.6675507259795,4.415902216241074,0.3100000000001728,-0.1900000000000004,2286.657454545455,4.594999999999999,724.32,-12.620000000000005,734.1172241727511,17.727224172751107,328.7324,True,True,False,False
1306.65,4.26,15148.337454545455,12251.17,40553.29,716.39,55.7285,2774.33,47.59,40.91,0.07644203457042564,271.82388154573647,1157.9697353848373,4.415902216241074,0.3100000000001728,-0.1900000000000004,2286.657454545455,5.988499999999995,724.32,-12.620000000000005,736.555737130024,20.165737130024013,328.7324,True,True,False,False
1306.65,4.26,15148.337454545455,12251.17,40553.29,716.39,57.122,2774.33,47.59,40.91,0.07457721937997235,265.1926961477672,1129.7208855894885,4.415902216241074,0.3100000000001728,-0.1900000000000004,2286.657454545455,7.381999999999998,724.32,-12.620000000000005,738.6778006008942,22.28780060089423,328.7324,True,True,False,False
1306.65,4.26,15148.337454545455,12251.17,40553.29,716.39,58.5155,2774.33,47.59,40.91,0.07280122236328455,258.87734353578304,1102.8174834624356,4.415902216241074,0.3100000000001728,-0.1900000000000004,2286.657454545455,8.775500000000001,724.32,-12.620000000000005,740.5060225619713,24.116022561971363,328.7324,True,True,False,False
1306.65,4.26,15148.337454545455,12251.17,40553.29,716.39,59.909,2774.33,47.59,40.91,0.07110784571420245,252.8557846348574,1077.1656425444926,4.415902216241074,0.3100000000001728,-0.1900000000000004,2286.657454545455,10.168999999999997,724.32,-12.620000000000005,740.9508916494678,24.560891649467862,329.8424,True,True,False,False
1306.65,4.26,15148.337454545455,12251.17,40553.29,716.39,61.302499999999995,2774.33,47.59,40.91,0.06949145516917818,247.10798429815216,1052.6800131101281,4.415902216241074,0.3100000000001728,-0.1900000000000004,2286.657454545455,11.562499999999993,724.32,-12.620000000000005,736.6443597407194,20.25435974071945,335.44913,True,True,False,False
1306.65,4.26,15148.337454545455,12251.17,40553.29,716.39,62.696,2774.33,47.59,40.91,0.0679469173799458,241.61568860740346,1029.2828334675387,4.415902216241074,0.3100000000001728,-0.1900000000000004,2286.657454545455,12.955999999999996,724.32,-12.620000000000005,732.3690652605269,15.979065260526909,340.7869,True,True,False,False
1306.65,4.26,15148.337454545455,12251.17,40553.29,716.39,64.0895,2774.33,47.59,40.91,0.06646954545643911,236.36223122638225,1006.9031050243883,4.415902216241074,0.3100000000001728,-0.1900000000000004,2286.657454545455,14.349499999999999,724.32,-12.620000000000005,730.2878834613732,13.897883461373226,343.70834,True,True,False,False
1306.65,4.26,15148.337454545455,12251.17,40553.29,716.39,65.483,2774.33,47.59,40.91,0.06505505146289797,231.3323644795304,985.4758726827996,4.415902216241074,0.3100000000001728,-0.1900000000000004,2286.657454545455,15.743000000000002,724.32,-12.620000000000005,730.9201272840503,14.530127284050309,343.70834,True,True,False,False
1306.65,4.26,15148.337454545455,12251.17,40553.29,716.39,66.8765,2774.33,47.59,40.91,0.06369950485298267,226.51211154939847,964.9415952004374,4.415902216241074,0.3100000000001728,-0.1900000000000004,2286.657454545455,17.13649999999999,724.32,-12.620000000000005,734.0882180719298,17.698218071929773,340.97748,True,True,False,False
1306.65,4.26,15148.337454545455,12251.17,40553.29,716.39,68.27000000000001,2774.33,47.59,40.91,0.06239929599532303,221.8886367754038,945.2455926632201,4.415902216241074,0.3100000000001728,-0.1900000000000004,2286.657454545455,18.53000000000001,724.32,-12.620000000000005,734.342366788047,17.952366788047016,340.97748,True,True,False,False
1306.65,4.26,15148.337454545455,12251.17,40553.29,716.39,69.6635,2774.33,47.59,40.91,0.06115110407672448,217.45013151930817,926.3375602722527,4.415902216241074,0.3100000000001728,-0.1900000000000004,2286.657454545455,19.923499999999997,724.32,-12.620000000000005,734.4244253196839,18.03442531968392,340.97748,True,True,False,False
1306.65,4.26,15148.337454545455,12251.17,40553.29,716.39,71.057,2774.33,47.59,40.91,0.059951868782078206,213.1857134604577,908.1711393415497,4.415902216241074,0.3100000000001728,-0.1900000000000004,2286.657454545455,21.317,724.32,-12.620000000000005,734.344518257044,17.954518257044015,340.97748,True,True,False,False
1306.65,4.26,15148.337454545455,12251.17,40553.29,716.39,72.4505,2774.33,47.59,40.91,0.05879876524249294,209.08533751264818,890.7035378038812,4.415902216241074,0.3100000000001728,-0.1900000000000004,2286.657454545455,22.710500000000003,724.32,-12.620000000000005,734.1119912520901,17.721991252090106,340.97748,True,True,False,False
1306.65,4.26,15148.337454545455,12251.17,40553.29,716.39,73.844,2774.33,47.59,40.91,0.05768918181992875,205.13971682744352,873.8951936849094,4.415902216241074,0.3100000000001728,-0.1900000000000004,2286.657454545455,24.103999999999992,724.32,-12.620000000000005,734.000621233477,17.61062123347699,340.71234,True,True,False,False
1306.65,4.26,15148.337454545455,12251.17,40553.29,716.39,75.2375,2774.33,47.59,40.91,0.05662070036058215,201.3402525762446,857.709475974802,4.415902216241074,0.3100000000001728,-0.1900000000000004,2286.657454545455,25.497499999999995,724.32,-12.620000000000005,735.2145752899307,18.82457528993075,338.9859,True,True,False,False
1306.65,4.26,15148.337454545455,12251.17,40553.29,716.39,76.631,2774.33,47.59,40.91,0.0555910786027707,197.67897139364598,842.1124181369319,4.415902216241074,0.3100000000001728,-0.1900000000000004,2286.657454545455,26.891,724.32,-12.620000000000005,739.3548385000117,22.96483850001175,334.2046,True,True,False,False
1306.65,4.26,15148.337454545455,12251.17,40553.29,716.39,78.02449999999999,2774.33,47.59,40.91,0.05459823446996477,194.1484695242775,827.072480173422,4.415902216241074,0.3100000000001728,-0.1900000000000004,2286.657454545455,28.284499999999987,724.32,-12.620000000000005,738.5921174587461,22.202117458746102,334.2046,True,True,False,False
1306.65,4.26,15148.337454545455,12251.17,40553.29,716.39,79.418,2774.33,47.59,40.91,0.05364023201742385,190.74186284977702,812.56033574005,4.415902216241074,0.3100000000001728,-0.1900000000000004,2286.657454545455,29.678000000000004,724.32,-12.620000000000005,762.308122122618,45.918122122618,309.6106,True,True,False,False
1306.65,4.26,15148.337454545455,12251.17,40553.29,716.39,80.8115,2774.33,47.59,40.91,0.05271526883283606,187.4527420861228,798.5486812868833,4.415902216241074,0.3100000000001728,-0.1900000000000004,2286.657454545455,31.071499999999993,724.32,-12.620000000000005,761.3208272192139,44.93082721921394,309.6106,True,True,False,False
1306.65,4.26,15148.337454545455,12251.17,40553.29,716.39,82.205,2774.33,47.59,40.91,0.05182166471842753,184.27513253780577,785.0120646110526,4.415902216241074,0.3100000000001728,-0.1900000000000004,2286.657454545455,32.464999999999996,724.32,-12.620000000000005,760.2297855696595,43.83978556965951,309.6106,True,True,False,False
1306.65,4.26,15148.337454545455,12251.17,40553.29,716.39,83.5985,2774.33,47.59,40.91,0.05095785150501682,181.2034578771389,771.9267305566118,4.415902216241074,0.3100000000001728,-0.1900000000000004,2286.657454545455,33.8585,724.32,-12.620000000000005,759.5291073439228,43.139107343922774,309.12167,True,True,False,False
1306.65,4.26,15148.337454545455,12251.17,40553.29,716.39,84.99199999999999,2774.33,47.59,40.91,0.050122363868100955,178.23250748673934,759.2704818935096,4.415902216241074,0.3100000000001728,-0.1900000000000004,2286.657454545455,35.25199999999999,724.32,-12.620000000000005,758.2457961084683,41.855796108468326,309.12167,True,True,False,False
1306.65,4.26,15148.337454545455,12251.17,40553.29,716.39,86.38550000000001,2774.33,47.59,40.91,0.049313831032825745,175.35740696283574,747.0225536616803,4.415902216241074,0.3100000000001728,-0.1900000000000004,2286.657454545455,36.645500000000006,724.32,-12.620000000000005,756.8979671870784,40.50796718707841,309.09702,True,True,False,False
1306.65,4.26,15148.337454545455,12251.17,40553.29,716.39,87.779,2774.33,47.59,40.91,0.048530969269062425,172.57359142815326,735.1634994839329,4.415902216241074,0.3100000000001728,-0.1900000000000004,2286.657454545455,38.038999999999994,724.32,-12.620000000000005,755.4405512006958,39.05055120069585,309.09702,True,True,False,False
1306.65,4.26,15148.337454545455,12251.17,40553.29,716.39,89.1725,2774.33,47.59,40.91,0.04777257509016148,169.8767813470372,723.6750885383784,4.415902216241074,0.3100000000001728,-0.1900000000000004,2286.657454545455,39.4325,724.32,-12.620000000000005,756.7199674472258,40.32996744722584,306.27924,True,True,False,False
1306.65,4.26,15148.337454545455,12251.17,40553.29,716.39,90.566,2774.33,47.59,40.91,0.04703751907959367,167.26296057331112,712.5402120423054,4.415902216241074,0.3100000000001728,-0.1900000000000004,2286.657454545455,40.826,724.32,-12.620000000000005,755.1043933485989,38.714393348598946,306.27924,True,True,False,False
1306.65,4.26,15148.337454545455,12251.17,40553.29,716.39,91.95949999999999,2774.33,47.59,40.91,0.04632474027887559,164.72835639403326,701.7427982385816,4.415902216241074,0.3100000000001728,-0.1900000000000004,2286.657454545455,42.21949999999999,724.32,-12.620000000000005,753.4151184666896,37.025118466689605,306.27924,True,True,False,False
1306.65,4.26,15148.337454545455,12251.17,40553.29,716.39,93.35300000000001,2774.33,47.59,40.91,0.04563324107813095,162.26942136059938,691.2677349961533,4.415902216241074,0.3100000000001728,-0.1900000000000004,2286.657454545455,43.61300000000001,724.32,-12.620000000000005,751.372789434467,34.98278943446701,306.5619,True,True,False,False
1306.65,4.26,15148.337454545455,12251.17,40553.29,716.39,94.7465,2774.33,47.59,40.91,0.044962082557539515,159.8828167231786,681.1007992407407,4.415902216241074,0.3100000000001728,-0.1900000000000004,2286.657454545455,45.006499999999996,724.32,-12.620000000000005,746.676954176701,30.286954176700988,309.43076,True,True,False,False
1306.65,4.26,15148.337454545455,12251.17,40553.29,716.39,96.14,2774.33,47.59,40.91,0.04431038023392573,157.56539730580465,671.2285925227278,4.415902216241074,0.3100000000001728,-0.1900000000000004,2286.657454545455,46.4,724.32,-12.620000000000005,744.9710418020427,28.581041802042705,309.24533,True,True,False,False
1306.65,4.26,15388.463090909092,12251.17,40553.29,716.39,34.826,2774.33,47.59,40.91,0.1223223992901166,441.8670719876535,1882.3537266674036,4.415902216241074,0.3100000000001728,-0.1900000000000004,2526.7830909090917,-14.914000000000001,724.32,-12.620000000000005,743.064120843248,26.674120843248033,231.25587,True,True,True,True
1306.65,4.26,15388.463090909092,12251.17,40553.29,716.39,36.219500000000004,2774.33,47.59,40.91,0.11761619797025916,424.86678905126524,1809.9325213583897,4.415902216241074,0.3100000000001728,-0.1900000000000004,2526.7830909090917,-13.520499999999998,724.32,-12.620000000000005,742.6985293794611,26.308529379461106,243.38379,True,True,True,True
1306.65,4.26,15388.463090909092,12251.17,40553.29,716.39,37.613,2774.33,47.59,40.91,0.11325871073143035,409.1261713179731,1742.877489814565,4.415902216241074,0.3100000000001728,-0.1900000000000004,2526.7830909090917,-12.127000000000002,724.32,-12.620000000000005,729.7842770835309,13.394277083530937,266.88892,True,True,False,False
1306.65,4.26,15388.463090909092,12251.17,40553.29,716.39,39.0065,2774.33,47.59,40.91,0.109212564336391,394.51021487185153,1680.6135153540872,4.415902216241074,0.3100000000001728,-0.1900000000000004,2526.7830909090917,-10.7335,724.32,-12.620000000000005,730.0296616878856,13.639661687885564,276.1885,True,True,False,False
1306.65,4.26,15388.463090909092,12251.17,40553.29,716.39,40.4,2774.33,47.59,40.91,0.10544554194441728,380.90254232689483,1622.6448303125717,4.415902216241074,0.3100000000001728,-0.1900000000000004,2526.7830909090917,-9.340000000000003,724.32,-12.620000000000005,735.1675747420547,18.777574742054753,279.6579,True,True,False,False
1306.65,4.26,15388.463090909092,12251.17,40553.29,716.39,41.7935,2774.33,47.59,40.91,0.10192972347542743,368.20229755121716,1568.5417875681849,4.415902216241074,0.3100000000001728,-0.1900000000000004,2526.7830909090917,-7.9465,724.32,-12.620000000000005,739.9486085359517,23.55860853595175,282.6403,True,True,False,False
1306.65,4.26,15388.463090909092,12251.17,40553.29,716.39,43.187,2774.33,47.59,40.91,0.09864079239954635,356.3216415724049,1517.9301930984448,4.415902216241074,0.3100000000001728,-0.1900000000000004,2526.7830909090917,-6.553000000000004,724.32,-12.620000000000005,732.489240540612,16.09924054061196,297.1009,True,True,False,False
1306.65,4.26,15388.463090909092,12251.17,40553.29,716.39,44.5805,2774.33,47.59,40.91,0.09555747253715251,345.1837181217208,1470.4826391985305,4.415902216241074,0.3100000000001728,-0.1900000000000004,2526.7830909090917,-5.159500000000001,724.32,-12.620000000000005,715.9372080529611,-0.4527919470389179,319.96344,True,True,False,False
1306.65,4.26,15388.463090909092,12251.17,40553.29,716.39,45.974000000000004,2774.33,47.59,40.91,0.09266106728452891,334.72098917188197,1425.911413872217,4.415902216241074,0.3100000000001728,-0.1900000000000004,2526.7830909090917,-3.7659999999999982,724.32,-12.620000000000005,720.6102020884828,4.220202088482779,320.97305,True,True,False,False
1306.65,4.26,15388.463090909092,12251.17,40553.29,716.39,47.3675,2774.33,47.59,40.91,0.08993508017237388,324.8738642747713,1383.9626618105253,4.415902216241074,0.3100000000001728,-0.1900000000000004,2526.7830909090917,-2.3725000000000023,724.32,-12.620000000000005,723.9614670044352,7.571467004435249,322.7319,True,True,False,False
1306.65,4.26,15388.463090909092,12251.17,40553.29,716.39,48.760999999999996,2774.33,47.59,40.91,0.08736490048676401,315.589564925238,1344.4115465815137,4.415902216241074,0.3100000000001728,-0.1900000000000004,2526.7830909090917,-0.9790000000000063,724.32,-12.620000000000005,721.5514986949986,5.161498694998613,329.72858,True,True,False,False
1306.65,4.26,15388.463090909092,12251.17,40553.29,716.39,50.1545,2774.33,47.59,40.91,0.08493754129863638,306.8211782409936,1307.0582193066327,4.415902216241074,0.3100000000001728,-0.1900000000000004,2526.7830909090917,0.41449999999999676,724.32,-12.620000000000005,719.0434619921907,2.653461992190728,336.34354,True,True,False,False
1306.65,4.26,15388.463090909092,12251.17,40553.29,716.39,51.548,2774.33,47.59,40.91,0.08264141998445293,298.5268641340542,1271.7244412110708,4.415902216241074,0.3100000000001728,-0.1900000000000004,2526.7830909090917,1.8079999999999998,724.32,-12.620000000000005,723.9905185472119,7.600518547211891,335.06253,True,True,False,False
1306.65,4.26,15388.463090909092,12251.17,40553.29,716.39,52.941500000000005,2774.33,47.59,40.91,0.08046617340902366,290.6691876928289,1238.250739571451,4.415902216241074,0.3100000000001728,-0.1900000000000004,2526.7830909090917,3.201500000000003,724.32,-12.620000000000005,727.2505101937279,10.860510193727919,335.06253,True,True,False,False
1306.65,4.26,15388.463090909092,12251.17,40553.29,716.39,54.335,2774.33,47.59,40.91,0.07840250154775924,283.21455429639343,1206.494001302636,4.415902216241074,0.3100000000001728,-0.1900000000000004,2526.7830909090917,4.594999999999999,724.32,-12.620000000000005,736.4658238731186,20.075823873118566,328.7324,True,True,False,False
1306.65,4.26,15388.463090909092,12251.17,40553.29,716.39,55.7285,2774.33,47.59,40.91,0.07644203457042564,276.1327294791061,1176.3254275809918,4.415902216241074,0.3100000000001728,-0.1900000000000004,2526.7830909090917,5.988499999999995,724.32,-12.620000000000005,739.0042983500905,22.614298350090507,328.7324,True,True,False,False
1306.65,4.26,15388.463090909092,12251.17,40553.29,716.39,57.122,2774.33,47.59,40.91,0.07457721937997235,269.3964290730833,1147.6287878513347,4.415902216241074,0.3100000000001728,-0.1900000000000004,2526.7830909090917,7.381999999999998,724.32,-12.620000000000005,741.2214461873648,24.831446187364804,328.7324,True,True,False,False
1306.65,4.26,15388.463090909092,12251.17,40553.29,716.39,58.5155,2774.33,47.59,40.91,0.07280122236328455,262.9809679132559,1120.29892331047,4.415902216241074,0.3100000000001728,-0.1900000000000004,2526.7830909090917,8.775500000000001,724.32,-12.620000000000005,743.1402237981019,26.750223798101956,328.7324,True,True,False,False
1306.65,4.26,15388.463090909092,12251.17,40553.29,716.39,59.909,2774.33,47.59,40.91,0.07110784571420245,256.86395756973303,1094.2404592470625,4.415902216241074,0.3100000000001728,-0.1900000000000004,2526.7830909090917,10.168999999999997,724.32,-12.620000000000005,741.1114687951258,24.721468795125816,332.40237,True,True,False,False
1306.65,4.26,15388.463090909092,12251.17,40553.29,716.39,61.302499999999995,2774.33,47.59,40.91,0.06949145516917818,251.0250453062118,1069.3666930044621,4.415902216241074,0.3100000000001728,-0.1900000000000004,2526.7830909090917,11.562499999999993,724.32,-12.620000000000005,736.8873544211667,20.497354421166733,338.0091,True,True,False,False
1306.65,4.26,15388.463090909092,12251.17,40553.29,716.39,62.696,2774.33,47.59,40.91,0.0679469173799458,245.4456878503159,1045.5986302423455,4.415902216241074,0.3100000000001728,-0.1900000000000004,2526.7830909090917,12.955999999999996,724.32,-12.620000000000005,735.2507808434061,18.860780843406133,340.7869,True,True,False,False
1306.65,4.26,15388.463090909092,12251.17,40553.29,716.39,64.0895,2774.33,47.59,40.91,0.06646954545643911,240.1089546774454,1022.8641469259173,4.415902216241074,0.3100000000001728,-0.1900000000000004,2526.7830909090917,14.349499999999999,724.32,-12.620000000000005,733.244928210386,16.854928210385992,343.70834,True,True,False,False
1306.65,4.26,15388.463090909092,12251.17,40553.29,716.39,65.483,2774.33,47.59,40.91,0.06505505146289797,234.99935641173641,1001.0972583139969,4.415902216241074,0.3100000000001728,-0.1900000000000004,2526.7830909090917,15.743000000000002,724.32,-12.620000000000005,733.4867707258086,17.096770725808597,344.17087,True,True,False,False
1306.65,4.26,15388.463090909092,12251.17,40553.29,716.39,66.8765,2774.33,47.59,40.91,0.06369950485298267,230.10269468058883,980.2374793393083,4.415902216241074,0.3100000000001728,-0.1900000000000004,2526.7830909090917,17.13649999999999,724.32,-12.620000000000005,736.1407575387852,19.75075753878525,342.02322,True,True,False,False
1306.65,4.26,15388.463090909092,12251.17,40553.29,716.39,68.27000000000001,2774.33,47.59,40.91,0.06239929599532303,225.4059303574507,960.2292633227398,4.415902216241074,0.3100000000001728,-0.1900000000000004,2526.7830909090917,18.53000000000001,724.32,-12.620000000000005,737.0444235550779,20.65442355507787,341.44,True,True,False,False
1306.65,4.26,15388.463090909092,12251.17,40553.29,716.39,69.6635,2774.33,47.59,40.91,0.06115110407672448,220.8970676180787,941.021508053015,4.415902216241074,0.3100000000001728,-0.1900000000000004,2526.7830909090917,19.923499999999997,724.32,-12.620000000000005,737.1901256790331,20.800125679033158,341.44,True,True,False,False
1306.65,4.26,15388.463090909092,12251.17,40553.29,716.39,71.057,2774.33,47.59,40.91,0.059951868782078206,216.56505163944496,922.5671199840353,4.415902216241074,0.3100000000001728,-0.1900000000000004,2526.7830909090917,21.317,724.32,-12.620000000000005,737.1713659776678,20.78136597766786,341.44,True,True,False,False
1306.65,4.26,15388.463090909092,12251.17,40553.29,716.39,72.4505,2774.33,47.59,40.91,0.05879876524249294,212.39967810449085,904.8226287251308,4.415902216241074,0.3100000000001728,-0.1900000000000004,2526.7830909090917,22.710500000000003,724.32,-12.620000000000005,736.9976341391309,20.607634139130937,341.44,True,True,False,False
1306.65,4.26,15388.463090909092,12251.17,40553.29,716.39,73.844,2774.33,47.59,40.91,0.05768918181992875,208.39151295322003,887.7478451807173,4.415902216241074,0.3100000000001728,-0.1900000000000004,2526.7830909090917,24.103999999999992,724.32,-12.620000000000005,736.6777035371654,20.287703537165385,341.44,True,True,False,False
1306.65,4.26,15388.463090909092,12251.17,40553.29,716.39,75.2375,2774.33,47.59,40.91,0.05662070036058215,204.53182105169992,871.3055576802415,4.415902216241074,0.3100000000001728,-0.1900000000000004,2526.7830909090917,25.497499999999995,724.32,-12.620000000000005,736.4848342854027,20.094834285402726,341.17487,True,True,False,False
1306.65,4.26,15388.463090909092,12251.17,40553.29,716.39,76.631,2774.33,47.59,40.91,0.0555910786027707,200.81250264379415,855.461261262563,4.415902216241074,0.3100000000001728,-0.1900000000000004,2526.7830909090917,26.891,724.32,-12.620000000000005,742.8665613391233,26.47656133912335,334.2046,True,True,False,False
1306.65,4.26,15388.463090909092,12251.17,40553.29,716.39,78.02449999999999,2774.33,47.59,40.91,0.05459823446996477,197.22603661264165,840.1829159698533,4.415902216241074,0.3100000000001728,-0.1900000000000004,2526.7830909090917,28.284499999999987,724.32,-12.620000000000005,742.154464057139,25.76446405713898,334.2046,True,True,False,False
1306.65,4.26,15388.463090909092,12251.17,40553.29,716.39,79.418,2774.33,47.59,40.91,0.05364023201742385,193.76542971547585,825.440730587927,4.415902216241074,0.3100000000001728,-0.1900000000000004,2526.7830909090917,29.678000000000004,724.32,-12.620000000000005,763.359348909833,46.969348909833,312.17056,True,True,False,False
1306.65,4.26,15388.463090909092,12251.17,40553.29,716.39,80.8115,2774.33,47.59,40.91,0.05271526883283606,190.42417107076247,811.206968761448,4.415902216241074,0.3100000000001728,-0.1900000000000004,2526.7830909090917,31.071499999999993,724.32,-12.620000000000005,762.4192166093528,46.02921660935283,312.17056,True,True,False,False
1306.65,4.26,15388.463090909092,12251.17,40553.29,716.39,82.205,2774.33,47.59,40.91,0.05182166471842753,187.19619127441032,797.4557748289878,4.415902216241074,0.3100000000001728,-0.1900000000000004,2526.7830909090917,32.464999999999996,724.32,-12.620000000000005,761.3737386067858,44.98373860678578,312.17056,True,True,False,False
1306.65,4.26,15388.463090909092,12251.17,40553.29,716.39,83.5985,2774.33,47.59,40.91,0.05095785150501682,184.07582560492432,784.1630170769776,4.415902216241074,0.3100000000001728,-0.1900000000000004,2526.7830909090917,33.8585,724.32,-12.620000000000005,763.2770720719093,46.8870720719093,309.12167,True,True,False,False
1306.65,4.26,15388.463090909092,12251.17,40553.29,716.39,84.99199999999999,2774.33,47.59,40.91,0.050122363868100955,181.05778084821293,771.306146413387,4.415902216241074,0.3100000000001728,-0.1900000000000004,2526.7830909090917,35.25199999999999,724.32,-12.620000000000005,762.0363612040414,45.646361204041455,309.12167,True,True,False,False
1306.65,4.26,15388.463090909092,12251.17,40553.29,716.39,86.38550000000001,2774.33,47.59,40.91,0.049313831032825745,178.13710533332545,758.8640687199663,4.415902216241074,0.3100000000001728,-0.1900000000000004,2526.7830909090917,36.645500000000006,724.32,-12.620000000000005,759.448508261908,43.05850826190806,310.37827,True,True,False,False
1306.65,4.26,15388.463090909092,12251.17,40553.29,716.39,87.779,2774.33,47.59,40.91,0.048530969269062425,175.30916182230297,746.8170293630105,4.415902216241074,0.3100000000001728,-0.1900000000000004,2526.7830909090917,38.038999999999994,724.32,-12.620000000000005,759.312259322089,42.92225932208896,309.09702,True,True,False,False
1306.65,4.26,15388.463090909092,12251.17,40553.29,716.39,89.1725,2774.33,47.59,40.91,0.04777257509016148,172.56960294193266,735.146508532633,4.415902216241074,0.3100000000001728,-0.1900000000000004,2526.7830909090917,39.4325,724.32,-12.620000000000005,757.8125655056056,41.422565505605576,309.09702,True,True,False,False
1306.65,4.26,15388.463090909092,12251.17,40553.29,716.39,90.566,2774.33,47.59,40.91,0.04703751907959367,169.914348883629,723.8351262442594,4.415902216241074,0.3100000000001728,-0.1900000000000004,2526.7830909090917,40.826,724.32,-12.620000000000005,759.0522504448334,42.662250444833376,306.27924,True,True,False,False
1306.65,4.26,15388.463090909092,12251.17,40553.29,716.39,91.95949999999999,2774.33,47.59,40.91,0.04632474027887559,167.33956713085138,712.8665559774267,4.415902216241074,0.3100000000001728,-0.1900000000000004,2526.7830909090917,42.21949999999999,724.32,-12.620000000000005,757.3993191754168,41.00931917541686,306.27924,True,True,False,False
1306.65,4.26,15388.463090909092,12251.17,40553.29,716.39,93.35300000000001,2774.33,47.59,40.91,0.04563324107813095,164.84165400220064,702.2254460493747,4.415902216241074,0.3100000000001728,-0.1900000000000004,2526.7830909090917,43.61300000000001,724.32,-12.620000000000005,755.6749025466925,39.28490254669248,306.27924,True,True,False,False
1306.65,4.26,15388.463090909092,12251.17,40553.29,716.39,94.7465,2774.33,47.59,40.91,0.044962082557539515,162.4172178232639,691.8973479271042,4.415902216241074,0.3100000000001728,-0.1900000000000004,2526.7830909090917,45.006499999999996,724.32,-12.620000000000005,751.854658369381,35.46465836938103,308.30673,True,True,False,False
1306.65,4.26,15388.463090909092,12251.17,40553.29,716.39,96.14,2774.33,47.59,40.91,0.04431038023392573,160.06306356195162,681.8686507739138,4.415902216241074,0.3100000000001728,-0.1900000000000004,2526.7830909090917,46.4,724.32,-12.620000000000005,748.8725271593107,32.482527159310735,309.43076,True,True,False,False
1306.65,4.26,15628.588727272727,12251.17,40553.29,716.39,34.826,2774.33,47.59,40.91,0.1223223992901166,448.76208230949993,1911.72647063847,4.415902216241074,0.3100000000001728,-0.1900000000000004,2766.9087272727265,-14.914000000000001,724.32,-12.620000000000005,744.232188921233,27.84218892123306,230.19699,True,True,True,True
1306.65,4.26,15628.588727272727,12251.17,40553.29,716.39,36.219500000000004,2774.33,47.59,40.91,0.11761619797025916,431.4965224748051,1838.1751857426698,4.415902216241074,0.3100000000001728,-0.1900000000000004,2766.9087272727265,-13.520499999999998,724.32,-12.620000000000005,744.1065602017218,27.71656020172179,242.3249,True,True,True,True
1306.65,4.26,15628.588727272727,12251.17,40553.29,716.39,37.613,2774.33,47.59,40.91,0.11325871073143035,415.5102839912382,1770.073809802675,4.415902216241074,0.3100000000001728,-0.1900000000000004,2766.9087272727265,-12.127000000000002,724.32,-12.620000000000005,731.891464685121,15.50146468512105,265.35306,True,True,False,False
1306.65,4.26,15628.588727272727,12251.17,40553.29,716.39,39.0065,2774.33,47.59,40.91,0.109212564336391,400.6662563061662,1706.838251864268,4.415902216241074,0.3100000000001728,-0.1900000000000004,2766.9087272727265,-10.7335,724.32,-12.620000000000005,735.80226318462,19.412263184619974,271.19354,True,True,False,False
1306.65,4.26,15628.588727272727,12251.17,40553.29,716.39,40.4,2774.33,47.59,40.91,0.10544554194441728,386.84624605016046,1647.9650081736836,4.415902216241074,0.3100000000001728,-0.1900000000000004,2766.9087272727265,-9.340000000000003,724.32,-12.620000000000005,737.1961553475006,20.806155347500635,278.59903,True,True,False,False
1306.65,4.26,15628.588727272727,12251.17,40553.29,716.39,41.7935,2774.33,47.59,40.91,0.10192972347542743,373.9478233056553,1593.0177272820915,4.415902216241074,0.3100000000001728,-0.1900000000000004,2766.9087272727265,-7.9465,724.32,-12.620000000000005,740.0545577049945,23.664557704994536,283.68332,True,True,False,False
1306.65,4.26,15628.588727272727,12251.17,40553.29,716.39,43.187,2774.33,47.59,40.91,0.09864079239954635,361.88177843774633,1541.6163761447995,4.415902216241074,0.3100000000001728,-0.1900000000000004,2766.9087272727265,-6.553000000000004,724.32,-12.620000000000005,734.8647859832836,18.474785983283596,296.04202,True,True,False,False
1306.65,4.26,15628.588727272727,12251.17,40553.29,716.39,44.5805,2774.33,47.59,40.91,0.09555747253715251,350.57005589221006,1493.4284381008151,4.415902216241074,0.3100000000001728,-0.1900000000000004,2766.9087272727265,-5.159500000000001,724.32,-12.620000000000005,718.4699677424051,2.079967742405074,318.90457,True,True,False,False
1306.65,4.26,15628.588727272727,12251.17,40553.29,716.39,45.974000000000004,2774.33,47.59,40.91,0.09266106728452891,339.94406376057475,1448.1617116200484,4.415902216241074,0.3100000000001728,-0.1900000000000004,2766.9087272727265,-3.7659999999999982,724.32,-12.620000000000005,723.2906455053571,6.900645505357147,319.91418,True,True,False,False
1306.65,4.26,15628.588727272727,12251.17,40553.29,716.39,47.3675,2774.33,47.59,40.91,0.08993508017237388,329.94328172965527,1405.5583801683315,4.415902216241074,0.3100000000001728,-0.1900000000000004,2766.9087272727265,-2.3725000000000023,724.32,-12.620000000000005,726.78090476172,10.39090476171998,321.67303,True,True,False,False
1306.65,4.26,15628.588727272727,12251.17,40553.29,716.39,48.760999999999996,2774.33,47.59,40.91,0.08736490048676401,320.5141077245877,1365.3900989067438,4.415902216241074,0.3100000000001728,-0.1900000000000004,2766.9087272727265,-0.9790000000000063,724.32,-12.620000000000005,724.5019863859186,8.111986385918613,328.6697,True,True,False,False
1306.65,4.26,15628.588727272727,12251.17,40553.29,716.39,50.1545,2774.33,47.59,40.91,0.08493754129863638,311.60889682209637,1327.4539004621306,4.415902216241074,0.3100000000001728,-0.1900000000000004,2766.9087272727265,0.41449999999999676,724.32,-12.620000000000005,722.1177173956537,5.727717395653713,335.28467,True,True,False,False
1306.65,4.26,15628.588727272727,12251.17,40553.29,716.39,51.548,2774.33,47.59,40.91,0.08264141998445293,303.1851560504301,1291.5687647748323,4.415902216241074,0.3100000000001728,-0.1900000000000004,2766.9087272727265,1.8079999999999998,724.32,-12.620000000000005,727.1818500241986,10.791850024198652,334.00366,True,True,False,False
1306.65,4.26,15628.588727272727,12251.17,40553.29,716.39,52.941500000000005,2774.33,47.59,40.91,0.08046617340902366,295.20486635376517,1257.5727306670397,4.415902216241074,0.3100000000001728,-0.1900000000000004,2766.9087272727265,3.201500000000003,724.32,-12.620000000000005,730.5527545072553,14.162754507255272,334.00366,True,True,False,False
1306.65,4.26,15628.588727272727,12251.17,40553.29,716.39,54.335,2774.33,47.59,40.91,0.07840250154775924,287.63390889185274,1225.3204518792927,4.415902216241074,0.3100000000001728,-0.1900000000000004,2766.9087272727265,4.594999999999999,724.32,-12.620000000000005,739.8732919816894,23.483291981689376,327.67352,True,True,False,False
1306.65,4.26,15628.588727272727,12251.17,40553.29,716.39,55.7285,2774.33,47.59,40.91,0.07644203457042564,280.4415774124757,1194.6811197771465,4.415902216241074,0.3100000000001728,-0.1900000000000004,2766.9087272727265,5.988499999999995,724.32,-12.620000000000005,742.5117279783603,26.121727978360354,327.67352,True,True,False,False
1306.65,4.26,15628.588727272727,12251.17,40553.29,716.39,57.122,2774.33,47.59,40.91,0.07457721937997235,273.6001619983993,1165.536690113181,4.415902216241074,0.3100000000001728,-0.1900000000000004,2766.9087272727265,7.381999999999998,724.32,-12.620000000000005,742.2639931410231,25.873993141023107,330.2335,True,True,False,False
1306.65,4.26,15628.588727272727,12251.17,40553.29,716.39,58.5155,2774.33,47.59,40.91,0.07280122236328455,267.08459229072866,1137.7803631585043,4.415902216241074,0.3100000000001728,-0.1900000000000004,2766.9087272727265,8.775500000000001,724.32,-12.620000000000005,744.27332640142,27.88332640142005,330.2335,True,True,False,False
1306.65,4.26,15628.588727272727,12251.17,40553.29,716.39,59.909,2774.33,47.59,40.91,0.07110784571420245,260.8721305046086,1111.3152759496327,4.415902216241074,0.3100000000001728,-0.1900000000000004,2766.9087272727265,10.168999999999997,724.32,-12.620000000000005,744.8908813900025,28.50088139000252,331.3435,True,True,False,False
1306.65,4.26,15628.588727272727,12251.17,40553.29,716.39,61.302499999999995,2774.33,47.59,40.91,0.06949145516917818,254.9421063142714,1086.0533728987962,4.415902216241074,0.3100000000001728,-0.1900000000000004,2766.9087272727265,11.562499999999993,724.32,-12.620000000000005,740.2866601367703,23.896660136770265,337.41275,True,True,False,False
1306.65,4.26,15628.588727272727,12251.17,40553.29,716.39,62.696,2774.33,47.59,40.91,0.0679469173799458,249.2756870932283,1061.9144270171525,4.415902216241074,0.3100000000001728,-0.1900000000000004,2766.9087272727265,12.955999999999996,724.32,-12.620000000000005,738.7288404204262,22.33884042042621,340.19055,True,True,False,False
1306.65,4.26,15628.588727272727,12251.17,40553.29,716.39,64.0895,2774.33,47.59,40.91,0.06646954545643911,243.85567812850854,1038.8251888274465,4.415902216241074,0.3100000000001728,-0.1900000000000004,2766.9087272727265,14.349499999999999,724.32,-12.620000000000005,736.7983169535394,20.408316953539384,343.112,True,True,False,False
1306.65,4.26,15628.588727272727,12251.17,40553.29,716.39,65.483,2774.33,47.59,40.91,0.06505505146289797,238.66634834394236,1016.7186439451946,4.415902216241074,0.3100000000001728,-0.1900000000000004,2766.9087272727265,15.743000000000002,724.32,-12.620000000000005,737.5748069898323,21.184806989832282,343.112,True,True,False,False
1306.65,4.26,15628.588727272727,12251.17,40553.29,716.39,66.8765,2774.33,47.59,40.91,0.06369950485298267,233.69327781177918,995.5333634781794,4.415902216241074,0.3100000000001728,-0.1900000000000004,2766.9087272727265,17.13649999999999,724.32,-12.620000000000005,723.3513475427501,6.961347542750104,357.91092,True,True,False,False
1306.65,4.26,15628.588727272727,12251.17,40553.29,716.39,68.27000000000001,2774.33,47.59,40.91,0.06239929599532303,228.9232239394976,975.2129339822599,4.415902216241074,0.3100000000001728,-0.1900000000000004,2766.9087272727265,18.53000000000001,724.32,-12.620000000000005,723.7380879881243,7.348087988124348,357.91092,True,True,False,False
1306.65,4.26,15628.588727272727,12251.17,40553.29,716.39,69.6635,2774.33,47.59,40.91,0.06115110407672448,224.3440037168492,955.7054558337776,4.415902216241074,0.3100000000001728,-0.1900000000000004,2766.9087272727265,19.923499999999997,724.32,-12.620000000000005,724.5306551399451,8.140655139945125,357.3277,True,True,False,False
1306.65,4.26,15628.588727272727,12251.17,40553.29,716.39,71.057,2774.33,47.59,40.91,0.059951868782078206,219.9443898184322,936.9631006265213,4.415902216241074,0.3100000000001728,-0.1900000000000004,2766.9087272727265,21.317,724.32,-12.620000000000005,724.573042799854,8.183042799853979,357.3277,True,True,False,False
1306.65,4.26,15628.588727272727,12251.17,40553.29,716.39,72.4505,2774.33,47.59,40.91,0.05879876524249294,215.71401869633345,918.9417196463806,4.415902216241074,0.3100000000001728,-0.1900000000000004,2766.9087272727265,22.710500000000003,724.32,-12.620000000000005,724.4581061277343,8.068106127734268,357.3277,True,True,False,False
1306.65,4.26,15628.588727272727,12251.17,40553.29,716.39,73.844,2774.33,47.59,40.91,0.05768918181992875,211.64330907899654,901.6004966765253,4.415902216241074,0.3100000000001728,-0.1900000000000004,2766.9087272727265,24.103999999999992,724.32,-12.620000000000005,724.1947516611665,7.804751661166506,357.3277,True,True,False,False
1306.65,4.26,15628.588727272727,12251.17,40553.29,716.39,75.2375,2774.33,47.59,40.91,0.05662070036058215,207.72338952715518,884.9016393856812,4.415902216241074,0.3100000000001728,-0.1900000000000004,2766.9087272727265,25.497499999999995,724.32,-12.620000000000005,724.0563628121249,7.66636281212493,357.06256,True,True,False,False
1306.65,4.26,15628.588727272727,12251.17,40553.29,716.39,76.631,2774.33,47.59,40.91,0.0555910786027707,203.9460338939423,868.8101043881943,4.415902216241074,0.3100000000001728,-0.1900000000000004,2766.9087272727265,26.891,724.32,-12.620000000000005,745.2481877426878,28.858187742687846,335.3347,True,True,False,False
1306.65,4.26,15628.588727272727,12251.17,40553.29,716.39,78.02449999999999,2774.33,47.59,40.91,0.05459823446996477,200.30360370100578,853.2933517662847,4.415902216241074,0.3100000000001728,-0.1900000000000004,2766.9087272727265,28.284499999999987,724.32,-12.620000000000005,746.3131546496725,29.923154649672483,333.60825,True,True,False,False
1306.65,4.26,15628.588727272727,12251.17,40553.29,716.39,79.418,2774.33,47.59,40.91,0.05364023201742385,196.78899658117467,838.3211254358041,4.415902216241074,0.3100000000001728,-0.1900000000000004,2766.9087272727265,29.678000000000004,724.32,-12.620000000000005,767.5668867322045,51.17688673220448,311.57422,True,True,False,False
1306.65,4.26,15628.588727272727,12251.17,40553.29,716.39,80.8115,2774.33,47.59,40.91,0.05271526883283606,193.39560005540213,823.865256236013,4.415902216241074,0.3100000000001728,-0.1900000000000004,2766.9087272727265,31.071499999999993,724.32,-12.620000000000005,766.673917034648,50.28391703464797,311.57422,True,True,False,False
1306.65,4.26,15628.588727272727,12251.17,40553.29,716.39,82.205,2774.33,47.59,40.91,0.05182166471842753,190.11725001101487,809.8994850469234,4.415902216241074,0.3100000000001728,-0.1900000000000004,2766.9087272727265,32.464999999999996,724.32,-12.620000000000005,766.1365270931308,49.746527093130794,311.1117,True,True,False,False
1306.65,4.26,15628.588727272727,12251.17,40553.29,716.39,83.5985,2774.33,47.59,40.91,0.05095785150501682,186.94819333270974,796.3993035973434,4.415902216241074,0.3100000000001728,-0.1900000000000004,2766.9087272727265,33.8585,724.32,-12.620000000000005,765.0350160479427,48.645016047942704,311.1117,True,True,False,False
1306.65,4.26,15628.588727272727,12251.17,40553.29,716.39,84.99199999999999,2774.33,47.59,40.91,0.050122363868100955,183.8830542096865,783.3418109332645,4.415902216241074,0.3100000000001728,-0.1900000000000004,2766.9087272727265,35.25199999999999,724.32,-12.620000000000005,764.3258276668023,47.93582766680231,310.62277,True,True,False,False
1306.65,4.26,15628.588727272727,12251.17,40553.29,716.39,86.38550000000001,2774.33,47.59,40.91,0.049313831032825745,180.91680370381513,770.7055837782525,4.415902216241074,0.3100000000001728,-0.1900000000000004,2766.9087272727265,36.645500000000006,724.32,-12.620000000000005,761.7792007039254,45.38920070392544,311.87936,True,True,False,False
1306.65,4.26,15628.588727272727,12251.17,40553.29,716.39,87.779,2774.33,47.59,40.91,0.048530969269062425,178.04473221645264,758.4705592420883,4.415902216241074,0.3100000000001728,-0.1900000000000004,2766.9087272727265,38.038999999999994,724.32,-12.620000000000005,762.9615858516852,46.5715858516852,309.3194,True,True,False,False
1306.65,4.26,15628.588727272727,12251.17,40553.29,716.39,89.1725,2774.33,47.59,40.91,0.04777257509016148,175.2624245368281,746.6179285268877,4.415902216241074,0.3100000000001728,-0.1900000000000004,2766.9087272727265,39.4325,724.32,-12.620000000000005,762.7818115132038,46.391811513203834,308.03815,True,True,False,False
1306.65,4.26,15628.588727272727,12251.17,40553.29,716.39,90.566,2774.33,47.59,40.91,0.04703751907959367,172.56573719394683,735.1300404462136,4.415902216241074,0.3100000000001728,-0.1900000000000004,2766.9087272727265,40.826,724.32,-12.620000000000005,761.2411964082553,44.851196408255305,308.03815,True,True,False,False
1306.65,4.26,15628.588727272727,12251.17,40553.29,716.39,91.95949999999999,2774.33,47.59,40.91,0.04632474027887559,169.95077786766947,723.990313716272,4.415902216241074,0.3100000000001728,-0.1900000000000004,2766.9087272727265,42.21949999999999,724.32,-12.620000000000005,762.442388292347,46.05238829234702,305.22037,True,True,False,False
1306.65,4.26,15628.588727272727,12251.17,40553.29,716.39,93.35300000000001,2774.33,47.59,40.91,0.04563324107813095,167.4138866438019,713.1831571025962,4.415902216241074,0.3100000000001728,-0.1900000000000004,2766.9087272727265,43.61300000000001,724.32,-12.620000000000005,760.7532302585271,44.363230258527096,305.22037,True,True,False,False
1306.65,4.26,15628.588727272727,12251.17,40553.29,716.39,94.7465,2774.33,47.59,40.91,0.044962082557539515,164.95161892334923,702.6938966134678,4.415902216241074,0.3100000000001728,-0.1900000000000004,2766.9087272727265,45.006499999999996,724.32,-12.620000000000005,757.2498613413579,40.85986134135794,306.9652,True,True,False,False
1306.65,4.26,15628.588727272727,12251.17,40553.29,716.39,96.14,2774.33,47.59,40.91,0.04431038023392573,162.56072981809857,692.5087090251,4.415902216241074,0.3100000000001728,-0.1900000000000004,2766.9087272727265,46.4,724.32,-12.620000000000005,755.1423291669696,38.752329166969616,307.24786,True,True,False,False
1306.65,4.26,15868.714363636363,12251.17,40553.29,716.39,34.826,2774.33,47.59,40.91,0.1223223992901166,455.6570926313465,1941.0992146095357,4.415902216241074,0.3100000000001728,-0.1900000000000004,3007.034363636363,-14.914000000000001,724.32,-12.620000000000005,744.3413733322258,27.951373332225785,230.19699,True,True,True,True
1306.65,4.26,15868.714363636363,12251.17,40553.29,716.39,36.219500000000004,2774.33,47.59,40.91,0.11761619797025916,438.126255898345,1866.4178501269496,4.415902216241074,0.3100000000001728,-0.1900000000000004,3007.034363636363,-13.520499999999998,724.32,-12.620000000000005,744.4557073569903,28.065707356990288,242.3249,True,True,True,True
1306.65,4.26,15868.714363636363,12251.17,40553.29,716.39,37.613,2774.33,47.59,40.91,0.11325871073143035,421.89439666450346,1797.2701297907845,4.415902216241074,0.3100000000001728,-0.1900000000000004,3007.034363636363,-12.127000000000002,724.32,-12.620000000000005,732.4627941324143,16.072794132414288,265.35306,True,True,False,False
1306.65,4.26,15868.714363636363,12251.17,40553.29,716.39,39.0065,2774.33,47.59,40.91,0.109212564336391,406.82229774048085,1733.0629883744482,4.415902216241074,0.3100000000001728,-0.1900000000000004,3007.034363636363,-10.7335,724.32,-12.620000000000005,735.95221453487,19.56221453487001,271.82123,True,True,False,False
1306.65,4.26,15868.714363636363,12251.17,40553.29,716.39,40.4,2774.33,47.59,40.91,0.10544554194441728,392.78994977342614,1673.285186034795,4.415902216241074,0.3100000000001728,-0.1900000000000004,3007.034363636363,-9.340000000000003,724.32,-12.620000000000005,738.1658675447434,21.77586754474339,278.59903,True,True,False,False
1306.65,4.26,15868.714363636363,12251.17,40553.29,716.39,41.7935,2774.33,47.59,40.91,0.10192972347542743,379.69334906009345,1617.493666995998,4.415902216241074,0.3100000000001728,-0.1900000000000004,3007.034363636363,-7.9465,724.32,-12.620000000000005,741.2035366591936,24.813536659193574,283.68332,True,True,False,False
1306.65,4.26,15868.714363636363,12251.17,40553.29,716.39,43.187,2774.33,47.59,40.91,0.09864079239954635,367.44191530308774,1565.3025591911537,4.415902216241074,0.3100000000001728,-0.1900000000000004,3007.034363636363,-6.553000000000004,724.32,-12.620000000000005,736.1814630177523,19.791463017752335,296.04202,True,True,False,False
1306.65,4.26,15868.714363636363,12251.17,40553.29,716.39,44.5805,2774.33,47.59,40.91,0.09555747253715251,355.9563936626994,1516.3742370030993,4.415902216241074,0.3100000000001728,-0.1900000000000004,3007.034363636363,-5.159500000000001,724.32,-12.620000000000005,719.9438590236457,3.553859023645714,318.90457,True,True,False,False
1306.65,4.26,15868.714363636363,12251.17,40553.29,716.39,45.974000000000004,2774.33,47.59,40.91,0.09266106728452891,345.16713834926753,1470.4120093678796,4.415902216241074,0.3100000000001728,-0.1900000000000004,3007.034363636363,-3.7659999999999982,724.32,-12.620000000000005,724.9122205140281,8.522220514028163,319.91418,True,True,False,False
1306.65,4.26,15868.714363636363,12251.17,40553.29,716.39,47.3675,2774.33,47.59,40.91,0.08993508017237388,335.0126991845393,1427.1540985261372,4.415902216241074,0.3100000000001728,-0.1900000000000004,3007.034363636363,-2.3725000000000023,724.32,-12.620000000000005,728.5414741108016,12.151474110801587,321.67303,True,True,False,False
1306.65,4.26,15868.714363636363,12251.17,40553.29,716.39,48.760999999999996,2774.33,47.59,40.91,0.08736490048676401,325.4386505239375,1386.3686512319734,4.415902216241074,0.3100000000001728,-0.1900000000000004,3007.034363636363,-0.9790000000000063,724.32,-12.620000000000005,726.2081808639477,9.81818086394776,328.85513,True,True,False,False
1306.65,4.26,15868.714363636363,12251.17,40553.29,716.39,50.1545,2774.33,47.59,40.91,0.08493754129863638,316.3966154031991,1347.849581617628,4.415902216241074,0.3100000000001728,-0.1900000000000004,3007.034363636363,0.41449999999999676,724.32,-12.620000000000005,724.1331043909136,7.743104390913572,335.28467,True,True,False,False
1306.65,4.26,15868.714363636363,12251.17,40553.29,716.39,51.548,2774.33,47.59,40.91,0.08264141998445293,307.843447966806,1311.4130883385935,4.415902216241074,0.3100000000001728,-0.1900000000000004,3007.034363636363,1.8079999999999998,724.32,-12.620000000000005,729.3143130929823,12.924313092982288,334.00366,True,True,False,False
1306.65,4.26,15868.714363636363,12251.17,40553.29,716.39,52.941500000000005,2774.33,47.59,40.91,0.08046617340902366,299.74054501470147,1276.8947217626283,4.415902216241074,0.3100000000001728,-0.1900000000000004,3007.034363636363,3.201500000000003,724.32,-12.620000000000005,732.7961304125795,16.4061304125795,334.00366,True,True,False,False
1306.65,4.26,15868.714363636363,12251.17,40553.29,716.39,54.335,2774.33,47.59,40.91,0.07840250154775924,292.05326348731205,1244.1469024559492,4.415902216241074,0.3100000000001728,-0.1900000000000004,3007.034363636363,4.594999999999999,724.32,-12.620000000000005,742.2218916820568,25.831891682056835,327.67352,True,True,False,False
1306.65,4.26,15868.714363636363,12251.17,40553.29,716.39,55.7285,2774.33,47.59,40.91,0.07644203457042564,284.7504253458453,1213.036811973301,4.415902216241074,0.3100000000001728,-0.1900000000000004,3007.034363636363,5.988499999999995,724.32,-12.620000000000005,742.4003221574114,26.01032215741145,330.2335,True,True,False,False
1306.65,4.26,15868.714363636363,12251.17,40553.29,716.39,57.122,2774.33,47.59,40.91,0.07457721937997235,277.80389492371535,1183.4445923750275,4.415902216241074,0.3100000000001728,-0.1900000000000004,3007.034363636363,7.381999999999998,724.32,-12.620000000000005,744.8076387274937,28.41763872749368,330.2335,True,True,False,False
1306.65,4.26,15868.714363636363,12251.17,40553.29,716.39,58.5155,2774.33,47.59,40.91,0.07280122236328455,271.1882166682015,1155.2618030065385,4.415902216241074,0.3100000000001728,-0.1900000000000004,3007.034363636363,8.775500000000001,724.32,-12.620000000000005,746.9075276375506,30.517527637550643,330.2335,True,True,False,False
1306.65,4.26,15868.714363636363,12251.17,40553.29,716.39,59.909,2774.33,47.59,40.91,0.07110784571420245,264.88030343948424,1128.3900926522028,4.415902216241074,0.3100000000001728,-0.1900000000000004,3007.034363636363,10.168999999999997,724.32,-12.620000000000005,747.1489011626136,30.758901162613597,331.80603,True,True,False,False
1306.65,4.26,15868.714363636363,12251.17,40553.29,716.39,61.302499999999995,2774.33,47.59,40.91,0.06949145516917818,258.859167322331,1102.7400527931302,4.415902216241074,0.3100000000001728,-0.1900000000000004,3007.034363636363,11.562499999999993,724.32,-12.620000000000005,743.0896218582334,26.6996218582334,337.41275,True,True,False,False
1306.65,4.26,15868.714363636363,12251.17,40553.29,716.39,62.696,2774.33,47.59,40.91,0.0679469173799458,253.1056863361407,1078.2302237919594,4.415902216241074,0.3100000000001728,-0.1900000000000004,3007.034363636363,12.955999999999996,724.32,-12.620000000000005,724.6639922826025,8.273992282602535,357.13712,True,True,False,False
1306.65,4.26,15868.714363636363,12251.17,40553.29,716.39,64.0895,2774.33,47.59,40.91,0.06646954545643911,247.60240157957173,1054.7862307289754,4.415902216241074,0.3100000000001728,-0.1900000000000004,3007.034363636363,14.349499999999999,724.32,-12.620000000000005,722.8087979818488,6.4187979818487975,360.05856,True,True,False,False
1306.65,4.26,15868.714363636363,12251.17,40553.29,716.39,65.483,2774.33,47.59,40.91,0.06505505146289797,242.33334027614836,1032.340029576392,4.415902216241074,0.3100000000001728,-0.1900000000000004,3007.034363636363,15.743000000000002,724.32,-12.620000000000005,723.6574111249497,7.267411124949717,360.05856,True,True,False,False
1306.65,4.26,15868.714363636363,12251.17,40553.29,716.39,66.8765,2774.33,47.59,40.91,0.06369950485298267,237.28386094296957,1010.8292476170503,4.415902216241074,0.3100000000001728,-0.1900000000000004,3007.034363636363,17.13649999999999,724.32,-12.620000000000005,726.449632859215,10.059632859214958,357.91092,True,True,False,False
1306.65,4.26,15868.714363636363,12251.17,40553.29,716.39,68.27000000000001,2774.33,47.59,40.91,0.06239929599532303,232.4405175215445,990.1966046417796,4.415902216241074,0.3100000000001728,-0.1900000000000004,3007.034363636363,18.53000000000001,724.32,-12.620000000000005,726.9026691692177,10.512669169217702,357.91092,True,True,False,False
1306.65,4.26,15868.714363636363,12251.17,40553.29,716.39,69.6635,2774.33,47.59,40.91,0.06115110407672448,227.7909398156197,970.3894036145399,4.415902216241074,0.3100000000001728,-0.1900000000000004,3007.034363636363,19.923499999999997,724.32,-12.620000000000005,727.17565847781,10.785658477809989,357.91092,True,True,False,False
1306.65,4.26,15868.714363636363,12251.17,40553.29,716.39,71.057,2774.33,47.59,40.91,0.059951868782078206,223.32372799741947,951.3590812690069,4.415902216241074,0.3100000000001728,-0.1900000000000004,3007.034363636363,21.317,724.32,-12.620000000000005,727.8624149345403,11.472414934540325,357.3277,True,True,False,False
1306.65,4.26,15868.714363636363,12251.17,40553.29,716.39,72.4505,2774.33,47.59,40.91,0.05879876524249294,219.02835928817612,933.0608105676301,4.415902216241074,0.3100000000001728,-0.1900000000000004,3007.034363636363,22.710500000000003,724.32,-12.620000000000005,727.8062734288374,11.416273428837371,357.3277,True,True,False,False
1306.65,4.26,15868.714363636363,12251.17,40553.29,716.39,73.844,2774.33,47.59,40.91,0.05768918181992875,214.89510520477305,915.453148172333,4.415902216241074,0.3100000000001728,-0.1900000000000004,3007.034363636363,24.103999999999992,724.32,-12.620000000000005,727.5994950976674,11.2094950976674,357.3277,True,True,False,False
1306.65,4.26,15868.714363636363,12251.17,40553.29,716.39,75.2375,2774.33,47.59,40.91,0.05662070036058215,210.9149580026105,898.4977210911206,4.415902216241074,0.3100000000001728,-0.1900000000000004,3007.034363636363,25.497499999999995,724.32,-12.620000000000005,727.2504499325971,10.860449932597135,357.3277,True,True,False,False
1306.65,4.26,15868.714363636363,12251.17,40553.29,716.39,76.631,2774.33,47.59,40.91,0.0555910786027707,207.0795651440905,882.1589475138254,4.415902216241074,0.3100000000001728,-0.1900000000000004,3007.034363636363,26.891,724.32,-12.620000000000005,731.8133468610963,15.42334686109632,352.28125,True,True,False,False
1306.65,4.26,15868.714363636363,12251.17,40553.29,716.39,78.02449999999999,2774.33,47.59,40.91,0.05459823446996477,203.38117078936995,866.4037875627159,4.415902216241074,0.3100000000001728,-0.1900000000000004,3007.034363636363,28.284499999999987,724.32,-12.620000000000005,731.2024970976747,14.812497097674736,352.28125,True,True,False,False
1306.65,4.26,15868.714363636363,12251.17,40553.29,716.39,79.418,2774.33,47.59,40.91,0.05364023201742385,199.8125634468735,851.201520283681,4.415902216241074,0.3100000000001728,-0.1900000000000004,3007.034363636363,29.678000000000004,724.32,-12.620000000000005,754.2315168397322,37.84151683973221,328.52078,True,True,False,False
1306.65,4.26,15868.714363636363,12251.17,40553.29,716.39,80.8115,2774.33,47.59,40.91,0.05271526883283606,196.36702904004179,836.5235437105779,4.415902216241074,0.3100000000001728,-0.1900000000000004,3007.034363636363,31.071499999999993,724.32,-12.620000000000005,753.3857097450993,36.99570974509936,328.52078,True,True,False,False
1306.65,4.26,15868.714363636363,12251.17,40553.29,716.39,82.205,2774.33,47.59,40.91,0.05182166471842753,193.03830874761942,822.3431952648588,4.415902216241074,0.3100000000001728,-0.1900000000000004,3007.034363636363,32.464999999999996,724.32,-12.620000000000005,752.431359036507,36.04135903650706,328.52078,True,True,False,False
1306.65,4.26,15868.714363636363,12251.17,40553.29,716.39,83.5985,2774.33,47.59,40.91,0.05095785150501682,189.82056106049512,808.6355901177092,4.415902216241074,0.3100000000001728,-0.1900000000000004,3007.034363636363,33.8585,724.32,-12.620000000000005,768.320456361867,51.93045636186696,311.57422,True,True,False,False
1306.65,4.26,15868.714363636363,12251.17,40553.29,716.39,84.99199999999999,2774.33,47.59,40.91,0.050122363868100955,186.70832757116008,795.3774754531419,4.415902216241074,0.3100000000001728,-0.1900000000000004,3007.034363636363,35.25199999999999,724.32,-12.620000000000005,767.1649462291723,50.774946229172315,311.57422,True,True,False,False
1306.65,4.26,15868.714363636363,12251.17,40553.29,716.39,86.38550000000001,2774.33,47.59,40.91,0.049313831032825745,183.69650207430485,782.5470988365386,4.415902216241074,0.3100000000001728,-0.1900000000000004,3007.034363636363,36.645500000000006,724.32,-12.620000000000005,765.6109917787551,49.22099177875509,311.87936,True,True,False,False
1306.65,4.26,15868.714363636363,12251.17,40553.29,716.39,87.779,2774.33,47.59,40.91,0.048530969269062425,180.78030261060232,770.1240891211659,4.415902216241074,0.3100000000001728,-0.1900000000000004,3007.034363636363,38.038999999999994,724.32,-12.620000000000005,764.2733269320627,47.88332693206269,311.87936,True,True,False,False
1306.65,4.26,15868.714363636363,12251.17,40553.29,716.39,89.1725,2774.33,47.59,40.91,0.04777257509016148,177.95524613172356,758.0893485211423,4.415902216241074,0.3100000000001728,-0.1900000000000004,3007.034363636363,39.4325,724.32,-12.620000000000005,762.8509720715836,46.46097207158357,311.87936,True,True,False,False
1306.65,4.26,15868.714363636363,12251.17,40553.29,716.39,90.566,2774.33,47.59,40.91,0.04703751907959367,175.21712550426471,746.4249546481676,4.415902216241074,0.3100000000001728,-0.1900000000000004,3007.034363636363,40.826,724.32,-12.620000000000005,762.6290864634741,46.23908646347411,310.5981,True,True,False,False
1306.65,4.26,15868.714363636363,12251.17,40553.29,716.39,91.95949999999999,2774.33,47.59,40.91,0.04632474027887559,172.5619886044876,735.114071455117,4.415902216241074,0.3100000000001728,-0.1900000000000004,3007.034363636363,42.21949999999999,724.32,-12.620000000000005,763.6088094600586,47.21880946005865,308.03815,True,True,False,False
1306.65,4.26,15868.714363636363,12251.17,40553.29,716.39,93.35300000000001,2774.33,47.59,40.91,0.04563324107813095,169.9861192854032,724.1408681558175,4.415902216241074,0.3100000000001728,-0.1900000000000004,3007.034363636363,43.61300000000001,724.32,-12.620000000000005,764.7726895621586,48.38268956215859,305.22037,True,True,False,False
1306.65,4.26,15868.714363636363,12251.17,40553.29,716.39,94.7465,2774.33,47.59,40.91,0.044962082557539515,167.48602002343458,713.4904452998312,4.415902216241074,0.3100000000001728,-0.1900000000000004,3007.034363636363,45.006499999999996,724.32,-12.620000000000005,761.3035420965382,44.91354209653821,306.9652,True,True,False,False
1306.65,4.26,15868.714363636363,12251.17,40553.29,716.39,96.14,2774.33,47.59,40.91,0.04431038023392573,165.05839607424556,703.148767276286,4.415902216241074,0.3100000000001728,-0.1900000000000004,3007.034363636363,46.4,724.32,-12.620000000000005,759.5118931375191,43.12189313751912,306.9652,True,True,False,False
1306.65,4.26,16108.84,12251.17,40553.29,716.39,34.826,2774.33,47.59,40.91,0.1223223992901166,462.55210295319296,1970.471958580602,4.415902216241074,0.3100000000001728,-0.1900000000000004,3247.16,-14.914000000000001,724.32,-12.620000000000005,744.9278526650937,28.537852665093737,229.7197,True,True,True,True
1306.65,4.26,16108.84,12251.17,40553.29,716.39,36.219500000000004,2774.33,47.59,40.91,0.11761619797025916,444.7559893218849,1894.6605145112296,4.415902216241074,0.3100000000001728,-0.1900000000000004,3247.16,-13.520499999999998,724.32,-12.620000000000005,745.2821494341338,28.892149434133785,241.84761,True,True,True,True
1306.65,4.26,16108.84,12251.17,40553.29,716.39,37.613,2774.33,47.59,40.91,0.11325871073143035,428.27850933776864,1824.4664497788945,4.415902216241074,0.3100000000001728,-0.1900000000000004,3247.16,-12.127000000000002,724.32,-12.620000000000005,733.5114185015825,17.121418501582525,264.87576,True,True,False,False
1306.65,4.26,16108.84,12251.17,40553.29,716.39,39.0065,2774.33,47.59,40.91,0.109212564336391,412.9783391747955,1759.287724884629,4.415902216241074,0.3100000000001728,-0.1900000000000004,3247.16,-10.7335,724.32,-12.620000000000005,737.6841360999638,21.294136099963794,270.86694,True,True,False,False
1306.65,4.26,16108.84,12251.17,40553.29,716.39,40.4,2774.33,47.59,40.91,0.10544554194441728,398.7336534966918,1698.605363895907,4.415902216241074,0.3100000000001728,-0.1900000000000004,3247.16,-9.340000000000003,724.32,-12.620000000000005,742.8508812556581,26.460881255658137,274.88373,True,True,False,False
1306.65,4.26,16108.84,12251.17,40553.29,716.39,41.7935,2774.33,47.59,40.91,0.10192972347542743,385.4388748145316,1641.9696067099046,4.415902216241074,0.3100000000001728,-0.1900000000000004,3247.16,-7.9465,724.32,-12.620000000000005,740.9216074102676,24.53160741026761,285.11423,True,True,False,False
1306.65,4.26,16108.84,12251.17,40553.29,716.39,43.187,2774.33,47.59,40.91,0.09864079239954635,373.00205216842915,1588.9887422375082,4.415902216241074,0.3100000000001728,-0.1900000000000004,3247.16,-6.553000000000004,724.32,-12.620000000000005,737.9754349740958,21.585434974095847,295.56473,True,True,False,False
1306.65,4.26,16108.84,12251.17,40553.29,716.39,44.5805,2774.33,47.59,40.91,0.09555747253715251,361.3427314331887,1539.320035905384,4.415902216241074,0.3100000000001728,-0.1900000000000004,3247.16,-5.159500000000001,724.32,-12.620000000000005,721.8950452267616,5.505045226761581,318.42728,True,True,False,False
1306.65,4.26,16108.84,12251.17,40553.29,716.39,45.974000000000004,2774.33,47.59,40.91,0.09266106728452891,350.3902129379603,1492.662307115711,4.415902216241074,0.3100000000001728,-0.1900000000000004,3247.16,-3.7659999999999982,724.32,-12.620000000000005,727.0110904445742,10.621090444574179,319.4369,True,True,False,False
1306.65,4.26,16108.84,12251.17,40553.29,716.39,47.3675,2774.33,47.59,40.91,0.08993508017237388,340.0821166394233,1448.7498168839434,4.415902216241074,0.3100000000001728,-0.1900000000000004,3247.16,-2.3725000000000023,724.32,-12.620000000000005,730.7793383817584,14.38933838175842,321.19574,True,True,False,False
1306.65,4.26,16108.84,12251.17,40553.29,716.39,48.760999999999996,2774.33,47.59,40.91,0.08736490048676401,330.36319332328725,1407.3472035572036,4.415902216241074,0.3100000000001728,-0.1900000000000004,3247.16,-0.9790000000000063,724.32,-12.620000000000005,728.5770950685396,12.187095068539634,328.37784,True,True,False,False
1306.65,4.26,16108.84,12251.17,40553.29,716.39,50.1545,2774.33,47.59,40.91,0.08493754129863638,321.1843339843019,1368.245262773126,4.415902216241074,0.3100000000001728,-0.1900000000000004,3247.16,0.41449999999999676,724.32,-12.620000000000005,726.6257863080484,10.235786308048432,334.80737,True,True,False,False
1306.65,4.26,16108.84,12251.17,40553.29,716.39,51.548,2774.33,47.59,40.91,0.08264141998445293,312.5017398831819,1331.257411902355,4.415902216241074,0.3100000000001728,-0.1900000000000004,3247.16,1.8079999999999998,724.32,-12.620000000000005,731.9240710836409,15.534071083640924,333.52637,True,True,False,False
1306.65,4.26,16108.84,12251.17,40553.29,716.39,52.941500000000005,2774.33,47.59,40.91,0.08046617340902366,304.27622367563777,1296.2167128582169,4.415902216241074,0.3100000000001728,-0.1900000000000004,3247.16,3.201500000000003,724.32,-12.620000000000005,735.5168012397787,19.12680123977873,333.52637,True,True,False,False
1306.65,4.26,16108.84,12251.17,40553.29,716.39,54.335,2774.33,47.59,40.91,0.07840250154775924,296.47261808277136,1262.9733530326062,4.415902216241074,0.3100000000001728,-0.1900000000000004,3247.16,4.594999999999999,724.32,-12.620000000000005,745.0477863042995,28.65778630429952,327.19623,True,True,False,False
1306.65,4.26,16108.84,12251.17,40553.29,716.39,55.7285,2774.33,47.59,40.91,0.07644203457042564,289.0592732792149,1231.3925041694556,4.415902216241074,0.3100000000001728,-0.1900000000000004,3247.16,5.988499999999995,724.32,-12.620000000000005,745.3261782993532,28.936178299353173,329.7562,True,True,False,False
1306.65,4.26,16108.84,12251.17,40553.29,716.39,57.122,2774.33,47.59,40.91,0.07457721937997235,282.00762784903145,1201.3524946368739,4.415902216241074,0.3100000000001728,-0.1900000000000004,3247.16,7.381999999999998,724.32,-12.620000000000005,747.8285792358392,31.438579235839256,329.7562,True,True,False,False
1306.65,4.26,16108.84,12251.17,40553.29,716.39,58.5155,2774.33,47.59,40.91,0.07280122236328455,275.2918410456744,1172.7432428545728,4.415902216241074,0.3100000000001728,-0.1900000000000004,3247.16,8.775500000000001,724.32,-12.620000000000005,749.5564993814935,33.16649938149351,330.21872,True,True,False,False
1306.65,4.26,16108.84,12251.17,40553.29,716.39,59.909,2774.33,47.59,40.91,0.07110784571420245,268.88847637435987,1145.464909354773,4.415902216241074,0.3100000000001728,-0.1900000000000004,3247.16,10.168999999999997,724.32,-12.620000000000005,733.400176550459,17.01017655045905,348.2753,True,True,False,False
1306.65,4.26,16108.84,12251.17,40553.29,716.39,61.302499999999995,2774.33,47.59,40.91,0.06949145516917818,262.77622833039067,1119.4267326874642,4.415902216241074,0.3100000000001728,-0.1900000000000004,3247.16,11.562499999999993,724.32,-12.620000000000005,729.4233147808682,13.033314780868182,353.88202,True,True,False,False
1306.65,4.26,16108.84,12251.17,40553.29,716.39,62.696,2774.33,47.59,40.91,0.0679469173799458,256.93568557905314,1094.5460205667664,4.415902216241074,0.3100000000001728,-0.1900000000000004,3247.16,12.955999999999996,724.32,-12.620000000000005,728.023002787357,11.633002787356986,356.65982,True,True,False,False
1306.65,4.26,16108.84,12251.17,40553.29,716.39,64.0895,2774.33,47.59,40.91,0.06646954545643911,251.3491250306349,1070.7472726305048,4.415902216241074,0.3100000000001728,-0.1900000000000004,3247.16,14.349499999999999,724.32,-12.620000000000005,726.2431376527366,9.853137652736564,359.58127,True,True,False,False
1306.65,4.26,16108.84,12251.17,40553.29,716.39,65.483,2774.33,47.59,40.91,0.06505505146289797,246.00033220835434,1047.9614152075894,4.415902216241074,0.3100000000001728,-0.1900000000000004,3247.16,15.743000000000002,724.32,-12.620000000000005,727.1638739026455,10.773873902645505,359.58127,True,True,False,False
1306.65,4.26,16108.84,12251.17,40553.29,716.39,66.8765,2774.33,47.59,40.91,0.06369950485298267,240.87444407415995,1026.1251317559213,4.415902216241074,0.3100000000001728,-0.1900000000000004,3247.16,17.13649999999999,724.32,-12.620000000000005,730.0252130975548,13.63521309755481,357.43362,True,True,False,False
1306.65,4.26,16108.84,12251.17,40553.29,716.39,68.27000000000001,2774.33,47.59,40.91,0.06239929599532303,235.95781110359144,1005.1802753012995,4.415902216241074,0.3100000000001728,-0.1900000000000004,3247.16,18.53000000000001,724.32,-12.620000000000005,730.544545272186,14.154545272186056,357.43362,True,True,False,False
1306.65,4.26,16108.84,12251.17,40553.29,716.39,69.6635,2774.33,47.59,40.91,0.06115110407672448,231.23787591439026,985.0733513953024,4.415902216241074,0.3100000000001728,-0.1900000000000004,3247.16,19.923499999999997,724.32,-12.620000000000005,730.8811781730967,14.491178173096728,357.43362,True,True,False,False
1306.65,4.26,16108.84,12251.17,40553.29,716.39,71.057,2774.33,47.59,40.91,0.059951868782078206,226.70306617640674,965.7550619114927,4.415902216241074,0.3100000000001728,-0.1900000000000004,3247.16,21.317,724.32,-12.620000000000005,731.6290819911017,15.23908199110167,356.8504,True,True,False,False
1306.65,4.26,16108.84,12251.17,40553.29,716.39,72.4505,2774.33,47.59,40.91,0.05879876524249294,222.34269988001876,947.17990148888,4.415902216241074,0.3100000000001728,-0.1900000000000004,3247.16,22.710500000000003,724.32,-12.620000000000005,731.6317356518157,15.241735651815702,356.8504,True,True,False,False
1306.65,4.26,16108.84,12251.17,40553.29,716.39,73.844,2774.33,47.59,40.91,0.05768918181992875,218.14690133054955,929.305799668141,4.415902216241074,0.3100000000001728,-0.1900000000000004,3247.16,24.103999999999992,724.32,-12.620000000000005,731.4815334560435,15.091533456043521,356.8504,True,True,False,False
1306.65,4.26,16108.84,12251.17,40553.29,716.39,75.2375,2774.33,47.59,40.91,0.05662070036058215,214.1065264780658,912.0938027965602,4.415902216241074,0.3100000000001728,-0.1900000000000004,3247.16,25.497499999999995,724.32,-12.620000000000005,731.1869686936941,14.796968693694112,356.8504,True,True,False,False
1306.65,4.26,16108.84,12251.17,40553.29,716.39,76.631,2774.33,47.59,40.91,0.0555910786027707,210.21309639423868,895.5077906394567,4.415902216241074,0.3100000000001728,-0.1900000000000004,3247.16,26.891,724.32,-12.620000000000005,735.5372279033327,19.14722790333269,352.0691,True,True,False,False
1306.65,4.26,16108.84,12251.17,40553.29,716.39,78.02449999999999,2774.33,47.59,40.91,0.05459823446996477,206.4587378777341,879.5142233591473,4.415902216241074,0.3100000000001728,-0.1900000000000004,3247.16,28.284499999999987,724.32,-12.620000000000005,735.2421386179426,18.852138617942614,351.80396,True,True,False,False
1306.65,4.26,16108.84,12251.17,40553.29,716.39,79.418,2774.33,47.59,40.91,0.05364023201742385,202.83613031257232,864.0819151315582,4.415902216241074,0.3100000000001728,-0.1900000000000004,3247.16,29.678000000000004,724.32,-12.620000000000005,756.5935651601503,40.20356516015033,329.76993,True,True,False,False
1306.65,4.26,16108.84,12251.17,40553.29,716.39,80.8115,2774.33,47.59,40.91,0.05271526883283606,199.33845802468144,849.1818311851429,4.415902216241074,0.3100000000001728,-0.1900000000000004,3247.16,31.071499999999993,724.32,-12.620000000000005,757.5213610981289,41.13136109812888,328.0435,True,True,False,False
1306.65,4.26,16108.84,12251.17,40553.29,716.39,82.205,2774.33,47.59,40.91,0.05182166471842753,195.959367484224,834.7869054827942,4.415902216241074,0.3100000000001728,-0.1900000000000004,3247.16,32.464999999999996,724.32,-12.620000000000005,756.6125740365239,40.22257403652395,328.0435,True,True,False,False
1306.65,4.26,16108.84,12251.17,40553.29,716.39,83.5985,2774.33,47.59,40.91,0.05095785150501682,192.69292878828054,820.8718766380752,4.415902216241074,0.3100000000001728,-0.1900000000000004,3247.16,33.8585,724.32,-12.620000000000005,755.5991522910253,39.20915229102536,328.0435,True,True,False,False
1306.65,4.26,16108.84,12251.17,40553.29,716.39,84.99199999999999,2774.33,47.59,40.91,0.050122363868100955,189.53360093263368,807.4131399730195,4.415902216241074,0.3100000000001728,-0.1900000000000004,3247.16,35.25199999999999,724.32,-12.620000000000005,754.4862425259175,38.096242525917546,328.0435,True,True,False,False
1306.65,4.26,16108.84,12251.17,40553.29,716.39,86.38550000000001,2774.33,47.59,40.91,0.049313831032825745,186.47620044479453,794.3886138948247,4.415902216241074,0.3100000000001728,-0.1900000000000004,3247.16,36.645500000000006,724.32,-12.620000000000005,752.0220675215537,35.63206752155372,329.30008,True,True,False,False
1306.65,4.26,16108.84,12251.17,40553.29,716.39,87.779,2774.33,47.59,40.91,0.048530969269062425,183.51587300475202,781.7776190002436,4.415902216241074,0.3100000000001728,-0.1900000000000004,3247.16,38.038999999999994,724.32,-12.620000000000005,768.1598055612683,51.7698055612683,311.8646,True,True,False,False
1306.65,4.26,16108.84,12251.17,40553.29,716.39,89.1725,2774.33,47.59,40.91,0.04777257509016148,180.648067726619,769.560768515397,4.415902216241074,0.3100000000001728,-0.1900000000000004,3247.16,39.4325,724.32,-12.620000000000005,766.7761201787912,50.3861201787912,311.8646,True,True,False,False
1306.65,4.26,16108.84,12251.17,40553.29,716.39,90.566,2774.33,47.59,40.91,0.04703751907959367,177.86851381458257,757.7198688501218,4.415902216241074,0.3100000000001728,-0.1900000000000004,3247.16,40.826,724.32,-12.620000000000005,765.7729884815835,49.38298848158354,311.40207,True,True,False,False
1306.65,4.26,16108.84,12251.17,40553.29,716.39,91.95949999999999,2774.33,47.59,40.91,0.04632474027887559,175.17319934130572,746.2378291939623,4.415902216241074,0.3100000000001728,-0.1900000000000004,3247.16,42.21949999999999,724.32,-12.620000000000005,765.5103380496453,49.120338049645284,310.12082,True,True,False,False
1306.65,4.26,16108.84,12251.17,40553.29,716.39,93.35300000000001,2774.33,47.59,40.91,0.04563324107813095,172.55835192700445,735.098579209039,4.415902216241074,0.3100000000001728,-0.1900000000000004,3247.16,43.61300000000001,724.32,-12.620000000000005,763.8916972056338,47.50169720563383,310.12082,True,True,False,False
1306.65,4.26,16108.84,12251.17,40553.29,716.39,94.7465,2774.33,47.59,40.91,0.044962082557539515,170.02042112351992,724.2869939861948,4.415902216241074,0.3100000000001728,-0.1900000000000004,3247.16,45.006499999999996,724.32,-12.620000000000005,765.8345177735932,49.44451777359325,306.4879,True,True,False,False
1306.65,4.26,16108.84,12251.17,40553.29,716.39,96.14,2774.33,47.59,40.91,0.04431038023392573,167.55606233039254,713.7888255274722,4.415902216241074,0.3100000000001728,-0.1900000000000004,3247.16,46.4,724.32,-12.620000000000005,764.0760982213496,47.68609822134965,306.4879,True,True,False,False
