split,source_index,depth_m,measured_torque_kpa,mse_ridge_baseline,random_forest_direct,xgboost_direct,xgboost_direct_without_torque_history,residual_xgboost,residual_correction_kpa
random_within_well,8,32.21,60.81,656.1411055473432,61.11030588914239,54.68853,54.349384,153.5634077934369,-502.5777
random_within_well,14,35.85,60.81,287.54902756491515,64.80153177076339,87.01016,67.20641,-77.67268264016298,-365.2217
random_within_well,15,36.17,60.81,363.90111409364545,63.30626392455186,63.542747,76.46282,-20.38456095518268,-384.28568
random_within_well,17,37.1,60.54,943.9611702893944,62.656453308620705,64.7138,75.4415,325.3668709729882,-618.5943
random_within_well,19,37.74,60.81,450.10937384227384,86.88272041326982,58.510925,64.81205,-7.820649351085535,-457.93002
random_within_well,23,39.01,61.57,581.4542868789633,64.24695054567681,73.36166,92.76564,125.16162330474458,-456.29266
random_within_well,31,44.93,59.78,-2.4296108243767094,59.584918792664936,38.813007,53.817673,-1.908699726850159,0.5209111
random_within_well,33,46.32,59.99,-53.559068440740816,59.52926748747143,45.07983,46.16984,-81.69942068988632,-28.140352
random_within_well,37,49.01,58.95,481.47465588792977,58.50709640025664,69.95522,62.944695,38.193375370351646,-443.28128
random_within_well,41,50.26,59.23,586.3571529549422,58.97294159173727,56.938614,64.264854,72.15628625572344,-514.20087
random_within_well,44,51.2,59.23,606.4151309722109,59.50621551588123,53.276993,64.44012,14.570770620648432,-591.84436
random_within_well,45,51.51,59.5,678.6441298146739,59.49441984081554,69.11234,59.46078,121.93874651389262,-556.7054
random_within_well,50,53.05,59.99,597.2047946591185,59.568606533797904,67.56916,57.590736,71.47218967864978,-525.7326
random_within_well,51,53.35,59.99,483.46440232238916,59.76242503402287,55.04167,61.586857,14.766923074342287,-468.69748
random_within_well,63,57.07,60.54,630.4482862975717,64.2185126515424,38.427673,61.80393,41.18833756710296,-589.25995
random_within_well,65,57.69,59.99,503.37201943676035,60.403727677194645,64.36071,57.590736,57.84250893871348,-445.5295
random_within_well,75,62.5,55.57,551.302360673448,57.04252519952266,57.731003,119.78349,130.97505964805737,-420.3273
random_within_well,79,181.52,516.64,654.8843301125679,530.8301538186786,501.5167,405.41647,410.3084939309273,-244.57584
random_within_well,80,181.83,605.24,873.6744939275599,593.6822807879822,606.7475,552.3479,635.7849675603724,-237.88953
random_within_well,84,183.09,494.3,631.5543269672336,483.3954951625206,434.9892,406.25504,418.20302386664764,-213.3513
random_within_well,88,184.33,623.86,937.9029769420617,666.1382112392346,615.66943,620.97943,644.3355330944055,-293.56744
random_within_well,91,185.27,542.64,754.7303654096984,512.5253744896125,537.13495,513.7649,519.0624271772765,-235.66794
random_within_well,93,185.9,457.76,660.9760734356546,478.99861747429145,447.78766,416.01468,449.8146659649515,-211.1614
random_within_well,96,186.84,525.05,829.2078655778882,533.1671302115702,525.9262,551.5449,537.5281780778882,-291.6797
random_within_well,101,188.41,532.43,833.4761800650397,536.932539493979,492.30124,525.1871,516.209670055274,-317.2665
random_within_well,102,188.72,568.15,840.410307149147,543.7501661221334,529.3729,549.8739,550.7451765339126,-289.66513
random_within_well,110,191.75,488.99,739.3606027504522,513.2449792307151,496.70145,502.6032,504.59676302877256,-234.76384
random_within_well,121,195.18,521.61,765.7275097245986,534.6443216371781,493.6241,498.6766,405.55352901170795,-360.17398
random_within_well,122,195.5,528.71,829.3254689811604,541.0660095754441,555.9515,535.55396,547.2183217643635,-282.10715
random_within_well,124,196.11,530.85,855.1603915647224,533.7683801989281,499.43256,549.8871,531.5676486448006,-323.59274
random_within_well,132,198.63,514.02,824.4193933671803,516.7634325301955,500.73434,556.4878,518.6808374589772,-305.73856
random_within_well,135,199.56,537.12,822.0509918702629,513.4023722391837,494.18396,548.00415,494.22436223159104,-327.82663
random_within_well,144,202.37,524.23,892.9591243530947,578.3493721144763,577.89886,596.9421,592.4180171753603,-300.5411
random_within_well,149,203.93,537.67,803.7876054181966,523.6031246371114,491.96762,483.62973,515.7323686017903,-288.05524
random_within_well,156,206.12,493.2,762.1841542606933,482.13987725539414,487.216,489.2965,489.2095448856933,-272.9746
random_within_well,157,206.44,525.05,784.1288582497623,495.1261650595101,500.98337,499.5225,498.4226814919498,-285.70618
random_within_well,167,209.57,510.02,741.4255825370487,488.2213884447974,493.75476,484.29416,519.0190426200566,-222.40654
random_within_well,168,209.88,520.57,784.1406032834764,492.6124819707434,495.44107,482.20386,482.87949488503887,-301.2611
random_within_well,172,211.14,678.54,999.8897778340063,662.3469449185316,644.4913,848.0699,721.2341687031469,-278.6556
random_within_well,177,212.72,813.95,897.5400479125138,801.9654030087321,806.01276,749.5797,741.4243862914201,-156.11566
random_within_well,179,213.34,730.11,763.0940089890028,802.47209605072,745.0253,557.612,794.0525203415418,30.958511
random_within_well,181,213.97,808.16,872.7078129439772,842.5958577988763,803.9018,665.3921,857.2364193587721,-15.471394
random_within_well,185,215.21,761.35,943.6643698529881,826.907432109741,808.4164,791.4189,772.5994284467381,-171.06494
random_within_well,196,218.63,903.87,917.2640265224802,873.2343220046447,890.77045,886.9824,893.0936297176706,-24.170397
random_within_well,198,219.25,803.68,933.9797535539766,886.2658918890012,862.9237,941.17883,853.7452641130586,-80.23449
random_within_well,199,219.56,438.04,834.9273724117173,760.5929804074475,718.7532,737.5728,728.4816555538072,-106.44572
random_within_well,208,222.39,591.32,873.107881339288,590.5940755411642,622.84406,654.5409,576.5947587806943,-296.51312
random_within_well,216,224.9,570.01,844.5625686038677,565.2559903558474,598.10785,717.2045,573.4181899417583,-271.14438
random_within_well,217,225.21,453.0,645.9953485100032,475.3225721434403,521.23425,595.41364,466.35840087816723,-179.63695
random_within_well,221,226.47,753.21,768.7060436817846,758.2791283797743,782.56537,814.4,721.1095318409643,-47.59651
random_within_well,227,228.34,821.54,793.4729584043496,844.1795162584477,828.6537,831.6378,830.6924980466836,37.21954
random_within_well,228,228.65,894.35,800.1434767360026,833.232670210135,856.0353,851.4886,819.5835631007487,19.440086
random_within_well,230,229.27,817.06,801.3432874969378,849.7571960117219,839.7697,833.28955,820.8418913177386,19.498604
random_within_well,231,229.59,679.09,680.562874331425,797.3958590850904,779.7291,703.7707,719.0106473111613,38.447773
random_within_well,233,230.21,898.35,780.9483203157279,806.2198875299881,793.56964,813.29767,772.5055484041068,-8.442772
random_within_well,239,232.07,910.14,707.5634497878192,919.8485372815427,906.9181,923.01495,927.0303076979754,219.46686
random_within_well,240,232.39,902.56,755.5978865644151,910.3748700091088,887.9276,937.8787,907.1082015058214,151.51031
random_within_well,245,233.94,1003.5,780.0685107635734,1040.4786566589391,1038.7883,990.53564,984.4782855438468,204.40977
random_within_well,247,234.57,988.47,769.6792805810734,1001.3049151559184,986.0297,981.0962,945.6933797021671,176.0141
random_within_well,248,234.88,965.09,725.4149670511019,975.0382321134363,958.784,958.2465,926.9119458108676,201.49698
random_within_well,254,236.74,971.92,836.5768698302012,993.6837143587315,993.3376,1002.118,981.9052847471934,145.32841
random_within_well,257,237.68,962.2,749.7698203032522,976.9768148603314,967.5705,860.0061,943.701399893096,193.93158
random_within_well,259,238.31,983.78,779.5638471182566,986.3271095053683,994.6349,895.9965,958.4677014883738,178.90385
random_within_well,263,239.56,940.62,855.7797928618323,957.4600231658347,956.47296,958.21954,969.2449494170081,113.46516
random_within_well,265,240.18,978.26,841.4358236368381,937.6491686764806,949.70654,938.4738,964.9357244547092,123.4999
random_within_well,279,244.54,915.38,679.9125406579869,946.0154125385633,932.49005,753.9566,893.7202646570104,213.80772
random_within_well,290,247.96,898.07,802.064642039091,909.6952652612096,909.40967,805.90967,931.8153286845989,129.75069
random_within_well,291,248.27,935.65,876.6462851331489,942.2467180523616,949.55066,886.7714,999.0900946424263,122.44381
random_within_well,296,249.84,471.14,702.5251811488005,480.5630137325139,487.0115,564.9176,488.33972582653485,-214.18546
random_within_well,297,250.15,505.82,812.733490576598,530.0256467461276,549.1897,684.2781,547.2905584476918,-265.44293
random_within_well,303,252.02,556.08,840.4263068014571,559.6195362261659,552.0633,627.7528,579.8353033834884,-260.591
random_within_well,308,253.59,471.41,685.4656832194805,493.2819094659124,519.443,560.10864,473.348861930418,-212.11682
random_within_well,315,255.78,494.58,680.1717581255357,474.3605395786541,503.8441,557.5259,477.9213766558091,-202.25038
random_within_well,318,256.72,516.37,874.8024514428282,563.3279603910145,553.3082,686.4688,609.8803017846251,-264.92215
random_within_well,319,257.03,544.22,797.6406400754032,525.1741874896488,509.6754,607.1437,518.7071683957157,-278.93347
random_within_well,321,257.65,491.68,713.6950226208057,488.64233662281146,502.6668,562.6115,510.26618961299323,-203.42883
random_within_well,322,257.97,868.08,718.6590298195135,464.4217019395717,460.36707,709.1913,453.68469510271666,-264.97433
random_within_well,323,258.28,906.49,836.423503956141,855.3743759324144,958.0434,809.31116,983.601970753016,147.17847
random_within_well,324,258.59,884.15,687.6241343984043,835.4022428350568,842.2626,714.17426,862.3209880360996,174.69685
random_within_well,325,258.9,949.03,828.1752505372056,923.428156547283,921.71857,805.0815,935.3325533936509,107.1573
random_within_well,332,261.1,944.34,819.4814518294401,944.6097820854374,951.01263,990.07806,964.5691898665494,145.08774
random_within_well,333,261.41,919.1,774.1051924001349,947.8600663766156,933.0652,956.7481,924.7273084890021,150.62212
random_within_well,334,261.73,956.41,845.8633575903225,948.1789996029528,954.3014,1034.0958,969.3166428076076,123.453285
random_within_well,346,265.46,968.47,785.5825238379548,974.6028774276238,980.78064,956.7594,939.5967755469392,154.01425
random_within_well,347,265.78,942.2,805.2449089178058,962.3241027206861,969.71716,972.5093,949.5255485662433,144.28064
random_within_well,349,266.39,979.02,829.9784770817962,999.693225633362,1011.594,995.6739,985.9508739323821,155.9724
random_within_well,351,267.03,966.68,829.1397396757652,961.0185438254493,962.14496,974.1541,962.3041531279137,133.16441
random_within_well,354,267.95,906.76,774.424956450686,977.5060448243847,971.36273,899.6422,953.8224784233422,179.39752
random_within_well,371,273.26,962.96,812.3483446023782,940.2087164575729,946.6747,948.62445,950.7380235574564,138.38968
random_within_well,373,273.88,955.37,842.9340874303364,970.2664553520634,970.5372,986.38605,967.2272392858051,124.29315
random_within_well,376,274.82,925.93,876.7798032051853,923.081714377821,950.0598,1011.3949,990.7338437325291,113.95404
random_within_well,378,275.44,906.21,813.5788775700095,920.4032498734658,928.9422,953.87,934.6088916080954,121.030014
random_within_well,380,276.07,966.4,875.5689708848627,969.697308625458,968.7495,1026.9651,988.1695873399408,112.60062
random_within_well,381,276.38,1009.22,954.0455358921977,980.9634444755054,1010.99445,1127.9026,1007.7320097386332,53.686474
random_within_well,393,280.12,1263.99,870.8667262183129,1272.780998098891,1270.6646,1150.6313,1236.3328517065943,365.46613
random_within_well,401,282.62,1185.87,886.946431227263,1135.4985090055588,1133.7263,1147.6979,1128.058720655974,241.11229
random_within_well,408,284.8,1190.63,930.5624824867366,1437.7160129142676,1254.513,1153.2246,1282.1262031898616,351.56372
random_within_well,410,285.42,1198.76,923.5120775938033,1192.9014015357861,1195.9071,1155.6199,1204.7467577695845,281.23468
random_within_well,414,286.67,1342.8,961.8236627549063,1184.4538335019365,1134.2236,1225.791,1129.8139276474844,167.99026
random_within_well,418,287.91,1011.63,738.5404949197043,1401.5661644433728,1288.4386,1016.85046,1270.0444011697043,531.5039
random_within_well,420,288.54,1121.47,865.0316367875569,1130.2226845797056,1152.3213,1126.7899,1146.8294273149006,281.7978
random_within_well,422,289.16,1095.75,822.9543988485752,1111.6545800227248,1090.9979,1089.1155,1053.635490157169,230.68109
random_within_well,425,290.11,986.4,737.8037332945768,1039.6005742339773,1004.72485,979.47986,960.2520517760221,222.44832
random_within_well,426,290.42,990.88,702.3068691493113,991.4982687952966,977.5898,980.84,925.0468899012644,222.74002
random_within_well,432,292.31,1111.75,943.3043150509025,1099.3461078218395,1087.2428,1214.2468,1076.1322874630118,132.82797
random_within_well,435,293.26,1029.49,849.0416599615987,1052.6728716624134,1031.1927,1042.2618,1011.9124180182394,162.87076
random_within_well,437,293.88,979.02,762.2792435766897,988.7483754209967,981.6744,933.9443,940.8824845434866,178.60324
random_within_well,439,294.5,987.43,762.7404472629162,980.1770869878001,969.48114,927.3469,932.7272484103771,169.9868
random_within_well,447,296.99,1006.6,792.0092346648551,922.8117408683037,894.25574,937.1313,898.6510193328238,106.641785
random_within_well,453,298.85,1179.32,912.8715746624588,1104.9143429210294,1095.1221,991.3732,1113.6778185589433,200.80624
random_within_well,462,301.68,800.79,747.9012363203093,814.188682056937,797.39575,900.70575,773.9801929243132,26.078957
random_within_well,465,302.62,1082.31,867.1712021051645,954.6662749713669,952.6532,972.59546,1010.2559341608286,143.08473
random_within_well,468,303.55,1104.92,774.403546080438,1105.023058131265,1093.5061,937.1041,1022.0095946644224,247.60605
random_within_well,469,303.86,1241.65,698.3970058376797,1045.1109805165029,1050.3873,921.1258,966.3019435818203,267.90494
random_within_well,472,304.79,1055.76,732.6560178057589,1058.1439647948334,1030.963,881.7137,990.6708493487276,258.01483
random_within_well,473,305.12,1100.44,717.4162002086791,1056.525986534712,982.03485,920.68463,950.1835647106323,232.76736
random_within_well,476,306.06,811.82,884.414358846607,946.7818689212659,931.9509,971.4972,977.1645724696539,92.75021
random_within_well,486,309.2,896.49,825.1419846702305,906.2319155944122,890.84235,951.05334,910.0520646262852,84.91008
random_within_well,491,310.76,886.77,791.3887417476392,903.4793051703546,900.4797,959.6317,900.5339901607251,109.14525
random_within_well,496,312.33,1006.12,881.0271202095228,958.1965256808921,989.30914,1039.972,1010.7968956001478,129.76978
random_within_well,501,313.89,912.48,847.8575668840879,919.4053454893835,917.82794,986.8058,949.3852844744199,101.52772
random_within_well,503,314.52,999.02,938.7156246908664,994.396929071423,1012.3185,1099.3821,1008.2512615927219,69.53564
random_within_well,506,315.46,1157.26,1030.5149831802812,1129.9271854342826,1143.159,1195.3569,1163.3089437515703,132.79396
random_within_well,511,317.03,865.18,683.8234464241317,889.7080729026734,883.0212,913.06085,870.1672116829208,186.34377
random_within_well,527,322.03,1517.66,1139.339710768582,1485.5097395273326,1417.1543,1233.8009,1433.8492627705352,294.50955
random_within_well,530,322.96,1606.74,953.8791540759304,1569.5553174127353,1561.5966,1130.2307,1576.8026159899928,622.92346
random_within_well,534,324.22,1599.36,919.7313104768195,1585.138485349607,1577.9639,1071.0941,1534.957506765882,615.2262
random_within_well,535,324.53,1661.14,1026.4559426531002,1602.1586044157254,1630.0311,1146.5593,1654.3604836687252,627.90454
random_within_well,538,325.47,1334.18,827.8928419821058,928.6040142485035,958.26544,971.8642,980.928776430348,153.03593
random_within_well,543,327.02,1177.25,819.444538380352,1391.436716345248,1353.5088,981.0068,1300.769459034649,481.32492
random_within_well,544,327.33,1036.04,904.9352516966418,1203.0896186806742,1204.9053,996.78046,1184.33030174547,279.39505
random_within_well,549,328.9,996.6,938.2978920029881,1021.258654697376,1043.7595,1052.7561,1047.5432304429296,109.24534
random_within_well,553,330.16,969.57,923.2897831643346,1044.870050904961,1007.3828,1056.9133,1033.153804465604,109.86402
random_within_well,555,330.78,936.96,883.1529864522349,945.8801769398405,970.4613,994.52313,1014.1895312520396,131.03654
random_within_well,561,332.67,983.99,920.2798323561628,959.520519178201,970.98047,1037.1318,973.6684470107039,53.388615
random_within_well,565,333.94,1050.8,996.958472483956,965.4140394900058,972.52563,1076.6005,998.4971237119071,1.5386512
random_within_well,576,337.43,1024.73,816.7087424349359,1020.9025325369123,1003.7016,1095.5182,972.8544486116937,156.1457
random_within_well,577,337.76,883.87,807.1318593039286,1052.2822290311342,1025.6234,1045.5431,981.2992787375224,174.16742
random_within_well,585,340.33,906.97,933.4995243847,937.8972144150848,920.2859,1046.1824,946.3978665172683,12.898342
random_within_well,586,340.66,947.72,993.6300921130667,970.5589371586893,959.27344,1060.9901,978.4130558658132,-15.217036
random_within_well,589,341.65,845.19,837.9605630964348,869.6075033168412,841.3416,930.19336,883.3616975874016,45.401134
random_within_well,598,344.47,898.83,807.4229230664732,916.7782294053251,919.44446,949.734,922.9062223218443,115.4833
random_within_well,599,344.77,905.18,757.2850226943879,915.8826550912806,899.33844,931.64136,919.6951179092316,162.4101
random_within_well,604,346.03,839.19,811.0660492443508,875.3065025959642,881.3957,962.72925,899.6780334972805,88.611984
random_within_well,611,348.22,1020.8,952.5022437913481,1022.3598968614273,1025.2377,1013.41675,1004.2170188767973,51.714775
random_within_well,620,351.04,1019.77,898.9345128266712,983.1314656372341,1007.13617,993.04395,1013.4990803925891,114.56457
random_within_well,622,351.66,1005.29,799.6635016651923,961.5281662840033,962.4814,944.8528,964.452747270661,164.78925
random_within_well,625,352.61,931.17,766.942292346007,920.0434277836722,898.6366,919.28625,939.0260020628039,172.08371
random_within_well,626,352.93,913.59,777.0465399685598,918.9829716498562,896.59924,922.56036,904.4026266995169,127.35609
random_within_well,641,357.6,1063.69,967.843510487108,1057.563019180299,1053.2755,1020.61743,1056.5660446667955,88.722534
random_within_well,652,361.04,983.23,859.6650561770537,991.6887917253342,967.0872,976.3203,982.2489413699248,122.583885
random_within_well,654,361.67,882.56,683.0193797139596,953.0474858033448,920.2459,917.287,866.6720286397408,183.65265
random_within_well,655,361.98,923.59,777.8169062945678,899.9084229058502,901.32556,926.6047,922.3612025592163,144.5443
random_within_well,662,364.15,825.75,794.2628068488917,814.0419053635796,784.5669,913.2255,847.4799508613429,53.217144
random_within_well,672,367.26,914.62,844.3166206755295,878.9919537184529,897.47577,978.5952,897.1359756865158,52.819355
random_within_well,676,368.51,935.1,900.7723846841491,959.1967000601394,960.90546,1016.1384,965.3983536172545,64.62597
random_within_well,681,370.07,1027.91,1033.2725431336792,1006.4518374057897,1032.8126,1144.3895,1034.9953214539917,1.7227783
random_within_well,683,370.7,999.5,1015.6308866607769,1004.4941460448625,1035.9475,1114.3389,1037.9133440124615,22.282457
random_within_well,691,373.19,1008.46,1072.314598935649,986.492944144762,1020.7569,1184.163,1038.5589035926314,-33.755695
random_within_well,696,374.74,804.23,935.9411693387345,730.2680571537458,756.1105,1050.0719,730.715705471547,-205.22546
random_within_well,701,376.3,1016.12,1010.3446080674494,1007.5792095692512,1018.6796,1113.7874,1010.8702924837435,0.5256844
random_within_well,705,377.54,1329.15,1065.2314915658744,1062.1564557402498,1084.7543,1206.7366,1106.5560269357475,41.324535
random_within_well,706,377.85,1182.77,956.608678059299,1264.5555310816305,1247.353,1099.1,1221.9933216139866,265.38464
random_within_well,710,379.11,1151.47,916.2997579872657,1179.4194739678608,1193.3175,1088.0746,1186.9134054482033,270.61365
random_within_well,712,379.73,1199.04,944.1628640109521,1158.7474978236264,1163.6533,1109.7188,1153.4583657199364,209.2955
random_within_well,730,385.33,1115.96,940.7879022661627,1143.51761273667,1143.9928,1061.834,1162.7944482866706,222.00655
random_within_well,733,386.28,1204.0,988.9703877350182,1139.6860475554518,1136.4583,1095.7467,1136.20961502994,147.23923
random_within_well,736,387.22,1122.57,973.9421001117438,1152.480040374849,1115.8727,1068.39,1100.0926891010017,126.15059
random_within_well,742,389.1,1129.68,1016.3191923859753,1093.8963626891837,1113.2781,1046.1003,1137.234384036366,120.91519
random_within_well,743,389.41,1115.2,948.3296533746661,1100.4063386839955,1085.5641,1090.2926,1089.5590692682208,141.22942
random_within_well,746,390.36,1158.02,969.1054121631714,1160.5805032623323,1175.9364,1108.0063,1169.1328322071167,200.02742
random_within_well,747,390.67,1156.22,1043.1161753014103,1195.2192213686367,1186.9698,1133.2219,1202.4799753502384,159.3638
random_within_well,752,392.22,1122.78,997.61177394492,1129.227789491972,1120.3235,1087.1296,1122.8912234078107,125.27945
random_within_well,755,393.16,1108.85,948.0020641572428,1117.7395891298959,1099.4912,1090.7555,1097.37271540236,149.37065
random_within_well,756,393.47,756.86,908.530878829209,1108.4732126461074,1097.6062,995.6735,1085.1114757530372,176.5806
random_within_well,763,395.67,1101.55,874.5213063692961,1136.7849676576639,1034.2046,992.18896,1022.7172444796477,148.19594
random_within_well,764,395.98,1016.32,938.6735366196203,1057.2336452477664,1073.8652,1053.7261,1072.3622573227453,133.68872
random_within_well,783,401.92,1011.63,886.8861582906441,1106.1578740583939,1107.4667,979.3875,1099.4998362691597,212.61368
random_within_well,787,403.16,954.06,885.3176388453202,1024.5264255884574,1006.48016,987.38947,1013.0095333765702,127.691895
random_within_well,794,405.39,1034.46,917.7937011753817,975.670166001094,978.15497,1042.8802,981.7799148594637,63.986214
random_within_well,799,406.96,1131.75,957.045138661225,1091.0826925486467,1113.3604,1088.956,1092.1460450332952,135.1009
random_within_well,800,407.27,1064.45,702.5769045613905,974.213785791973,933.78204,868.81537,895.9131319783827,193.33623
random_within_well,805,408.83,1063.69,967.3166047267596,1056.5754634687873,1073.2466,991.7912,1068.489433401076,101.17283
random_within_well,807,409.45,979.02,960.3421762553226,960.0053649647272,982.8965,1029.7296,985.2662237254153,24.924047
random_within_well,808,409.8,996.88,997.0567845958568,952.9524476829297,990.8903,1048.8364,1016.2448854106761,19.1881
random_within_well,810,410.41,1064.17,904.2300748871706,1003.179172227936,986.9704,987.3999,1017.8822355317019,113.65216
random_within_well,811,410.74,1035.56,866.3247827913438,1020.9163098509005,989.3616,914.4973,983.4475626375352,117.12278
random_within_well,812,411.05,1018.74,940.5297727425994,1041.4465953384622,1051.3269,998.7115,1044.2274732430878,103.6977
random_within_well,828,416.09,1059.49,981.6572203273751,1038.4534759701614,1027.0952,1036.6215,1041.2200560207343,59.562836
random_within_well,833,417.65,863.87,882.1590688356555,893.470862198901,890.6096,941.476,928.4606206545031,46.30155
random_within_well,834,417.96,965.85,979.9213722726231,944.6592228256538,941.5199,1029.8682,953.887463428629,-26.033909
random_within_well,842,420.17,1008.19,986.2645425963112,997.9888306613125,999.35876,1015.7262,1002.5661554503151,16.301613
random_within_well,864,427.09,958.27,851.5685315269294,975.8215301629402,981.4366,932.70074,966.0707364219489,114.502205
random_within_well,865,427.4,1027.15,876.9662639505784,1017.3230121204883,991.2207,920.1765,1015.8802043802659,138.91394
random_within_well,879,431.75,1000.05,976.7237502311624,951.8873520386735,975.52625,1007.3555,976.3165442024625,-0.40720603
random_within_well,881,432.37,944.06,962.3969144992758,982.7131859335668,973.1462,1015.37994,966.51596214103,4.1190476
random_within_well,893,436.1,996.12,972.1726185975347,1020.1737807843182,1027.6233,1002.75757,1009.7212521729741,37.548634
random_within_well,907,440.46,894.14,996.1998578376849,906.1811974283661,908.0667,1039.2941,919.1730023689349,-77.026855
random_within_well,926,446.36,974.82,964.8768008457124,1158.6033302447863,1123.9163,1004.44586,1123.5475924716889,158.67079
random_within_well,932,448.22,1198.76,1004.2296531920967,1079.9914371905622,1100.1699,1117.519,1095.933472466999,91.70382
random_within_well,957,456.0,1076.79,955.5854513495885,1054.4120584452914,1035.7985,1025.4028,1027.5609457343542,71.975494
random_within_well,960,456.95,1028.18,934.5699178691204,1039.4318788349797,1021.6731,1038.0535,1016.9033376689251,82.33342
random_within_well,964,458.19,966.68,897.3421704015673,905.4010729240273,916.5719,939.59186,938.4102856359423,41.068115
random_within_well,969,459.75,1007.7,976.5056189526815,965.5166815142601,968.59467,1024.0763,961.7476643552084,-14.757955
random_within_well,977,461.92,680.4,988.2060068254536,1054.9250128813314,1028.9767,871.749,1020.7535265092915,32.54752
random_within_well,982,463.48,685.36,987.3280242847867,691.6739767539002,742.8087,804.11115,749.6454223560758,-237.6826
random_within_well,994,467.21,679.57,999.7530645937163,714.3356270063199,711.6074,844.4548,740.5214666933257,-259.2316
random_within_well,996,467.84,683.29,974.0424926462368,692.4210755710227,713.45154,769.9432,731.9787414255337,-242.06375
random_within_well,1002,469.71,703.77,982.8763321174799,707.9206196828541,737.3408,808.96924,747.9883011116206,-234.88803
random_within_well,1005,470.65,660.68,943.605406954925,702.2339834154491,743.929,831.3658,726.3315574676203,-217.27385
random_within_well,1010,472.21,662.82,951.9972352835215,640.403896056103,662.85144,803.90753,685.1653566214121,-266.83188
random_within_well,1018,474.69,671.71,943.8363983121126,653.0205325836722,685.07605,802.066,682.7893402066438,-261.04706
random_within_well,1022,475.94,637.58,948.6782271898844,649.3706521861453,672.85406,773.3317,674.6499068773844,-274.02832
random_within_well,1027,477.51,629.38,924.9724846436699,625.7310706407238,654.0064,794.86633,651.465435083123,-273.50705
random_within_well,1032,479.06,618.9,907.2120763094737,630.1049914805322,653.09283,714.87286,635.3879796297862,-271.8241
random_within_well,1034,479.67,599.45,908.65012957842,625.7283222222133,629.9086,727.62213,629.8268568733419,-278.82327
random_within_well,1038,480.93,564.7,891.5304471131493,606.7226047347262,650.886,730.8752,626.0750027772118,-265.45544
random_within_well,1039,481.24,748.25,1049.6166252614264,724.5391103682699,778.55383,898.3443,803.6569389821295,-245.95969
random_within_well,1042,482.17,676.74,954.3428862704333,673.0048732532597,700.4823,795.7451,711.8519194735583,-242.49097
random_within_well,1044,482.79,833.67,1009.8818630643067,736.7538597871084,780.3397,1166.9509,803.5499996609864,-206.33186
random_within_well,1046,483.41,1041.83,979.4827079069626,822.3466541158272,838.28876,1120.7695,845.6944236052047,-133.78828
random_within_well,1047,483.72,1028.18,969.689317810942,1025.0347522877776,1028.4683,1121.1688,1026.4068928841843,56.717575
random_within_well,1049,484.34,1107.82,959.2353172916994,1135.797331695861,1121.0403,1198.5502,1131.162456573926,171.92714
random_within_well,1056,486.52,1244.55,936.830258829502,1150.0917445209977,1161.0702,1108.2805,1161.862760050205,225.0325
random_within_well,1057,486.83,1267.92,941.9643690572294,1227.8571134921829,1205.1785,1117.5355,1180.2818739400418,238.3175
random_within_well,1073,491.78,1524.21,953.9452661356776,1555.9664630364389,1527.733,1170.8075,1503.7923730692714,549.8471
random_within_well,1074,492.09,1577.58,976.1461223018075,1548.0583296959358,1538.8813,1213.3024,1518.2642253291513,542.1181
random_within_well,1075,492.4,1576.54,965.6558108191678,1521.995145653166,1582.1592,1170.4211,1557.168078885574,591.51227
random_within_well,1079,493.64,1579.71,900.6646523350709,1491.8429286970531,1508.748,1080.2968,1483.618753897571,582.9541
random_within_well,1084,495.19,1133.88,954.3282120792046,1042.1410928555053,1041.3694,1189.1694,1042.2624924747124,87.93428
random_within_well,1090,497.06,976.4,883.5781093819878,973.4474050703989,944.4359,1028.9983,977.2738949044488,93.695786
random_within_well,1092,497.68,1006.12,914.3567049299688,1020.0567636749604,985.75256,1061.0327,973.5130159651251,59.15631
random_within_well,1097,499.23,964.06,921.9800267154077,1049.6320017682076,1027.7565,1093.7498,1064.0478367740016,142.06781
random_within_well,1101,500.47,1002.12,972.6328348385898,1045.8996463799842,1012.44946,1137.9891,1002.4002336728183,29.767399
random_within_well,1103,501.09,1210.9,1031.980757004502,1175.7172755281176,1199.638,1202.8744,1210.265928513291,178.28517
random_within_well,1108,502.64,1528.14,1002.2721430068532,1458.155114528647,1474.3303,1218.9708,1468.9920831924,466.71994
random_within_well,1115,504.84,1242.96,1113.8607467932245,1168.4763915494848,1219.1486,1233.0527,1223.9516433996698,110.0909
random_within_well,1119,506.09,949.3,856.5484585028823,1031.4894906426482,948.41113,1053.2065,993.5933956366714,137.04494
random_within_well,1129,509.2,1020.05,993.0921143921981,1074.7976960867452,1056.2034,1148.9102,1055.779812756456,62.6877
random_within_well,1144,513.86,1090.44,1000.512915109703,1220.498228952306,1195.1796,1122.4772,1233.1672882786484,232.65437
random_within_well,1149,515.42,1523.17,1052.134288274911,1473.329098520205,1552.9199,1233.6917,1553.3167223569421,501.18243
random_within_well,1153,516.65,1528.97,1004.510819104004,1593.411472246343,1573.1857,1186.3478,1579.221268322754,574.71045
random_within_well,1158,518.2,1633.84,1042.343021029721,1607.952057633695,1639.4602,1322.0382,1643.3856235687836,601.0426
random_within_well,1161,519.13,1355.42,1010.6187679525711,1324.6919605803398,1317.5677,1242.1381,1366.5846798178054,355.9659
random_within_well,1163,519.75,1247.93,992.7426121540699,1341.6647594550855,1350.249,1191.3308,1353.2830174275073,360.5404
random_within_well,1174,523.15,1310.74,1004.7137430866098,1332.896400505335,1331.2954,1134.5134,1342.701352949891,337.9876
random_within_well,1175,523.47,1288.4,989.5012101023751,1282.911208794402,1262.7587,1184.2947,1254.703083881672,265.20187
random_within_well,1176,523.78,1307.36,1001.6075942487366,1311.2601940542427,1281.969,1165.4277,1280.2887160749085,278.68112
random_within_well,1181,525.32,1305.22,1010.4887739773029,1283.5075590442925,1303.234,1142.3491,1295.6209761257405,285.1322
random_within_well,1183,525.95,1237.65,1011.8201819006516,1356.6618478247294,1358.2942,1231.8079,1359.2486486975267,347.42847
random_within_well,1188,527.5,1244.55,1023.5103224931111,1223.2433552398682,1221.9303,1261.4939,1238.4975814042439,214.98726
random_within_well,1192,528.74,1241.38,992.9540284846776,1162.0536061911907,1164.13,1194.0121,1189.023715374326,196.06969
random_within_well,1193,529.06,1275.3,1028.655783066686,1229.1255252563851,1257.3865,1209.0629,1249.0977844094593,220.442
random_within_well,1195,529.68,1300.74,1047.9048460690838,1306.9246198993578,1298.9982,1201.8826,1304.5366820065838,256.63184
random_within_well,1197,530.3,1300.53,1034.411388583221,1298.726714035337,1299.1041,1191.5538,1310.267620272674,275.85623
random_within_well,1199,530.92,1262.89,1012.5077645597198,1271.6598550532833,1271.6792,1188.6809,1289.014173251126,276.5064
random_within_well,1212,534.96,1020.53,1020.6780267083479,1109.186776304191,1086.79,1136.7302,1106.3520608270003,85.674034
random_within_well,1215,535.89,1109.13,1017.0177123137779,1077.019728080883,1090.4633,1225.1011,1105.1158949920004,88.09818
random_within_well,1219,537.14,1024.53,1025.3911679930177,1053.1553648577894,1061.136,1178.1892,1066.0077108091798,40.616543
random_within_well,1221,537.76,1144.91,1045.9083399913486,1104.8346836796927,1078.2214,1218.8224,1080.0435938975986,34.135254
random_within_well,1223,538.38,1019.49,1009.9246540937344,1024.420314215015,1031.2931,1159.6656,1053.040517893783,43.115864
random_within_well,1225,539.0,772.65,972.480660975649,864.1050260625644,832.0713,1051.2443,846.0441833145162,-126.43648
random_within_well,1235,542.12,1185.87,1005.3843498789889,1062.490251112452,1060.5541,1223.3868,1080.5533180796724,75.16897
random_within_well,1242,544.29,1561.03,1029.0189630652208,1528.975616019208,1597.1107,1315.8256,1568.8263361120958,539.8074
random_within_well,1244,544.91,1578.61,1033.9648460470758,1616.6979572749385,1622.7949,1306.35,1628.0702537619195,594.1054
random_within_well,1253,547.7,1671.14,1019.0529758245576,1621.9865178839887,1649.7861,1328.107,1663.7343112737763,644.68134
random_within_well,1261,550.18,1386.24,1004.5845716811601,1321.5849515310115,1374.2365,1101.6464,1342.67636855616,338.0918
random_within_well,1263,550.8,900.97,986.8479572342551,982.4809132632766,980.08563,1066.5143,991.6652556465781,4.8172984
random_within_well,1268,552.35,992.95,999.5278697356927,971.5077029882852,987.07056,1031.231,994.9601598129021,-4.56771
random_within_well,1272,553.59,977.16,998.2675055601585,1008.6173356695512,1010.4749,1047.7964,1024.4715918638694,26.204086
random_within_well,1297,561.39,558.7,855.8518936025343,623.7252712558998,613.7337,784.8701,608.750987230464,-247.1009
random_within_well,1315,567.02,660.13,967.8792679378461,682.1032774027763,686.79865,718.53894,685.4149124690961,-282.46436
random_within_well,1321,569.25,790.51,974.3189926857566,694.6121847118707,677.53754,828.3825,680.9744187111472,-293.34457
random_within_well,1323,569.87,893.32,970.819346080413,873.1841877469474,878.64276,837.2724,893.0648905140067,-77.754456
random_within_well,1328,571.42,926.69,999.9193279175477,1187.6418111995927,1164.6512,907.4136,1138.0489208130555,138.1296
random_within_well,1330,572.04,987.16,988.325039745919,975.6449598673073,953.21173,830.3692,962.4922741666953,-25.832766
random_within_well,1335,573.59,941.93,958.2786178618095,961.4575436512846,929.28485,771.51227,935.3059501677177,-22.972668
random_within_well,1339,574.84,1495.32,1009.0875838289912,1153.9387157185286,1231.1498,900.4302,1203.2948592196162,194.20728
random_within_well,1340,575.15,1374.1,968.2313091970066,1245.6931398767433,1241.0905,774.1177,1220.539750359116,252.30844
random_within_well,1352,578.88,700.67,997.9308223263639,713.5141639170721,701.64734,829.89746,726.5356807248014,-271.39514
random_within_well,1354,579.5,676.47,983.6743511644511,700.1414249652055,689.5725,775.74164,697.3793682542948,-286.29498
random_within_well,1357,580.43,730.11,964.4884276763273,672.4571316613593,685.5175,836.42303,686.7463622466398,-277.74207
random_within_well,1360,581.38,794.72,974.3773835331655,776.7601660914504,802.69824,828.26483,779.4518769413686,-194.9255
random_within_well,1362,582.0,843.12,969.61387241889,820.4125629788987,822.89404,859.9029,794.7431143622493,-174.87076
random_within_well,1370,584.19,779.2,1012.2730156003857,764.0714206641562,828.3678,896.39624,815.8852745115186,-196.38774
random_within_well,1371,584.5,581.8,856.2880269185238,601.1744012169165,628.5928,591.4612,629.187242616766,-227.10078
random_within_well,1374,585.43,775.27,962.4224910221587,721.074353200538,724.0962,829.84924,712.1613063297759,-250.26118
random_within_well,1375,585.74,721.7,965.4046393756537,735.5321128637856,736.234,751.09045,717.4265662555365,-247.97807
random_within_well,1385,589.15,677.78,948.8646892841751,747.6151644713574,717.84644,730.6687,697.204731398433,-251.65996
random_within_well,1393,591.65,744.04,1017.5936753259105,758.9853996521186,787.2458,847.2119,766.9798905358714,-250.61378
random_within_well,1397,592.9,738.73,944.3600810249542,747.0891120931851,743.36536,742.24835,722.9261210640167,-221.43396
random_within_well,1400,593.83,658.33,928.5984597971944,697.9834284330146,669.00446,696.8328,663.8096719553976,-264.7888
random_within_well,1405,595.39,695.64,991.6944498878627,756.3726138674147,796.2478,793.3243,795.0093760353236,-196.68507
random_within_well,1406,595.7,765.07,999.4380395076271,741.1762451050432,747.0804,853.70135,745.7693993709083,-253.66864
random_within_well,1407,596.02,736.39,1016.5831471330857,764.9046498633348,787.80884,871.9206,766.0374775774217,-250.54567
random_within_well,1410,596.95,782.38,992.6346865313756,816.346257952027,808.6749,827.30817,796.3144350665318,-196.32025
random_within_well,1411,597.27,679.09,988.0944365098997,785.8623478165371,807.0889,867.4322,784.2958067491575,-203.79863
random_within_well,1412,597.58,720.6,1004.7581819219417,721.6156095946646,743.6084,833.47974,733.6904939336605,-271.0677
random_within_well,1416,598.84,687.78,1001.5826140127388,725.3688303009834,704.52264,748.95294,744.7151823721138,-256.86743
random_within_well,1419,599.77,677.23,1028.069239642441,773.9859598662862,770.8516,883.87897,766.0684461854098,-262.0008
random_within_well,1420,600.08,718.8,1010.1171176530913,713.7747869161927,696.0918,865.53284,722.4005038835601,-287.7166
random_within_well,1421,600.39,729.84,980.3998549703567,725.4795524058478,716.2733,764.88086,708.576673818013,-271.82318
random_within_well,1425,601.63,704.88,982.1168244645384,678.4985004791228,619.66986,754.5261,690.7668488786009,-291.34998
random_within_well,1426,601.94,651.51,969.1370573377981,721.6931620141999,686.0198,724.6392,696.43683150772,-272.70023
random_within_well,1433,604.45,816.3,1017.4513384380655,793.6061852858915,820.9615,806.20135,835.7794481792764,-181.67189
random_within_well,1436,605.41,881.25,998.1018498128385,836.3940042300056,825.3891,798.4441,817.0581486409635,-181.0437
random_within_well,1446,608.54,773.69,992.0617263280492,772.695737104614,762.53076,773.20874,770.4037368260961,-221.65799
random_within_well,1452,610.1,843.88,1028.6047251399475,801.9552059144168,798.1719,772.00226,779.7742502864319,-248.83047
random_within_well,1454,610.73,818.92,1029.4704090765358,783.0271411056648,780.33844,833.6668,787.9205128363014,-241.5499
random_within_well,1467,614.75,720.11,948.3272703075243,773.4916931378066,803.3264,717.28485,770.8805539989305,-177.44672
random_within_well,1468,615.06,780.58,993.1997671106117,772.6865123104601,749.4772,789.71704,768.5536489465492,-224.64612
random_within_well,1471,615.99,731.63,913.8318932849165,717.5807533461964,724.66016,717.93335,706.4959710437056,-207.33592
random_within_well,1477,617.85,724.04,868.0235582335238,709.4121813043911,719.33856,708.9863,644.9062486632113,-223.11731
random_within_well,1480,618.79,691.15,955.2759527908083,732.129435410717,711.6232,723.2983,721.3069281326052,-233.96902
random_within_well,1483,619.72,711.15,963.5579358378617,733.2655302291872,710.9237,739.2358,721.1332837382523,-242.42465
random_within_well,1485,620.34,750.31,920.7092358125809,722.0757900143468,709.2888,722.592,694.0389782442215,-226.67026
random_within_well,1487,620.96,750.87,960.6066582921858,765.3086728241525,761.46234,718.4424,731.6889184240217,-228.91774
random_within_well,1488,621.26,705.36,961.2897841822933,750.1448466394576,722.5165,734.35706,736.1079146754573,-225.18187
random_within_well,1499,624.69,752.66,938.7924699985948,817.7818296190865,809.3228,763.1734,804.3295793735948,-134.46289
random_within_well,1501,625.32,755.55,930.5427425882488,741.5244336800669,761.6061,751.5906,765.3869198343425,-165.15582
random_within_well,1507,627.18,733.49,981.6376176163707,757.9657052904676,777.90326,751.47473,786.4725327775035,-195.16508
random_within_well,1509,627.79,771.9,956.521731782757,727.4886676885197,706.5563,726.4952,717.239016939007,-239.28271
random_within_well,1512,628.7,789.48,948.9664334318722,750.1228190265986,739.5786,740.84045,733.9118985197629,-215.05453
random_within_well,1514,629.31,745.35,1013.7783609196676,783.9396204294247,819.20544,823.72943,816.097773151113,-197.68059
random_within_well,1535,636.1,621.52,937.5957077335704,668.0755659878655,615.25385,675.13464,636.9577987980235,-300.6379
random_within_well,1536,636.42,679.85,947.1434520446034,677.3473120242957,621.1702,724.8907,661.5783885680409,-285.56506
random_within_well,1543,638.56,787.89,933.4597831185101,964.030007192602,884.48285,731.61255,925.0742679054974,-8.385515
random_within_well,1544,638.87,909.86,1038.4879062531113,908.2393501151155,910.9487,793.6681,874.902869021666,-163.58504
random_within_well,1545,639.18,877.8,1031.8730847324048,868.2869793170569,892.3497,828.78815,879.7121045077954,-152.16098
random_within_well,1550,640.71,714.05,998.9012798877682,730.857351652554,645.72614,747.58203,727.3618816944088,-271.5394
random_within_well,1553,641.64,699.84,1017.3505597536462,730.8314592210469,766.8634,851.1475,756.3042951052087,-261.04626
random_within_well,1554,641.95,685.91,1030.179679150805,776.1311806183776,758.69415,901.781,753.6732094242425,-276.50647
random_within_well,1557,642.89,689.84,1011.3521750070431,764.0276052579715,716.86017,801.2515,727.042574176965,-284.3096
random_within_well,1558,643.2,685.36,1010.1359097351336,762.4080809601579,713.3901,799.30304,737.0619961609149,-273.0739
random_within_well,1559,643.51,783.96,1011.0363289038946,740.4632587995791,724.746,838.697,741.0229316870978,-270.0134
random_within_well,1562,644.43,694.05,997.9197312697986,809.5696105064734,811.5296,790.43835,825.7898637160877,-172.12987
random_within_well,1566,645.67,690.67,939.3917374859913,703.0393527882045,636.3909,697.8239,654.2220292340381,-285.1697
random_within_well,1569,646.59,743.76,1044.7577805142123,781.7907446079399,788.2133,860.7852,804.8582291226107,-239.89955
random_within_well,1578,649.45,729.28,998.3929346655268,740.3382094673499,803.28326,811.5609,799.6400354956049,-198.7529
random_within_well,1593,654.08,725.35,1004.874053606166,735.5331005279255,742.0349,815.46436,751.2998958913222,-253.57416
random_within_well,1595,654.69,665.64,1023.1693693466004,736.463730103569,751.5027,817.15405,737.2156645126161,-285.9537
random_within_well,1599,655.92,1093.13,999.917110665016,790.8547603329922,860.4605,841.0412,844.4228327109145,-155.49428
random_within_well,1600,656.23,1068.1,999.3735554276752,1046.1694127728686,1082.6096,880.13654,1069.4232533036518,70.0497
random_within_well,1606,658.06,739.83,1015.3249841607948,1136.1274946317674,1066.477,867.59265,1024.648449508085,9.323465
random_within_well,1608,658.69,703.5,997.9900343897909,705.4267487734483,684.15393,761.01434,705.9678175929159,-292.02222
random_within_well,1611,659.62,596.28,949.3050239122234,697.8473398246998,690.7718,743.5681,680.0974433458172,-269.20758
random_within_well,1617,661.49,593.94,988.7915804808367,722.3444415168301,722.6169,753.79974,742.5364230101336,-246.25516
random_within_well,1618,661.8,655.92,1000.4386969290047,710.0778363745047,675.7312,846.2845,716.4488592825203,-283.98984
random_within_well,1620,662.41,661.23,1009.1902251860031,692.0938650402002,655.4706,792.1617,704.5716033598312,-304.61862
random_within_well,1623,663.34,655.16,960.094502251041,670.3049363381093,658.0008,743.2665,657.1560867236973,-302.93842
random_within_well,1632,666.89,1028.94,949.1989008615216,649.8331965090703,684.49243,1253.9075,718.6499201486309,-230.54898
random_within_well,1634,667.53,1180.63,968.4428148019135,1092.7030119595172,1129.0669,1016.0602,1096.7379045235932,128.29509
random_within_well,1650,672.45,1174.84,950.6180824316482,1160.529161779597,1142.8878,1043.8923,1154.998163608406,204.38008
random_within_well,1652,673.06,1210.62,987.80479915758,1215.0453231171878,1192.9485,1051.8903,1191.3459215941034,203.54112
random_within_well,1657,674.59,1097.06,1057.4906232129686,1062.7594171062617,1069.2267,1117.9056,1086.1190373670213,28.628414
random_within_well,1662,676.12,1102.03,1112.086909978709,1071.575494797138,1109.4042,1137.9648,1106.5711548021648,-5.515755
random_within_well,1669,678.27,1084.45,1025.1173717400318,1137.1438513302505,1123.8529,1127.0259,1155.7872173210865,130.66985
random_within_well,1670,678.58,1061.55,1100.3293384488686,1064.9105319373025,1097.5199,1166.0289,1103.5718416150673,3.2425032
random_within_well,1671,678.89,1070.79,1011.9113065954957,1050.5667425609392,1035.1766,1132.9221,1062.6892378088746,50.77793
random_within_well,1672,679.2,1114.92,1055.1884760478235,1079.816513061633,1097.6115,1150.7329,1118.9688829997278,63.780407
random_within_well,1694,685.94,1098.86,1028.5510729100033,1117.5633110921963,1134.28,1143.1661,1136.168298556976,107.617226
random_within_well,1695,686.25,1080.72,986.1339084818147,1071.4439931855948,1088.6068,1083.6312,1094.731168003299,108.59726
random_within_well,1699,687.47,1142.5,1053.447929095747,1123.2917864219023,1133.7612,1144.9291,1137.9481961245556,84.50027
random_within_well,1706,689.63,1158.84,1056.7135777803871,1164.120396151757,1192.8296,1160.3411,1209.2063145967934,152.49274
random_within_well,1720,693.93,1112.03,1000.2135667524797,1110.00756471567,1104.6178,1109.3999,1106.8800401411515,106.66647
random_within_well,1721,694.24,1117.82,1022.5959689795421,1120.8771819001965,1126.3711,1115.6586,1130.7071445166516,108.111176
random_within_well,1726,695.77,1134.09,1033.6886356753046,1134.6662739978963,1171.2715,1120.318,1156.7389515322382,123.050316
random_within_well,1728,696.38,1113.06,1050.7634065032394,1122.3761980572435,1129.508,1122.0693,1123.3859498382003,72.62254
random_within_well,1729,696.69,1132.3,1013.5085244260544,1118.7998253111243,1100.7017,1101.2383,1105.822512157988,92.31399
random_within_well,1730,697.0,1107.54,1048.2086749455693,1121.086315113561,1125.9626,1131.0049,1106.6637530705693,58.45508
random_within_well,1740,700.09,1135.95,1047.3792744979537,1119.3901426022594,1125.7676,1133.9701,1109.824304710356,62.44503
random_within_well,1741,700.4,1032.39,917.4495905237699,1024.9009143578405,1013.4666,1004.5636,1021.5339182215238,104.08433
random_within_well,1743,701.02,1117.54,1015.8984854240143,1103.4930636250149,1124.3872,1090.2067,1121.6497366447174,105.75125
random_within_well,1747,702.26,1135.68,1022.321954642766,1118.9535208122709,1114.8761,1084.2709,1110.3166827311447,87.99473
random_within_well,1754,704.4,1047.07,1015.073513065747,1135.6343125375577,1160.9395,1081.7272,1140.0921440471923,125.01863
random_within_well,1755,704.7,1083.14,979.6092674934251,1066.1841845457766,1051.0771,1052.3999,1049.5267708503588,69.9175
random_within_well,1756,705.01,1055.0,1000.387310877662,1061.4518242018669,1064.4053,1071.7905,1068.3343705090097,67.94706
random_within_well,1760,706.25,1080.24,1045.443071217853,1078.7598875624706,1093.5654,1107.8267,1072.819852681476,27.376781
random_within_well,1768,708.71,1079.69,1030.7503132051072,1082.5206640508134,1098.2378,1081.1084,1078.472320956572,47.722008
random_within_well,1773,710.28,781.89,860.2579043027581,685.7110134903086,840.41406,895.7308,706.7477724668206,-153.51013
random_within_well,1782,713.06,1037.35,1009.9125516195966,1044.4753197662171,1053.8008,1034.3575,1053.5654370566083,43.652885
random_within_well,1789,715.21,1089.96,1040.9142531226787,1078.5271792328808,1087.3904,1053.7875,1071.59837520825,30.684122
random_within_well,1803,719.5,1125.68,985.8790515947196,1086.5026965731188,1096.1292,1014.4404,1072.4290012407157,86.54995
random_within_well,1807,720.73,1029.77,1011.2937125061717,1012.8245437431667,1010.3987,1017.61554,1003.5007714127269,-7.792941
random_within_well,1820,724.75,1006.88,959.2379624570019,982.9527031619253,998.521,996.6585,966.5559866154797,7.318024
random_within_well,1831,728.12,1056.59,1090.415991872286,1061.0091908663221,1072.7618,1081.7323,1064.9510527548543,-25.46494
random_within_well,1832,728.43,1083.89,1075.1014213249234,1052.7366982311944,1057.9543,1080.1823,1055.8296603843717,-19.27176
random_within_well,1835,729.38,1025.56,1009.3852399093327,1028.7459482105062,1015.39374,1037.8434,1033.7569058639224,24.371666
random_within_well,1839,730.6,1135.4,1091.7729748267452,1123.0635279354217,1130.0342,1094.4814,1111.5358074683468,19.762833
random_within_well,1858,736.47,1032.11,1037.7261105975665,1039.505900565334,1051.4474,1070.3716,1043.7376576861896,6.011547
random_within_well,1859,736.79,1062.86,1086.2583589043466,1052.3641609154004,1065.3151,1076.6646,1057.852044054493,-28.406315
random_within_well,1860,737.11,1080.52,1073.0785782108067,1060.7802108916667,1076.7393,1078.3944,1074.2024577626942,1.1238796
random_within_well,1862,737.72,1148.02,1062.2581186687435,1105.903952537907,1123.7662,1086.5677,1108.4297190105403,46.1716
random_within_well,1869,739.87,1109.41,1030.6730284376156,1092.1128191472224,1081.0027,1036.2338,1074.7584356946957,44.085407
random_within_well,1870,740.18,1065.21,1041.0114004323316,1084.6274708995911,1100.895,1056.7468,1085.0777075002027,44.066307
random_within_well,1871,740.48,1120.99,1056.4558222653932,1091.551151132828,1086.3973,1069.6534,1096.9513743283815,40.495552
random_within_well,1879,742.94,1099.68,1033.4911158312839,1095.1868545958719,1093.2489,1052.4901,1075.6272242297214,42.13611
random_within_well,1882,743.87,1038.94,1051.5560183956622,1045.143976927792,1036.6532,1058.924,1038.902727647066,-12.653291
random_within_well,1883,744.18,1076.03,1047.940590738366,1055.7195463024232,1055.547,1063.1205,1055.0159200421074,7.0753293
random_within_well,1888,745.71,1094.93,1027.7624932389672,1079.2032722457984,1077.3411,1023.7232,1075.2038498979027,47.441357
random_within_well,1891,746.63,1114.65,1067.5380805304162,1087.5837028700662,1114.6633,1059.0658,1118.1199324896447,50.581852
random_within_well,1893,747.24,1120.16,1063.2235340166426,1087.3639333949943,1097.3367,1048.3738,1103.9779132891035,40.75438
random_within_well,1897,748.48,1079.21,1053.3960659808517,1055.259380988597,1053.5898,1046.7133,1050.7031371898056,-2.6929288
random_within_well,1902,750.02,1076.03,1033.4074709443505,1050.9554983747068,1043.8477,1037.2538,1033.7565433411057,0.3490724
random_within_well,1919,755.24,1075.48,1046.0881032445468,1051.7924980334126,1058.7064,1052.1415,1050.9240664937533,4.8359632
random_within_well,1921,755.86,1051.28,1023.803743882181,1044.5949886447263,1056.7676,1015.4285,1048.2537465524692,24.450003
random_within_well,1922,756.17,1109.41,1041.1281685598533,1061.0493288303883,1062.2567,1046.5181,1055.9108395345847,14.782671
random_within_well,1926,757.41,1073.41,1037.3205768166383,1066.764546354626,1077.1702,1050.853,1064.688233524402,27.367657
random_within_well,1941,762.29,1057.62,1032.3607558667306,1024.0919523573068,1035.0181,1024.2524,1033.2921597420816,0.9314039
random_within_well,1945,763.53,1060.8,1059.521636112257,1054.438625490913,1043.7997,1062.8884,1051.9128261642895,-7.60881
random_within_well,1963,769.29,1115.2,1015.8164509877381,1073.6873149396374,1072.0795,1017.6081,1067.5417431935487,51.725292
random_within_well,1964,769.59,1022.67,938.2829649722947,1016.8859572541674,1014.1208,966.79407,1015.8711989200486,77.588234
random_within_well,1965,769.91,1126.51,1065.4080774010222,1093.3137129685504,1103.0247,1058.9456,1103.943691414694,38.535614
random_within_well,1966,770.22,1043.14,905.4905445849545,991.9245925530178,1018.4318,932.6568,1017.7523167407162,112.26177
random_within_well,1971,771.77,1034.25,1032.3769616601173,1036.3580391161727,1040.4327,1024.4236,1028.9895810601417,-3.3873806
random_within_well,1992,779.43,1084.93,1068.7200485682479,1062.488538969326,1068.3756,1056.9321,1065.7180153346053,-3.0020332
random_within_well,2004,786.64,1062.59,1135.9614296111058,1052.5941568829337,1059.1482,1051.8828,1065.8890571745824,-70.07237
random_within_well,2024,793.38,966.4,1024.1415271822445,1035.7559937614333,1015.71875,1031.8057,1037.841304785394,13.699778
random_within_well,2042,798.9,1043.7,1103.2152224761896,1046.7584549891765,1046.8765,1060.3864,1052.5054408294611,-50.70978
random_within_well,2045,799.83,1061.0,1095.1510793632683,1054.182167722099,1063.0519,1053.4049,1058.9467794365105,-36.2043
random_within_well,2053,802.3,1054.18,1148.2318311118734,1052.6202769129325,1043.6858,1009.95984,1068.809147396053,-79.42268
random_within_well,2057,803.54,939.03,1049.6757188576082,1050.8292439077773,1062.172,1016.17523,1048.9303840535501,-0.7453348
random_within_well,2094,814.88,1053.69,1078.2641035336335,1031.5597157291795,1038.9636,1052.1562,1049.263384463199,-29.00072
random_within_well,2095,815.18,1010.53,1049.5524766672538,1039.8098682962054,1012.1429,1051.0015,1023.1606729257987,-26.391804
random_within_well,2098,816.1,1048.94,1087.2161838350637,1015.2540261944546,1019.858,1056.2115,1028.3342143831594,-58.88197
random_within_well,2107,818.87,1044.73,1029.00328681203,1045.3376714513772,1031.355,1024.0345,1025.6854419443237,-3.3178449
random_within_well,2112,820.4,1042.39,1046.6671489368796,1030.9167139989038,1029.1222,1048.4814,1032.2329400669455,-14.434209
random_within_well,2114,821.01,1048.94,1042.2167644899962,1059.6003319376018,1054.9733,1032.8596,1048.7760014933226,6.559237
random_within_well,2115,821.32,1046.87,1044.9884321336162,1042.3572632174605,1042.7462,1043.6919,1035.1633970384014,-9.825035
random_within_well,2117,821.93,1070.24,1041.3699672631321,1048.3167862218559,1046.3646,1028.838,1033.9833643845616,-7.386603
random_within_well,2119,822.55,1077.07,1066.0901094319524,1053.3094819935006,1054.4141,1059.7704,1056.9321933629217,-9.157916
random_within_well,2124,824.08,1062.86,1074.1962367605672,1057.1039421572611,1056.6896,1058.5024,1054.5008746695028,-19.695362
random_within_well,2131,826.22,1082.58,1051.6062232595812,1075.7423197606804,1086.038,1034.9302,1073.4291278463731,21.822905
random_within_well,2132,826.53,981.37,1050.3536277854917,1050.5609461387967,1058.8962,1055.8895,1053.1383215034482,2.7846937
random_within_well,2133,826.84,1056.8,1041.3269799457555,979.9495731844377,993.2071,1046.532,992.9641335712438,-48.362846
random_within_well,2138,828.38,1035.77,1045.935258406938,1057.7134148164644,1055.1265,1028.4167,1050.4929113572248,4.557653
random_within_well,2153,833.02,1029.77,1047.3446586402708,1040.564719828091,1042.2201,1058.487,1034.778732088452,-12.565927
random_within_well,2154,833.33,1031.35,1052.2904258792123,1032.397377099367,1030.0614,1053.9379,1033.170383078309,-19.120043
random_within_well,2155,833.65,1033.97,1052.3522695506213,1036.6443511261618,1039.3888,1055.434,1035.4051240885851,-16.947145
random_within_well,2164,836.4,1080.24,1048.4872389450836,1074.2135605194999,1070.2982,1058.6399,1065.7454558029938,17.258217
random_within_well,2166,837.02,1061.55,1043.5635578274632,1054.4891994915304,1055.6287,1028.4167,1043.5177092119957,-0.045848615
random_within_well,2167,837.32,1061.55,1026.3706843848215,1051.820173895505,1040.3599,1034.9385,1035.5472018713938,9.1765175
random_within_well,2168,837.63,1085.2,1048.6086660362341,1059.17173641212,1060.9491,1059.2222,1049.51473132144,0.9060653
random_within_well,2173,839.17,1064.17,1030.6898624251517,1052.5390981509358,1051.7635,1030.1292,1047.1543552230032,16.464493
random_within_well,2177,840.41,1089.96,1049.0262026268622,1068.5345245683939,1073.8063,1050.8685,1067.2197832543036,18.19358
random_within_well,2181,841.63,1071.83,1038.1278478131128,1073.3252120959805,1072.2333,1030.4039,1056.4000855908228,18.272238
random_within_well,2183,842.24,1117.27,1052.457797703997,1075.8641529393083,1076.331,1061.5881,1067.7173783161795,15.259581
random_within_well,2185,842.85,1080.24,1028.4411885788604,1085.7051329715173,1082.3744,1025.3192,1066.6333768417999,38.19219
random_within_well,2191,844.69,1088.65,1049.1291839732194,1074.8023561898306,1077.2103,1057.7103,1065.8675720347428,16.738388
random_within_well,2197,846.53,1057.35,1029.6521617376636,1050.9352469517407,1034.5024,1034.5101,1027.3455773794483,-2.3065844
random_within_well,2202,848.08,976.88,997.7209768178706,985.3892351518402,975.3282,1015.49554,959.889166820312,-37.83181
random_within_well,2225,855.17,1066.79,1017.5529375071078,1046.4972979178692,1038.8066,1018.928,1043.3273630136996,25.774426
random_within_well,2227,855.8,1062.38,1015.5663280756877,1058.1410198885403,1057.9717,1013.2561,1046.8100948603555,31.243767
random_within_well,2228,856.11,1035.28,1013.407396740822,1061.7478469094938,1060.9194,1013.3394,1051.2252983521503,37.8179
random_within_well,2233,857.66,1005.29,1007.2310503538782,998.980742013904,994.1212,1008.48785,998.7350491102869,-8.496001
random_within_well,2245,861.35,1055.0,1025.696267056547,1050.9176647718293,1043.0568,1031.8259,1040.547959256254,14.851692
random_within_well,2252,863.53,1046.32,1009.9910665271252,1036.73182107824,1026.4653,1013.96326,1029.322231840846,19.331165
random_within_well,2254,864.15,1045.56,1031.7408207963604,1052.9138966838655,1050.3967,1027.3564,1036.0099300454754,4.2691092
random_within_well,2268,868.5,973.78,995.0601080591739,970.6842871848521,946.9514,999.854,967.0874003107608,-27.972708
random_within_well,2271,869.43,1028.73,1025.736586049717,1027.7482449054871,1011.8371,1027.1246,1009.4103016411477,-16.326284
random_within_well,2272,869.74,952.48,999.9292424606924,1014.3589024662137,1000.6118,1005.12476,1009.3904593872671,9.461217
random_within_well,2273,870.05,989.5,995.369836097326,979.409495166583,985.3833,1010.7188,995.6615996116063,0.2917635
random_within_well,2283,873.2,975.37,1003.798111325013,996.8923208288311,993.95776,1008.8087,995.8103855903023,-7.9877257
random_within_well,2287,874.53,962.96,1030.9136025956489,1010.139451366858,995.70795,1031.0293,993.2621591142035,-37.651443
random_within_well,2291,875.48,1026.32,1081.3511188633977,1002.1520366286996,1005.65155,1055.0284,1016.1063678868352,-65.24475
random_within_well,2299,877.96,980.33,1021.7504279091585,1025.629715581169,1021.09985,1013.457,1025.0542070343722,3.3037791
random_within_well,2304,879.56,1012.94,1043.9433160017168,1030.833605737726,1010.39996,1029.7008,1009.118597526375,-34.82472
random_within_well,2306,879.88,1058.93,1127.7182434237911,1051.9499233065444,1051.4524,1072.3049,1051.8744400180294,-75.8438
random_within_well,2312,881.78,1038.46,1086.7847188667508,1051.8455896686085,1067.3995,1051.4308,1041.0915540413114,-45.693165
random_within_well,2316,883.08,988.74,1068.7203164246018,1010.8815541701413,1023.7225,1042.0145,1059.9715199615891,-8.748796
random_within_well,2317,883.41,1088.93,1238.427931228393,1061.3207548674625,1047.7587,1060.9126,1156.65706483435,-81.77087
random_within_well,2323,885.27,1127.54,1239.1909553169965,1138.9820798459052,1129.3745,1022.8745,1213.0387736916302,-26.152182
random_within_well,2333,888.38,1028.94,1141.0953747147933,1036.2909495142426,1051.1844,1063.4858,1053.546599995555,-87.548775
random_within_well,2338,889.98,998.19,1024.388307004236,994.4917572178007,983.5593,1033.4941,999.3128065159547,-25.0755
random_within_well,2345,892.22,1020.32,1071.6580646430773,1011.9618828014486,1012.33905,1066.4119,1025.0019519721789,-46.656113
random_within_well,2346,892.53,1004.81,1017.3041209485904,1018.7064901231338,999.8128,1018.2162,1015.1996495035067,-2.1044714
random_within_well,2348,893.95,1005.02,1048.3035371163076,972.5954271505608,946.9912,1022.5153,938.9538361885732,-109.3497
random_within_well,2350,894.59,1086.51,1072.7745846960431,1055.7631859126122,1058.9191,1037.6719,1037.844046518553,-34.93054
random_within_well,2364,904.99,990.05,1096.2913090669324,984.1054856373601,1005.63776,1038.3225,1027.1701466523816,-69.12116
random_within_well,2366,905.64,1087.82,1098.453152922913,1029.670869418709,1036.0165,1055.1161,1038.4566357415165,-59.996517
random_within_well,2370,906.89,989.78,1095.993765828772,981.5616021492751,997.4857,1039.1874,1021.045783040686,-74.94798
random_within_well,2387,912.27,1080.72,1050.1469107725038,1058.453741010287,1043.1589,1031.7758,1039.9820071317567,-10.164904
random_within_well,2389,912.91,1097.34,1151.6999610628784,987.2398357187609,1048.1836,1036.5477,1058.9287131991089,-92.77125
random_within_well,2392,913.89,1056.8,1113.789237769608,1060.1302474417628,1071.9415,1068.7795,1047.4871671519322,-66.30207
random_within_well,2398,915.86,1103.34,1086.8230227248928,1070.2163179403249,1063.2815,1057.5585,1054.7574061172268,-32.065617
random_within_well,2399,916.17,1054.18,1110.0084129435606,1083.4539584932704,1080.676,1055.0336,1064.338941202838,-45.66947
random_within_well,2402,917.18,1092.86,1066.702675897652,1061.324192645348,1039.058,1026.4213,1046.610011179024,-20.092665
random_within_well,2405,918.15,1054.18,1130.8973964958152,1055.6628526699164,1071.6459,1082.5364,1073.2335819511375,-57.663815
random_within_well,2407,918.81,1052.87,1095.6138382775825,1053.9796232518947,1066.5056,1052.061,1055.2678910119575,-40.345947
random_within_well,2417,922.04,1074.72,1120.9215017469674,1074.8666949658177,1081.9564,1074.3074,1078.1990324171334,-42.72247
random_within_well,2431,926.57,1025.29,1062.2627935091755,1042.8817967083482,1080.4233,1044.7518,1086.1013917605183,23.838598
random_within_well,2441,929.93,1122.02,1082.394269743595,1061.1106097955849,1049.9686,1049.7012,1059.0199106127357,-23.37436
random_within_well,2445,931.2,1040.8,1043.355889126323,1110.9868825924357,1081.3341,1036.6106,1095.9387557950242,52.582867
random_within_well,2446,931.51,1094.44,1095.8883305911666,1071.7650272035569,1081.2333,1045.6312,1083.9451705340987,-11.94316
random_within_well,2447,931.82,1072.31,1105.4185680828887,1070.262804982713,1074.2365,1057.688,1073.616299100955,-31.802269
random_within_well,2465,937.5,976.13,1062.0896675976944,1004.3461548081834,999.5278,1047.2725,1013.4406998547745,-48.648968
random_within_well,2477,941.32,1056.8,1113.789237769608,1060.1302474417628,1072.241,1068.7795,1047.4871671519322,-66.30207
random_within_well,2486,943.99,1005.29,1082.5014774159927,1023.5742704130557,1032.7588,1045.2943,1023.0132304982681,-59.488247
random_within_well,2488,944.62,1094.65,1157.601935089401,1076.8469827539705,1096.2789,1072.0211,1099.540972412399,-58.060963
random_within_well,2499,948.15,1107.27,1131.2743143016503,1062.6550195773486,1062.4348,1085.852,1078.6814187938378,-52.592896
random_within_well,2505,949.8,991.91,1090.2828543705346,897.954197552744,952.608,1045.5273,945.0369132084252,-145.24594
random_within_well,2510,951.44,1104.65,1099.1848399669423,1114.9725543257618,1148.4067,1073.5255,1146.0951030284657,46.910263
random_within_well,2515,952.77,1143.6,1093.869478789309,1108.1295132086432,1087.9584,1074.651,1086.2684818181785,-7.600997
random_within_well,2517,953.42,1065.76,1015.0321131792002,1059.7997123250286,1045.2463,1021.35724,1048.8422862138682,33.810173
random_within_well,2519,954.08,1094.17,1116.472362935786,1078.2706545829835,1087.0873,1079.454,1090.0906834008738,-26.38168
random_within_well,2521,954.73,1119.68,1128.7800960221432,1088.0557919965222,1093.9075,1072.2716,1106.3805160203121,-22.39958
random_within_well,2522,955.04,1108.37,1101.239066950895,1093.524601061043,1091.032,1054.006,1086.198355548002,-15.040711
random_within_well,2526,956.41,1133.88,1065.5172045533252,1107.7477489830753,1098.4379,1061.1373,1108.9674647156787,43.45026
random_within_well,2540,961.04,1159.88,1105.3951746984214,1122.4308099403731,1132.6144,1063.7224,1114.0083806081504,8.613206
random_within_well,2548,963.97,1027.36,1035.0580779640416,1037.6014739250343,1048.0154,1020.84216,1020.765647086356,-14.292431
random_within_well,2549,964.28,1019.77,1016.409166079924,1045.1824528496525,1033.9144,1016.9602,1036.633681994841,20.224516
random_within_well,2552,965.2,989.5,996.7542050033278,1009.559313327629,997.3486,1015.0143,1000.0789199023909,3.324715
random_within_well,2570,974.1,750.87,1004.3842962409183,707.6736402624614,715.5956,930.23505,748.3563421393558,-256.02795
random_within_well,2571,974.41,694.88,1017.2296720541132,744.672354281485,734.63947,887.7756,759.24746380216,-257.9822
random_within_well,2572,974.71,764.79,1023.3469322451667,728.7855410925789,757.3343,875.7886,770.402672601612,-252.94426
random_within_well,2575,975.63,666.47,1024.2559171185962,731.5102007414517,739.84796,868.517,739.301998661565,-284.95392
random_within_well,2576,975.93,771.34,1014.8145117267867,714.9267988706195,705.1498,894.73627,735.2117285236617,-279.60278
random_within_well,2577,976.24,774.24,1034.0850146405573,762.9307107198733,749.3862,873.39435,768.9213793866511,-265.16364
random_within_well,2578,976.54,806.03,1038.5313358573321,777.1510615522062,777.25446,874.3577,781.5121097831134,-257.01923
random_within_well,2579,976.85,717.98,1026.8890402825305,798.729167013815,795.6015,872.5155,809.744890502257,-217.14415
random_within_well,2582,977.76,713.77,1021.06380535833,753.7670095244773,746.92773,933.75433,782.0998008417284,-238.964
random_within_well,2584,978.38,806.58,1023.0767663044526,754.5918386192742,784.99854,871.75366,791.5108483357026,-231.56592
random_within_well,2586,978.99,718.8,1031.3807486517107,755.1209191147982,781.2027,869.63916,795.672069452492,-235.70868
random_within_well,2589,979.9,733.21,1030.7899457014166,729.2576898890213,722.2053,877.3159,740.2181073225104,-290.57184
random_within_well,2594,981.43,696.67,1023.3624403853302,743.6231414996167,751.8134,859.8686,773.2491591353302,-250.11328
random_within_well,2609,986.04,612.83,1033.4305886676236,702.2559460042162,700.526,839.73584,726.184586470358,-307.246
random_within_well,2615,987.89,726.11,1060.583223110127,789.6890214995906,804.698,801.00995,832.0689103659863,-228.51431
random_within_well,2617,988.51,772.93,1163.1255904149743,740.0201564388074,751.734,768.16144,818.7327986669275,-344.3928
random_within_well,2618,988.81,663.3,1189.887831262473,782.7252393655642,776.8623,771.9011,823.1391435183323,-366.7487
random_within_well,2619,989.13,710.87,1190.4041583185221,728.866394717369,737.0563,917.55566,802.3186480646159,-388.0855
random_within_well,2623,990.35,724.32,1069.064121331445,732.5554906233434,741.57776,912.2702,776.3981972591794,-292.66592
random_within_well,2629,992.18,1051.28,1033.1759465140806,1057.3667514068336,1059.3826,1007.40356,1039.5820615691648,6.406115
random_within_well,2638,994.93,1094.65,1083.601829622998,1055.0629357882217,1041.4883,890.42255,1039.871605013623,-43.730225
random_within_well,2642,996.15,1060.8,1129.6587490288862,1043.8910590420166,1044.8407,1027.3253,1048.4165920464643,-81.24216
random_within_well,2644,996.77,1097.34,1105.1483452081911,1031.973680472845,1037.5571,1026.5896,1036.5041115045778,-68.64423
random_within_well,2647,997.68,1089.13,1030.4858874203305,1041.3744164024833,1045.9558,1001.4885,1033.0749811054807,2.5890937
random_within_well,2650,998.6,1133.88,1058.0888344667035,1113.1902777831185,1109.2881,999.9956,1108.8955017945843,50.806667
random_within_well,2653,999.52,1149.88,1076.0572065882911,1153.3283574283378,1158.6207,1036.155,1160.3205503993263,84.26334
random_within_well,2654,999.82,1194.28,1070.1193530410035,1149.7304457365558,1153.5829,1010.51245,1135.11533997948,64.99599
random_within_well,2656,1000.44,634.13,965.2645795372417,1017.0200556367254,888.52997,797.23694,959.5087144401958,-5.755865
random_within_well,2662,1002.74,843.4,1023.4773377902525,799.2123557508858,755.2543,890.88983,752.9530763156431,-270.52426
random_within_well,2663,1003.05,821.06,1028.9844159753686,856.753089354462,855.0881,902.0002,862.2982434900171,-166.68617
random_within_well,2669,1004.88,731.15,1038.613416664576,820.7027720516162,809.9494,933.9208,813.4299755024667,-225.18344
random_within_well,2673,1006.1,794.99,1028.4006251590486,769.5985395708894,769.1118,876.1558,798.7823390262361,-229.61829
random_within_well,2676,1007.02,996.88,1024.0002783290656,908.5467145757199,918.00244,879.124,926.2619207851203,-97.73836
random_within_well,2678,1007.63,1103.61,1043.9070889547575,1067.588417024592,1045.4863,894.662,1024.1228844717252,-19.784204
random_within_well,2683,1009.16,1064.73,1039.4031012626447,1033.4907935612166,1040.4381,994.4052,1035.7856448264874,-3.6174564
random_within_well,2684,1009.46,1045.56,1029.2617969608825,1067.836436551142,1072.0627,914.9679,1063.2374019718688,33.975605
random_within_well,2697,1013.45,803.96,1070.3338187378863,891.4571298047146,847.57837,934.97363,858.2714255494097,-212.0624
random_within_well,2699,1014.06,847.33,1031.9108603178918,834.526236228497,854.8696,916.5453,868.992937344259,-162.91792
random_within_well,2715,1018.95,858.08,1025.6795185459769,823.5336901277764,824.2081,983.5863,830.0783832920706,-195.60114
random_within_well,2716,1019.26,845.19,1021.5235674636348,824.8566243034608,835.1334,912.12006,842.8129961745723,-178.71057
random_within_well,2718,1019.87,906.76,1035.8721101590834,789.6328029364377,813.6363,1008.1916,805.1005037137709,-230.7716
random_within_well,2722,1021.09,813.68,1019.4026476361265,816.7640718509094,801.0046,911.0088,803.4806963421812,-215.92195
random_within_well,2728,1022.93,840.5,1009.4810375274128,841.073408605458,855.57104,901.56287,856.8067974151081,-152.67424
random_within_well,2741,1026.92,883.04,1024.608494959918,861.5556913806171,901.17206,923.55786,903.0517780409727,-121.55672
random_within_well,2742,1027.22,970.33,1014.5295417110424,880.9004097507787,884.2614,921.38074,887.4423072139721,-127.087234
random_within_well,2753,1030.28,866.22,1015.5151631074075,833.4701610001149,846.62384,985.1894,856.0527149872903,-159.46245
random_within_well,2754,1030.58,886.49,1020.3461120893305,846.698138744826,864.973,926.8484,885.5521210004633,-134.79399
random_within_well,2755,1030.89,900.14,1005.4355927926396,887.4190714219088,880.4878,859.56854,883.3247834664677,-122.11081
random_within_well,2758,1031.81,940.62,1029.8509989137049,877.5663350134693,900.35187,993.8417,903.0596933717127,-126.791306
random_within_well,2759,1032.12,782.93,984.1456973104912,903.093019016882,880.31445,844.96515,899.3380953817802,-84.8076
random_within_well,2763,1033.34,864.91,985.8417793681656,792.947971227563,801.09894,856.7311,809.7641426494156,-176.07764
random_within_well,2764,1033.65,816.02,981.993378128512,818.7485946855447,832.86926,858.66724,847.0356754917932,-134.9577
random_within_well,2770,1035.48,761.35,988.5251750659654,778.5475068776818,775.4376,858.68964,785.4112834644029,-203.11389
random_within_well,2775,1037.01,765.28,987.8483888364871,766.6343414285691,780.61096,849.36554,784.8582917905886,-202.9901
random_within_well,2787,1040.68,860.7,988.4364483327793,794.6645895581375,808.5011,845.8857,810.6951000661777,-177.74135
random_within_well,2789,1041.29,774.52,989.1756964978528,791.4087738386039,804.61426,844.1643,805.9215155896496,-183.25418
random_within_well,2794,1042.82,1164.36,995.4106411435887,1124.3536576800245,1128.9209,984.3192,1123.3506512143895,127.94001
random_within_well,2795,1043.12,1149.33,1009.6729497220167,1148.9127441004607,1174.9388,991.6906,1158.323676040376,148.65073
random_within_well,2798,1044.04,1132.3,997.9856646114541,1026.500807985738,1032.1533,986.5497,1029.305805450077,31.32014
random_within_well,2801,1044.96,1113.34,1001.887839969653,1134.4444640232357,1129.5795,983.9431,1109.7391964760006,107.85136
random_within_well,2802,1045.26,1138.85,1003.4999548843294,1117.9947932505952,1095.5653,975.51794,1074.4872519424348,70.9873
random_within_well,2803,1045.57,1125.2,996.243221783202,1120.3699954178826,1110.3289,1000.8303,1103.5360226865223,107.2928
random_within_well,2812,1048.32,1091.55,985.5982340579029,1129.4220642802256,1113.3756,900.81287,1085.643499255657,100.045265
random_within_well,2815,1049.23,1140.16,1003.3594431250505,1080.745418628384,1073.6718,983.9311,1056.9695810645035,53.610138
random_within_well,2820,1050.77,1031.56,996.4631525801196,1050.209713098327,1033.1149,992.6075,1028.7279726789966,32.26482
random_within_well,2825,1053.39,686.47,1001.6744517368714,693.4627629360422,671.0394,897.31067,679.8260630649964,-321.8484
random_within_well,2835,1056.45,1213.8,1012.0565070716633,1147.1411674290148,1168.3354,983.83734,1143.6951179115072,131.63861
random_within_well,2836,1056.75,1159.33,1009.9443272902258,1152.288023159038,1154.6796,982.7654,1141.6441563917883,131.69983
random_within_well,2843,1058.89,1109.68,1006.6702597268799,1110.6664946201977,1105.471,992.96783,1105.487299216626,98.81704
random_within_well,2846,1059.81,1209.59,1013.7393984054089,1052.7102253302546,1061.071,977.03827,1050.5859827254772,36.846584
random_within_well,2847,1060.12,1103.06,1009.3475229191102,1129.9738451403848,1128.5056,994.60913,1141.7987558292666,132.45123
random_within_well,2850,1061.04,1084.45,987.1381459622096,1138.137549037453,1159.0776,1001.1619,1134.096001186819,146.95786
random_within_well,2851,1061.34,1108.1,1017.3984284630532,1065.5438038606005,1082.4827,1042.1638,1079.2998795738931,61.90145
random_within_well,2855,1062.56,1105.2,1011.841701580658,1108.2304548661757,1092.4286,1055.0227,1096.3032646910096,84.46156
random_within_well,2858,1063.48,1130.16,1010.9707045605435,1162.6131656016917,1155.5161,1007.55615,1151.6430525830044,140.67235
random_within_well,2860,1064.4,1136.23,1032.703511114064,1104.9000442606448,1099.6587,1003.0118,1075.3389862727554,42.635475
random_within_well,2862,1065.01,866.01,1034.6567782475458,917.1837852755438,906.5047,983.3822,918.8598498417841,-115.79693
random_within_well,2864,1065.62,932.76,1027.550510011016,853.899956059073,855.8095,988.23193,882.720416627227,-144.8301
random_within_well,2874,1068.67,933.51,1014.5646102836546,898.0136668278147,902.576,984.2232,913.4021499565062,-101.16246
random_within_well,2879,1070.21,932.2,1035.1388911607164,959.9089155739391,957.9005,993.9333,948.7100352647203,-86.428856
random_within_well,2880,1070.51,975.09,1023.1458235519108,931.5335062470178,933.74005,981.6503,927.7718306319889,-95.37399
random_within_well,2881,1070.82,1000.05,1019.5614663351961,976.6362482687754,972.1065,997.8751,975.6205407370516,-43.940926
random_within_well,2882,1071.12,948.55,1028.8816420889766,1000.2384134263634,994.485,959.1116,985.789707884875,-43.091934
random_within_well,2885,1072.04,898.35,1033.8388050953017,1034.6016739396105,1001.3172,949.64,1002.6305169025527,-31.208288
random_within_well,2895,1075.1,948.27,1081.2150850627313,970.4817144927827,951.8122,1018.05597,964.5844774577508,-116.63061
random_within_well,2899,1076.32,962.2,1050.226118674876,946.7559028835616,928.70294,996.23773,931.006880393626,-119.21924
random_within_well,2900,1076.63,965.09,1060.9138390164483,952.5527312672749,950.8664,988.3639,957.7750221829522,-103.13882
random_within_well,2905,1078.16,982.19,1025.0622927548654,851.5738475724254,874.94464,982.81104,886.4269625546701,-138.63533
random_within_well,2925,1085.69,970.88,1038.0452237095092,1000.5770304788804,1002.52875,991.0006,987.552502151892,-50.49272
random_within_well,2926,1085.99,974.54,1010.21465883817,977.8589865416649,977.85223,937.1636,983.1528073367051,-27.061852
random_within_well,2929,1086.91,954.82,1101.8878420976653,1045.8910571118413,1037.5718,972.11743,1008.2557086137786,-93.63213
random_within_well,2932,1087.83,1017.91,1042.3697732653832,1024.9458952027621,1008.07666,989.5996,999.9981111254906,-42.371662
random_within_well,2934,1088.44,960.34,1030.5417599530667,963.0764893222623,972.40906,980.7588,970.1858105512113,-60.35595
random_within_well,2942,1090.9,1125.68,1065.2434947010997,1045.7740827559494,1048.4473,1015.9458,1053.783769321156,-11.459725
random_within_well,2944,1091.51,1055.49,1039.303169008172,1073.4944007439672,1075.69,970.2526,1068.9617860278254,29.658617
random_within_well,2949,1093.04,991.64,1058.500370874765,1035.033300967494,1013.26,991.73364,1016.6472176460052,-41.853153
random_within_well,2966,1098.23,1028.94,1049.3011720254397,999.9923113443712,1003.9276,998.14325,997.6808488442873,-51.620323
random_within_well,2970,1099.98,1075.48,1012.0181867584909,937.2856328527821,936.8206,967.06177,922.0298673615182,-89.98832
random_within_well,2972,1100.59,1081.83,1015.2616489281241,1070.4891496602386,1064.0807,1045.6687,1065.0314128746572,49.769764
random_within_well,2977,1101.81,1070.24,1025.8280766248774,1123.5724367558842,1110.5598,1024.5255,1093.2442753553462,67.4162
random_within_well,2981,1103.03,1071.55,1024.974967876989,1122.9331395206793,1108.8926,1004.9598,1101.6472243467156,76.67226
random_within_well,2987,1104.86,1041.83,1023.1320687001373,1117.7370291252275,1107.8857,1043.5201,1100.8931160634186,77.76105
random_within_well,2992,1106.39,1212.21,1011.3112828551824,1125.3209924388182,1104.7678,1005.658,1089.0727193175849,77.76144
random_within_well,2995,1107.31,1246.06,1030.5667046102744,1146.1317725532485,1147.5632,1006.4309,1145.249604085372,114.6829
random_within_well,3002,1109.45,1057.07,978.8734762362758,1101.5183315927536,1078.7434,944.2717,1060.7108175448695,81.83734
random_within_well,3003,1109.76,1131.75,1007.1308232183933,1036.9771472820437,1023.92584,1089.5625,1024.9563294287204,17.825506
random_within_well,3007,1110.98,988.47,1008.6437907622899,1071.741630195774,1067.5343,1044.9524,1070.0666919158543,61.4229
random_within_well,3008,1111.29,942.75,1013.3596105169953,1014.1347117544954,998.91675,1113.3151,1001.3546590399445,-12.0049515
random_within_well,3012,1112.51,1087.62,1008.1764725205105,1068.8360413852838,1050.4658,1094.6111,1051.313240861575,43.13677
random_within_well,3025,1116.49,1070.52,1009.9759382851254,1080.5768306686296,1075.9535,1069.3467,1079.650826895965,69.67489
random_within_well,3032,1118.62,1154.64,1030.242172405335,1106.4521284584052,1140.1288,1107.5209,1139.5096742363896,109.2675
random_within_well,3035,1119.54,1098.65,997.6571350635433,1090.664443585322,1093.111,972.63513,1079.6147614063166,81.95763
random_within_well,3043,1122.0,1103.06,1003.7484450613182,1074.3029799032547,1088.9075,1152.1246,1092.048318413369,88.29987
random_within_well,3045,1122.62,1121.47,992.5033077210339,1094.261126875804,1144.211,1120.231,1122.308269879237,129.80496
random_within_well,3050,1124.14,1145.95,1002.0042244599291,1147.4751517155921,1156.5571,1140.7292,1145.9472939179368,143.94307
random_within_well,3065,1128.73,1155.67,1016.5567188973328,1146.9409803290014,1185.1947,1129.657,1184.7662831063171,168.20956
random_within_well,3066,1129.04,835.47,1004.4468123820541,1148.2833548877406,1160.4401,1091.2898,1135.3397262004135,130.89291
random_within_well,3075,1131.79,1238.76,983.930793785305,1144.7519000501,1178.5605,1103.1228,1159.169288658352,175.2385
random_within_well,3076,1132.09,1185.87,995.9932391525851,1202.3893378252326,1202.8597,1148.2041,1191.3615252853976,195.36829
random_within_well,3078,1132.7,1151.47,996.169907160334,1152.2367168807384,1189.8848,1149.119,1164.3050542550604,168.13515
random_within_well,3080,1133.32,1144.91,1008.0623568083824,1139.931805464735,1165.5731,1134.2363,1163.7893923308434,155.72704
random_within_well,3090,1136.37,1113.89,1006.1052587499131,1076.4450160809397,1111.0646,1136.3932,1098.564616965245,92.45936
random_within_well,3094,1137.59,1165.94,1007.6487333951142,1146.2039284949515,1167.1685,1126.9432,1154.2465422330047,146.59781
random_within_well,3100,1139.43,1250.55,996.8560963372679,1220.673775911987,1258.7543,1137.2352,1247.9843769769163,251.12828
random_within_well,3109,1142.18,1253.72,993.3491236467132,1199.949901552046,1192.4115,1031.5253,1188.0473658342132,194.69824
random_within_well,3113,1143.4,1273.16,993.8278533006379,1165.0889452553595,1155.0918,1024.099,1138.1949797654815,144.36713
random_within_well,3114,1143.71,1230.62,992.216774708738,1212.2919631107857,1242.7877,1048.1019,1223.4000785417456,231.1833
random_within_well,3116,1144.32,1231.65,994.1226240864903,1170.0878394816652,1176.4215,1012.9833,1161.4070021382481,167.28438
random_within_well,3119,1145.24,1160.43,1003.6310809469988,1164.2940215896267,1175.9427,1055.1271,1160.5936053610612,156.96252
random_within_well,3123,1146.46,1252.96,991.9650901323696,1161.583118199502,1174.7731,1021.0413,1154.2182944780727,162.2532
random_within_well,3125,1147.07,1202.21,996.1981629178706,1160.7037689662814,1180.9474,1001.3445,1166.0482910916987,169.85013
random_within_well,3126,1147.38,1152.02,991.3340305079302,1161.5633620927317,1171.4719,1070.7775,1152.0548099268754,160.72078
random_within_well,3128,1147.99,1236.62,992.2729634192755,1105.847138375874,1110.9921,1064.0294,1101.402319803553,109.12936
random_within_well,3129,1148.75,649.1,820.9282150379047,1055.4952741653121,897.6339,707.72723,852.1603107562885,31.232096
random_within_well,3130,1149.08,664.61,790.5201584632296,612.3221350666049,722.8147,766.1534,624.9192215735811,-165.60094
random_within_well,3132,1149.74,723.22,898.5043762670272,724.559205527662,736.5201,841.83746,677.8810699926131,-220.6233
random_within_well,3133,1150.05,743.49,1006.2767302647912,794.2641475015357,772.62103,876.5038,782.9161803380334,-223.36055
random_within_well,3139,1151.88,751.14,1018.0681253604903,726.3433537978702,685.53143,935.6382,711.0037027530684,-307.06442
random_within_well,3148,1154.64,714.8,1000.1634577228089,735.8742387213165,748.6501,921.49677,751.3698786212464,-248.79358
random_within_well,3150,1155.25,689.09,1004.5601931946921,712.7320370161191,674.70166,915.3874,684.5996219056296,-319.96057
random_within_well,3153,1156.17,931.72,879.6706837474247,783.7323840279906,758.9013,825.546,697.241789704456,-182.4289
random_within_well,3154,1156.47,785.0,969.0608892033874,811.1270650358639,795.22766,863.62244,846.1940068791687,-122.86688
random_within_well,3162,1158.92,851.26,1046.3042320281834,863.5777960862255,902.02795,983.3449,903.1973899871678,-143.10684
random_within_well,3163,1159.22,850.22,1048.549017228205,860.0080186851158,875.3559,982.2453,895.3264983073066,-153.22252
random_within_well,3165,1159.83,994.81,1035.5773338632396,868.0212242447099,907.73615,996.81775,913.5994819955638,-121.97785
random_within_well,3166,1160.14,1123.89,1048.0273529019655,1033.1509811841888,1070.2255,1015.19073,1050.4045041528047,2.3771513
random_within_well,3167,1160.44,1098.65,1042.7284148736776,1065.4554960573334,1103.1299,1033.1237,1087.574381212789,44.845966
random_within_well,3169,1161.06,1094.65,1040.0144594670146,1136.394049857458,1189.0421,1153.5477,1174.948892450413,134.93443
random_within_well,3172,1161.98,1093.62,1028.679691923443,1083.4049972389955,1075.7418,980.43884,1071.5622793563043,42.882587
random_within_well,3176,1163.21,955.65,1008.9941086887565,1060.4866730203548,1063.3782,987.1833,1068.2144570469109,59.22035
random_within_well,3185,1165.96,800.23,1047.7673533567881,897.3930708665046,897.676,964.84845,905.8935893187022,-141.87376
random_within_well,3196,1169.4,1001.09,1007.3597137278044,905.871539257693,890.98895,959.6731,897.0282928293669,-110.33142
random_within_well,3199,1170.32,889.94,1020.7429095689342,891.3772409115729,889.94653,831.7243,909.2539416734264,-111.48897
random_within_well,3206,1172.45,804.72,983.1242559596323,805.5027428881497,775.6774,835.36633,792.6835516139291,-190.4407
random_within_well,3207,1172.76,899.66,998.9358417452042,858.2667907997956,797.0334,840.4097,790.1708728731339,-208.76497
random_within_well,3209,1173.38,730.32,966.7526727282712,859.2480248530472,862.48645,868.2749,856.5031228625486,-110.24955
random_within_well,3213,1174.6,775.83,981.6977331441931,764.7807905337321,754.8868,840.63916,755.8306219381384,-225.86711
random_within_well,3220,1176.74,739.56,1001.2615497898958,811.1499453579333,806.05554,890.47144,799.2158954930208,-202.04565
random_within_well,3221,1177.05,999.78,1018.6564938247571,849.6897208232319,780.9846,981.4007,786.8442227065931,-231.81227
random_within_well,3226,1178.57,839.47,1045.9940388737741,832.2117883981114,866.4797,922.44257,862.735234552485,-183.2588
random_within_well,3231,1180.1,796.3,1041.423743333669,915.7214865906302,917.4006,963.8497,920.747687425466,-120.676056
random_within_well,3235,1181.32,863.87,792.2551520159262,908.2579339409293,925.25745,821.1171,927.1416724016684,134.88652
random_within_well,3237,1181.94,738.25,963.2273971328098,835.6709459831845,841.7672,837.86786,823.8041641005832,-139.42323
random_within_well,3240,1182.85,995.09,992.2530425685233,884.5010196430617,894.0175,832.5623,884.8487380641287,-107.404305
random_within_well,3245,1184.38,785.82,1039.5312697729246,835.5242734842809,855.60535,932.97864,854.5964858373777,-184.93478
random_within_well,3250,1185.91,972.47,1057.995434760326,975.7509934258068,970.8009,923.81915,963.998639106029,-93.996796
random_within_well,3252,1186.52,784.79,1047.0891188720348,899.5685920596235,883.6173,898.8787,895.7282027343394,-151.36092
random_within_well,3264,1190.19,939.58,1031.54396061291,840.9022379897366,855.4448,862.41534,852.7668762623241,-178.77708
random_within_well,3265,1190.5,885.18,1044.7172157881937,896.0910046039625,901.3688,857.16144,907.1457893965921,-137.57143
random_within_well,3268,1191.41,860.5,1014.6278804166883,914.8637659407148,915.30054,861.9508,908.8023875578016,-105.82549
random_within_well,3270,1192.02,895.66,1032.4376925394313,852.4491119596111,852.55853,858.0675,862.1973360941188,-170.24036
random_within_well,3279,1194.77,1368.31,1050.8884972032781,1055.1755838718914,1076.7328,991.8695,1039.3236587938543,-11.564838
random_within_well,3288,1197.53,1034.73,1060.2239372211295,1018.7580415281816,1022.50696,975.177,1049.0677463489371,-11.156191
random_within_well,3295,1199.67,966.13,1045.1104494185356,886.7967825087928,888.0112,962.9343,912.6283937544731,-132.48206
random_within_well,3299,1200.9,1148.02,1031.9149227656806,867.8654381383473,903.61456,913.9746,902.4705410518134,-129.44438
random_within_well,3305,1202.73,996.12,1015.2250166092465,912.6589492859272,904.65295,916.86005,913.3450040970395,-101.88001
random_within_well,3306,1203.04,877.04,1008.6678437884882,962.4069093655219,967.936,938.00433,962.2376527484491,-46.43019
random_within_well,3307,1203.35,950.89,1006.9141130160201,904.7720176811392,926.7976,871.85187,923.1088990877975,-83.805214
random_within_well,3308,1203.65,964.82,999.398373867734,845.6322273376583,884.30975,878.1652,898.0505268828707,-101.34785
random_within_well,3309,1203.96,809.75,999.848630919098,876.7994733025204,931.2539,866.9956,929.039175047516,-70.809456
random_within_well,3316,1206.1,1016.12,1019.8883059483031,982.8236473949114,1022.577,915.0954,1007.5570815067748,-12.331224
random_within_well,3320,1207.32,1429.33,990.9391505078602,1012.7885241486686,1025.7157,883.6566,1021.4652163342762,30.526066
random_within_well,3323,1208.24,1068.66,993.3270621568383,1067.9856717728273,1106.8348,1023.20514,1097.0525641709985,103.7255
random_within_well,3334,1211.6,1104.92,990.2086004991378,998.8161752082378,993.8585,830.89703,1000.1703486223067,9.961748
random_within_well,3337,1212.51,921.45,958.8865508098293,1101.4967398962917,1158.9648,904.0971,1097.8390044231105,138.95245
random_within_well,3340,1214.11,819.19,992.9093716703356,1058.9193331004212,1089.4221,867.53625,1074.5734341703355,81.66406
random_within_well,3349,1216.87,716.94,999.1806551550103,915.3508561819051,942.55676,899.32715,904.2481218908501,-94.93253
random_within_well,3352,1217.78,716.39,1008.1914004927387,798.1229500708107,753.7994,865.6367,746.1379336958637,-262.05347
random_within_well,3357,1219.32,720.87,1001.1535144172426,746.7182295167569,726.37946,827.4534,732.7316394172426,-268.42188
random_within_well,3362,1220.84,923.59,1008.4850459764982,827.7130343015816,821.8619,834.46967,833.5681453417326,-174.9169
random_within_well,3365,1221.77,848.09,1009.9075675695996,841.5125275786943,842.6587,837.5848,848.266072818623,-161.6415
random_within_well,3370,1223.41,518.99,1020.1729886618091,838.7584142077086,816.03723,840.0305,801.6491696920825,-218.52382
random_within_well,3379,1226.32,973.78,986.8212083934675,825.4751367548441,800.67285,761.1621,807.7750505565534,-179.04616
random_within_well,3386,1228.47,778.72,1040.0160492765597,876.7169460359146,862.208,867.4764,864.3294648039034,-175.68658
random_within_well,3393,1230.61,785.27,1032.362493202519,824.0554253064277,790.74146,872.8425,812.1327110980269,-220.22978
random_within_well,3395,1231.23,769.28,1039.9819000611658,787.0996131362148,781.27936,867.43,788.7759979615564,-251.2059
random_within_well,3399,1232.45,758.45,1036.9284079031227,814.5093478744982,797.50836,826.776,799.9313986257789,-236.99701
random_within_well,3402,1233.37,757.69,933.3052004217915,719.2712222064588,748.47015,776.2996,735.2812441229634,-198.02396
random_within_well,3404,1233.98,716.11,957.3203614575536,737.9657848566794,740.6812,847.78564,744.4115784985693,-212.90878
random_within_well,3405,1234.29,714.6,1000.8529576035518,774.2970231015894,765.1194,864.80853,757.6321476670283,-243.22081
random_within_well,3412,1236.43,766.1,999.9075184431331,788.0432927216868,812.8439,889.9348,825.6343708601253,-174.27315
random_within_well,3414,1237.04,785.55,999.1520900555058,799.8103629001972,803.04095,881.1249,815.3386134930058,-183.81348
random_within_well,3429,1241.64,750.59,1002.0329152943765,791.7610358113078,809.0914,883.58875,817.3860036732827,-184.64691
random_within_well,3433,1242.86,824.16,1039.9138759880136,810.6289774511034,802.3127,907.0339,805.5739101677011,-234.33997
random_within_well,3438,1244.39,862.29,1027.3509108738729,764.6540971212765,756.3654,896.5631,771.7823073582479,-255.5686
random_within_well,3439,1244.69,775.83,1031.1537313059562,825.5495054730148,801.2177,882.51776,800.6044454172843,-230.54929
random_within_well,3442,1245.61,869.94,1029.4478112403817,885.5843999711178,868.5569,874.75745,860.9866753761239,-168.46114
random_within_well,3443,1245.92,898.56,1021.0033048448041,814.6571331276137,828.679,879.0241,838.5939420518354,-182.40936
random_within_well,3455,1249.6,956.68,1008.1377682358021,826.7277502596453,793.5743,815.3715,786.4797176986928,-221.65805
random_within_well,3469,1255.07,789.75,1016.4203319734329,913.9120328657316,902.9553,846.1757,939.923421878218,-76.49691
random_within_well,3479,1258.45,814.44,1014.8635892430742,826.555636066395,830.90436,845.815,839.4398221532305,-175.42377
random_within_well,3483,1259.79,814.23,1035.7690864418623,847.3536017155443,826.96643,819.813,837.8529029701826,-197.91618
random_within_well,3484,1260.1,771.9,1037.9048250237445,837.460442483627,853.82764,819.91864,844.8045137444476,-193.10031
random_within_well,3491,1262.25,1188.01,1046.2453657936733,887.9040689814312,870.51483,871.66956,867.3009993385951,-178.94437
random_within_well,3492,1262.57,780.79,1019.195115826894,1085.759793531879,1073.6721,837.88,1067.883394025136,48.68828
random_within_well,3497,1264.11,803.68,1032.044097087841,782.1215608352111,784.8884,854.4234,806.7909995536613,-225.2531
random_within_well,3499,1264.72,741.14,1019.6932133614098,827.0943093703307,832.7813,877.21173,851.2542485176598,-168.43896
random_within_well,3501,1265.34,749.28,1027.6802938899407,802.4063543536981,827.0211,888.2043,835.4927481135735,-192.18755
random_within_well,3504,1266.26,764.24,1047.5635677885493,814.2944626527268,798.7347,869.76843,812.5345303129634,-235.02904
random_within_well,3505,1266.57,855.74,1046.7839462501345,809.3264071163381,807.4543,863.63763,807.8053695899782,-238.97858
random_within_well,3509,1267.81,812.37,1027.666810047579,766.864154435451,755.45044,859.5669,783.4246378063681,-244.24217
random_within_well,3515,1269.66,785.55,1027.9383912620901,780.8003496726742,763.9296,828.29755,783.9612489281058,-243.97714
random_within_well,3516,1269.96,698.26,1030.4258333119792,787.5929982858759,792.6344,835.6312,799.2301698598308,-231.19566
random_within_well,3527,1273.35,936.96,1000.0239949423546,841.6537210691447,838.2973,771.6457,836.3364033896203,-163.68759
random_within_well,3528,1273.67,936.96,1028.7477580656398,913.3638915735481,911.33154,815.0539,899.354737435757,-129.39302
random_within_well,3535,1276.14,839.67,1080.0151043817914,1097.7302238041239,1064.2417,843.0828,1048.2832680628217,-31.731836
random_within_well,3541,1277.99,824.16,1060.1040077228217,880.8966916991487,887.1109,850.378,882.4528846759467,-177.65112
random_within_well,3559,1283.54,855.46,1040.178309869566,850.4678109588422,854.4059,852.66095,848.262797784605,-191.91551
random_within_well,3573,1290.63,897.25,1053.0880547816112,827.0772647470061,895.53723,727.58636,886.2129021937205,-166.87515
random_within_well,3574,1290.94,880.7,1048.8641589508861,887.3538619619072,897.89,923.9482,894.0328448639721,-154.83131
random_within_well,3578,1292.17,947.24,929.6013039051176,916.1558312566693,900.21783,958.30023,869.8111351429105,-59.79017
random_within_well,3583,1293.71,853.88,1055.174505378342,894.5910256744407,877.6931,914.0688,885.2506009593967,-169.9239
random_within_well,3599,1299.87,817.33,1060.4080278629822,847.3980086563471,849.4093,955.0911,883.4500353092712,-176.958
random_within_well,3601,1300.49,769.48,1046.509967034458,843.8418942008473,856.8417,972.1655,884.1569702082861,-162.353
random_within_well,3612,1303.88,724.32,1023.6228287771302,811.0560004563707,795.752,776.4494,809.8391678884583,-213.78366
random_within_well,3626,1308.19,828.92,1024.1645471426016,773.5331698313779,850.9965,773.84174,843.2194330068594,-180.94511
random_within_well,3630,1310.59,759.28,1041.6292024958955,780.3334957802955,828.7209,871.0637,809.3108278621064,-232.31837
random_within_well,3634,1311.82,823.13,1041.2247647961397,746.4833431791843,759.0094,847.07336,770.353518458249,-270.87125
random_within_well,3661,1320.75,1160.15,1038.8978146638287,1005.8660080210341,976.17426,1065.3876,971.2132367219342,-67.68458
random_within_well,3662,1321.06,1305.22,1039.5304318759715,1152.7343826339009,1100.9061,1051.51,1104.9695264194286,65.439095
random_within_well,3671,1323.83,1360.18,1033.82409666863,1203.3644781314274,1199.096,1365.133,1207.2079772838645,173.38388
random_within_well,3674,1324.75,1281.57,1036.482857482113,1233.3823239982282,1262.0583,1311.4009,1269.2567069694178,232.77385
random_within_well,3684,1327.83,1183.25,1039.5184645450322,1187.5739343700277,1138.3699,1176.9172,1162.396966437122,122.8785
random_within_well,3692,1330.6,1630.18,1045.6792631139363,1091.369639697124,1082.1394,1404.1029,1075.2117700566853,29.532507
random_within_well,3698,1332.45,1660.94,1032.876723967487,1673.2832487558394,1646.2489,1476.4601,1655.6962430104556,622.8195
random_within_well,3704,1334.3,1730.58,1044.3156585105955,1694.7720310246839,1651.4982,1365.3794,1657.8782195457518,613.56256
random_within_well,3705,1334.61,1737.4,1035.2245262156493,1694.0359933211096,1643.4117,1455.6337,1647.6212547312743,612.3967
random_within_well,3708,1335.53,1630.94,1031.8075618401758,1693.3230258123237,1681.7527,1564.8232,1666.4458675042383,634.6383
random_within_well,3711,1336.45,1696.65,1042.239409112997,1688.8405907754022,1688.3066,1509.2489,1684.4985033512783,642.2591
random_within_well,3720,1338.92,1704.03,1038.3089424357222,1696.0308089470539,1667.5452,1351.2477,1639.301068900566,600.9921
random_within_well,3733,1342.92,1226.9,927.1373808696462,1231.7809803161304,1245.5244,1199.1644,1264.6407988383962,337.50342
random_within_well,3739,1344.77,1216.62,921.8521148439701,1233.4014378914549,1237.8505,1147.7544,1278.2517120119387,356.3996
random_within_well,3745,1346.61,1176.98,916.1283274776956,1206.4288476623894,1203.2462,1095.4854,1210.543702233555,294.41537
random_within_well,3749,1348.15,919.86,974.7545352990833,963.6237182332432,963.75433,1042.716,968.3071847970691,-6.4473505
random_within_well,3757,1350.62,890.7,968.4094584704501,876.4641688723119,863.5403,1037.1174,874.3788340808017,-94.030624
random_within_well,3758,1350.92,895.18,943.5927940970919,923.7176713050867,926.798,1016.1204,913.726800597336,-29.865993
random_within_well,3764,1352.77,1066.04,848.0134859753483,914.4822605475973,928.77185,1016.7905,927.6343203259343,79.620834
random_within_well,3767,1354.01,1062.86,1014.4654796568703,1049.3125177364188,1047.0978,1324.3599,1041.5741279570411,27.108648
random_within_well,3773,1355.86,948.82,1031.8187821650356,1070.8278524769796,1080.0038,1271.0802,1070.4486039423793,38.62982
random_within_well,3774,1356.17,1071.83,1024.2393424782874,972.2734190850715,1000.7045,1341.7032,1001.5673053536536,-22.672037
random_within_well,3780,1358.02,1014.53,1008.7253642460321,1075.5011541039348,1044.8059,1228.8154,1070.7551455875848,62.02978
random_within_well,3787,1360.18,1072.59,1010.2160336588755,1158.639047292584,1152.9567,1279.9971,1156.830184659852,146.61415
random_within_well,3794,1362.33,1614.4,1033.0213572021562,1599.5501508472412,1557.7765,1444.7299,1567.8228708740312,534.8015
random_within_well,3795,1362.64,1654.04,1020.5499389441836,1653.5595164125716,1661.6674,1446.5355,1668.8160522254336,648.2661
random_within_well,3796,1362.94,1633.56,1014.6298275176274,1638.883515842279,1622.459,1441.019,1623.6516170684085,609.0218
random_within_well,3801,1364.48,1679.28,1029.58062790532,1638.6173396093861,1642.9257,1529.9192,1636.5603031982887,606.9797
random_within_well,3803,1364.79,1611.5,1026.2715194838652,1637.2597496894102,1659.366,1493.7422,1664.8833969252714,638.6119
random_within_well,3805,1365.41,1768.43,1021.5161179513675,1516.3014769698627,1563.779,1519.0759,1563.56067361543,542.04456
random_within_well,3807,1366.03,1643.84,1032.0890532620158,1693.1317427787646,1667.1245,1430.7366,1686.8865996487345,654.79755
random_within_well,3809,1366.65,1610.47,1029.4178544010103,1655.7942902203947,1634.9401,1550.7439,1629.032051178354,599.6142
random_within_well,3822,1370.65,1616.19,1023.8739641776933,1685.283369110104,1622.4767,1513.3304,1621.8687151542558,597.99475
random_within_well,3824,1371.26,1665.63,1028.1162817147363,1672.6073376745421,1619.6011,1489.2977,1623.1847021248925,595.0684
random_within_well,3827,1372.19,1680.86,1032.1816391616587,1691.3814648323444,1691.444,1487.8115,1677.0369858413462,644.85535
random_within_well,3830,1373.11,1686.93,1028.2425835103122,1685.9235996477967,1639.4651,1291.3312,1628.6716606587497,600.4291
random_within_well,3832,1373.73,1666.94,1020.0577607922359,1673.3959515333786,1664.9138,1334.437,1653.6924653820797,633.6347
random_within_well,3846,1378.05,338.41,1035.9260702205615,411.1129925286749,369.94495,918.86835,393.17460537681154,-642.75146
random_within_well,3849,1378.97,504.78,1035.300297846676,478.6113277616254,462.23987,946.93024,584.6554919384728,-450.6448
random_within_well,3855,1380.82,1492.42,986.2499914700418,1367.6488734502122,1392.894,1264.3186,1383.61818605012,397.3682
random_within_well,3870,1385.46,1306.33,1049.1992339675326,1385.777974654729,1389.6954,1223.154,1392.1657256667513,342.9665
random_within_well,3872,1386.07,1378.86,992.5415123469589,1349.3849872322699,1350.6938,1251.123,1343.1282738215682,350.58676
random_within_well,3875,1386.99,1301.57,1028.7071601595596,1258.7778847888353,1252.392,1209.7633,1260.2290870394424,231.52193
random_within_well,3879,1388.23,1313.64,1016.3489947994533,1376.038197795828,1341.8201,1248.4579,1367.335475512344,350.98648
random_within_well,3892,1391.92,1012.39,961.3221608934734,976.5969027168038,952.79645,908.3016,948.7376987276409,-12.584462
random_within_well,3893,1392.23,964.27,974.2879789152631,1004.4470275418134,992.4209,954.8378,985.8558604994306,11.567882
random_within_well,3898,1393.77,988.19,982.4071141476604,987.0573822603183,978.33954,1025.3185,980.5738925929043,-1.8332216
random_within_well,3905,1395.92,870.7,970.5031608552699,941.9053486092027,938.8947,879.936,921.1142448396449,-49.388916
random_within_well,3909,1397.15,919.1,952.0703564721382,944.7871216687255,942.1337,829.83746,934.9104806023872,-17.159876
random_within_well,3910,1397.46,876.49,1009.0300413079556,888.2930358807479,925.8013,1030.8896,920.9502607293423,-88.07978
random_within_well,3917,1399.62,917.79,967.8058577061281,949.6713348161745,1004.1282,964.8478,969.4698483229265,1.6639906
random_within_well,3922,1401.16,955.85,964.8749680984077,943.9589864351196,942.6844,923.04736,939.2420602309761,-25.632908
random_within_well,3929,1403.01,937.24,982.8613595470238,868.0366272468847,879.0212,1015.28534,877.9580163463402,-104.90334
random_within_well,3933,1404.24,965.64,987.4831055415547,870.8911178822507,880.15204,1021.3293,893.2780655635273,-94.20504
random_within_well,3934,1404.54,778.72,974.9504687180944,960.8422794322693,955.26013,1034.7914,953.5750643601842,-21.375404
random_within_well,3935,1404.85,915.17,967.5565407170286,833.3648021647698,835.6816,944.34247,828.2790291203489,-139.27751
random_within_well,3946,1408.24,955.85,939.0827322946666,899.2342808050311,881.80505,919.07544,873.4983130441783,-65.58442
random_within_well,3951,1409.77,936.2,992.5318034493145,912.7677522401566,921.5975,922.0151,927.9403422676738,-64.59146
random_within_well,3958,1411.93,1115.68,971.4569999337432,1157.1709972874023,1182.035,1010.6898,1175.2260429024932,203.76904
random_within_well,3964,1413.78,980.88,971.8264584006652,1102.1520991487255,1115.2913,1127.7745,1135.643291896759,163.81683
random_within_well,3975,1416.54,975.57,958.2484333129089,1115.8115841145752,1102.0881,1094.3021,1099.5605976195495,141.31216
random_within_well,3979,1417.78,1009.01,966.0577747907221,1141.5954515546348,1174.8209,1199.8784,1188.8327686872065,222.775
random_within_well,3980,1418.08,1012.94,951.0546560042177,1023.2721585982601,1030.0189,1058.2551,1029.2613744490418,78.20672
random_within_well,3984,1423.94,1116.51,985.3309319443638,1076.2092757943806,1071.491,973.20026,1085.3463662095005,100.015434
random_within_well,3996,1427.33,1175.39,951.2045345085977,1200.4926919268112,1156.2306,1015.19714,1167.0952052849648,215.89067
random_within_well,4004,1429.8,1318.12,986.6718789923352,1217.6319831284845,1223.878,1205.5422,1226.2735025274915,239.60162
random_within_well,4006,1430.42,1242.41,985.9810921027065,1262.2550814286044,1274.9178,1096.601,1269.6131111456752,283.63202
random_within_well,4015,1443.35,1060.8,949.186682005045,983.4646104862479,937.5756,938.1548,962.166080732462,12.979399
random_within_well,4025,1446.43,1351.01,992.4993412483697,1277.6734123327087,1300.3856,1396.348,1309.2354862679008,316.73615
random_within_well,4030,1448.58,1379.9,1000.1309961116613,1321.4833205449067,1346.7017,1323.9801,1347.4607995784581,347.3298
random_within_well,4031,1448.89,1412.79,1008.6396740739493,1343.5825087401543,1378.1526,1411.4998,1387.265131837621,378.62546
random_within_well,4032,1449.2,1369.62,1000.2785620078331,1324.5728011840652,1374.8644,1314.1243,1365.8433813437705,365.56482
random_within_well,4034,1449.81,1446.64,999.4398233996579,1349.5787490250652,1389.0548,1435.4597,1399.8819925891112,400.44217
random_within_well,4039,1451.66,1419.61,998.847326653395,1390.6433711844672,1378.3368,1353.3109,1370.0655883721452,371.21826
random_within_well,4046,1454.23,1497.66,998.8274450701765,1338.3053773627385,1412.1863,1394.278,1392.3694067400984,393.54196
random_within_well,4047,1454.54,1473.74,1006.1627136859304,1424.5857360463342,1438.3986,1438.3042,1435.4571777972585,429.29446
random_within_well,4048,1454.84,1492.7,993.6364588414227,1456.6870554806685,1503.484,1285.7672,1485.4652552281414,491.8288
random_within_well,4050,1455.46,1564.96,1009.5242084756011,1450.1234717117172,1515.6492,1406.5804,1491.9679035439603,482.4437
random_within_well,4054,1456.69,1444.3,994.5304368339395,1513.463914653754,1511.7656,1451.69,1506.5693772636268,512.03894
random_within_well,4060,1463.18,1526.55,994.526317701295,1524.5404960690028,1546.6531,1484.8884,1543.6335564708263,549.10724
random_within_well,4063,1464.11,1543.93,1000.9231183722429,1521.1144957903794,1534.9788,1470.6284,1511.2317731573992,510.30865
random_within_well,4071,1466.57,1562.89,988.1725326563837,1516.254995689119,1538.4364,1403.7675,1528.9204574610712,540.7479
random_within_well,4075,1471.19,1332.32,951.6452097261686,1485.8854536308863,1422.5281,862.4371,1373.526679452731,421.88147
random_within_well,4078,1472.42,794.24,958.7684119916299,802.0331249349779,832.4054,920.4099,815.2874244428018,-143.48099
random_within_well,4088,1475.5,706.94,960.4396492184939,720.7683701789371,731.6173,769.9535,735.0153175534548,-225.42433
random_within_well,4093,1482.89,588.63,965.7245427725342,699.1680868332588,714.2777,826.4841,691.1808416006592,-274.5437
random_within_well,4099,1484.73,683.85,935.6974006220545,712.0081048907903,710.0267,669.2489,704.4256721064295,-231.27173
random_within_well,4102,1485.66,659.09,922.1698650536924,699.8921818557045,681.8924,699.45776,673.7459606347471,-248.4239
random_within_well,4105,1489.36,1151.47,1007.717130992945,1155.980410541622,1163.6174,1088.85,1177.5176375847418,169.8005
random_within_well,4119,1493.67,1150.71,972.956294463741,1156.8575727065645,1143.6318,1086.3467,1155.4962572322956,182.53996
random_within_well,4125,1495.21,1293.71,972.8041412926925,1242.8326989621246,1263.0353,1097.4573,1249.9690888024581,277.16495
random_within_well,4127,1498.61,1030.25,926.1309625254776,1039.48283420971,1040.9695,902.92676,1049.7280770884659,123.597115
random_within_well,4128,1500.15,727.97,893.73042993993,1046.4108863919244,997.76685,880.3869,993.8647149130745,100.134285
random_within_well,4140,1504.16,854.15,934.3039133380968,821.565284882327,817.1077,890.39746,807.3245661090929,-126.97935
random_within_well,4155,1511.24,848.64,897.9688552871349,852.9308609604595,841.89435,875.12537,851.5798095718029,-46.389046
random_within_well,4162,1513.4,868.36,909.8053643920225,823.0353269005889,817.32263,856.96606,787.8036172606749,-122.00175
random_within_well,4169,1518.38,812.64,867.5261847168179,739.2246461370689,734.722,889.92017,703.3345038086147,-164.19168
random_within_well,4174,1519.92,869.94,953.138612878831,862.0688363882298,850.5232,928.782,856.374323022874,-96.76429
random_within_well,4184,1523.0,879.94,971.1657418362013,867.3010826486264,846.70465,911.1515,844.7299889675489,-126.43575
random_within_well,4189,1524.54,845.74,932.3694584606317,895.6641083299611,891.66284,898.43854,883.467305445495,-48.902153
random_within_well,4190,1527.31,755.35,928.1820880456669,854.3557530477425,836.68176,855.1986,855.8866092248661,-72.29548
random_within_well,4194,1528.54,689.09,918.9278449253773,748.3486589913722,785.9671,785.2899,767.9634589390491,-150.96439
random_within_well,4213,1537.47,885.73,942.3016237945799,762.956165985673,782.29376,831.4813,798.0039705963377,-144.29765
random_within_well,4214,1537.78,900.69,956.1082043976742,849.3150562850434,850.1819,806.0276,856.3985028595882,-99.7097
random_within_well,4215,1538.09,899.87,944.7945497659568,902.5087323327939,908.2486,845.6433,915.6239240793113,-29.170626
random_within_well,4220,1539.63,889.39,982.8808403429578,952.0798781973527,974.74,1026.653,969.5975304064343,-13.28331
random_within_well,4222,1540.24,927.52,954.0234986878669,911.6145796281623,905.3347,811.99445,908.5542832948005,-45.469215
random_within_well,4229,1542.4,966.4,990.6780512179612,964.9046388273778,985.3483,1027.4452,985.3089082087754,-5.369143
random_within_well,4236,1546.64,1226.62,974.1404845127646,1148.1385620066437,1107.589,1106.8131,1106.7912871250692,132.6508
random_within_well,4245,1549.41,1173.53,974.1355986124108,1179.6666422737424,1188.8243,1077.8373,1171.594628763778,197.45903
random_within_well,4252,1551.56,1069.41,936.1037721762884,1150.0992269604455,1129.5275,964.9668,1140.4886446128119,204.38487
random_within_well,4258,1553.41,873.6,887.9004024673551,1111.2712818206828,1079.8099,938.786,1086.0733608413784,198.17296
random_within_well,4269,1556.8,899.38,932.1337309111003,915.0512770706313,923.209,971.1764,923.3511381376628,-8.782593
random_within_well,4274,1558.03,938.82,940.2675744155938,903.4623806306085,866.9136,960.9191,871.2592888931329,-69.008286
random_within_well,4275,1558.34,971.64,976.7898643795319,905.322411209508,898.6594,1051.4689,900.4780205074616,-76.311844
random_within_well,4283,1560.8,1114.65,951.2216081649369,1062.5511639142137,1069.1233,987.13165,1060.4955186873979,109.27391
random_within_well,4287,1562.03,1159.88,985.5536368540605,1044.0443088124618,1074.0227,1072.7982,1061.443834607967,75.8902
random_within_well,4292,1563.89,892.76,991.8976597455322,1093.181228914259,1073.5515,1002.4058,1074.5995793011962,82.70192
random_within_well,4305,1567.89,1222.69,992.8929481477342,1180.5138295184029,1168.6512,1052.4008,1168.3290443391404,175.4361
random_within_well,4306,1568.2,1216.62,1008.7250775311279,1200.7351902894702,1198.8574,1107.3744,1201.966288468628,193.24121
random_within_well,4307,1568.51,1192.49,1005.6827771709316,1188.7846519092138,1193.0688,1095.3953,1199.3133466289394,193.63057
random_within_well,4308,1568.82,1232.96,1012.6535956385169,1179.3440285879049,1197.6489,1042.6094,1207.7470099451575,195.09341
random_within_well,4323,1575.89,937.72,964.6511380101258,935.3762830536182,956.48676,911.2231,952.7193104649598,-11.931828
random_within_well,4327,1577.12,1104.65,984.6263442092143,1050.2038025681115,1066.2072,988.2094,1060.1292433791361,75.5029
random_within_well,4329,1577.74,1116.78,1014.1463779351475,1066.4371925772734,1084.6274,1073.8943,1096.1142276665928,81.96785
random_within_well,4332,1578.66,1096.51,1007.6334116936277,1083.688607742368,1087.4536,1066.1345,1098.6160471916746,90.982635
random_within_well,4333,1578.97,1111.47,1001.8522103574411,1086.9741102097846,1091.1577,1058.4055,1100.3060448911324,98.453835
random_within_well,4334,1579.28,1118.37,1014.314549011385,1102.7314594623178,1103.1503,1067.0912,1114.3328290406819,100.01828
random_within_well,4336,1579.89,1099.68,999.9342323357158,1113.0791070285943,1104.8856,1023.3837,1105.2243782097394,105.290146
random_within_well,4343,1582.05,1107.82,1012.8185647091174,1057.1981006073877,1069.5151,998.5752,1074.3078873714708,61.489323
random_within_well,4348,1583.58,902.0,876.7322699076492,935.659156288682,928.7514,863.6173,954.4244467264969,77.69218
random_within_well,4349,1583.89,1007.7,968.3735814191829,903.6742105705591,907.9188,970.44745,893.6148076154719,-74.75877
random_within_well,4350,1584.2,996.12,975.8306773499744,990.8362052032745,960.2131,943.4473,958.8800242738025,-16.950653
random_within_well,4355,1585.74,991.91,960.502209892299,883.9956059888461,889.501,845.9049,873.0496036911271,-87.45261
random_within_well,4369,1590.05,948.27,925.6491086303922,912.8705873491749,900.3667,884.658,899.993228656027,-25.65588
random_within_well,4371,1590.66,935.1,933.7022086458028,971.3100504159347,951.75604,862.1427,946.4579135255635,12.755705
random_within_well,4372,1590.97,935.1,969.7851782586393,927.6465379573223,927.37146,869.2068,908.8607168938933,-60.92446
random_within_well,4386,1596.5,650.96,962.4009320720327,694.5318277504322,688.947,792.2014,702.4836041911733,-259.91733
random_within_well,4394,1598.97,291.59,967.3629393526595,708.8809158349796,700.431,856.1032,717.9505095430892,-249.41243
random_within_well,4397,1600.2,667.02,962.9346698228206,263.84754624421856,393.94476,826.9754,568.1096576157894,-394.825
random_within_well,4401,1601.44,750.59,969.2513043019578,776.6832572799392,787.92773,851.22864,790.494514140825,-178.75679
random_within_well,4402,1601.75,750.04,973.2780229926152,751.1880556667755,773.5813,934.842,781.921043622498,-191.35698
random_within_well,4412,1606.67,714.05,910.7346538961283,791.0480468112278,799.75116,674.9308,796.6403469503275,-114.09431
random_within_well,4414,1607.28,807.89,969.2109044934828,804.6315852549361,790.14136,788.7472,800.788831129225,-168.42207
random_within_well,4417,1608.21,806.85,947.6235798205092,766.0233674418363,777.1895,797.60944,756.4220112169936,-191.20157
random_within_well,4418,1608.52,724.53,968.6356642041928,791.5448053706592,792.7815,803.8776,791.8344099317319,-176.80125
random_within_well,4424,1610.36,752.93,976.3431643166579,762.7907460207044,783.61536,903.7122,779.9279574074782,-196.4152
random_within_well,4428,1611.59,796.03,985.4433289273156,733.0009793480956,878.5766,1139.274,850.1011353238,-135.3422
random_within_well,4434,1613.44,827.88,974.5933908005168,831.9493627184152,823.889,826.87085,833.3799356003215,-141.21346
random_within_well,4447,1617.45,746.94,937.4407094198651,757.519189935501,769.4578,775.8049,748.9858754354901,-188.45483
random_within_well,4450,1618.38,751.62,895.3840228687607,740.5934374137537,718.8016,746.6081,715.9137775074325,-179.47025
random_within_well,4453,1619.3,726.94,894.6440796801714,738.113375206774,735.16,738.47864,718.280935759273,-176.36314
random_within_well,4457,1620.53,681.16,946.6825033539542,750.0020446169889,761.8411,787.305,737.5712515228995,-209.11125
random_within_well,4458,1620.84,711.7,892.33101717894,721.2173850596772,719.3898,752.0711,698.0142447180025,-194.31677
random_within_well,4464,1622.39,740.32,936.8867893579335,737.632012325837,727.9199,727.9227,725.6720219018788,-211.21477
random_within_well,4467,1623.32,727.7,932.891763816519,728.2449745378243,715.9142,765.6356,705.4620457989408,-227.42972
random_within_well,4475,1625.78,723.49,858.9718789958367,744.4476955973058,734.97943,811.9057,689.1389169597039,-169.83296
random_within_well,4477,1626.39,689.09,922.4642461333173,708.6273545076168,696.0895,735.2178,685.9716466460126,-236.4926
random_within_well,4479,1627.01,771.62,991.3234644539166,726.1391844552285,676.5051,796.7169,707.0722132332135,-284.25125
random_within_well,4480,1627.31,665.92,1006.5072295314372,753.5788464178194,728.48395,941.36676,749.0674407130779,-257.4398
random_within_well,4482,1627.93,685.36,1013.1081949473221,729.5485882610496,722.8506,918.76263,749.5474344492752,-263.56076
random_within_well,4489,1630.09,610.21,986.4548330683568,686.7655460497755,688.7879,883.8971,672.9554434199193,-313.4994
random_within_well,4490,1630.4,673.85,993.9791070667569,681.1800395314219,632.7983,888.89105,633.0303155628507,-360.9488
random_within_well,4503,1634.4,968.26,990.782135677562,953.8663433397635,978.5715,909.14545,982.6683394434311,-8.113796
random_within_well,4504,1634.71,904.07,980.1056805724374,980.013971708908,962.9562,831.12506,971.4647837752573,-8.640897
random_within_well,4511,1636.87,904.07,994.4502450948808,920.0685508005323,909.50867,963.7964,914.9692956930253,-79.48095
random_within_well,4515,1638.1,888.56,1002.5933724842743,919.5292485568852,923.1459,982.57654,920.9836770497039,-81.609695
random_within_well,4528,1644.57,1020.05,984.8807722603001,1090.5842984406836,1097.9873,952.5161,1094.1015135322727,109.22074
random_within_well,4529,1644.89,1016.32,1019.0385068993388,1034.4056485375193,1047.6825,931.88135,1035.489100847703,16.450594
random_within_well,4536,1647.04,949.58,967.5722082298798,966.7395330909834,966.89154,812.1655,952.2147739571137,-15.357434
random_within_well,4545,1649.82,934.07,938.8784108943431,986.444792874106,941.8208,652.7469,951.5345865077464,12.656176
random_within_well,4552,1659.07,501.4,930.590387472107,468.58629394276613,485.35355,636.88794,453.5551396693726,-477.03525
random_within_well,4557,1661.23,300.55,949.327008288133,403.8961734012338,397.07074,562.2968,288.23637108110177,-661.09064
random_within_well,4562,1662.77,400.94,933.6950840818802,295.1440193241018,331.29764,411.55322,297.4817662107864,-636.2133
random_within_well,4586,1670.18,1038.66,1042.7910063582572,1096.8654875505695,1103.7643,1109.2399,1099.6241171675833,56.83311
random_within_well,4587,1670.49,1085.48,1033.8213837826956,1064.0677379265117,1083.6503,1132.709,1078.9221566403617,45.100773
random_within_well,4590,1671.41,1245.86,1008.9208136421472,1166.0506441578407,1142.6102,1082.044,1138.8985052925377,129.97769
random_within_well,4593,1672.34,1140.16,1004.2441043256619,1195.958383073347,1204.547,1184.251,1213.7001132367946,209.45601
random_within_well,4595,1672.96,1152.78,1019.6473076274069,1164.3168609137879,1167.3864,1123.4508,1188.1524040629538,168.5051
random_within_well,4597,1673.58,1212.69,1010.199371107414,1202.8433168420522,1186.1924,1100.3219,1195.643737562492,185.44437
random_within_well,4618,1680.06,1230.34,1003.5345204518811,1192.5831319927383,1198.101,1178.428,1201.3785756276625,197.84406
random_within_well,4631,1684.07,1143.6,1011.4812939929341,1116.4059658026508,1119.9396,1116.3748,1134.042085008559,122.56079
random_within_well,4638,1685.92,1130.44,1016.0109957589832,1125.5987497889942,1137.3904,1113.526,1156.5865725412098,140.57558
random_within_well,4645,1688.08,1148.29,1012.3666528552715,1220.9821223799668,1221.871,1111.266,1216.8920282214824,204.52538
random_within_well,4656,1691.52,944.06,1019.4195684811074,1186.1340896593183,1139.7378,1077.1635,1192.7195562740762,173.29999
random_within_well,4666,1694.65,1169.32,1030.170327801619,1183.6486642753923,1184.0317,1091.3887,1195.1341644715408,164.96384
random_within_well,4676,1697.73,1248.96,1018.0355165698836,1204.3990933807693,1203.6084,1106.1031,1206.4077242114852,188.37221
random_within_well,4679,1698.66,1091.27,1032.08449460064,1114.8055929498173,1109.8162,1088.9723,1104.4565954307182,72.3721
random_within_well,4680,1698.97,1114.16,1026.6787932930952,1087.2474501735385,1098.5803,1073.8103,1100.3464416085249,73.66765
random_within_well,4687,1701.12,1116.51,1027.6853320150874,1091.9732626114073,1096.8497,1055.8972,1101.011900618603,73.32657
random_within_well,4692,1702.66,1001.09,1026.5129955377527,1046.4486295585637,1051.7494,1047.7751,1057.2670429315515,30.754047
random_within_well,4693,1702.97,975.85,1024.604984568657,1008.221280837053,1015.1872,1062.1346,1014.1336415281908,-10.471343
random_within_well,4695,1703.6,977.71,1034.4262386592563,1038.4373875131166,1039.3619,1102.4502,1041.5955740245518,7.1693354
random_within_well,4696,1703.91,957.99,1041.8876391423676,979.6323168027087,997.8744,1108.6768,996.3090296758148,-45.57861
random_within_well,4701,1705.45,1041.35,1019.4647353404062,1093.3594623631195,1105.5433,1090.052,1114.7472670786874,95.28253
random_within_well,4704,1706.42,1078.93,1037.084621386524,1054.637110662268,1059.2537,1090.233,1060.8311538267096,23.746532
random_within_well,4709,1707.96,1016.12,1035.7371486586899,1064.034593534258,1061.9133,1090.4348,1061.313688651976,25.57654
random_within_well,4713,1709.19,981.64,1022.5895724872684,1050.136715040355,1050.0663,1049.5188,1049.6140227893925,27.02445
random_within_well,4716,1710.11,1009.22,1025.4860051950209,1041.5816561649256,1029.6168,1065.7705,1032.2677472909681,6.781742
random_within_well,4726,1712.89,1050.25,1028.625057848552,1038.096364175045,1045.1221,1029.6997,1042.6682745538742,14.043217
random_within_well,4727,1713.19,1056.59,1034.384564640995,1049.3116189529649,1050.7041,1052.5876,1047.060080769535,12.675516
random_within_well,4730,1714.14,1027.36,1033.9352947817274,1052.2048954576253,1055.5225,1072.1945,1053.1946598635145,19.259365
random_within_well,4731,1714.44,1023.42,1029.428594508175,1041.832027034432,1048.004,1068.6838,1056.8836440229454,27.45505
random_within_well,4732,1714.75,1075.76,1034.2976916815094,1023.9273257167971,1025.6349,1075.2744,1029.454377510672,-4.843314
random_within_well,4733,1715.08,1074.17,1045.146970523083,1068.4104303239071,1073.3229,1061.64,1075.8709161407587,30.723946
random_within_well,4740,1717.24,1008.46,1044.2927131691063,1025.389835520789,1026.7949,1076.3335,1027.8883113899315,-16.404402
random_within_well,4743,1718.17,1050.25,1045.2080198167273,1053.5643382259893,1056.1738,1102.8079,1071.8140645860144,26.606045
random_within_well,4746,1719.1,1010.05,1035.4594132402208,1050.1244069646373,1053.2196,1077.3605,1049.0007168748643,13.541304
random_within_well,4750,1720.33,1054.73,1038.850650622851,1093.8635517251364,1105.1216,1092.8135,1102.9799078249994,64.12926
random_within_well,4756,1722.18,1065.76,1036.2591148555043,1047.1819313137264,1053.1886,1041.8595,1053.0684467494252,16.809332
random_within_well,4758,1722.79,850.5,1037.141016124258,1069.8968718728809,1077.9081,1053.9177,1085.3660794482325,48.225063
random_within_well,4766,1725.28,986.4,1029.5593910192053,968.252985371341,971.0322,1048.9583,972.7188110326331,-56.84058
random_within_well,4772,1727.12,978.26,1038.6983823434882,996.5957455423604,1004.7012,1022.8514,1003.0984067575507,-35.599976
random_within_well,4787,1731.74,954.82,1019.7465315998994,976.8162059874405,991.7814,1021.4773,991.5580588520967,-28.188473
random_within_well,4789,1732.36,1029.49,1025.377928312532,1000.7013147622324,996.2244,1015.85876,1003.6941648085037,-21.683764
random_within_well,4793,1733.59,1033.7,1030.0230332457215,1048.960465844631,1055.3855,1085.2236,1056.0531655394227,26.030132
random_within_well,4810,1738.88,1005.57,1034.1262977650467,1016.3394064005346,1028.679,1020.31775,1027.282922559053,-6.843375
random_within_well,4814,1740.11,838.09,977.2878495511856,895.4952710772536,884.7065,983.8079,833.1974412259902,-144.09041
random_within_well,4817,1741.04,991.36,989.4235559152531,952.7927717363906,952.7374,1033.4961,958.365627829926,-31.057928
random_within_well,4819,1741.65,955.65,982.0334246604687,1015.6600967184015,999.105,1039.0336,991.4143250434643,9.3809
random_within_well,4832,1745.66,981.92,982.0444596934874,1020.2159927501446,1017.51135,1030.4119,1003.8995259929259,21.855066
random_within_well,4834,1746.28,1059.21,985.7040809797172,1037.657684905937,1038.0721,1001.45197,1034.3783439802055,48.674263
random_within_well,4837,1747.2,1046.32,967.7862159612783,1056.881373108491,1060.0558,950.9931,1059.284964740575,91.49875
random_within_well,4839,1747.82,1002.95,1002.3091750633922,1059.447529172265,1070.9612,1045.1603,1076.3247085106577,74.01553
random_within_well,4845,1749.68,973.78,997.4868453412133,1029.2517304772418,1031.2449,992.0709,1029.4716304211693,31.984785
random_within_well,4855,1752.79,997.91,1018.4482400055691,1044.321644534245,1052.6902,1027.3763,1056.3682152863307,37.919975
random_within_well,4856,1753.1,1009.5,992.8956425834259,1003.1618711781754,1017.7007,1007.8781,1012.1088002372345,19.213158
random_within_well,4874,1758.66,1040.8,979.1966431534393,967.1858246945627,968.4732,966.2532,968.2329218781097,-10.963721
random_within_well,4881,1760.81,985.85,1004.6039113281323,1007.3274507518419,1008.0137,1025.7875,1006.9061466930463,2.3022354
random_within_well,4883,1761.43,1048.38,985.3452328000002,1036.7299581871328,1030.2411,1012.91754,1019.266501263135,33.92127
random_within_well,4890,1763.58,996.6,973.2244551928391,987.4209844224143,989.8835,928.67017,980.0960806162705,6.8716254
random_within_well,4894,1764.81,945.1,1009.0221805466913,959.8684180363275,957.7142,1002.48206,963.7214031113886,-45.300777
random_within_well,4899,1766.05,1020.32,954.9277687329071,1046.0798885158445,1030.1735,908.3646,1018.7592888134735,63.83152
random_within_well,4902,1766.97,958.27,978.074419447632,961.4968597069206,962.2016,934.62244,967.3185247866822,-10.755895
random_within_well,4903,1767.28,926.41,901.9888193472758,995.0892745829457,969.76666,900.36536,961.0275575980082,59.03874
random_within_well,4905,1767.89,961.65,974.2618293218675,984.0873894337244,974.07446,901.4951,958.7723063879075,-15.489523
random_within_well,4912,1770.05,1000.33,952.4152757797365,982.7290491255344,998.08435,1001.6693,993.1371957931642,40.72192
random_within_well,4914,1770.66,1000.05,939.3341028420657,965.3054949637337,975.88135,946.0559,972.6318056313723,33.297703
random_within_well,4922,1773.12,889.11,952.3220753159962,909.1987517369471,904.0964,936.56616,893.7343410935841,-58.587734
random_within_well,4928,1774.97,855.74,957.3546089976636,857.8082468570359,868.90155,951.1053,853.120813831648,-104.233795
random_within_well,4932,1776.2,825.47,931.9602177291947,854.3474797315074,837.6861,912.75165,836.8200504928666,-95.14017
random_within_well,4937,1777.74,865.18,964.2635372852646,856.2093109772399,845.8066,894.92084,843.2206677173936,-121.04287
random_within_well,4939,1778.36,880.7,959.712377384458,854.0775468804095,850.00305,840.7675,844.7701013834815,-114.942276
random_within_well,4947,1780.82,863.32,954.9393024056317,888.2323820681579,878.71936,840.0428,857.3271731942059,-97.61213
random_within_well,4952,1782.36,777.14,1000.9479433030572,899.1383572096494,915.7799,964.88477,903.0203996629205,-97.92754
random_within_well,4954,1782.97,873.32,951.9601008060499,840.2623847178069,840.10443,850.6453,832.1227213504835,-119.83738
random_within_well,4955,1783.28,844.43,959.8582788914565,873.1956728062344,868.5833,847.83057,855.4940897435073,-104.36419
random_within_well,4982,1791.59,907.24,971.4859277817503,901.8682928985113,900.0108,886.97253,889.5480768296019,-81.93785
random_within_well,4988,1793.43,867.53,960.2828778095306,871.7736940960349,874.1843,868.78674,863.5608471698822,-96.72203
random_within_well,4990,1794.05,904.62,1007.0956742645818,861.600104596535,860.0304,989.6034,859.0424516083318,-148.05322
random_within_well,4993,1794.97,893.87,973.6368144119838,856.1059166852714,847.6642,954.76385,845.2138712967494,-128.42294
random_within_well,5014,1801.44,1009.22,1001.7068987219469,961.89998767566,975.77466,1144.2462,975.4773893683092,-26.22951
random_within_well,5018,1802.67,1061.0,998.848995442501,1060.4136809422462,1055.6094,1098.6173,1063.5855600787313,64.736565
random_within_well,5022,1803.9,1044.18,985.3685799769249,1047.1953697585498,1063.2563,1096.7665,1056.3429528406946,70.97437
random_within_well,5035,1807.9,1270.27,996.6068034653442,1275.1596459001457,1257.7118,1138.1356,1250.8456645493286,254.23886
random_within_well,5047,1811.59,1270.54,992.7305205542406,1306.4703908531508,1285.3285,1184.4567,1298.501119919475,305.7706
random_within_well,5048,1811.9,1331.56,983.7602031308521,1297.8658484382088,1271.4551,1165.1967,1296.9036662656176,313.14346
random_within_well,5054,1813.75,1322.6,980.3494990865174,1275.444638322104,1285.5878,1201.4406,1310.5502131978456,330.2007
random_within_well,5055,1814.05,1322.32,982.2894470993364,1274.8221664869839,1297.4131,1144.9629,1304.9882080856646,322.69876
random_within_well,5066,1817.44,1176.15,759.4799609023111,1178.2209477238869,1165.4373,1160.421,1157.3962206679362,397.91626
random_within_well,5071,1818.98,1255.3,764.5683777842895,1189.3299251294845,1201.879,1138.822,1214.9901917491334,450.4218
random_within_well,5075,1820.21,1220.35,767.7527863197133,1215.413409718391,1208.8502,1141.6964,1175.1480499915883,407.39526
random_within_well,5082,1822.37,1099.13,851.3545144101586,1093.3956832220977,1107.0559,1180.6942,1131.7062905332054,280.35178
random_within_well,5094,1826.06,1175.67,834.001811536541,1131.4680913058005,1118.3569,1208.6509,1128.2360034310723,294.2342
random_within_well,5096,1826.67,1139.61,1041.9787317047922,1222.3485267984274,1192.2632,1188.7101,1254.9931512604562,213.01442
random_within_well,5097,1826.98,1443.54,934.020625903848,1161.013371248401,1165.3405,1192.3882,1205.318752124551,271.29813
random_within_well,5103,1828.83,1017.15,837.2692939812027,962.1733199077819,964.4163,1110.8212,983.9952919060074,146.726
random_within_well,5107,1830.06,977.99,982.5205124957512,1020.1440692732739,1025.4972,1136.663,1048.8743485553214,66.353836
random_within_well,5111,1831.29,932.48,969.1575103130868,923.2020822132447,923.6332,1103.494,952.2482314434579,-16.909279
random_within_well,5114,1832.21,909.38,993.6408765651522,950.9066834909461,957.43665,1132.4637,994.304961416894,0.66408485
random_within_well,5120,1834.06,882.28,960.4367191740837,944.7704180787731,929.4441,1043.9388,948.886785740551,-11.549933
random_within_well,5129,1836.83,1035.28,888.4298571016344,1053.7061068640103,1045.0238,1085.2251,1075.9719103242905,187.54205
random_within_well,5137,1839.29,1059.97,957.3463411496823,1082.6470479447971,1093.5708,1065.2096,1109.2367983030026,151.89046
random_within_well,5140,1840.21,1143.81,1007.4952834761958,1062.6140959087263,1085.3053,1114.1646,1126.231054655395,118.73577
random_within_well,5146,1842.06,1012.94,942.1105988998438,1098.439333376466,1060.7683,1047.8177,1082.837954856875,140.72736
random_within_well,5148,1842.67,1087.34,873.3873381510955,1058.5239006292322,1060.7576,1080.4949,1074.795159806369,201.40782
random_within_well,5151,1843.6,1089.13,917.3814712605371,1046.2077648251895,1053.3798,1038.1989,1071.0194107136622,153.63794
random_within_well,5152,1843.9,1037.35,935.3158329720502,1061.2067539961176,1053.6074,1041.6254,1087.5545109505658,152.23868
random_within_well,5153,1844.21,1098.1,960.9084893044961,1042.5161878529623,1052.8356,1053.4575,1072.9432335671913,112.034744
random_within_well,5155,1844.83,1059.21,968.5563523900828,1070.1406435520155,1080.2415,1093.213,1098.962877048286,130.40652
random_within_well,5156,1845.14,1059.49,945.7622632445075,1056.8403617112806,1060.0409,1074.3795,1063.6456326903083,117.88337
random_within_well,5158,1845.75,1118.85,943.372468811946,1086.7083902097606,1089.4447,1068.5485,1103.7892778939772,160.41681
random_within_well,5171,1849.75,1051.56,989.2237744858418,1073.6773088580483,1080.6057,1182.0088,1113.1369138291034,123.91314
random_within_well,5178,1851.91,1460.57,996.0664299192358,1150.878466031136,1135.2712,1201.4404,1186.3018577756811,190.23543
random_within_well,5179,1852.21,1092.03,1075.611756455703,1383.0660416417331,1301.1354,1173.9165,1399.351746690078,323.74
random_within_well,5187,1854.68,1222.97,982.9861706001996,1149.3667509500308,1126.2238,1126.8062,1164.338068793559,181.3519
random_within_well,5198,1858.06,1324.67,999.1171379055195,1283.7448777245486,1288.3259,1340.9923,1307.3166923488789,308.19955
random_within_well,5205,1860.22,1371.21,1001.0868785910645,1300.1260120995748,1305.0643,1365.0419,1309.6649120383302,308.57803
random_within_well,5208,1861.14,1303.16,1000.3528986392197,1294.6783289403174,1301.2059,1336.0508,1325.2598810610948,324.90698
random_within_well,5213,1862.68,1435.61,1013.7559806488327,1458.3079503161887,1480.4468,1351.1633,1481.1835014007859,467.42752
random_within_well,5217,1863.91,1372.79,1030.4935081003575,1407.8638069514302,1379.7162,1470.5459,1404.916725873795,374.42322
random_within_well,5220,1864.84,1508.97,1025.59684686143,1417.0881361400936,1402.2573,1405.8943,1434.120009703227,408.52316
random_within_well,5243,1871.61,1515.8,1021.1598467874269,1512.1558000430437,1486.3915,1473.1693,1496.8799700784425,475.72012
random_within_well,5253,1874.66,1559.44,1015.7813100558952,1561.0063130856022,1554.1378,1421.0442,1562.8636464816764,547.08234
random_within_well,5259,1876.66,1647.01,1015.7190428910263,1501.5168226196047,1553.9086,1399.211,1564.0641356644637,548.3451
random_within_well,5260,1876.97,1644.6,1005.1126984340315,1538.4068377122298,1550.1892,1399.0817,1554.7860382777815,549.67334
random_within_well,5263,1877.89,1575.23,1042.49202804428,1506.4480028965475,1534.6965,1386.5442,1567.1150138841238,524.623
random_within_well,5265,1878.51,1472.7,1015.866140446525,1460.996946964194,1503.5702,1426.1487,1519.0558377121502,503.1897
random_within_well,5271,1880.36,1451.12,997.2993675075326,1302.888324361769,1354.2333,1390.8563,1362.7272239528452,365.42786
random_within_well,5272,1880.66,1529.45,990.9120117298052,1382.0982621660946,1414.0605,1400.8591,1410.8249145618365,419.9129
random_within_well,5284,1884.36,877.53,983.3959974132816,892.6348135590071,888.8175,946.6966,878.0118573986332,-105.38414
random_within_well,5292,1886.82,815.26,1000.3146720077084,833.2664652805133,850.70026,953.64386,856.3095755721615,-144.0051
random_within_well,5294,1887.44,776.38,1001.2815576434045,873.8883776347969,867.9033,941.2252,874.0572458147913,-127.22431
random_within_well,5297,1888.36,804.99,1010.8154931738159,824.3192799838856,810.6999,941.64453,818.2326226904174,-192.58287
random_within_well,5313,1893.29,1152.5,1034.6966560120848,1133.6400834249923,1117.7216,1055.5289,1106.8253028626707,72.12865
random_within_well,5316,1894.22,1180.36,1040.3053950379533,1117.0438536285362,1119.9524,1054.9694,1101.8389185975236,61.533524
random_within_well,5321,1895.76,1073.14,989.3575915634649,1014.1744290139218,1024.355,1020.4003,1022.3822154343145,33.024624
random_within_well,5325,1896.99,1026.04,1003.8481182787301,1046.698445702357,1056.111,1049.764,1062.5852627489448,58.737144
random_within_well,5339,1901.31,1153.81,1018.1482081432399,1098.5747614800075,1107.3484,1115.1498,1101.389304639822,83.2411
random_within_well,5343,1902.54,1181.94,995.7484362120921,1126.652309470394,1125.911,1078.6312,1116.4660036559399,120.71757
random_within_well,5351,1905.0,1126.51,1071.4571489636232,1134.3955532973307,1138.313,1093.8877,1130.2144235913088,58.757275
random_within_well,5355,1906.25,1097.34,1046.8342297214328,1133.9051095463012,1130.0076,1072.7604,1116.7559979099094,69.92177
random_within_well,5359,1907.48,1148.02,1028.7936402762418,1150.8353582348998,1142.2733,1076.2526,1126.2023240530973,97.40868
random_within_well,5365,1909.33,1099.13,1051.5096919946611,1105.0099653782247,1094.4258,1079.9711,1086.9170215539873,35.40733
random_within_well,5368,1910.26,1128.57,1124.6721332478787,1140.2278243358228,1152.5062,1105.7284,1160.1762950825955,35.50416
random_within_well,5380,1913.95,1160.91,942.2419081494436,1161.7992680730183,1170.7163,1020.55963,1134.5802870556936,192.33838
random_within_well,5381,1914.26,1180.36,1003.3670220018516,1151.1444502140564,1138.4867,1022.369,1127.4902824998985,124.12326
random_within_well,5385,1915.49,1099.96,1040.9120215449623,1129.0194881644443,1116.8033,1055.6504,1090.874866393595,49.962845
random_within_well,5386,1915.8,1153.81,975.5064528361454,1096.5333488828046,1095.9435,1038.3452,1079.8551161662235,104.34866
random_within_well,5389,1916.72,1226.9,1021.2869813745773,1155.7778159496372,1161.5706,1037.6353,1154.6160219019212,133.32904
random_within_well,5395,1918.57,1312.88,1021.3625164605082,1288.600816310006,1252.0181,1055.9341,1237.7190380669535,216.35652
random_within_well,5396,1918.88,1225.86,1059.8404313159888,1247.3416216445412,1269.2882,1049.6691,1265.6013260913794,205.7609
random_within_well,5399,1919.8,1115.68,1011.9716166531958,1128.6592483794147,1126.496,1039.378,1127.061506179563,115.08989
random_within_well,5403,1921.03,1103.61,1002.280212729795,1086.5707812841613,1084.9839,1052.3912,1075.642647117002,73.362434
random_within_well,5407,1922.26,1145.67,985.9984109628454,1070.6117488029565,1060.7571,1025.9327,1053.4158609140172,67.41745
random_within_well,5416,1925.04,1124.64,997.1624275972819,1097.660852523472,1075.2601,1016.41956,1073.2513100435708,76.08888
random_within_well,5419,1925.96,1132.3,1028.2672989688658,1078.0243835784854,1092.8497,1037.491,1086.473056109979,58.205757
random_within_well,5420,1926.27,1057.07,1018.5418137151916,1106.7654852018986,1101.8439,1043.1239,1096.0367401678282,77.49493
random_within_well,5425,1927.81,1078.1,1022.2714342996941,1052.8375746942927,1057.1841,1043.466,1058.364795200573,36.09336
random_within_well,5427,1928.42,1108.1,1018.1396176551166,1067.5385985741998,1065.7119,1034.0963,1066.7661092017474,48.62649
random_within_well,5429,1929.04,1122.02,1045.8308386293234,1139.2235052778826,1136.0334,1039.3167,1119.0991339174093,73.268295
random_within_well,5444,1933.66,929.1,1033.443886300584,836.7551119343672,856.9924,982.95557,871.7231221404277,-161.72076
random_within_well,5451,1935.82,877.04,1030.3010213023874,861.7039344694236,859.1266,978.4412,883.1496693736765,-147.15135
random_within_well,5452,1936.12,929.58,1043.5017390014773,876.8303705113443,880.1342,972.73035,885.7562403442507,-157.7455
random_within_well,5458,1937.97,907.24,1017.1258644964804,897.6374871207929,918.81366,987.0415,916.2841668036093,-100.8417
random_within_well,5459,1938.27,845.19,1051.5456438716499,904.7515503011149,910.3469,972.34314,917.2141466792671,-134.3315
random_within_well,5460,1938.58,917.52,1048.5756501117385,858.5145746020293,869.7541,977.60767,892.6416291156447,-155.93402
random_within_well,5461,1938.89,897.8,1022.1155344111274,925.8288228167053,909.9241,978.7893,911.3140741450142,-110.80146
random_within_well,5462,1939.2,856.01,1021.2976117912743,906.3650208687548,922.1926,975.9166,922.5749708000634,-98.72264
random_within_well,5475,1943.21,952.75,1082.514254994227,1050.8854021185905,1055.3583,1009.8539,1035.130637593104,-47.383617
random_within_well,5477,1943.83,940.89,1019.035183148547,864.4035459731911,890.07117,981.2362,896.0042535831174,-123.03093
random_within_well,5480,1944.76,918.28,1032.6758113593448,939.3837914415191,942.6619,983.5018,941.8137737006534,-90.86204
random_within_well,5481,1945.07,1015.29,1072.2060259846892,878.4411342673365,920.3013,1005.7593,938.5104693440642,-133.69556
random_within_well,5485,1946.3,949.86,1065.055951803801,939.7354572719951,945.4128,997.52,949.5000207124924,-115.55593
random_within_well,5495,1949.38,919.38,1036.6106864882463,902.3201686056541,902.325,971.55194,900.0948326064104,-136.51585
random_within_well,5503,1951.85,955.65,1025.6177770341387,1044.7500701278518,1026.6636,971.0591,1037.943705722188,12.325929
random_within_well,5507,1953.08,916.21,1031.1481046735837,951.4420649470158,956.5145,968.4989,956.4155378400876,-74.73257
random_within_well,5513,1954.95,931.45,1019.5849561750571,944.6846540049452,939.1837,977.7166,939.0666761457602,-80.51828
random_within_well,5517,1956.18,971.64,1031.245762448636,1002.3197626011237,986.5859,979.6605,991.1871458104524,-40.058617
random_within_well,5518,1956.49,948.27,1040.6936198644428,966.31167013578,988.27435,980.0151,978.9456569127826,-61.747963
random_within_well,5519,1956.8,956.41,1038.201224302251,953.3864049152756,966.54736,984.9044,960.5730504741259,-77.628174
random_within_well,5525,1958.65,990.33,1039.3822660151834,1133.569682402268,1125.0461,979.0447,1108.5053815547342,69.123116
random_within_well,5527,1959.27,966.95,1049.9183980546081,953.8343616032485,979.1825,988.6918,969.8919698319519,-80.02643
random_within_well,5528,1959.58,938.55,1057.8147751336544,960.3274091982087,967.53217,992.7463,971.8205505853145,-85.994225
random_within_well,5533,1961.12,931.45,1043.0017550215214,914.6577558452431,928.2269,983.5353,913.3086550459354,-129.6931
random_within_well,5537,1962.35,919.59,1037.7187386843898,974.6563424823282,979.6304,977.47144,968.0519830081203,-69.666756
random_within_well,5540,1963.27,972.47,1026.5794484441224,1002.1433992271436,1000.93805,970.24335,990.6637799565735,-35.91567
random_within_well,5543,1964.19,1097.82,1006.2410530489874,961.288377378564,962.72516,965.71356,965.9798988741827,-40.261154
random_within_well,5559,1969.12,844.71,1016.0940554311527,877.3155002807059,863.48267,967.1454,870.6717379262699,-145.42232
random_within_well,5562,1970.05,807.89,1007.9770478961877,862.2752680842436,876.8335,934.251,873.8902406452112,-134.0868
random_within_well,5563,1970.35,834.16,1042.6854871740165,822.8979006358604,829.2278,930.2002,836.1757673253837,-206.50972
random_within_well,5568,1971.89,786.31,1023.4743835283721,854.1669146031572,850.85693,935.43475,862.2665435625518,-161.20784
random_within_well,5576,1974.36,820.23,1041.5355446030258,855.6248747206395,857.6777,937.68726,856.9835426499008,-184.552
random_within_well,5583,1976.51,831.81,1019.8665461879975,866.326345372358,856.69586,946.7822,869.698440108896,-150.1681
random_within_well,5584,1976.82,821.54,1033.3557878601064,855.2989883893603,866.86957,944.87305,883.7264238464345,-149.62936
random_within_well,5590,1978.67,1003.5,1045.9623092467948,862.3264996273455,866.736,995.3583,872.9426406676932,-173.01967
random_within_well,5597,1980.83,920.41,1005.0661978824379,1001.7267674746391,994.5072,951.7761,991.7969126804115,-13.269285
random_within_well,5599,1981.44,953.23,1009.1115007460204,914.5390080396528,924.9727,937.9858,934.3949480116454,-74.71655
random_within_well,5601,1982.06,934.34,996.1486702770084,989.0424297331376,984.8549,916.0116,988.4878307193607,-7.6608396
random_within_well,5614,1986.07,926.96,1037.6718588049264,977.7474424114084,977.12213,961.41327,963.2868032629342,-74.385056
random_within_well,5626,1989.77,1039.21,1029.7445503037793,953.9204989037507,967.2259,975.8145,966.9043060105664,-62.840244
random_within_well,5627,1990.08,1021.84,1015.2663268881911,1042.4022619016614,1035.2882,980.70874,1030.6815633612746,15.415236
random_within_well,5636,1992.86,1074.45,1080.6743621005542,1043.3460822710315,1062.6954,994.6372,1045.2878035678393,-35.38656
random_within_well,5637,1993.17,1113.34,1071.9524144765564,1076.4415785391832,1077.9745,978.7842,1078.9482159253785,6.9958014
random_within_well,5649,1996.86,975.57,1066.8115417956203,916.9993644336539,942.0089,976.80286,955.7517426012844,-111.0598
random_within_well,5650,1997.17,1063.9,974.8691470560747,934.2145831122868,909.9287,936.2385,888.6761767801958,-86.19297
random_within_well,5657,1999.33,930.14,981.726929974164,950.3967245413836,956.2331,992.588,951.6930764432802,-30.033854
random_within_well,5658,1999.64,926.69,969.6103013438351,922.7505270874354,944.8556,999.8287,920.7530702036984,-48.85723
random_within_well,5663,2001.18,936.2,980.7226901799883,953.5736893182747,947.6196,1004.3041,930.8555370122637,-49.867153
random_within_well,5669,2003.02,929.1,977.1930752612755,957.9450056214718,952.6325,999.7232,944.1773129321739,-33.015762
random_within_well,5670,2003.33,865.46,984.8586981822949,923.2442397993386,940.5809,1021.14777,927.8975432445508,-56.961155
random_within_well,5671,2003.64,947.24,1052.6235858369416,868.1580186964117,907.73285,986.77075,909.6978503633088,-142.92574
random_within_well,5673,2004.26,890.7,998.5379182506107,948.9999896643418,943.05505,964.40234,921.4084550548099,-77.12946
random_within_well,5676,2005.18,919.59,1029.9292979017505,934.8341456120147,936.8512,982.457,926.0960001722583,-103.8333
random_within_well,5677,2005.49,889.94,1028.687017735171,917.8139053568009,928.87573,1014.0566,922.8297865950342,-105.85723
random_within_well,5678,2005.8,879.94,1011.9940594920471,908.9801631401043,904.68164,997.06067,901.7544202098205,-110.23964
random_within_well,5681,2006.73,880.7,1006.7801157743705,900.4180866270625,905.0538,984.3813,895.4134318144096,-111.366684
random_within_well,5683,2007.35,1003.5,1005.528903328522,857.2963785035099,861.8124,1011.16925,866.5051911703189,-139.02371
random_within_well,5695,2011.04,973.51,994.099804395003,1018.4370532612367,1009.54047,979.4133,1006.0620245869586,11.96222
random_within_well,5697,2011.65,976.4,1020.2493574200751,968.8412950200266,970.085,1017.5641,975.7282392560126,-44.52112
random_within_well,5698,2011.96,956.41,1020.5160201478385,964.335207826707,971.3776,1006.4603,966.9780448365592,-53.537975
random_within_well,5701,2012.89,930.62,1020.2578477943719,965.7043641507212,981.4614,1010.0472,976.3256959999383,-43.93215
random_within_well,5705,2014.12,985.57,983.0776260964823,964.4364922659393,961.7469,985.5988,963.7199543588114,-19.357672
random_within_well,5710,2015.66,953.79,995.576233122233,990.1492683911357,984.3976,990.261,989.916935655955,-5.6592975
random_within_well,5723,2019.66,963.51,1025.740007764011,968.22000877891,983.62054,1018.59076,981.2392371951632,-44.50077
random_within_well,5733,2022.74,1058.66,1058.3092394647595,1045.4898491826646,1058.6394,1014.04584,1052.084101277351,-6.225138
random_within_well,5738,2024.28,999.5,1026.4154874868627,965.7637316739759,980.1863,1022.1728,985.545015532517,-40.870472
random_within_well,5740,2024.89,938.82,1007.1459234649308,965.1867333267102,953.9002,1023.36536,948.5143392974503,-58.631584
random_within_well,5741,2025.2,938.55,987.8002413882898,926.3218275258515,937.0693,1022.1076,946.4031848087,-41.397057
random_within_well,5758,2030.43,1007.91,1000.4901163516438,971.259967957678,979.2297,1092.0221,981.4688684878743,-19.021248
random_within_well,5762,2031.66,1099.13,984.3507543796186,1047.8586044684457,1035.5339,1035.983,1037.759079574931,53.408325
random_within_well,5764,2032.28,1006.6,1013.754644605803,1141.2195483826404,1145.3068,1063.7849,1123.6631834241625,109.90854
random_within_well,5765,2032.58,1024.53,1034.823203380067,1008.976678525534,1024.0316,1056.0121,1011.0376980852673,-23.785505
random_within_well,5770,2034.12,1251.37,1050.0118808479124,1160.1959476216618,1178.4409,1094.0745,1164.7582187385374,114.74634
random_within_well,5771,2034.43,1276.33,1020.3348100986568,1209.768523692384,1199.054,1095.0952,1190.2094133701412,169.8746
random_within_well,5773,2035.05,1173.8,1019.1325876472692,1172.3886614871728,1171.5981,1086.6085,1157.952579712699,138.81999
random_within_well,5774,2035.36,1159.12,1040.1373861466454,1149.7626917158173,1154.0491,1095.7026,1140.5298498307275,100.39246
random_within_well,5786,2039.05,1205.87,1020.2234559059602,1253.1547420714232,1259.1309,1074.5933,1257.4786591530305,237.2552
random_within_well,5788,2039.66,1201.38,1017.5579447515098,1167.2550099927369,1169.066,1064.8103,1166.3576884038534,148.79974
random_within_well,5790,2040.28,1160.64,1019.5621890632995,1168.2327477179263,1167.3726,1071.0387,1164.5060824959166,144.9439
random_within_well,5792,2040.9,1180.91,1031.5993507790174,1169.2659873439281,1169.2826,1050.4778,1158.6862801003065,127.08693
random_within_well,5793,2041.2,1178.29,1018.9895621305486,1172.4990523756214,1172.2136,1106.6917,1172.564864254572,153.5753
random_within_well,5798,2042.74,1195.87,1014.0649119722941,1159.4104865357665,1160.1082,1097.8121,1153.925965439091,139.86105
random_within_well,5809,2046.15,1241.65,1054.190829326334,1240.3643532129029,1269.8287,1041.4752,1274.694216777506,220.50339
random_within_well,5811,2046.76,1204.56,1029.2748957400338,1171.1520048189902,1179.0848,1115.4657,1190.5847101931588,161.30981
random_within_well,5812,2047.07,1222.21,1012.047859940058,1181.7683279703886,1179.7478,1115.9197,1173.4987418980659,161.45088
random_within_well,5813,2047.38,1175.39,1028.6543863196478,1195.715678623854,1181.8049,1122.1781,1184.2599618811712,155.60558
random_within_well,5818,2048.91,1132.02,1042.9371264308502,1142.9013280566,1151.0209,1102.3427,1145.2517321437408,102.314606
random_within_well,5826,2051.38,1153.81,1027.3370414894914,1097.2200175899502,1101.774,1107.6387,1094.092420212636,66.75538
random_within_well,5828,2051.99,1164.63,1035.922264871722,1163.3562324703562,1157.734,1119.5282,1146.7148902989682,110.792625
random_within_well,5829,2052.3,1184.84,1026.3067801509585,1164.5572787393703,1176.076,1118.774,1179.7566397700991,153.44986
random_within_well,5832,2053.22,1158.57,1008.3044855200203,1157.8120614202548,1156.0609,1111.5383,1151.3015253149422,142.99704
random_within_well,5835,2054.15,1242.41,1024.8100485692626,1164.272264158839,1161.5144,1113.4934,1165.5095572362548,140.69951
random_within_well,5836,2054.45,1187.73,1017.2933214357545,1199.0318789230253,1198.7368,1098.5366,1191.1946428468873,173.90132
random_within_well,5838,2055.07,1140.92,1012.5312795309204,1129.1857948280015,1119.6754,1096.5847,1119.082068410315,106.55079
random_within_well,5843,2056.6,1165.67,1019.6519303508163,1168.8995503078406,1176.1337,1098.1381,1178.42970134691,158.77777
random_within_well,5844,2056.91,1215.86,1017.1992692798124,1172.0888010655137,1164.0087,1105.304,1165.4619188159452,148.26265
random_within_well,5848,2058.14,1189.04,993.0645992889413,1154.8276236614427,1149.635,1100.446,1139.70638395691,146.64178
random_within_well,5851,2059.07,1162.22,1016.2598490736727,1155.1699450833735,1157.6404,1099.0891,1145.9111094496493,129.65126
random_within_well,5853,2059.68,1090.44,997.4523430737727,1097.7657905264327,1109.582,1102.3201,1104.1081353101008,106.65579
random_within_well,5857,2060.91,1107.06,1020.5976549657571,1148.802321814341,1152.5804,1093.716,1142.1858965429055,121.58824
random_within_well,5863,2062.76,994.26,1020.4307414958665,1070.1384817788235,1080.8839,1094.4767,1085.04998893239,64.61925
random_within_well,5910,2077.24,889.11,953.6312958270319,918.3320326576159,927.029,980.6515,908.4119278460748,-45.219368
random_within_well,5913,2078.16,851.26,978.7562695147905,902.1343960354496,904.36743,977.30634,902.7283230426225,-76.02795
random_within_well,5918,2082.52,852.57,1000.8137657835914,926.1916423589595,961.6737,932.09564,939.1014359190895,-61.71233
random_within_well,5921,2083.44,802.37,987.0881439406785,796.2958533024447,802.0861,953.2321,806.5695739943894,-180.51857
random_within_well,5926,2084.98,896.76,1022.6251220908358,854.701210894627,839.5619,950.51337,853.0930481162264,-169.53207
random_within_well,5930,2086.21,885.46,1009.9756342844678,871.0157913389913,878.2492,939.0452,878.56967420146,-131.40596
random_within_well,5934,2087.44,879.11,996.7546844426269,907.3580892425632,919.12225,949.59784,913.2521667424315,-83.50252
random_within_well,5943,2090.21,897.52,987.1579420317948,888.3255833794755,885.8348,924.34674,892.5744611968339,-94.58348
random_within_well,5947,2091.44,942.75,952.5998867746284,913.9664201296573,907.7583,974.0211,912.0600270028999,-40.53986
random_within_well,5950,2092.36,902.0,981.1181415028714,903.8441257650622,904.62976,917.238,902.7617114491604,-78.35643
random_within_well,5951,2092.67,920.69,983.2628498836438,904.4102346780304,913.78284,916.9437,910.9041767879406,-72.35867
random_within_well,5953,2093.29,936.2,986.8752229144563,906.256601679068,910.8769,910.75226,909.4790894916048,-77.39613
random_within_well,5962,2099.14,974.82,970.9116269345091,961.9660797477941,968.646,917.0303,965.5239258999632,-5.387701
random_within_well,5966,2100.37,955.1,974.5249429141228,952.3422405924031,939.9687,924.62274,946.6611714755242,-27.863771
random_within_well,5967,2100.68,965.64,973.3940252156011,961.4838254356365,956.1071,927.2946,953.3563627094976,-20.037663
random_within_well,5969,2101.3,926.21,979.2724827884065,947.5419898575752,948.3411,925.5089,947.5803918002473,-31.692091
random_within_well,5976,2103.84,949.58,958.3393229683536,970.9405887428048,936.4684,915.01227,957.9557239850658,-0.38359898
random_within_well,5978,2107.87,973.23,971.2236476022425,972.5643216999441,969.8548,930.0565,965.5433554727259,-5.680292
random_within_well,5979,2108.17,991.64,972.668042641689,973.2231138082516,967.1834,950.8952,963.937721711208,-8.730321
random_within_well,5982,2109.1,972.68,956.2458752611924,1018.372623043282,1012.51996,933.3172,1012.9731625536729,56.727287
random_within_well,5993,2112.48,984.81,969.1554858298421,970.0306070759983,969.4656,928.3314,973.8467642874837,4.6912785
random_within_well,6003,2115.56,927.52,966.3228745375799,906.431811730365,907.67267,920.1575,911.0340905104803,-55.288784
random_within_well,6005,2119.6,937.51,970.6119255650435,969.0917469832573,958.5043,921.23737,960.3431315052901,-10.268794
random_within_well,6007,2120.22,938.55,998.1740463395581,916.36731473578,919.4857,932.1233,918.9187362809644,-79.25531
random_within_well,6021,2124.23,854.7,983.4580451795333,866.0534854402252,854.81635,901.0837,860.7764961072677,-122.68155
random_within_well,6022,2124.54,855.74,969.4582215877759,855.9268466509009,851.722,916.4146,855.0239945980298,-114.43423
random_within_well,6027,2126.07,858.91,962.9990213698819,865.4916745889383,863.65576,925.65063,871.9080789870694,-91.09094
random_within_well,6038,2129.46,864.43,979.8142914846092,822.4424223063191,832.01263,900.27203,837.7605042531638,-142.05379
random_within_well,6040,2130.07,857.6,987.5068773657492,854.3429034061446,843.17236,886.45386,849.9431719214133,-137.5637
random_within_well,6046,2131.92,862.56,971.2940527807336,833.6192914356727,838.5347,912.2188,846.6149756322961,-124.67908
random_within_well,6059,2135.92,838.09,972.7531893456955,831.5933715551838,834.4565,903.97876,834.3183138574143,-138.43488
random_within_well,6066,2138.07,862.56,989.9550399855756,859.5291995574552,853.918,888.4984,865.275947578349,-124.67909
random_within_well,6072,2139.61,853.88,998.796248157752,855.3108466089618,848.95013,890.1482,849.9863574106816,-148.80989
random_within_well,6074,2140.23,851.53,994.8832588558511,886.8647977617097,870.7634,885.13275,871.8757286434487,-123.00753
random_within_well,6076,2140.84,863.12,993.6869522766026,854.0105728871774,846.33105,885.29877,849.3586136535557,-144.32834
random_within_well,6077,2141.15,860.7,973.8242084033554,858.1378851923818,849.3963,892.9515,845.1018420703476,-128.72237
random_within_well,6084,2143.3,900.97,954.8693289054846,880.4639675473042,860.14795,926.46716,861.880780626676,-92.98855
random_within_well,6086,2143.92,883.59,984.2199270869555,905.1604078333714,904.2818,926.5474,908.572084679729,-75.64784
random_within_well,6089,2144.84,877.04,947.5656446691371,899.5440117895622,906.24384,926.01105,891.243707108102,-56.321938
random_within_well,6096,2147.21,894.63,956.4942684910177,905.8136036841831,903.06256,917.2581,902.1945820591329,-54.299686
random_within_well,6097,2147.52,922.76,961.6898062758974,901.8492667407365,902.72253,939.6153,892.9611151748231,-68.72869
random_within_well,6098,2147.83,888.83,960.4511706886872,915.2796752290997,921.05145,919.2042,921.8919818459137,-38.55919
random_within_well,6107,2150.6,875.73,975.0428606595294,923.0794936103479,916.2205,913.4174,909.9850145901935,-65.057846
random_within_well,6108,2150.91,892.76,957.7491044751732,885.0310596456226,899.8684,922.6007,889.7878160230248,-67.96129
random_within_well,6114,2152.75,897.25,960.7634524329787,891.422172541831,904.22186,931.72534,910.1148585303908,-50.648594
random_within_well,6115,2153.06,929.1,952.6404057136967,902.284958800703,903.4997,927.79083,905.9955082527592,-46.644897
random_within_well,6118,2153.98,913.04,973.9963946735552,905.7362394020811,901.2573,909.12024,895.5443988239458,-78.451996
random_within_well,6119,2154.29,899.38,969.6260776855822,906.1686170160282,903.2234,939.5053,897.9097538330432,-71.716324
random_within_well,6129,2157.37,955.1,945.8296350968894,959.4378951527605,946.89014,930.12054,947.3049095405158,1.4752744
random_within_well,6131,2157.99,947.24,967.6635928616726,925.3945569993233,931.2358,906.9151,918.4380145535671,-49.22558
random_within_well,6134,2158.91,946.96,954.8864716327263,969.0910712872438,962.9591,912.86053,956.9659110343529,2.0794394
random_within_well,6138,2160.14,907.24,971.0959177890524,900.9233632045392,887.552,908.0203,872.1187983432516,-98.97712
random_within_well,6139,2160.45,898.07,970.7012122009415,904.7216299617834,902.8201,911.07074,891.8227942321915,-78.87842
random_within_well,6144,2162.0,928.0,955.7217471277431,896.771793585261,893.49695,918.779,883.5793139612392,-72.14243
random_within_well,6151,2164.15,1027.15,967.6648473678197,1014.0849822539873,1006.0335,922.2135,1007.391615861472,39.72677
random_within_well,6157,2166.0,1034.46,966.0816827859982,1052.5684173105717,1038.5885,917.5416,1035.5132013406856,69.43152
random_within_well,6160,2166.93,1084.45,952.4365659422713,1068.195900265143,1059.326,916.62683,1037.4980588621931,85.06149
random_within_well,6162,2167.54,1029.77,948.886752576507,1056.030624822029,1057.967,919.4981,1043.078303785003,94.19155
random_within_well,6163,2167.85,944.62,962.7199740553968,1026.156649476405,1020.1578,920.477,1018.280623927223,55.56065
random_within_well,6171,2170.34,864.43,904.8855860342529,902.8399364878264,912.0115,960.25104,916.1577208151367,11.272135
random_within_well,6173,2170.96,835.74,931.0981920309894,846.4763137329401,841.45416,945.4223,814.4170167990558,-116.681175
random_within_well,6179,2172.8,956.68,956.2997628379479,923.1394570200914,924.6181,942.4797,912.6257516074792,-43.67401
random_within_well,6182,2173.73,1006.12,971.2206609488353,992.9361416644174,993.338,942.74536,978.264725947462,7.044065
random_within_well,6188,2175.57,996.88,970.8302008052879,1027.4997282637717,1021.33514,936.07916,1004.791283263784,33.961082
random_within_well,6189,2175.88,1026.87,971.3350898975332,998.8913514005374,1004.1401,939.4345,986.6145431751211,15.279453
random_within_well,6190,2176.19,1075.48,982.4483273083928,1028.301558935175,1013.9489,918.91144,1014.5517475659611,32.10342
random_within_well,6199,2178.96,880.15,971.4387150622721,861.3204786938531,851.8417,946.01276,847.5908604480143,-123.847855
random_within_well,6203,2179.88,967.16,971.8868135236112,869.8611831240755,856.62213,918.9431,862.0174516461698,-109.86936
random_within_well,6205,2180.5,1000.05,997.7506364776511,961.6125043806715,964.80725,975.44403,964.1681741668601,-33.582462
random_within_well,6228,2187.58,941.93,994.7058185075962,954.9357974628019,952.4947,945.4736,961.3929446672641,-33.312874
random_within_well,6232,2188.81,904.9,988.1281631608754,899.9451749958647,892.38727,935.89197,887.7979324479847,-100.33023
random_within_well,6234,2189.43,919.38,992.316725205749,905.4197771519671,902.99725,902.82574,907.0036530011591,-85.31307
random_within_well,6237,2190.35,853.6,957.2282070645988,903.7898702512194,911.3094,943.95935,915.0368656644523,-42.19134
random_within_well,6250,2194.45,832.09,993.0106942051304,815.8194814249857,819.53674,934.55194,824.2982155674351,-168.71248
random_within_well,6252,2195.29,933.51,980.3668684795722,991.0033407348938,967.7821,934.8588,971.8356156185492,-8.531253
random_within_well,6257,2196.83,866.77,1007.4248661063052,877.1860614514139,880.80664,944.6891,887.6498798392154,-119.77499
random_within_well,6260,2197.75,928.27,1011.8024096415367,875.8443230337283,857.1343,957.4778,860.3382220194663,-151.46419
random_within_well,6275,2202.37,886.49,1023.4007663504455,957.2539042045704,937.9025,967.6311,939.3745136038634,-84.02625
random_within_well,6284,2205.15,961.65,976.5128239479417,970.1972598472305,974.8612,973.99744,977.1854719605798,0.672648
random_within_well,6288,2206.38,1000.6,963.6606538937324,928.1135583793932,938.9329,974.8235,934.264056985163,-29.396597
random_within_well,6292,2207.61,1050.8,1005.4153375228439,1016.0567889185976,1013.0236,948.96265,1021.8654470046554,16.45011
random_within_well,6295,2208.53,993.98,1006.7709142064159,1050.2224373518532,1040.1438,965.30865,1044.9632169102733,38.192303
random_within_well,6302,2210.69,923.03,980.4558706826803,1030.5390506393114,1020.3016,975.8283,1022.7012129373189,42.245342
random_within_well,6312,2213.77,970.06,950.0682987584274,966.7543840789139,962.56805,964.0902,954.5720343007248,4.5037355
random_within_well,6315,2214.69,964.06,1002.3557078618934,961.2267706362874,969.7576,944.60706,971.3851496953895,-30.970558
random_within_well,6322,2216.84,961.16,991.7354638161529,969.9825749104557,971.8989,963.9145,983.6918465676177,-8.043617
random_within_well,6323,2217.15,993.5,979.3727380841128,963.8696373483926,968.7732,954.4718,971.1053630917422,-8.267375
random_within_well,6329,2219.0,1052.59,924.4231784424942,1022.2842691098458,1017.30853,999.28217,1004.7757480225723,80.35257
random_within_well,6335,2220.84,1014.74,994.483707396759,957.0634363529298,964.24554,948.33887,969.7939109490051,-24.689796
random_within_well,6337,2221.46,1119.4,994.6447434691173,1053.7060748924603,1067.4225,975.1121,1069.6203751829844,74.97563
random_within_well,6341,2222.69,1068.38,857.454106309661,1035.7263494267004,1020.207,994.1301,1030.429173448333,172.97507
random_within_well,6342,2223.0,934.34,959.9236748977851,1037.8569841177355,1042.8729,952.18555,1032.5391991897773,72.615524
random_within_well,6345,2223.92,935.38,969.5988168500052,987.4529297852049,984.23016,965.36444,985.7182683728323,16.119452
random_within_well,6359,2228.23,1071.28,996.6215243375218,1021.8238493336536,1006.18195,979.904,1014.0716071164525,17.450083
random_within_well,6362,2229.16,892.56,1024.6790569613481,1068.5665975934162,1071.0504,971.2122,1072.3415973971391,47.66254
random_within_well,6383,2235.68,873.11,1002.11670725631,1075.7412703753157,981.84454,1001.6577,995.0236501007008,-7.093057
random_within_well,6385,2236.29,863.87,1000.972453913213,921.769994517315,921.29443,998.16864,929.5941046090138,-71.37835
random_within_well,6391,2238.14,867.05,1055.9651484427206,1017.5899536907393,1028.2959,984.0728,1019.9518961844199,-36.013252
random_within_well,6393,2238.76,907.24,1009.7866077089565,966.3284872868702,917.4515,950.3808,931.6922015810268,-78.094406
random_within_well,6398,2240.3,907.24,1001.9651803437825,950.831921320458,941.8648,934.408,941.0858468476888,-60.879333
random_within_well,6416,2245.83,908.83,1004.5792451074244,926.3043527063817,920.462,943.037,936.1128220727564,-68.46642
random_within_well,6418,2246.45,961.92,1017.5028192372979,992.886475995918,961.50543,950.10596,975.3737146230401,-42.129105
random_within_well,6423,2247.99,914.35,1021.4580359317245,969.911483259736,974.3079,962.09216,989.307523236412,-32.150513
random_within_well,6424,2248.3,927.79,1024.9289203376675,985.3916718680957,945.0133,950.02026,957.5990634651089,-67.32986
random_within_well,6429,2249.84,899.87,1013.0981374807806,959.3482485860709,954.4165,930.9983,959.9864965506048,-53.11164
random_within_well,6430,2250.14,921.72,1041.8162508949938,941.7199841175176,935.3774,945.0938,923.1311770424547,-118.685074
random_within_well,6438,2252.6,970.06,992.2858212568542,1000.6372113885133,1002.5652,952.4218,1007.7750475981018,15.489226
random_within_well,6440,2253.22,968.75,984.4889376784328,941.6332434425185,944.37994,944.20996,958.7215464735988,-25.767391
random_within_well,6444,2254.45,970.61,947.7411558436473,926.1520436594284,925.60583,955.7514,912.6988241480907,-35.04233
random_within_well,6445,2254.75,901.18,994.2576716248416,958.0623815587926,949.5566,938.3474,967.3396971527957,-26.917974
random_within_well,6461,2259.68,888.08,1010.090232503149,943.8676897082678,958.9923,946.90936,959.4315525409908,-50.65868
random_within_well,6464,2260.6,833.4,998.931871132049,869.7027022541015,861.7056,918.3412,876.2887513200372,-122.64312
random_within_well,6467,2261.53,894.9,953.2273401762487,913.8818133918336,909.219,946.1929,910.8366236235144,-42.390717
random_within_well,6469,2262.14,1038.66,969.641139677089,911.8187071656804,913.0817,942.94666,915.7245022564347,-53.916637
random_within_well,6470,2262.45,876.77,1024.698530722713,1036.2470375320956,980.28625,919.20087,994.9854856024738,-29.713045
random_within_well,6471,2262.76,924.9,972.3696400010913,912.3184422433762,911.5165,919.9016,909.300674089226,-63.068966
random_within_well,6472,2263.07,988.47,982.8028213327542,923.2291486938327,918.67267,958.3278,925.2227470224515,-57.580074
random_within_well,6486,2267.37,851.53,974.4209123560036,950.944818381825,929.4158,903.0282,923.3884797998512,-51.032433
random_within_well,6492,2268.91,1100.72,954.3380839231459,1083.1871406623436,1067.9213,1012.20215,1055.124102294728,100.78602
random_within_well,6501,2271.68,1183.53,968.3700067076273,1246.273999494189,1217.3868,1222.3501,1221.1336328062603,252.76363
random_within_well,6507,2273.53,1112.58,970.5989105283143,1266.4735713116263,1244.6279,1234.3862,1241.5037872372986,270.90488
random_within_well,6514,2275.69,989.02,1000.2770033083681,1041.980148292884,1045.3241,1038.6106,1041.537817975116,41.260815
random_within_well,6520,2277.53,1053.14,992.6509892509828,1024.3021675241685,1018.7825,1027.2755,1015.9602543877015,23.309265
random_within_well,6529,2280.3,1123.89,994.5718043333228,1059.946993293451,1064.4736,1064.3037,1063.9249842649633,69.35318
random_within_well,6532,2281.23,1142.29,1006.8208304349844,1082.8538117513388,1093.1364,1052.2751,1092.2261496488516,85.40532
random_within_well,6533,2281.54,1067.07,927.2073846147316,1085.78455869602,1111.9541,1044.3334,1109.73703244188,182.52965
random_within_well,6535,2282.15,1069.69,988.5282114172096,1071.3587114186623,1062.927,1058.1759,1059.825307669651,71.2971
random_within_well,6541,2284.0,1066.31,1001.411120295874,1052.0221193063328,1050.4061,1049.7499,1057.0948437455809,55.683723
random_within_well,6545,2285.23,1119.68,952.270272995112,1078.0024747475393,1065.4495,1035.7783,1050.151391769526,97.88112
random_within_well,6548,2286.15,1083.62,984.7107455190404,1068.9778113524505,1069.5891,1034.2648,1059.9899203237278,75.279175
random_within_well,6552,2287.38,1110.72,965.7644350459694,1075.3744641289788,1074.1267,1045.9326,1062.2384264400125,96.47399
random_within_well,6555,2288.31,1076.79,977.4564769029489,1081.3902695517736,1080.6495,1030.706,1063.456965184199,86.00049
random_within_well,6564,2291.09,1075.0,994.4214539482267,1087.4400556932926,1080.7869,1031.3901,1081.5489640190276,87.12751
random_within_well,6572,2293.55,1119.13,931.9271464186461,1056.870768898256,1053.0981,1058.5829,1039.6146921950133,107.687546
random_within_well,6575,2294.47,1114.37,924.2328392530759,1054.6964811490973,1059.0723,1058.7363,1042.358144428857,118.125305
depth_holdout,4608,1676.98,1237.17,983.9853382253516,1271.6646162119832,1281.7701,1248.946,1249.450548186289,265.4652
depth_holdout,4609,1677.29,1277.64,989.3018716330512,1239.6651748204079,1211.12,1168.9813,1210.1303628439887,220.82849
depth_holdout,4610,1677.6,1303.16,990.1899585377574,1265.3366720942995,1261.6602,1224.5972,1245.9615344654917,255.77158
depth_holdout,4611,1677.91,1268.68,984.8872725974584,1252.739490309883,1260.157,1219.3861,1235.7400405417943,250.85277
depth_holdout,4612,1678.21,1200.07,987.6600238632868,1272.9301216581275,1277.7836,1232.2476,1254.203511412115,266.5435
depth_holdout,4613,1678.52,1331.77,985.0639020668111,1202.971899002677,1197.3237,1246.3896,1203.673719571694,218.60982
depth_holdout,4614,1678.83,1276.06,979.0923980885498,1276.2263912637347,1288.4664,1239.2784,1266.6535553151123,287.56116
depth_holdout,4615,1679.14,1254.48,983.7112379923626,1276.0404825294745,1276.381,1238.0122,1255.5449782267376,271.83374
depth_holdout,4616,1679.45,1221.38,988.1863271142815,1253.9781352579046,1266.1016,1235.1111,1253.2425404931878,265.0562
depth_holdout,4617,1679.75,1198.01,986.3456705115905,1224.6369467494762,1203.3478,1196.7766,1203.794309427606,217.44864
depth_holdout,4618,1680.06,1230.34,980.4986370296641,1194.1714870658463,1197.6157,1244.363,1191.7602184505627,211.26158
depth_holdout,4619,1680.37,1274.75,988.475963979325,1228.7197518899497,1192.2517,1231.135,1193.6423915916298,205.16643
depth_holdout,4620,1680.68,1315.5,983.4983657423334,1261.0246040674529,1271.2638,1194.6117,1242.8410171095209,259.34265
depth_holdout,4621,1680.98,1238.2,982.6067958880311,1272.1595618889341,1286.7839,1261.2638,1258.221480946625,275.6147
depth_holdout,4622,1681.29,1154.36,974.84751454162,1234.458460124193,1247.7085,1241.8107,1241.0763658599794,266.22885
depth_holdout,4623,1681.6,1135.95,972.9068017987632,1185.6127398328397,1161.7673,1237.095,1150.6619440106774,177.75514
depth_holdout,4624,1681.91,1150.43,978.4517484103296,1113.0712038526092,1132.4358,1241.6841,1131.9103055392359,153.45856
depth_holdout,4625,1682.22,1133.88,974.147299231157,1176.1372616286556,1152.1393,1232.7812,1137.9704651247116,163.82317
depth_holdout,4626,1682.53,1154.91,988.945677908336,1117.7385312204774,1139.5327,1182.6167,1148.7733604034534,159.82768
depth_holdout,4627,1682.83,1175.39,987.4385802757919,1185.5449452019511,1162.2399,1241.8007,1158.9775359642686,171.53896
depth_holdout,4628,1683.14,1114.92,987.9345377425805,1181.0471739614359,1165.2167,1221.2771,1171.5794046859398,183.64487
depth_holdout,4629,1683.45,1062.38,974.9178820760461,1092.960476746892,1122.9385,1231.8048,1132.4489489705775,157.53107
depth_holdout,4630,1683.76,1138.57,982.2845801885347,1056.776460635577,1088.5833,1232.0493,1066.1878242070893,83.903244
depth_holdout,4631,1684.07,1143.6,986.4477292310564,1110.897477785185,1102.4797,1216.8064,1119.6840115796892,133.23628
depth_holdout,4632,1684.37,1143.33,987.98370301112,1107.7398298154433,1118.5869,1236.1534,1126.2659600911982,138.28226
depth_holdout,4633,1684.37,1143.33,987.98370301112,1114.7951730956315,1117.4303,1234.1935,1126.0217279134638,138.03802
depth_holdout,4634,1684.68,1184.56,985.5760684433455,1115.8988627882013,1128.8141,1237.6387,1131.8185611191268,146.2425
depth_holdout,4635,1684.99,1105.48,984.38424459289,1189.4492567236534,1170.9031,1211.3052,1168.6872078497258,184.30296
depth_holdout,4636,1685.3,1103.89,988.2448546183288,1106.143475633065,1118.4143,1214.9218,1129.5402037394224,141.29535
depth_holdout,4637,1685.6,1136.5,973.3940030719601,1083.4928201557982,1103.302,1216.696,1104.3064176227413,130.91241
depth_holdout,4638,1685.92,1130.44,985.7943370252325,1112.4066021845247,1120.8953,1204.8666,1130.5487925916386,144.75446
depth_holdout,4639,1686.23,1143.05,977.8164425707596,1099.8089010247875,1114.8158,1217.9066,1117.1230069018143,139.30656
depth_holdout,4640,1686.54,1174.84,980.1044515445633,1115.5183478326057,1131.5627,1215.7424,1125.6808828189774,145.57643
depth_holdout,4641,1686.85,1081.27,979.2403557983238,1187.6510760148349,1169.5924,1201.194,1162.0827935424645,182.84244
depth_holdout,4642,1687.16,1252.68,994.0609458010929,1073.7599181181834,1102.1584,1173.5753,1103.235178284003,109.17423
depth_holdout,4643,1687.47,1224.55,987.8463415786722,1238.5093470804616,1207.6497,1199.0378,1214.4764685317973,226.63013
depth_holdout,4644,1687.78,1249.51,989.2570083800431,1224.2375779459207,1198.9751,1223.1913,1203.1295822325822,213.87257
depth_holdout,4645,1688.08,1148.29,983.5511577017545,1234.1538212527068,1225.2449,1218.5958,1217.5641429312468,234.01299
depth_holdout,4646,1688.39,1216.9,989.5785546805192,1141.1474201183858,1149.562,1213.9741,1157.864901116066,168.28635
depth_holdout,4647,1688.72,1122.57,1065.580763552505,1192.819241126236,1183.1732,939.8257,1133.6816775539698,68.100914
depth_holdout,4648,1689.03,1130.16,1011.2716960616037,1059.1030616304852,1081.8514,1042.7163,1094.8184108443186,83.546715
depth_holdout,4649,1689.34,1159.88,992.9189168507302,1116.757868054579,1115.9187,1147.4207,1124.4056874806129,131.48677
depth_holdout,4650,1689.67,1122.3,1020.909653421906,1177.5604148332077,1157.4718,1063.717,1098.5211112466131,77.61146
depth_holdout,4651,1689.98,1123.89,977.1070319160868,913.7968434177426,1048.5646,1167.3689,1084.5103064522195,107.403275
depth_holdout,4652,1690.29,1197.73,984.7202346498432,1106.461265015262,1113.088,1237.6711,1119.0847213441791,134.36449
depth_holdout,4653,1690.6,985.85,992.4463313479143,1203.6991086306627,1157.0228,1233.1472,1198.4183619875628,205.97203
depth_holdout,4654,1690.91,1175.39,990.6419790193156,978.9579131420162,994.71185,1200.9525,1005.5996530458049,14.957674
depth_holdout,4655,1691.22,1227.72,977.2441043503328,1163.6932555546282,1135.046,1234.7207,1153.084009135489,175.8399
depth_holdout,4656,1691.52,944.06,991.3421893905061,1208.1934269111166,1117.7893,1224.2618,1191.3445239852326,200.00233
depth_holdout,4657,1691.83,1112.03,973.8744275496429,970.1440665080253,1006.4875,1211.4701,1015.0879132674163,41.213486
depth_holdout,4658,1692.16,1066.04,993.5620362687499,1111.7542626953405,1135.8446,1229.0792,1132.2731568742188,138.71112
depth_holdout,4659,1692.48,1088.93,991.304708749193,1051.8630171225975,1077.4729,1229.271,1063.3996184171617,72.09491
depth_holdout,4660,1692.8,1033.97,983.3415427557183,1061.9798824540665,1074.6129,1231.9652,1087.715589081402,104.37405
depth_holdout,4661,1693.11,1111.47,980.6836577710578,1048.4763714513185,1070.6361,1224.0582,1049.7907744702766,69.10712
depth_holdout,4662,1693.41,1126.99,980.1345956316445,1083.2468854398433,1102.2552,1165.0096,1107.2375619402383,127.10297
depth_holdout,4663,1693.72,1150.91,978.5477031093817,1090.6076334501452,1103.2996,1187.0046,1128.6687053066473,150.121
depth_holdout,4664,1694.03,1179.6,973.2040395844879,1178.991536301078,1150.4103,1170.9761,1131.288558017105,158.08452
depth_holdout,4665,1694.34,1201.38,977.9623593218166,1196.7953370774858,1162.459,1173.9152,1153.009798897012,175.04744
depth_holdout,4666,1694.65,1169.32,981.2246564712339,1185.8973500813772,1170.8201,1172.3384,1176.2520765151792,195.02742
depth_holdout,4667,1694.96,1129.4,987.1929878486656,1191.497813140038,1176.9254,1173.7684,1167.8777107490562,180.68472
depth_holdout,4668,1695.26,1184.08,982.3702973630499,1112.9086381473041,1122.499,1169.1143,1128.3172730710576,145.94698
depth_holdout,4669,1695.57,1149.6,980.5183066386544,1194.0119396071896,1157.2644,1173.3889,1149.743068601545,169.22476
depth_holdout,4670,1695.88,1143.81,988.2490642579361,1181.7936904809724,1133.035,1179.6956,1140.923380664186,152.67432
depth_holdout,4671,1696.19,1219.79,986.2862248490749,1115.9467149920206,1116.2612,1173.7716,1121.3308720658717,135.04465
depth_holdout,4672,1696.5,1192.21,982.1395524020628,1199.9369809026252,1169.0428,1164.0922,1170.2409165378049,188.10136
depth_holdout,4673,1696.81,1176.98,980.0838480945072,1196.5839632100558,1188.2014,1168.1451,1182.2800456042728,202.1962
depth_holdout,4674,1697.12,1243.44,996.1234285790863,1191.0347078550087,1171.3195,1066.746,1177.228805776352,181.10538
depth_holdout,4675,1697.42,1235.03,991.5886726111885,1232.7035148941452,1215.3384,1176.8389,1211.1240272254463,219.53535
depth_holdout,4676,1697.73,1248.96,976.8052571400415,1218.2693640868813,1182.7223,1173.5275,1179.5470326527368,202.74178
depth_holdout,4677,1698.04,1110.99,995.5102335624504,1240.9105267065581,1245.4083,1087.3495,1232.8354441337394,237.32521
depth_holdout,4678,1698.35,1121.47,984.1732321738618,1089.329374186055,1097.4335,1172.821,1109.0669852256196,124.89375
depth_holdout,4679,1698.66,1091.27,985.3013434251678,1098.4452970211933,1099.0105,1165.1571,1106.1254706224336,120.82413
depth_holdout,4680,1698.97,1114.16,981.3836451627708,1078.078883495122,1088.522,1166.5884,1082.66043196697,101.27679
depth_holdout,4681,1699.27,1127.26,980.8315364492753,1102.0755560062719,1101.5024,1175.1014,1098.48526874908,117.65373
depth_holdout,4682,1699.58,1067.9,980.8782073846885,1103.3131277838052,1107.8455,1169.7694,1108.4647323480674,127.586525
depth_holdout,4683,1699.89,1108.1,983.0427309172946,1056.1395293646833,1066.846,1168.0602,1047.7904192107517,64.74769
depth_holdout,4684,1700.2,1045.01,980.3744122303376,1090.0144740009887,1088.6583,1166.6074,1087.5187603748689,107.14435
depth_holdout,4685,1700.51,1113.61,980.1458471813914,1057.3231471051597,1058.327,1165.3059,1043.798400739741,63.652554
depth_holdout,4686,1700.81,1092.58,986.3873741317416,1105.1428393766303,1099.6799,1183.8109,1105.6231071639681,119.23573
depth_holdout,4687,1701.12,1116.51,984.6405790589037,1084.1561834276122,1083.9171,1156.8951,1082.9468000672045,98.30622
depth_holdout,4688,1701.43,1079.69,985.9255410497258,1100.504162621604,1104.4857,1160.2423,1105.9003030126164,119.97476
depth_holdout,4689,1701.74,787.89,983.210407957718,1177.5779760056057,1014.6871,1033.3177,1080.5168120714875,97.306404
depth_holdout,4690,1702.05,1118.37,982.2132450952024,816.1294085203147,900.3471,1097.1967,844.7418553246946,-137.47139
depth_holdout,4691,1702.36,1023.7,988.874509488832,1098.6072009238626,1116.5083,1126.0187,1113.3326241128555,124.458115
depth_holdout,4692,1702.66,1001.09,984.4389571371645,1047.4622627309204,1043.1172,1118.08,1029.70151893526,45.26256
depth_holdout,4693,1702.97,975.85,982.0427153483239,986.5566123593659,999.804,1163.418,975.1445334330407,-6.898182
depth_holdout,4694,1703.29,1037.35,984.1363724741532,967.658062885639,995.12964,1173.8212,969.8010081324173,-14.335364
depth_holdout,4695,1703.6,977.71,993.6075463955332,1046.9688684321106,1045.0973,1128.3048,1030.1678529446053,36.560307
depth_holdout,4696,1703.91,957.99,1000.247522801348,968.9735147325572,1004.38666,1097.3878,983.2771610917533,-16.970362
depth_holdout,4697,1704.22,1048.94,1001.4865545431755,959.5922111567919,993.2405,1090.71,976.510077873864,-24.976477
depth_holdout,4698,1704.53,1069.21,1005.4013680815062,1051.2989176358758,1054.6287,1083.302,1045.7855042814574,40.384136
depth_holdout,4699,1704.83,1130.16,992.0963933298688,1042.148041998935,1050.8757,1174.7689,1070.7920949289899,78.6957
depth_holdout,4700,1705.14,1100.24,981.3596360685005,1093.4502039293548,1097.2863,1191.9536,1125.6934373380318,144.3338
depth_holdout,4701,1705.45,1041.35,974.3479728927769,1087.474927765231,1090.0847,1171.7773,1080.2722358932651,105.92426
depth_holdout,4702,1705.76,1025.84,980.5173764215771,1055.2817114001136,1052.93,1166.0996,1033.214714525825,52.69734
depth_holdout,4703,1706.11,1053.97,987.8726113262924,1041.8971387812364,1040.6023,1059.4225,1032.3616745892318,44.489063
depth_holdout,4704,1706.42,1078.93,993.6622143574336,1051.1466099838565,1051.5216,1183.8319,1048.3983631916622,54.73615
depth_holdout,4705,1706.72,996.88,984.6810124233821,1056.9386895253708,1060.5878,1169.1768,1055.866200716839,71.18519
depth_holdout,4706,1707.03,1081.0,989.5939808605901,999.601263798859,1023.65875,1166.4326,998.0037060497991,8.409725
depth_holdout,4707,1707.34,1032.94,988.3048734068077,1064.4583365701235,1062.4818,1145.199,1052.5341290830772,64.229256
depth_holdout,4708,1707.65,1078.1,988.5071424372354,1047.5126560506556,1066.4473,1170.0789,1047.1480001337686,58.640858
depth_holdout,4709,1707.96,1016.12,991.8077696294617,1063.58293470121,1070.2012,1173.7537,1063.1459883184266,71.33822
depth_holdout,4710,1708.27,1033.7,985.9523249513145,1044.2174074971201,1044.3573,1165.1328,1025.5400744325157,39.58775
depth_holdout,4711,1708.57,1072.31,989.1102949348617,1041.410346134292,1039.8862,1159.3303,1026.5398031440902,37.42951
depth_holdout,4712,1708.88,1061.28,991.403981959212,1062.9100299426887,1052.3186,1164.3348,1047.114343439925,55.71036
depth_holdout,4713,1709.19,981.64,979.2453513831709,1049.262152141318,1037.4498,1157.9116,1021.2220245093916,41.976673
depth_holdout,4714,1709.5,966.95,987.3877937340785,975.9033740147705,990.9967,1175.0801,976.7936279320766,-10.594166
depth_holdout,4715,1709.8,1039.77,982.6044138935233,952.1401299767022,945.0257,1156.9573,945.5682009723807,-37.036213
depth_holdout,4716,1710.11,1009.22,981.9903640537689,1048.1041505264272,1031.0706,1180.9236,1016.2396125584075,34.24925
depth_holdout,4717,1710.42,1012.12,984.901872203145,1000.1766025093832,1019.8329,1191.2598,1011.2806334946489,26.378761
depth_holdout,4718,1710.73,990.33,980.0245657150392,1034.8595293288909,1018.2845,1154.1815,1004.5437746231203,24.519209
depth_holdout,4719,1710.73,990.33,980.0245657150392,979.2872925629156,1001.83386,1164.9996,973.9949078743105,-6.029658
depth_holdout,4720,1711.04,986.12,984.3168367437146,983.9685615293288,1014.00885,1177.9473,980.1578368238232,-4.159
depth_holdout,4721,1711.34,987.71,985.1988113255074,967.1028344813561,968.57166,1176.6803,955.4279506535104,-29.77086
depth_holdout,4722,1711.65,1062.86,986.3665563494424,976.9940790285129,985.9202,1152.3533,969.6793977648476,-16.687159
depth_holdout,4723,1711.96,953.03,989.7837407353285,1035.8601833364191,1040.499,1151.7684,1046.0334775212173,56.249737
depth_holdout,4724,1712.27,1016.6,985.6615846427258,963.4479631522207,966.4686,1168.9486,983.8796386988934,-1.781946
depth_holdout,4725,1712.58,1032.11,986.7602241709126,1034.7799093843012,1016.9797,1157.8043,1009.7028206064595,22.942596
depth_holdout,4726,1712.89,1050.25,984.0881706288403,1041.674799537449,1032.513,1154.2333,1021.3601165822095,37.271946
depth_holdout,4727,1713.19,1056.59,987.4845810172844,1049.3400437328628,1042.3191,1160.8462,1031.9265022514153,44.44192
depth_holdout,4728,1713.5,1033.42,986.7005733649479,1051.3387912516387,1045.4092,1151.2162,1030.9420932929265,44.24152
depth_holdout,4729,1713.81,1058.38,989.9210423916835,1044.597869838148,1057.5972,1160.2332,1041.4125089139002,51.491467
depth_holdout,4730,1714.14,1027.36,991.411911041141,1052.1118811695258,1056.5691,1170.55,1041.238124877811,49.826214
depth_holdout,4731,1714.44,1023.42,987.7227364075695,1042.8580533508712,1046.1971,1169.9097,1038.1301498902355,50.407413
depth_holdout,4732,1714.75,1075.76,991.1991979484146,1037.5258489715193,1028.1997,1177.8104,1020.241920650441,29.042723
depth_holdout,4733,1715.08,1074.17,1008.5815201239601,1065.8182603923503,1066.9073,1058.4016,1052.803554578306,44.222034
depth_holdout,4734,1715.39,1012.67,1002.433079216797,1059.9778729216678,1068.1843,1060.7262,1069.4189266899416,66.98585
depth_holdout,4735,1715.69,1061.83,994.1689167540657,1036.6438714215753,1039.4829,1122.7837,1031.362508825599,37.193592
depth_holdout,4736,1716.0,1097.34,998.1277352172314,1052.9408186002197,1057.895,1091.2994,1047.8343964415967,49.70666
depth_holdout,4737,1716.31,993.71,995.9188001418277,1073.6917724222396,1082.1772,1065.8243,1085.6566007399722,89.7378
depth_holdout,4738,1716.62,1015.01,991.7061109815596,991.5409411245225,1012.75525,1160.016,993.9663281713484,2.2602172
depth_holdout,4739,1716.93,1022.67,994.3061497186108,1037.288879708061,1043.1812,1120.2544,1023.2586548303051,28.952505
depth_holdout,4740,1717.24,1008.46,1004.0372895782815,1039.510932772017,1034.3706,1057.66,1008.2913784569131,4.254089
depth_holdout,4741,1717.55,1028.18,997.1449354274878,992.6749107510443,1006.3551,1181.477,996.8889166398653,-0.2560188
depth_holdout,4742,1717.86,1063.14,987.6330477246162,1041.6573940165981,1034.2368,1162.0826,1027.851252222907,40.218204
depth_holdout,4743,1718.17,1050.25,999.509187571241,1052.0194168579221,1063.2842,1177.5554,1036.8322886149422,37.3231
depth_holdout,4744,1718.48,1058.18,990.4177486890201,1050.389133682724,1041.2084,1173.4197,1032.037533997858,41.619785
depth_holdout,4745,1718.79,1050.52,997.6277094832107,1051.6430214814498,1058.6023,1171.4938,1045.3576327315018,47.729923
depth_holdout,4746,1719.1,1010.05,995.8421401533899,1050.3191714112384,1053.6837,1164.318,1041.8657035383997,46.023563
depth_holdout,4747,1719.41,1051.83,998.5005857219342,1013.2140289263317,1044.0488,1116.4883,1032.1109868754986,33.6104
depth_holdout,4748,1719.71,1058.38,995.10654534611,1051.2984843278543,1037.1108,1176.7437,1033.765538113444,38.658993
depth_holdout,4749,1720.02,1108.37,999.6780398664881,1050.6440341431635,1052.28,1173.7537,1033.4485820112636,33.770542
depth_holdout,4750,1720.33,1054.73,995.8956994068352,1100.339527867299,1097.1897,1161.2886,1109.8178261768549,113.92213
depth_holdout,4751,1720.64,988.47,993.2610798056705,1053.5527309225633,1067.914,1167.768,1053.0761394675358,59.81506
depth_holdout,4752,1720.94,1078.65,987.4881929683239,969.8586334720795,993.58234,1193.3076,972.0271114635021,-15.4610815
depth_holdout,4753,1721.26,1103.34,985.3133169703159,1062.1404035026258,1058.1344,1183.6093,1039.6448332361851,54.331516
depth_holdout,4754,1721.57,1076.79,982.960007431244,1100.043222685285,1088.5253,1188.6792,1097.9092032930603,114.949196
depth_holdout,4755,1721.87,1045.28,980.0810670124217,1063.4478344039562,1074.9342,1224.905,1062.2168244587108,82.13576
depth_holdout,4756,1722.18,1065.76,986.2483270364637,1048.854579683383,1048.615,1186.5269,1029.3395555215711,43.09123
depth_holdout,4757,1722.49,1056.31,980.1263084972047,1055.505799057783,1056.9741,1191.6266,1028.91695409657,48.790646
depth_holdout,4758,1722.79,850.5,997.8443566833512,1105.4268525641307,1082.8369,1201.0288,1086.7251092468277,88.88075
depth_holdout,4759,1723.1,906.97,996.5339312274218,887.019359734333,860.3943,1184.7949,835.5936388690234,-160.94029
depth_holdout,4760,1723.41,907.24,992.6915657083898,907.0480476465976,884.068,1177.4802,880.4442436258703,-112.24732
depth_holdout,4761,1723.72,919.86,993.9295443378246,913.8111178925676,903.68207,1191.1447,891.0521868549145,-102.87736
depth_holdout,4762,1724.03,886.21,996.9242159273135,915.8759615032938,907.317,1184.6913,895.8397814180362,-101.084435
depth_holdout,4763,1724.34,920.69,993.3319439130947,901.6825418057368,886.04486,1181.4912,878.8041576582119,-114.52779
depth_holdout,4764,1724.65,954.82,988.3868346684117,913.8365963430472,899.86005,1184.3035,912.0586944096226,-76.32814
depth_holdout,4765,1724.97,963.78,991.97870014932,950.4819055498533,953.5929,1186.0193,957.2155814054236,-34.76312
depth_holdout,4766,1725.28,986.4,988.2321548070054,945.9130515778587,952.5313,1190.8801,948.9869117344956,-39.245243
depth_holdout,4767,1725.58,934.07,976.9520117431929,955.7347275908287,960.2259,1197.9528,964.3927399307539,-12.559272
depth_holdout,4768,1725.89,951.17,973.1436928529404,941.132485081067,939.04395,1189.4473,929.1632508058212,-43.980442
depth_holdout,4769,1726.2,989.5,973.781343121073,942.8697332206867,943.89526,1188.5363,928.0025841183874,-45.77876
depth_holdout,4770,1726.51,978.26,973.6489159185849,971.7149781775139,967.11334,1188.5363,939.2107788641415,-34.438137
depth_holdout,4771,1726.81,991.36,974.7642296785493,955.8925239030002,974.81964,1200.9906,947.9591588014741,-26.80507
depth_holdout,4772,1727.12,978.26,985.9014022474272,979.0906857171703,995.9295,1145.1337,959.8997790937407,-26.001623
depth_holdout,4773,1727.43,963.23,970.5694725020809,952.5891514171578,957.60114,1188.849,933.9579421981258,-36.61153
depth_holdout,4774,1727.74,1010.53,974.396784322666,949.6563186637576,953.9303,1192.162,938.4781785182226,-35.918606
depth_holdout,4775,1728.05,994.53,973.6673832107349,1023.4825595556547,1023.30707,1194.0636,993.1304664779468,19.463083
depth_holdout,4776,1728.35,1037.15,980.6038160705237,982.2561383415848,994.6589,1192.0862,957.4926042937904,-23.111212
depth_holdout,4777,1728.66,959.85,972.5834184965652,1044.3113966549631,1031.3851,1193.8593,1007.3525644621413,34.769146
depth_holdout,4778,1728.97,984.26,975.7861848192649,965.7268573280412,973.07306,1198.7936,957.4241586046653,-18.362026
depth_holdout,4779,1729.28,977.71,970.4116128620764,961.2951561102168,953.1791,1187.2175,934.008876198258,-36.402737
depth_holdout,4780,1729.59,987.43,973.6992514315614,956.038907922093,968.49817,1197.9419,946.1071512881288,-27.5921
depth_holdout,4781,1729.89,951.65,969.8026566722993,968.2643059640253,973.1219,1205.7534,932.5301232555513,-37.272533
depth_holdout,4782,1730.2,967.99,969.2166398720395,950.0154778773194,965.65234,1193.9342,936.0861581520688,-33.13048
depth_holdout,4783,1730.51,1014.53,978.2250634179383,990.5101765350165,980.2184,1210.7264,957.5005627618103,-20.7245
depth_holdout,4784,1730.82,1000.81,978.8860034502828,1021.6861541862364,1020.0518,1195.4349,980.6762483872259,1.7902449
depth_holdout,4785,1731.12,1037.9,972.9514092785685,981.1191159981074,994.7446,1200.2168,954.502556739506,-18.448853
depth_holdout,4786,1731.43,968.75,977.4504685725898,1047.0598588116886,1039.8959,1198.6544,1010.2681298579902,32.81766
depth_holdout,4787,1731.74,954.82,970.9835374576319,959.0648890107356,972.1491,1187.9974,942.4608724338282,-28.522665
depth_holdout,4788,1732.05,1003.71,980.934493519843,951.6901447513555,978.72424,1205.323,958.798076130927,-22.136417
depth_holdout,4789,1732.36,1029.49,977.2633183903997,982.0517114753646,997.28143,1188.2903,978.500560612232,1.2372422
depth_holdout,4790,1732.66,1035.56,979.0710450508694,1042.8563350866168,1040.1171,1203.0312,1013.6628457405667,34.5918
depth_holdout,4791,1732.97,1075.21,973.1750448450973,1040.9964742037926,1037.4072,1190.95,1001.4009206995895,28.225876
depth_holdout,4792,1733.28,1048.66,981.9156640639483,1066.4786387873103,1069.1863,1207.3036,1052.7381662001787,70.8225
depth_holdout,4793,1733.59,1033.7,987.6887624710565,1050.6229711779656,1058.5204,1142.9845,1041.1307828873164,53.44202
depth_holdout,4794,1733.94,1042.39,987.1414019386073,1043.8759290615862,1025.7904,1209.6324,1011.4628226081629,24.32142
depth_holdout,4795,1734.25,1004.26,992.1744802107941,1051.96185113414,1057.3993,1230.8691,1043.1767041793,51.002224
depth_holdout,4796,1734.56,969.85,985.352287887677,993.1280432744059,1009.19574,1196.5859,1008.7201372376526,23.36785
depth_holdout,4797,1734.86,973.23,981.5216457529762,960.7323007522198,981.2667,1206.7988,962.4124500437476,-19.109196
depth_holdout,4798,1735.17,989.29,980.5576615410753,954.6587471919175,966.7143,1200.5054,944.4947533684679,-36.06291
depth_holdout,4799,1735.48,954.82,980.8814405965816,970.9080255999118,972.85815,1194.8568,949.49458451748,-31.386856
depth_holdout,4800,1735.79,995.57,989.5523057618402,962.2824125002157,994.9764,1209.5168,980.5447812714838,-9.0075245
depth_holdout,4801,1736.1,1035.56,980.7035278647,971.150366784125,987.2845,1207.4418,960.7380356161649,-19.965492
depth_holdout,4802,1736.4,1057.35,989.6561481007004,1041.4388395476458,1037.5182,1218.6392,1022.4633723743821,32.807224
depth_holdout,4803,1736.71,1043.42,983.1629529880584,1049.658615396042,1038.8646,1191.4515,1024.1551443027556,40.99219
depth_holdout,4804,1737.02,1099.13,991.6641590645754,1051.5598110604235,1056.5919,1152.2332,1037.9701931527102,46.306034
depth_holdout,4805,1737.34,1019.22,978.8565241498842,1079.3407779037825,1070.008,1199.2825,1059.1629587812317,80.306435
depth_holdout,4806,1737.64,1046.59,974.2425133654406,1038.4076433141286,1040.7861,1199.7618,1012.8674179980089,38.624905
depth_holdout,4807,1737.95,982.47,978.2887508340582,1048.6380763757486,1045.411,1203.7417,1019.883115000318,41.594364
depth_holdout,4808,1738.26,1046.87,982.0611962561434,976.124411174004,1001.19366,1204.0555,975.9315552000826,-6.129641
depth_holdout,4809,1738.57,996.4,982.1722325654837,1051.590081665,1046.0099,1201.7919,1023.6084317537161,41.4362
depth_holdout,4810,1738.88,1005.57,985.6010326229158,985.3733670550156,1019.08374,1202.4161,975.8138898693147,-9.787143
depth_holdout,4811,1739.18,1095.2,977.9997488960241,987.8497343611347,999.6306,1204.8716,985.909516046903,7.909767
depth_holdout,4812,1739.49,1099.41,979.2215227834965,1073.6956337386698,1069.7957,1194.4034,1057.9650301687504,78.74351
depth_holdout,4813,1739.8,862.01,953.6027977195936,1033.1340143895463,972.7886,656.4819,999.7073318687635,46.104534
depth_holdout,4814,1740.11,838.09,939.358050885224,899.6753082195582,841.99567,608.7073,791.4275699281927,-147.93048
depth_holdout,4815,1740.42,899.66,990.938904535206,827.3112866975737,826.72815,951.9557,836.1843574160654,-154.75455
depth_holdout,4816,1740.73,951.65,953.1008123107708,921.2323911284983,880.9048,782.5788,862.9986165710247,-90.102196
depth_holdout,4817,1741.04,991.36,956.9099520029256,946.1730015717629,929.802,821.59955,909.6624506296346,-47.2475
depth_holdout,4818,1741.35,957.72,971.7230212180707,977.1416049372624,972.4219,907.7328,958.3770138709638,-13.346007
depth_holdout,4819,1741.65,955.65,940.0767293494805,1024.191327544692,977.6303,801.44324,934.446106485711,-5.630623
depth_holdout,4820,1741.96,902.56,947.4071483829322,946.2054377510069,931.0685,787.3402,889.5954761722388,-57.811672
depth_holdout,4821,1742.27,966.4,961.8798754880381,921.7011338301236,904.43634,807.9694,869.7374346921397,-92.14244
depth_holdout,4822,1742.58,997.91,938.4601897035269,956.2554968666689,937.85175,799.3068,907.3175200257925,-31.14267
depth_holdout,4823,1742.89,963.51,927.303808660743,984.9854574663925,983.7182,647.56067,929.7747842981789,2.4709756
depth_holdout,4824,1743.19,988.19,921.446320391167,968.2779582091121,967.0902,662.0914,919.5301511053927,-1.9161693
depth_holdout,4825,1743.5,910.14,904.8745641796432,973.2485934483785,946.6598,623.1198,901.1447858898483,-3.7297783
depth_holdout,4826,1743.81,923.79,928.8424815444552,923.5667397904889,903.3809,634.84454,857.0969676284395,-71.745514
depth_holdout,4827,1744.12,930.41,913.4027314044939,917.6533553514993,890.07983,630.29004,862.4781594135271,-50.924572
depth_holdout,4828,1744.43,959.85,952.6831634576627,914.0570006582506,896.50195,798.6315,880.946926885397,-71.73624
depth_holdout,4829,1744.73,951.92,915.421056074864,962.5759459562202,951.0177,666.992,911.5629561374251,-3.8581
depth_holdout,4830,1745.04,953.03,918.8010915651796,944.2862272157637,939.0156,637.7845,896.345918072748,-22.455173
depth_holdout,4831,1745.35,1018.74,944.5255292284713,943.2722865194959,931.8508,779.2424,893.9222577440963,-50.60327
depth_holdout,4832,1745.66,981.92,934.7993060986925,1037.5617356976747,1005.0332,763.7772,940.9798013608385,6.1804953
depth_holdout,4833,1745.97,1036.59,952.9749752779885,974.3474494782055,971.83484,800.04755,931.4812618990823,-21.493713
depth_holdout,4834,1746.28,1059.21,946.9508104737952,1043.5485285614777,1023.98047,777.5758,946.3687736805632,-0.5820368
depth_holdout,4835,1746.58,1083.41,937.6287359961757,1052.0885226883254,1036.6456,756.7875,960.4160780677089,22.787342
depth_holdout,4836,1746.89,1046.59,955.0637792310429,1059.690802845186,1048.3645,779.28156,968.4926828107548,13.428904
depth_holdout,4837,1747.2,1046.32,924.5224619031454,1063.6801670220445,1055.8075,626.2472,977.6801920056845,53.15773
depth_holdout,4838,1747.51,1033.97,1011.3576260298101,975.3343904938615,989.06964,822.7536,1000.2855263441412,-11.0721
depth_holdout,4839,1747.82,1002.95,969.9095731579711,1059.7047454624758,1042.6068,800.8799,999.8689618908812,29.959389
depth_holdout,4840,1748.13,1004.81,932.2174604816537,998.4389607927247,1001.4618,777.2257,957.2634542865853,25.045994
depth_holdout,4841,1748.43,1013.98,915.6497364372037,998.6004652313574,994.0213,624.0804,937.8399525016569,22.190216
depth_holdout,4842,1748.74,1029.77,897.7004393829075,1035.4046853118055,1009.7789,619.769,929.9390143645969,32.238575
depth_holdout,4843,1749.05,996.12,959.0527186519685,1032.907979784905,1015.815,838.80707,952.3168816692414,-6.735837
depth_holdout,4844,1749.35,1036.59,897.695852951655,1062.2364505092346,1018.37286,629.195,943.7905451818796,46.094692
depth_holdout,4845,1749.68,973.78,925.0707188159176,1033.6203097834334,1017.6258,675.9196,966.1222782641598,41.05156
depth_holdout,4846,1749.99,1007.15,949.0353079455681,961.8190174762532,957.67993,764.2868,918.5605917590447,-30.474716
depth_holdout,4847,1750.31,1059.97,961.2788186834206,989.3362448610272,989.5834,945.5992,943.7560716436257,-17.522747
depth_holdout,4848,1750.62,1107.06,944.1593925037121,1052.1862200631479,1043.8851,783.4445,963.1691543140148,19.009762
depth_holdout,4849,1750.94,1073.14,899.6544319373255,1090.77500546106,1108.5979,685.96075,973.3442589026575,73.68983
depth_holdout,4850,1751.25,987.98,579.01456100155,1093.4920633147788,1001.7409,370.0616,809.274570767175,230.26001
depth_holdout,4851,1751.55,1036.04,915.8975860286783,953.0081692348365,961.81335,543.3439,929.4571258236002,13.55954
depth_holdout,4852,1751.86,1100.72,912.0725858620391,1036.1984789214907,964.3328,538.68884,921.2158925942168,9.143307
depth_holdout,4853,1752.17,1111.75,995.3521003966675,1067.9108524749345,1050.5543,785.2555,1009.7289247756348,14.376824
depth_holdout,4854,1752.48,1023.15,931.7917548309101,1061.4026128000787,1068.0026,730.8692,988.9984770904316,57.206722
depth_holdout,4855,1752.79,997.91,925.2951408719446,1041.6353688645763,977.9131,576.2723,946.5468288754846,21.251688
depth_holdout,4856,1753.1,1009.5,900.2302866871847,987.5656130011013,945.0878,631.93524,899.1907441313757,-1.0395426
depth_holdout,4857,1753.41,1051.83,914.1019887749957,996.9234928079572,974.67334,656.34985,930.3012380425738,16.19925
depth_holdout,4858,1753.73,961.65,871.0679384694314,1043.8678644002844,974.8296,346.226,917.4554354176736,46.387497
depth_holdout,4859,1754.03,1009.5,838.0927625978155,974.647560004716,882.82587,308.11426,847.0697561586065,8.976994
depth_holdout,4860,1754.34,993.22,887.9613511014616,996.6084679129588,930.0071,408.81955,899.7867190290128,11.825368
depth_holdout,4861,1754.65,1051.28,834.9182215138349,988.1347844701605,937.14154,399.92404,877.5998964711102,42.681675
depth_holdout,4862,1754.96,1029.22,860.4859707170542,1042.5135348683236,957.0806,364.4092,896.2525570207652,35.766586
depth_holdout,4863,1755.26,989.78,912.2957527230998,1027.4718187839521,961.64703,524.7724,924.7462684701701,12.450516
depth_holdout,4864,1755.57,1019.49,872.5844491595207,981.7697162223192,936.6919,358.65854,896.8054460162101,24.220997
depth_holdout,4865,1755.88,989.78,887.3203660364087,1024.3752435434326,954.4305,418.49832,903.5201646203931,16.199799
depth_holdout,4866,1756.19,1038.18,890.4150205337038,980.9581585411165,946.6318,431.2205,903.3345370971193,12.919517
depth_holdout,4867,1756.49,1010.53,846.2488681870541,1041.8120556424205,952.5251,340.0495,879.3580905991635,33.109222
depth_holdout,4868,1756.81,974.54,876.36481518832,1011.4932180282378,967.674,422.48358,902.9611668118552,26.596352
depth_holdout,4869,1757.11,981.92,832.1657456737717,971.0352917669095,910.5177,386.73163,859.6224240642746,27.456678
depth_holdout,4870,1757.43,1030.25,862.1732177137915,966.3197864114584,870.1854,350.18127,859.6886126398626,-2.484605
depth_holdout,4871,1757.74,1062.11,854.7633455939898,1027.9412019747854,938.88715,381.14142,897.9947756477007,43.23143
depth_holdout,4872,1758.04,989.29,845.4995916179345,1045.8860401334516,953.8502,392.1337,900.4272496989892,54.927658
depth_holdout,4873,1758.35,980.33,818.0890487892533,983.9902858683699,921.03827,390.54654,851.5588592750931,33.46981
depth_holdout,4874,1758.66,1040.8,859.1363095925444,959.1296758938807,879.81116,387.123,860.0304423854941,0.8941328
depth_holdout,4875,1758.96,1024.73,887.1540624058936,1044.2159266352767,955.4544,534.37256,903.3481294072363,16.194067
depth_holdout,4876,1759.27,946.41,922.3056995186057,1030.4301384927394,980.0702,659.0441,920.1918753895011,-2.1138241
depth_holdout,4877,1759.58,1056.04,882.8201084736924,963.3092843844486,913.48694,579.8171,892.4951916340927,9.675083
depth_holdout,4878,1759.89,997.15,902.8780503733162,1050.2461013919415,945.3913,612.2692,900.602012441874,-2.276038
depth_holdout,4879,1760.2,966.95,893.4677125839146,993.166612486655,949.05566,554.3573,911.3834020522984,17.91569
depth_holdout,4880,1760.5,1013.22,867.1334503166308,959.9938193809605,904.0051,462.48935,870.1939435474505,3.0604932
depth_holdout,4881,1760.81,985.85,908.0639955777315,1020.1217629984554,944.162,634.0568,905.912399269977,-2.1515963
depth_holdout,4882,1761.12,1035.01,858.5319089266791,977.3624989522461,920.0221,443.20676,881.2035130831732,22.671604
depth_holdout,4883,1761.43,1048.38,875.9342906524191,1033.4947364570653,952.89825,543.8647,894.518561129714,18.58427
depth_holdout,4884,1761.73,996.12,804.1456660872161,1044.0202164585935,963.0677,373.40854,849.5380229597747,45.392357
depth_holdout,4885,1762.04,924.9,857.3833951930186,986.6348976326864,926.4894,354.04395,889.5211896876475,32.137794
depth_holdout,4886,1762.35,965.64,865.1391958233983,934.0645000924683,850.71234,361.22382,844.4099954602391,-20.7292
depth_holdout,4887,1762.66,1001.91,904.953143175615,948.5608569704375,864.40857,580.0691,862.3589888177048,-42.594154
depth_holdout,4888,1762.97,1038.94,866.4189468844195,979.1743020974967,924.6774,443.62585,890.7340332491656,24.315086
depth_holdout,4889,1763.27,987.16,837.4182733636297,1044.5969643741635,972.61127,420.0915,879.6917032342352,42.27343
depth_holdout,4890,1763.58,996.6,855.3974669310636,978.3093810881411,918.6484,357.22095,881.7248022887296,26.327335
depth_holdout,4891,1763.89,937.72,866.7564518440456,980.7454508722923,930.5805,453.85168,888.9037067878933,22.147255
depth_holdout,4892,1764.19,911.45,865.7320241887055,939.4800109296904,866.86383,417.7986,852.2315807301484,-13.500443
depth_holdout,4893,1764.5,962.2,885.2164009610144,924.556052892284,837.548,563.9617,822.6613014737097,-62.5551
depth_holdout,4894,1764.81,945.1,907.1705827036817,951.5309849319,869.90924,586.11975,864.9106873789747,-42.259895
depth_holdout,4895,1764.81,945.1,907.1705827036817,934.0430788335821,868.36664,593.67096,874.4923829356153,-32.6782
depth_holdout,4896,1765.12,987.71,854.0754092430833,933.9123205127769,864.11755,403.25415,856.3148430084947,2.2394338
depth_holdout,4897,1765.43,1017.63,835.6923236307398,970.4875383924949,884.6981,385.94592,847.5234260019556,11.831102
depth_holdout,4898,1765.73,1047.07,843.5917004102874,1025.998545468338,927.4356,365.89798,860.4188278669525,16.827127
depth_holdout,4899,1766.05,1020.32,821.0894908869859,1043.636903486466,954.1552,390.0289,861.2562732661363,40.166782
depth_holdout,4900,1766.35,978.26,907.7876715475788,1025.070145057362,960.92535,601.83453,936.8154616171589,29.02779
depth_holdout,4901,1766.66,951.17,870.5550015791241,967.3773756951628,937.06415,519.5247,892.0894807203595,21.53448
depth_holdout,4902,1766.97,958.27,857.0797355609253,956.1127127858751,889.2347,402.61847,867.7320287661865,10.652293
depth_holdout,4903,1767.28,926.41,736.7932789843301,983.7926095782443,881.0316,379.00095,852.3948872606973,115.60161
depth_holdout,4904,1767.58,989.78,841.4640114154203,923.7827753662837,846.3269,376.3969,838.6775650824887,-2.7864463
depth_holdout,4905,1767.89,961.65,852.3571102373803,974.3076922999538,900.8059,381.36053,860.1927835695947,7.8356733
depth_holdout,4906,1768.2,931.17,844.8364889366112,961.0794496902334,891.232,362.37027,851.8369028312645,7.000414
depth_holdout,4907,1768.51,957.44,816.7692644949464,929.0433610155236,844.0161,350.58514,795.5891726370362,-21.180092
depth_holdout,4908,1768.81,959.58,835.9999100532368,948.3844703451496,856.891,384.05176,822.3864437904194,-13.613466
depth_holdout,4909,1769.12,979.78,837.7435464228931,950.6580453879685,864.3089,378.9851,826.7481316890064,-10.995415
depth_holdout,4910,1769.43,997.71,846.0667339405809,958.3885772700309,873.93164,372.09,846.4663334033285,0.39959946
depth_holdout,4911,1769.74,967.99,832.307407091696,981.8810774275914,910.4465,380.63138,850.0966088281461,17.789202
depth_holdout,4912,1770.05,1000.33,806.2336784239587,968.3626161244133,923.31537,421.2171,839.763051592904,33.529373
depth_holdout,4913,1770.35,964.54,864.4318632365732,982.3426952244066,915.55206,398.93152,869.2686146976023,4.8367515
depth_holdout,4914,1770.66,1000.05,795.9913496235549,959.9244440323088,876.5649,364.27853,815.3716539601028,19.380304
depth_holdout,4915,1770.97,944.34,814.7384771417813,979.5028908285593,912.6287,418.7579,828.8646167825895,14.12614
depth_holdout,4916,1771.28,927.79,810.0127084620053,948.3525894059039,877.9822,358.82303,819.1967475779111,9.184039
depth_holdout,4917,1771.58,940.13,821.1497995867107,920.5475513742643,826.9737,357.57562,787.889866115031,-33.259933
depth_holdout,4918,1771.89,909.11,866.1670035711886,923.654617238167,853.80963,466.31357,830.450313507712,-35.71669
depth_holdout,4919,1772.2,900.69,862.7565430559905,925.2090257582911,831.7201,383.45654,813.7246407427581,-49.031902
depth_holdout,4920,1772.51,918.83,806.9488698564753,916.5296558602304,824.908,384.2791,765.8744756304011,-41.074394
depth_holdout,4921,1772.81,915.66,816.4490538781267,918.5509398006672,817.5667,359.76605,765.6348677819353,-50.814186
depth_holdout,4922,1773.12,889.11,811.7379747862993,916.2799950300184,816.6642,360.83582,767.7967707152544,-43.941204
depth_holdout,4923,1773.43,915.38,813.7686572497719,910.801333107999,816.61176,421.36887,767.8565860217445,-45.91207
depth_holdout,4924,1773.74,912.28,822.3709718892495,927.5677809996664,814.8933,301.45392,773.6851846883218,-48.685787
depth_holdout,4925,1774.04,911.45,816.5567470365395,914.2779238422999,790.1324,349.76105,759.3038745694985,-57.252872
depth_holdout,4926,1774.35,909.11,854.4725669650704,915.962473084509,811.36255,372.5788,793.3921760348946,-61.08039
depth_holdout,4927,1774.66,861.25,800.0224859147465,919.7858874919516,817.5315,386.59158,757.9864522843754,-42.036034
depth_holdout,4928,1774.97,855.74,820.6461501504596,853.3781156582426,763.80194,360.65045,744.8638396646197,-75.78231
depth_holdout,4929,1775.28,818.92,803.3815577720575,842.4623979849769,747.71857,368.21896,715.4210170005731,-87.96054
depth_holdout,4930,1775.58,828.16,772.8331852964069,821.4614567703915,745.0521,376.53796,720.1727086118366,-52.660477
depth_holdout,4931,1775.89,831.05,789.5728657163431,819.229570576049,729.60315,359.85806,723.7157566465189,-65.85711
depth_holdout,4932,1776.2,825.47,775.1038082815604,827.3903723586857,741.8836,328.1618,745.8621376730399,-29.24167
depth_holdout,4933,1776.51,867.32,855.6683387665546,793.2538835430197,718.9881,567.4067,734.1783714203632,-121.48997
depth_holdout,4934,1776.81,856.77,873.6751300884002,842.5121918772959,762.02454,589.67377,766.879056174826,-106.796074
depth_holdout,4935,1777.12,852.84,850.919210130657,845.0788672113118,753.0277,425.07758,734.392598802532,-116.52661
depth_holdout,4936,1777.43,859.39,849.4945605578807,842.187425274161,744.81335,419.1052,730.1256717029003,-119.36889
depth_holdout,4937,1777.74,865.18,833.6898206906253,841.3436965069401,744.4313,354.41388,721.1936201291019,-112.4962
depth_holdout,4938,1778.05,839.67,841.3593058588111,850.745227220382,757.7301,351.55774,744.1555094720924,-97.2038
depth_holdout,4939,1778.36,880.7,831.7987312477219,838.4209069810715,754.24005,379.33893,736.666551987468,-95.13218
depth_holdout,4940,1778.67,848.64,843.782869834789,877.0526676868067,767.9213,405.5476,752.2510781477773,-91.53179
depth_holdout,4941,1778.97,848.91,872.4400096791471,843.3896956072076,775.6994,497.56366,742.645301427194,-129.79471
depth_holdout,4942,1779.28,871.53,879.3058650120104,837.485624347744,750.9042,602.4661,729.621203146776,-149.68466
depth_holdout,4943,1779.59,902.56,824.4908347471971,854.1458494026768,769.4649,409.86932,758.634114776494,-65.85672
depth_holdout,4944,1779.9,911.45,821.8627818815263,914.9327704100357,804.673,372.9007,772.6402171842607,-49.222565
depth_holdout,4945,1780.2,896.49,803.6590265155285,912.3030270771662,799.40894,394.86203,754.7276071429699,-48.93142
depth_holdout,4946,1780.51,885.18,814.4933920871572,910.3456648010132,802.9458,411.5218,763.1018210422353,-51.39157
depth_holdout,4947,1780.82,863.32,824.3408258915467,899.5785143261007,779.6614,386.4093,749.7206171513124,-74.62021
depth_holdout,4948,1781.13,863.87,898.2659871421381,841.5043263951834,775.27185,604.48895,745.3600880942865,-152.9059
depth_holdout,4949,1781.44,874.42,858.8169191404083,850.1948219231731,785.60504,476.14252,773.4743669553498,-85.34255
depth_holdout,4950,1781.74,907.52,817.4607348846899,871.4115190696403,783.7244,402.65854,747.1844134735571,-70.27632
depth_holdout,4951,1782.05,892.76,796.9599833511652,912.733181008091,805.86707,424.27625,759.7373271011652,-37.222656
depth_holdout,4952,1782.36,777.14,902.4603348505539,913.654210699845,828.0742,614.94525,818.43215949655,-84.028175
depth_holdout,4953,1782.66,874.91,823.0088799781523,805.3220571279578,715.8553,417.12787,645.2403863258086,-177.7685
depth_holdout,4954,1782.97,873.32,822.6052529913406,837.3809109726615,760.03107,388.26,734.417958984993,-88.187294
depth_holdout,4955,1783.28,844.43,840.3899378436313,870.7039752419664,770.5907,434.49423,775.2512201922641,-65.13872
depth_holdout,4956,1783.59,875.46,843.2043291560383,836.6911672384647,754.72235,397.8964,730.6490694514484,-112.55526
depth_holdout,4957,1783.9,870.7,862.1718635294319,867.3630864389585,774.46954,468.07867,771.6941489908577,-90.477715
depth_holdout,4958,1784.2,866.49,855.5194078495178,863.2834206808936,792.1637,514.2345,799.9267259647522,-55.59268
depth_holdout,4959,1784.51,896.97,872.6152293247756,859.2233547206207,773.41174,542.9333,771.9872233433302,-100.628006
depth_holdout,4960,1784.82,863.12,895.9778009525744,909.9301691044675,806.70087,608.70056,799.30827580609,-96.669525
depth_holdout,4961,1785.13,841.26,840.0941523259445,858.5170495964368,783.3639,363.86273,749.3608530705734,-90.7333
depth_holdout,4962,1785.43,814.23,810.9769711106412,839.1974437125034,755.81433,382.12454,731.1892132371061,-79.78776
depth_holdout,4963,1785.74,854.43,742.5344929208408,805.1306417375275,742.9479,385.8121,739.0689312924991,-3.4655616
depth_holdout,4964,1786.05,801.61,816.164902161833,828.2522055769318,737.2268,368.46848,714.1426701061689,-102.02223
depth_holdout,4965,1786.36,721.91,822.9170588680552,804.0253959181945,720.6807,321.2011,687.0403651424692,-135.8767
depth_holdout,4966,1786.67,879.66,885.3000125814615,725.3551836773183,654.9112,477.72388,615.453699104899,-269.8463
depth_holdout,4967,1786.97,912.0,875.0600870981929,826.1419035302092,752.6811,449.40598,755.1109980478999,-119.94909
depth_holdout,4968,1787.28,893.04,801.429477152564,916.5150442499819,822.81854,370.13492,771.7123808238287,-29.717096
depth_holdout,4969,1787.59,896.49,773.1938898754743,911.341349418269,823.8803,330.6384,783.224928159776,10.031038
depth_holdout,4970,1787.9,880.97,780.3848491912828,910.1705717029696,798.6359,317.34637,764.2757412200914,-16.109108
depth_holdout,4971,1788.2,873.87,769.0737475088318,897.5630933114834,779.2348,306.39664,742.8914908102234,-26.182257
depth_holdout,4972,1788.51,860.5,807.5396179801925,870.6638582722617,777.9895,338.88156,732.789022887419,-74.750595
depth_holdout,4973,1788.82,881.25,774.4184248203183,839.4304825758306,746.00616,305.40817,728.0533087009335,-46.365116
depth_holdout,4974,1789.13,895.45,830.1049522451124,884.6767289929259,772.4612,332.06284,744.7770103505811,-85.32794
depth_holdout,4975,1789.43,877.8,809.7644134675517,910.8232728113244,798.106,301.6877,756.431108108665,-53.333305
depth_holdout,4976,1789.74,830.78,709.0979662255723,889.822671270859,804.4318,357.74167,788.5620851830919,79.46412
depth_holdout,4977,1790.05,872.01,766.8769212333574,839.4614972213428,753.9622,319.6515,735.8988557426347,-30.978065
depth_holdout,4978,1790.36,868.36,761.2529014325653,844.7756103321038,754.1229,326.2886,760.3055967069183,-0.9473047
depth_holdout,4979,1790.66,859.67,812.1506575576548,861.7570424910112,757.67706,312.69946,736.2160796157602,-75.93458
depth_holdout,4980,1790.97,869.11,787.0569718833428,846.7569189945833,758.63617,349.78708,730.403151845501,-56.65382
depth_holdout,4981,1791.28,896.49,819.1729497656812,855.7576800564724,755.8879,325.03537,739.4987935767164,-79.67416
depth_holdout,4982,1791.59,907.24,847.208054473135,907.7660920341649,795.8802,339.4643,778.1471032402249,-69.06095
depth_holdout,4983,1791.9,908.55,847.0025144970502,911.1297190614163,805.71326,341.98285,779.9957167065229,-67.0068
depth_holdout,4984,1792.2,864.7,861.5049025010851,911.1131093038151,817.2891,502.93054,795.794308323839,-65.710594
depth_holdout,4985,1792.51,885.46,805.3310263414419,868.1479604696302,798.45154,385.6833,757.6009695787466,-47.730057
depth_holdout,4986,1792.82,890.97,783.262713079159,894.8739786125005,773.2726,340.22916,739.6616159722254,-43.601097
depth_holdout,4987,1793.13,872.29,831.4174163671134,903.7455213477402,797.9089,345.64508,768.427246841967,-62.99017
depth_holdout,4988,1793.43,867.53,828.2647504116471,867.8383342630331,768.152,301.55597,751.9702786709245,-76.29447
depth_holdout,4989,1793.74,858.08,844.6592680657934,859.8424018357919,758.43414,341.65054,756.8309370721411,-87.82833
depth_holdout,4990,1794.05,904.62,899.9572892826217,836.9305153099813,758.37744,532.20844,736.626555029692,-163.33073
depth_holdout,4991,1794.36,871.25,848.2631626555685,913.2154376654379,815.274,395.0035,796.5360279509787,-51.727135
depth_holdout,4992,1794.66,859.39,833.186932475779,871.4680106446762,787.62024,350.46338,773.7257546498513,-59.461178
depth_holdout,4993,1794.97,893.87,843.9005433669247,843.5463272854637,744.62823,338.1569,719.506805573956,-124.39374
depth_holdout,4994,1795.28,948.55,884.7470210792933,928.7264318090697,829.03094,375.7175,793.693836570016,-91.053185
depth_holdout,4995,1795.59,882.28,830.0740599581993,947.3407061987506,849.7349,330.91257,817.7807745883263,-12.293285
depth_holdout,4996,1795.89,837.6,840.5416026883715,903.9614857583678,799.998,350.66797,791.5988803678149,-48.942722
depth_holdout,4997,1796.2,782.65,788.5388644385903,844.5675546851841,770.91223,339.0335,752.0937693763344,-36.445095
depth_holdout,4998,1796.51,779.0,777.4105698294827,765.4597385720149,690.1458,298.95538,619.3789841361233,-158.03159
depth_holdout,4999,1796.82,829.47,836.2072733224119,751.6319437833799,666.9821,316.63757,601.5149362862791,-234.69234
depth_holdout,5000,1797.13,814.44,794.9585144532975,809.6145924125394,726.3887,316.13702,707.9909851564225,-86.96753
depth_holdout,5001,1797.44,935.38,922.7691008412694,800.3561996960168,732.0923,543.6256,730.7853361928319,-191.98376
depth_holdout,5002,1797.74,908.83,916.0827791709512,889.1202636088568,806.94836,558.65875,823.8072435874551,-92.275536
depth_holdout,5003,1798.05,911.73,899.1096915306283,917.5443688801938,845.9073,559.66406,815.4632224144174,-83.64647
depth_holdout,5004,1798.36,907.24,861.0557177208847,912.9636228883924,832.1382,491.41092,811.2086336754745,-49.847084
depth_holdout,5005,1798.67,915.17,858.422271915917,912.1315276934691,822.6106,484.19528,796.6225587811514,-61.799713
depth_holdout,5006,1798.98,932.48,864.7570677921707,912.5694465686938,828.85706,466.18207,805.5179358646805,-59.239132
depth_holdout,5007,1799.28,967.44,857.8954785498348,914.83827729888,840.47833,384.57016,822.6644337805477,-35.231045
depth_holdout,5008,1799.59,950.61,863.4004745853975,950.3874013773396,866.6848,422.27524,854.5063658131197,-8.894109
depth_holdout,5009,1799.9,979.3,851.8596710594493,951.7814811817337,881.38776,324.19812,855.2489234836894,3.3892524
depth_holdout,5010,1800.2,960.89,888.3719587955508,955.9030607131155,881.6194,489.60333,867.7023020420107,-20.669657
depth_holdout,5011,1800.51,970.06,856.9981324328785,957.6087369762724,888.50824,377.48987,865.1012980594044,8.103166
depth_holdout,5012,1800.82,951.65,822.9571564675613,958.5945415963605,880.55853,339.1363,832.500386524324,9.54323
depth_holdout,5013,1801.13,974.26,881.8181398210958,944.8760091635859,882.0432,409.1387,860.0424688158467,-21.775671
depth_holdout,5014,1801.44,1009.22,892.2288837487488,955.6559572775169,875.401,483.72858,865.9122409875183,-26.316643
depth_holdout,5015,1801.74,1057.62,839.8730388965491,988.7931089968948,907.23785,336.94455,869.457444795597,29.584406
depth_holdout,5016,1802.05,1018.74,848.9117722214054,1046.2833075821006,954.9965,318.6924,910.5859093368839,61.674137
depth_holdout,5017,1802.36,1091.0,842.4111940988262,1028.8399151152648,949.45233,317.92035,896.6979410775859,54.286747
depth_holdout,5018,1802.67,1061.0,891.7764420071346,1070.7631815101838,990.1683,539.93207,980.9110626736385,89.13462
depth_holdout,5019,1802.97,1073.41,856.7012959787528,1044.5828025143721,979.66504,367.96564,943.6077748605887,86.90648
depth_holdout,5020,1803.28,1103.06,815.9190525898707,1059.1188234959727,974.7343,360.00626,913.982101906277,98.06305
depth_holdout,5021,1803.59,1046.32,841.5510003583759,1087.9845822740206,988.78784,326.58865,949.8457391279071,108.29474
depth_holdout,5022,1803.9,1044.18,872.8494739797848,1047.9594128100318,981.46967,498.57684,952.9069843557613,80.05751
depth_holdout,5023,1804.21,1006.12,923.0728712142266,1042.1362178909847,994.62616,638.78296,955.7176199019707,32.64475
depth_holdout,5024,1804.51,1014.74,842.1404797959782,1049.1625967705302,939.39594,359.60532,895.242614500568,53.102135
depth_holdout,5025,1804.82,1040.8,851.2835080894773,1024.1336620072152,930.4482,328.87967,882.638599184448,31.355091
depth_holdout,5026,1805.13,1056.8,937.779441685478,1042.4179871775393,999.01074,702.4723,975.3349951217573,37.555553
depth_holdout,5027,1805.44,1128.09,918.4304749730838,1047.1099558448464,975.588,564.65466,961.1705415014042,42.740067
depth_holdout,5028,1805.75,1224.0,1002.9937630746335,1090.7354591257633,1045.1143,600.89453,1086.903423413989,83.90966
depth_holdout,5029,1806.06,1161.19,987.8167438114147,1189.8328749129769,1092.7383,517.2755,1134.5870380008678,146.7703
depth_holdout,5030,1806.36,1249.79,908.4046163155724,1168.420637863003,1098.8857,555.74634,1083.9841909005333,175.57957
depth_holdout,5031,1806.67,1267.65,921.0626356988948,1223.7044350567412,1140.8724,383.44498,1106.274854937176,185.21222
depth_holdout,5032,1806.98,1217.73,890.7995591307842,1212.018047951034,1185.5103,431.86496,1144.7662339354717,253.96667
depth_holdout,5033,1807.28,1241.38,913.6113385628227,1172.8492493800086,1119.4039,497.52023,1102.496180481768,188.88484
depth_holdout,5034,1807.59,1286.33,897.5615796834761,1216.962388813063,1149.6334,462.01016,1108.9725599080855,211.41098
depth_holdout,5035,1807.9,1270.27,885.9413154359613,1212.1762660126192,1166.2506,362.6254,1118.6337745424066,232.69246
depth_holdout,5036,1808.21,1221.38,900.0381962727191,1208.1196586135075,1180.7643,495.22128,1131.4286229084614,231.39043
depth_holdout,5037,1808.52,1256.61,928.628837254186,1198.3066766301263,1114.8448,468.08588,1109.3723827864126,180.74355
depth_holdout,5038,1808.82,1283.92,871.3990079747693,1216.2543096444906,1142.0714,356.87903,1089.4066068517225,218.0076
depth_holdout,5039,1809.13,1266.89,873.3467050104767,1211.0019974131449,1175.7434,454.30673,1114.741755059305,241.39505
depth_holdout,5040,1809.44,1332.05,883.2355911417291,1218.912463462362,1184.3878,408.76584,1116.0859024210258,232.85031
depth_holdout,5041,1809.75,1268.96,878.9601708782795,1234.2072042802026,1214.5862,519.55066,1167.821621073592,288.86145
depth_holdout,5042,1810.05,1312.33,895.9798702839635,1221.1964793814827,1201.7485,541.9824,1162.5181393269322,266.53827
depth_holdout,5043,1810.36,1300.53,862.2073203276725,1218.8531581640018,1216.3159,454.97076,1131.6847068022819,269.4774
depth_holdout,5044,1810.67,1297.36,888.5230793939851,1211.5366180029719,1183.9508,509.0821,1118.4372029291412,229.91412
depth_holdout,5045,1810.98,1299.98,847.0743285358755,1213.3718905071985,1183.8707,395.9465,1076.9029112995472,229.82858
depth_holdout,5046,1811.29,1295.78,894.4116755561934,1211.3619716228063,1198.7328,571.2896,1145.311013324748,250.89934
depth_holdout,5047,1811.59,1270.54,892.831363098856,1218.5521855424117,1208.6232,620.72565,1152.9128450324497,260.08148
depth_holdout,5048,1811.9,1331.56,874.6652546442881,1218.6319118845097,1212.0046,489.256,1144.521913579835,269.85666
depth_holdout,5049,1812.21,1344.18,849.6455117025304,1228.7802088016,1202.5236,367.69855,1123.0047035970615,273.3592
depth_holdout,5050,1812.52,1314.95,906.0508244502186,1251.008163308015,1290.2941,602.9241,1227.4109623896716,321.36014
depth_holdout,5051,1812.83,1332.05,899.4066397531251,1225.4269283684393,1222.9452,592.96277,1163.3098074777345,263.90317
depth_holdout,5052,1813.13,1367.28,776.4411961759829,1239.7233465795648,1215.0995,403.78018,1082.0536229337954,305.61243
depth_holdout,5053,1813.44,1302.88,835.9234505575553,1254.2383222080166,1283.9265,404.33997,1158.375537959899,322.4521
depth_holdout,5054,1813.75,1322.6,866.2604131259611,1203.6685089729838,1194.9603,395.1512,1074.7915868320158,208.53117
depth_holdout,5055,1814.05,1322.32,878.0634660142337,1182.4934760000572,1208.2369,457.93774,1115.031086863843,236.96762
depth_holdout,5056,1814.36,1295.23,863.9557878988347,1211.9219175755775,1209.3188,425.06747,1081.585197688874,217.62941
depth_holdout,5057,1814.67,1298.4,895.3389107870992,1207.9503909920827,1202.6346,564.25,1122.4391305136617,227.10022
depth_holdout,5058,1814.98,1352.8,892.1737644572785,1207.1264458818378,1186.9006,433.70532,1097.9233066936067,205.74954
depth_holdout,5059,1815.28,1320.46,860.7374850751169,1206.4116246827714,1269.8961,436.6467,1134.6495028973825,273.91202
depth_holdout,5060,1815.59,1258.68,939.6361676105914,1204.4933391507561,1271.8137,693.60077,1199.647550667232,260.01138
depth_holdout,5061,1815.9,1200.9,496.80041675632106,1181.9097285699163,1113.6653,423.66388,1030.3317277914773,533.5313
depth_holdout,5062,1816.21,1214.83,498.54564611176016,1183.9946646785359,1126.4055,374.4717,1016.8798135922289,518.33417
depth_holdout,5063,1816.52,1232.14,418.6327340898695,1180.1660641453643,1092.954,407.14932,975.6564767656507,557.02374
depth_holdout,5064,1816.83,1136.71,484.564332901398,1198.2546330016835,1085.7014,370.3014,950.9201983799137,466.35587
depth_holdout,5065,1817.14,1207.18,349.2774586063134,1073.3636349161382,1038.0988,389.90466,870.4150928836572,521.13763
depth_holdout,5066,1817.44,1176.15,511.1121797921128,1148.1156643214604,1086.9401,354.00427,960.4745149971909,449.36234
depth_holdout,5067,1817.75,1183.8,410.4372294536821,1153.2906946823632,1076.6062,402.79257,951.1791117779009,540.7419
depth_holdout,5068,1818.06,1223.52,504.42458528002214,1150.494511918427,1064.6787,372.7712,957.3870486589284,452.96246
depth_holdout,5069,1818.36,1294.47,465.7062217343488,1172.684429100022,1088.5621,404.2667,930.9698630917707,465.26364
depth_holdout,5070,1818.67,1214.83,600.9688806942405,1196.8623460146405,1187.3877,387.07745,841.2175684383811,240.24869
depth_holdout,5071,1818.98,1255.3,515.1825975321999,1162.8024617343951,1125.1633,403.15698,983.2671312236062,468.08453
depth_holdout,5072,1819.29,1192.97,441.30973770769367,1198.596769072747,1192.6058,393.29828,940.3365931764437,499.02686
depth_holdout,5073,1819.59,1138.57,543.9861437889738,1151.4074586387876,1117.258,388.8647,771.9492175194425,227.96307
depth_holdout,5074,1819.9,1281.09,445.2285169723339,1071.8813949010823,1056.4025,429.6237,876.5418714645214,431.31335
depth_holdout,5075,1820.21,1220.35,521.0191508905746,1193.7643221153662,1160.1467,381.71283,1012.2233440058089,491.2042
depth_holdout,5076,1820.52,1146.22,655.0913472394999,1148.7993492261717,1102.7955,353.68365,883.1415944318827,228.05025
depth_holdout,5077,1820.83,1140.92,505.39361419996885,1084.5558883837487,1051.9493,416.1264,943.3870224030939,437.9934
depth_holdout,5078,1821.13,1201.38,441.73984215712835,1074.092824573571,1019.85175,362.88672,848.3832137391596,406.64337
depth_holdout,5079,1821.44,1195.59,726.9117345069475,1131.4460446681987,1113.5717,376.73703,935.7149113868303,208.80318
depth_holdout,5080,1821.75,1159.88,644.9585617591401,1181.0783468542238,1117.5254,389.47186,906.6272629310151,261.6687
depth_holdout,5081,1822.06,1085.48,696.7796484592768,1142.274682632612,1075.8115,381.5976,902.8576056125971,206.07796
depth_holdout,5082,1822.37,1099.13,641.3947309083546,1032.8551562689113,1001.81384,400.77963,840.4098828858937,199.01515
depth_holdout,5083,1822.67,1161.19,639.2610238797042,1049.5139023782215,999.1616,430.24823,811.3150399929855,172.05402
depth_holdout,5084,1822.98,1125.95,531.1090393505278,1147.4921501236454,1056.4479,386.5408,962.0416260204497,430.9326
depth_holdout,5085,1823.29,1145.4,555.6419453397584,1074.7471642821374,1025.5463,364.2728,737.7998890653444,182.15794
depth_holdout,5086,1823.6,1187.46,600.4519707392969,1079.2933858189442,1031.5988,423.03168,768.0789238642969,167.62695
depth_holdout,5087,1823.9,1201.66,584.8455786534137,1144.4428569717488,1065.1226,389.86777,776.5445837803668,191.699
depth_holdout,5088,1824.21,1342.32,870.4507745873583,1137.6260094345453,1134.7361,362.86755,1024.4074243676318,153.95665
depth_holdout,5089,1824.52,1160.91,833.6141619234627,1207.8476877947355,1184.9789,400.76324,1056.0147356539314,222.40057
depth_holdout,5090,1824.83,1157.74,776.182890386078,1156.1002467089786,1073.4199,399.8855,918.459730596039,142.27684
depth_holdout,5091,1825.14,1156.71,806.7202585328503,1159.5355953469862,1060.3304,384.06732,929.5669077027721,122.84665
depth_holdout,5092,1825.44,1115.68,694.3836432262729,1163.6681030949696,1058.877,447.2273,891.3237677379916,196.94012
depth_holdout,5093,1825.75,1110.99,665.9704810280288,1083.379350766848,1040.097,404.97452,874.999335398146,209.02885
depth_holdout,5094,1826.06,1175.67,623.3397648875098,1069.9606911361677,1031.1498,428.62018,815.8707402293066,192.53098
depth_holdout,5095,1826.37,1303.43,749.5600897113585,1146.8275776012542,1069.7996,395.91248,897.1749426166319,147.61485
depth_holdout,5096,1826.67,1139.61,949.0851150908857,1187.1323711499974,1184.9242,446.44757,1113.955094949284,164.86998
depth_holdout,5097,1826.98,1443.54,774.9710724858649,1084.0525162477393,1042.3324,458.06372,917.6264374760992,142.65536
depth_holdout,5098,1827.29,1088.93,611.1959273378133,1207.6164266474218,1247.242,388.905,953.744938568282,342.549
depth_holdout,5099,1827.6,1058.18,652.4002725363296,1055.781804550061,1019.26434,369.1012,845.5584756613296,193.1582
depth_holdout,5100,1827.91,1013.98,624.0816464771124,1031.8168455521572,976.8682,382.24164,819.8558316577764,195.77419
depth_holdout,5101,1828.21,979.02,624.22017010098,1005.6921434221277,944.9552,366.49615,791.0379649007847,166.8178
depth_holdout,5102,1828.52,970.33,591.5869246882477,965.4799928916104,905.5879,374.83344,753.0191756648102,161.43225
depth_holdout,5103,1828.83,1017.15,644.9131225928195,947.9620216850601,868.8124,374.5237,758.7299255713351,113.8168
depth_holdout,5104,1829.14,1026.87,558.3998039180974,987.7547987948841,941.5454,399.53757,731.4100425655583,173.01024
depth_holdout,5105,1829.45,1077.34,846.7346192878533,1022.5464130459965,959.2952,626.6698,875.9474107307244,29.212791
depth_holdout,5106,1829.75,1002.67,851.934487047571,1057.73685061183,996.1325,687.9115,910.8980032829226,58.963516
depth_holdout,5107,1830.06,977.99,876.0522945452927,991.0449024926091,931.58875,715.2113,901.9497631121873,25.897469
depth_holdout,5108,1830.37,1028.94,779.0717499334216,1020.9360262477334,919.80054,442.97766,844.4844925481677,65.41274
depth_holdout,5109,1830.67,896.76,796.6167045272653,1029.946027577742,911.82135,521.7332,862.249097410566,65.63239
depth_holdout,5110,1830.98,939.86,822.1691398688265,930.5425362089818,879.95764,414.65552,800.7229652472445,-21.446175
depth_holdout,5111,1831.29,932.48,848.2941702591932,921.0377482694163,843.3206,578.5569,812.1303938614881,-36.163776
depth_holdout,5112,1831.6,929.31,811.4701147757048,919.5537581575572,841.784,461.0267,791.0364886007781,-20.433626
depth_holdout,5113,1831.9,945.65,782.8725245104888,918.5880425299291,835.1358,402.94943,800.0866205798247,17.214096
depth_holdout,5114,1832.21,909.38,889.9262740317923,928.3264670329058,868.357,566.76074,876.724218100701,-13.202056
depth_holdout,5115,1832.52,939.86,878.6641904872972,925.1656466191698,862.6109,585.68835,826.9901792568285,-51.67401
depth_holdout,5116,1832.83,918.28,893.1432354319033,922.9476848189129,838.13293,623.3185,838.1013157236514,-55.04192
depth_holdout,5117,1833.14,962.75,908.2243378821063,920.1951721921505,851.236,633.1586,834.8722794714618,-73.35206
depth_holdout,5118,1833.44,956.68,896.4142998983359,939.8502579486837,888.7647,817.87494,843.8558396627402,-52.55846
depth_holdout,5119,1833.75,911.17,840.2037468756263,996.6081879524062,895.85254,420.6935,851.9756966436927,11.77195
depth_holdout,5120,1834.06,882.28,829.1499400483606,928.1101709166792,834.4549,413.95792,789.9487567292688,-39.201183
depth_holdout,5121,1834.37,947.44,797.8092272447318,909.1934558055618,794.6423,439.8086,753.2806589769095,-44.52857
depth_holdout,5122,1834.67,1094.65,792.1700646878628,933.6543916866784,854.2622,320.40903,817.3368394376187,25.166775
depth_holdout,5123,1834.98,1148.29,819.7500238937446,1058.4858797803374,967.8528,322.9347,895.4408655685493,75.69084
depth_holdout,5124,1835.29,1121.47,839.4787124234958,1116.835333914928,1024.898,339.85388,971.626707418613,132.148
depth_holdout,5125,1835.6,1043.97,891.6457894938549,1089.886563967263,1016.5191,685.51495,1019.7565072672924,128.11072
depth_holdout,5126,1835.9,1094.44,812.840214723627,1049.674437762498,989.35425,362.3576,914.1266832294864,101.28647
depth_holdout,5127,1836.21,1078.65,758.1808075453425,1073.3151672070153,995.8609,364.6653,900.2071442152644,142.02634
depth_holdout,5128,1836.52,1024.53,769.2310549668465,1062.29405774365,982.05255,340.1212,877.9081713608895,108.67712
depth_holdout,5129,1836.83,1035.28,719.3291010780989,1034.2104398267343,963.6384,377.19763,916.758071415013,197.42897
depth_holdout,5130,1837.14,1082.58,710.8740497482692,1031.9495214599926,945.3084,349.8973,874.6957202804957,163.82167
depth_holdout,5131,1837.44,1008.74,791.588694501716,1058.385341162204,967.37616,345.4281,882.3337125070871,90.74502
depth_holdout,5132,1837.75,1080.24,868.1914321007499,989.874951023371,941.5371,549.4043,919.9206534447441,51.72922
depth_holdout,5133,1838.06,1064.45,762.1068292798948,1059.2807546714837,981.34076,337.19434,886.294130915637,124.1873
depth_holdout,5134,1838.37,1050.8,795.1018908094672,1047.6882763226286,962.4238,323.78738,883.7277376722602,88.62585
depth_holdout,5135,1838.67,1119.89,819.7987103968336,1045.9325373641586,953.63367,306.2755,885.5475202112867,65.74881
depth_holdout,5136,1838.98,1072.59,867.9080336183191,1088.6290344790457,983.8705,643.8197,968.0427458375574,100.13471
depth_holdout,5137,1839.29,1059.97,832.7131516639986,1053.2116018771987,992.5072,348.33936,941.478265494565,108.765114
depth_holdout,5138,1839.6,1106.79,850.6014786533417,1045.322492765584,966.4533,497.92462,917.5267487339081,66.92527
depth_holdout,5139,1839.9,1074.45,855.9568972829277,1092.3880936891712,1009.4056,515.803,964.7329058888847,108.77601
depth_holdout,5140,1840.21,1143.81,909.5051417913961,1049.1952816229493,1013.69037,840.5695,979.6907802191305,70.18564
depth_holdout,5141,1840.52,1085.2,803.7626133666108,1105.3856786740541,1024.7229,356.84973,947.6685429320405,143.90593
depth_holdout,5142,1840.83,1008.74,782.148432659838,1063.6764601645916,999.42236,351.04245,903.8395489928458,121.69112
depth_holdout,5143,1841.13,1030.04,754.1545399722593,1000.4811773489872,941.30756,346.65262,882.6607350406186,128.5062
depth_holdout,5144,1841.44,1001.64,735.0092690325586,1026.9416169159692,945.6277,316.0336,904.7217324114648,169.71246
depth_holdout,5145,1841.75,1129.13,800.251509124623,980.5237530211582,902.7245,410.61063,835.151037628041,34.89953
depth_holdout,5146,1842.06,1012.94,807.2839985984454,1088.9988491621566,997.63257,317.68668,914.3727055686602,107.08871
depth_holdout,5147,1842.37,1045.56,878.215461143829,1023.7213392851494,973.3484,570.47174,955.6572641223446,77.4418
depth_holdout,5148,1842.67,1087.34,696.5024571419636,1067.7776088164887,966.5993,335.56567,899.1493992806355,202.64694
depth_holdout,5149,1842.98,1071.83,870.9128616432242,1060.142944054327,1007.2109,465.44116,963.852513132482,92.93965
depth_holdout,5150,1843.29,1033.42,769.573035279413,1051.769438043626,978.12274,333.7755,892.1077719127138,122.53474
depth_holdout,5151,1843.6,1089.13,771.9940314041862,1035.822098892294,981.8179,356.04352,907.7915167557487,135.79749
depth_holdout,5152,1843.9,1037.35,790.5483713595863,1063.1346343532011,971.0574,312.20117,887.4080591647621,96.85969
depth_holdout,5153,1844.21,1098.1,834.2422780766985,1043.8540633869732,967.8479,309.4668,916.4584874883196,82.21621
depth_holdout,5154,1844.52,1075.0,823.6115221880301,1078.1768125615029,989.7456,316.30875,925.1686434648856,101.55712
depth_holdout,5155,1844.83,1059.21,849.0469717588035,1057.2283030067317,993.8598,389.09412,945.1200689878074,96.0731
depth_holdout,5156,1845.14,1059.49,815.9813345442548,1047.0025888394746,968.64325,330.9582,895.6495398054852,79.668205
depth_holdout,5157,1845.44,1104.92,768.7712556947139,1046.6441397539302,962.3357,327.10107,876.0544817078975,107.283226
depth_holdout,5158,1845.75,1118.85,810.3185635835682,1087.7779433284861,999.4349,317.10718,922.0716458589588,111.75308
depth_holdout,5159,1846.06,1093.62,860.4401633044442,1089.3250265492861,1019.8985,394.48218,980.4828497668466,120.04269
depth_holdout,5160,1846.37,1078.93,863.4753317026488,1078.8959619023283,1013.64386,364.93924,972.9465307382933,109.4712
depth_holdout,5161,1846.67,1296.81,695.3976794470823,1052.812684988492,992.8953,362.5599,919.4519549597776,224.05428
depth_holdout,5162,1846.98,1216.14,861.2995370665662,1203.3039502194622,1149.683,313.10544,1064.4075845519178,203.10805
depth_holdout,5163,1847.29,1172.22,884.6209447622454,1181.7126735136187,1103.6515,377.36322,1077.7918126821673,193.17087
depth_holdout,5164,1847.6,1190.9,931.622874648117,1161.7272504629848,1128.0582,614.2881,1104.4657091207732,172.84283
depth_holdout,5165,1847.91,1241.38,857.0251726048159,1180.909623578487,1090.8319,336.61365,1040.3568376438784,183.33167
depth_holdout,5166,1848.21,1226.14,776.8306669084461,1214.2753724770712,1133.2333,362.398,995.6375669328602,218.8069
depth_holdout,5167,1848.52,1096.03,929.6668035519256,1144.822801312002,1156.6304,643.4155,1110.949884606613,181.28308
depth_holdout,5168,1848.83,1037.35,872.3777739640456,1076.271683937958,1026.9805,407.54065,1003.0976378556471,130.71986
depth_holdout,5169,1849.14,1082.86,872.0079709238937,1044.662520894743,981.19684,407.38522,950.9844189829757,78.97645
depth_holdout,5170,1849.45,1076.03,881.1085126887849,1063.2427292703937,983.9882,507.9071,959.9961622249177,78.88765
depth_holdout,5171,1849.75,1051.56,877.2776598846758,1058.8912192642506,992.695,433.17578,962.3237872040118,85.04613
depth_holdout,5172,1850.06,1099.68,870.0821177663604,1047.8971320010016,976.8544,476.50967,939.186159819583,69.10404
depth_holdout,5173,1850.37,1136.99,869.1263548926588,1077.778781551604,993.2892,330.78406,969.3821074561354,100.25575
depth_holdout,5174,1850.67,1083.89,837.7356372706913,1100.4293121917228,1018.8464,321.54095,967.8714099757694,130.13577
depth_holdout,5175,1850.98,1154.91,827.5408959063133,1064.0913790326838,999.91547,345.42184,943.2027458818992,115.66185
depth_holdout,5176,1851.29,1158.29,836.7898389714471,1166.976976879178,1058.6846,320.49594,985.5637952702753,148.77396
depth_holdout,5177,1851.6,1141.47,859.7452420528034,1167.0301582706882,1061.784,308.4696,1010.066683703194,150.32144
depth_holdout,5178,1851.91,1460.57,879.0450948091701,1101.8634768794595,1035.3278,342.93115,1034.3210347505765,155.27594
depth_holdout,5179,1852.21,1092.03,1006.6242928139343,1274.889957980031,1435.5073,707.26807,1392.5597481362,385.93546
depth_holdout,5180,1852.52,1185.87,872.9967146861839,1083.253952784917,1024.4032,353.82224,1011.063899134426,138.06718
depth_holdout,5181,1852.83,1217.45,838.5570822169922,1173.9727633866883,1057.5072,345.2214,993.7812338283203,155.22415
depth_holdout,5182,1853.14,1124.37,918.8153652730668,1169.0881500330975,1098.2347,542.2974,1097.947979408809,179.13261
depth_holdout,5183,1853.44,1190.9,900.0532507538445,1106.970003988189,1073.0114,607.31604,1033.6522802948602,133.59903
depth_holdout,5184,1853.75,1195.39,887.6109166593546,1179.3449389198965,1123.2576,556.1506,1064.2428746671671,176.63196
depth_holdout,5185,1854.07,1148.29,965.4129617584202,1164.0841257603904,1163.7979,800.14136,1147.832303799436,182.41934
depth_holdout,5186,1854.37,1139.12,925.2720963003552,1128.060301473853,1072.6193,412.5935,1066.5826431753553,141.31055
depth_holdout,5187,1854.68,1222.97,869.1013555122788,1099.97873377835,1022.0484,484.45065,992.4726171089585,123.37126
depth_holdout,5188,1854.99,1251.65,908.4820714361539,1192.6861637217405,1122.2112,608.215,1074.4048314459196,165.92276
depth_holdout,5189,1855.3,1292.61,872.9160869695144,1219.4319037734367,1177.564,576.8653,1098.4296367742018,225.51355
depth_holdout,5190,1855.6,1336.8,839.381737271297,1209.1065180699036,1198.3846,454.72214,1089.4784779939532,250.09674
depth_holdout,5191,1855.91,1362.31,885.9707890077643,1237.1042407222214,1230.3046,563.4912,1163.2001591249518,277.22937
depth_holdout,5192,1856.22,1326.25,970.4439210967254,1253.0911308483605,1344.8864,812.2857,1262.4784059600065,292.0345
depth_holdout,5193,1856.53,1267.09,905.8054080385372,1243.2260613373421,1240.5135,610.2005,1201.3538089174435,295.5484
depth_holdout,5194,1856.84,1305.5,896.1316290925339,1218.40667391512,1207.2401,608.6065,1165.1330023835494,269.00137
depth_holdout,5195,1857.14,1296.54,819.3441705924727,1212.381471983614,1175.1616,375.58063,1055.0723657829024,235.7282
depth_holdout,5196,1857.45,1315.5,866.4287489255046,1210.5308924364435,1195.5634,440.47348,1119.4233015378093,252.99455
depth_holdout,5197,1857.76,1267.09,884.5458214407372,1225.2026685034568,1222.1143,480.27643,1159.075789702456,274.52997
depth_holdout,5198,1858.06,1324.67,904.2974763132519,1215.3596656423383,1203.2273,585.4635,1170.8055939890332,266.50812
depth_holdout,5199,1858.37,1324.46,897.4295949126779,1232.460235079252,1218.0902,553.96246,1169.4911793853341,272.06158
depth_holdout,5200,1858.68,1363.35,891.5460362211364,1237.836772887694,1191.3743,545.9761,1149.762222744574,258.2162
depth_holdout,5201,1858.99,1328.11,904.7325573616076,1250.660470047655,1285.3486,532.4412,1220.5983410530139,315.86578
depth_holdout,5202,1859.3,1310.74,913.6823149909799,1231.4085863493417,1226.9484,555.726,1197.3060942878549,283.62378
depth_holdout,5203,1859.6,1339.15,908.929983705031,1226.1686299625833,1267.366,601.94336,1169.0317598280778,260.10178
depth_holdout,5204,1859.91,1297.09,882.354864070995,1245.1854459426017,1225.4402,436.3721,1177.7287654381826,295.3739
depth_holdout,5205,1860.22,1371.21,905.2549505920797,1219.3867718744693,1210.3156,519.9195,1166.3615179748922,261.10657
depth_holdout,5206,1860.53,1390.45,898.9303311708691,1247.2743825380383,1288.1398,545.3962,1225.054598748994,326.12427
depth_holdout,5207,1860.84,1301.57,873.1819909764974,1253.5829036026985,1296.1738,440.64514,1206.247573251888,333.06558
depth_holdout,5208,1861.14,1303.16,893.9326938492013,1210.9336989287046,1201.2135,421.9067,1142.1882938247873,248.2556
depth_holdout,5209,1861.45,1352.59,864.3246847283075,1215.4427599431103,1196.3759,432.66055,1112.8133627068232,248.48868
depth_holdout,5210,1861.76,1415.68,891.2137273415682,1246.2280746550114,1283.2703,449.28336,1208.427014695084,317.2133
depth_holdout,5211,1862.07,1430.92,909.0931908994852,1203.9352789001982,1267.8922,566.0276,1179.585561504954,270.49237
depth_holdout,5212,1862.37,1477.39,920.3640835319818,1260.6263604013861,1319.8687,598.75104,1282.2050869499506,361.841
depth_holdout,5213,1862.68,1435.61,920.8326571524732,1337.9224940759243,1400.3259,548.66907,1364.4575045645825,443.62485
depth_holdout,5214,1862.99,1438.23,916.2467103653729,1264.8147897125375,1335.2068,549.21436,1294.588965004045,378.34225
depth_holdout,5215,1863.3,1377.83,938.0247748615324,1263.0030695756377,1323.9946,516.3774,1294.0631964923919,356.03842
depth_holdout,5216,1863.61,1434.3,928.8991071540722,1252.026008522841,1314.4194,435.9758,1267.8244611579785,338.92535
depth_holdout,5217,1863.91,1372.79,936.7094813585932,1258.3929331522806,1308.2688,477.26358,1266.648873448437,329.9394
depth_holdout,5218,1864.22,1501.32,993.7189241609224,1260.1434360356955,1341.8983,586.3113,1323.2089143952974,329.49
depth_holdout,5219,1864.53,1432.99,956.279258123725,1341.5372612523443,1366.1139,325.7902,1349.3404763854437,393.06122
depth_holdout,5220,1864.84,1508.97,923.8813810026129,1253.640732898801,1315.2328,356.63858,1276.166781393238,352.2854
depth_holdout,5221,1865.14,1489.8,967.3845982079195,1379.7901285531502,1414.731,520.7893,1382.9065098290132,415.5219
depth_holdout,5222,1865.46,1557.86,890.929955947034,1364.7916508205014,1387.8795,393.83713,1337.1848387595342,446.25488
depth_holdout,5223,1865.76,1586.26,911.8750149887193,1405.7589347730056,1427.6439,519.4183,1371.209212986766,459.3342
depth_holdout,5224,1866.07,1595.43,920.8598027000452,1441.8571599666298,1469.5413,525.4367,1429.4384159812953,508.5786
depth_holdout,5225,1866.38,1561.3,926.0826775577993,1444.7164244018418,1471.537,582.2748,1436.8215691593618,510.7389
depth_holdout,5226,1866.68,1572.34,929.8453887356252,1416.7289497101292,1460.7919,616.9654,1431.3499358547658,501.50455
depth_holdout,5227,1866.99,1548.69,910.1313296877125,1433.7901021715575,1441.2886,556.66125,1383.3647281252124,473.2334
depth_holdout,5228,1867.3,1624.88,935.5700804137011,1417.6062107340583,1435.5779,506.56116,1391.7716184996386,456.20154
depth_holdout,5229,1867.3,1624.88,935.5700804137011,1422.5289933884362,1460.4099,515.2653,1418.7703367613574,483.20026
depth_holdout,5230,1867.61,1590.75,949.6381894584468,1447.9417040624533,1476.4757,546.60767,1439.256872319775,489.61868
depth_holdout,5231,1867.92,1574.13,926.5459186667119,1441.922119721698,1482.6243,535.10925,1453.1291095846807,526.5832
depth_holdout,5232,1868.22,1560.75,916.2687274702485,1426.1371833486153,1432.5215,575.3668,1384.3429462202485,468.07422
depth_holdout,5233,1868.53,1616.19,907.6558721902478,1417.2100237293964,1440.5236,528.9263,1382.833362424623,475.1775
depth_holdout,5234,1868.84,1605.71,903.721824705822,1423.1256677710844,1461.182,463.8518,1399.5384140612907,495.8166
depth_holdout,5235,1869.15,1638.6,905.7936197650954,1431.6300642023855,1459.7102,448.11505,1412.2625833881423,506.46896
depth_holdout,5236,1869.45,1534.48,929.3735128521005,1428.720135162245,1437.2329,549.3904,1395.0212179302255,465.6477
depth_holdout,5237,1869.76,1576.27,923.5537026688767,1394.074729870396,1422.2172,556.0483,1373.711234407158,450.15753
depth_holdout,5238,1870.07,1477.94,911.3674299339776,1407.9881872045491,1382.172,545.65857,1349.3402998070246,437.97287
depth_holdout,5239,1870.38,1494.01,912.359022156868,1313.614429954877,1386.7172,527.9111,1334.2257824107742,421.86676
depth_holdout,5240,1870.69,1417.47,951.7973263071066,1333.3054516757554,1405.5585,623.1825,1348.1610042856223,396.36368
depth_holdout,5241,1870.99,1455.05,907.9107752996395,1203.7198143671442,1283.9883,513.344,1188.6742030340145,280.76343
depth_holdout,5242,1871.3,1479.53,928.3065507073752,1244.969108090591,1384.3154,514.69824,1323.464692797219,395.15814
depth_holdout,5243,1871.61,1515.8,926.8487727046638,1330.8349187779397,1371.8043,526.8439,1302.77266186482,375.9239
depth_holdout,5244,1871.91,1580.75,927.439520972946,1385.215643383898,1398.1885,531.7021,1323.4108344495085,395.9713
depth_holdout,5245,1872.22,1559.44,918.1397369409344,1402.5388580183162,1439.5397,491.18848,1381.8624542260907,463.72272
depth_holdout,5246,1872.53,1623.84,916.5896099518226,1403.2691711570772,1444.3567,522.6915,1361.8388164947914,445.2492
depth_holdout,5247,1872.84,1558.41,923.922490047409,1409.6494301658834,1449.8735,522.5614,1362.529362606003,438.60687
depth_holdout,5248,1873.15,1555.51,916.4057889709802,1404.8432760252813,1457.8826,570.0148,1364.1604276428552,447.75464
depth_holdout,5249,1873.45,1420.37,908.385821620473,1408.4618840949856,1422.4951,557.14404,1327.86308602477,419.47726
depth_holdout,5250,1873.74,1479.53,928.3065507073752,1192.7927947080066,1316.1722,520.41864,1262.9621293206565,334.65558
depth_holdout,5251,1874.05,1515.8,926.8487727046638,1329.2205502135364,1366.4545,526.8439,1295.6242548823982,368.77548
depth_holdout,5252,1874.35,1580.75,927.439520972946,1385.215643383898,1398.1885,531.7021,1323.4108344495085,395.9713
depth_holdout,5253,1874.66,1559.44,918.1397369409344,1402.5388580183162,1439.5397,491.18848,1381.8624542260907,463.72272
depth_holdout,5254,1874.97,1623.84,916.5896099518226,1403.2691711570772,1444.3567,522.6915,1361.8388164947914,445.2492
depth_holdout,5255,1875.12,1550.75,922.5635623494711,1414.7822197560013,1433.5049,478.15173,1359.8485354940024,437.28497
depth_holdout,5256,1875.74,1601.78,897.1614564412124,1408.3383140251244,1323.924,329.62225,1248.8147767537125,351.65332
depth_holdout,5257,1876.04,1560.75,925.9800727969207,1411.9046038095844,1477.9281,628.3744,1392.8538520937957,466.87378
depth_holdout,5258,1876.35,1607.29,946.32411111893,1402.6884999531258,1487.5358,758.84393,1403.8255149275237,457.5014
depth_holdout,5259,1876.66,1647.01,950.446887169061,1411.2719849756652,1479.8593,734.86005,1435.409533653436,484.96265
depth_holdout,5260,1876.97,1644.6,937.6996385861769,1421.5124929329186,1487.249,713.2257,1414.568321447505,476.86868
depth_holdout,5261,1877.28,1559.17,951.3679705628787,1428.3409362095613,1499.7573,754.90173,1431.82970151991,480.46173
depth_holdout,5262,1877.58,1502.14,960.7434488221929,1400.5401109998488,1480.554,771.09454,1421.4715982362554,460.72815
depth_holdout,5263,1877.89,1575.23,972.9283741582041,1354.4989726178942,1470.254,734.9042,1396.3268726933602,423.3985
depth_holdout,5264,1878.2,1471.39,963.5208833675683,1395.334671833417,1452.1161,655.84,1376.4137666683496,412.89288
depth_holdout,5265,1878.51,1472.7,932.0915003392499,1308.129386953821,1407.5918,564.96484,1351.3111658665937,419.21967
depth_holdout,5266,1878.81,1455.05,944.9753939368054,1304.2179513619162,1389.5791,526.4283,1331.966482803993,386.9911
depth_holdout,5267,1879.12,1486.63,941.8997511990012,1238.5513059946604,1388.1417,578.7413,1336.8448805935325,394.94513
depth_holdout,5268,1879.43,1468.98,976.2351418433622,1331.107279823713,1426.4087,734.9022,1359.0339394507841,382.7988
depth_holdout,5269,1879.74,1354.94,930.6448466922575,1289.8772771766853,1396.307,538.01514,1333.2024638797575,402.55762
depth_holdout,5270,1880.05,1430.09,952.5196431150082,1158.644833403331,1269.6882,772.58905,1187.6110890378598,235.09145
depth_holdout,5271,1880.36,1451.12,971.3652239404731,1177.15063307527,1367.92,920.1733,1281.0611162744576,309.6959
depth_holdout,5272,1880.66,1529.45,943.4646779261926,1230.845608581521,1385.0361,816.2915,1269.286089059005,325.8214
depth_holdout,5273,1880.97,1487.94,954.6635750805154,1344.9296359004911,1483.072,808.43274,1377.1570443187966,422.49347
depth_holdout,5274,1881.28,1518.14,965.0448237497997,1322.1961096655652,1465.9934,833.6635,1383.5673152048778,418.5225
depth_holdout,5275,1881.59,1501.87,966.8248417012767,1379.574008642794,1479.9303,850.54016,1389.499005519636,422.67416
depth_holdout,5276,1881.9,1502.9,974.2097394759535,1354.109269471093,1479.452,915.56,1429.7875593001722,455.57782
depth_holdout,5277,1882.2,1554.2,949.2151866913343,1356.4597809495287,1471.8075,799.6939,1378.9991527557875,429.78397
depth_holdout,5278,1882.51,1639.63,934.7611147503086,1392.958623083608,1460.0022,732.5772,1361.678473148746,426.91736
depth_holdout,5279,1882.82,858.08,991.373670538514,1371.3684956873963,1457.0212,734.03485,1376.0605601869515,384.6869
depth_holdout,5280,1883.13,832.85,957.4792181467632,906.5527834745021,873.1154,835.36255,805.0340277170757,-152.44519
depth_holdout,5281,1883.43,870.98,940.4641601569374,839.3626149561053,858.2604,745.88293,784.5079376227577,-155.95622
depth_holdout,5282,1883.74,896.76,921.9342309852067,844.6195049619251,847.2262,615.3893,811.84360140757,-110.09063
depth_holdout,5283,1884.05,884.15,922.1193989559472,914.0206291290488,872.74304,695.32544,826.1692570492089,-95.95014
depth_holdout,5284,1884.36,877.53,935.3336104727014,898.6863665215427,859.241,741.51196,797.2069320059045,-138.12668
depth_holdout,5285,1884.67,897.52,895.3687518738341,893.7684949759255,870.5313,637.63275,812.5059131287169,-82.86284
depth_holdout,5286,1884.97,891.73,931.8027388093483,911.8044708406737,890.16174,737.9305,829.1655088899147,-102.63723
depth_holdout,5287,1885.28,901.73,972.7539229492131,922.0522478603308,899.63885,738.9524,871.7550749877873,-100.99885
depth_holdout,5288,1885.59,856.5,967.8785835306089,918.9124058485147,875.45905,750.4326,838.0015541116636,-129.87703
depth_holdout,5289,1885.9,817.33,875.4881063940074,873.9529354132754,839.05225,439.26566,780.1680304052379,-95.320076
depth_holdout,5290,1886.21,853.88,905.9466872589037,818.2423811735629,773.4466,541.9866,734.9092879669115,-171.0374
depth_holdout,5291,1886.51,821.82,912.9639883635828,830.1287213615309,773.5577,529.2165,734.0452108977624,-178.91878
depth_holdout,5292,1886.82,815.26,886.9221077318861,821.4104780264228,787.49884,392.56525,750.899143254347,-136.02296
depth_holdout,5293,1887.13,880.42,910.2549565745604,806.1276604216887,741.08466,482.91125,718.4997838450682,-191.75517
depth_holdout,5294,1887.44,776.38,896.8470048543269,864.095994913431,815.0824,443.2107,781.8235139485652,-115.02349
depth_holdout,5295,1887.75,751.35,919.411800416389,808.2634232520151,733.1136,477.21814,681.1825065931469,-238.2293
depth_holdout,5296,1888.06,818.44,948.0998957882009,750.3510080960241,719.6129,599.1846,664.5900996456228,-283.5098
depth_holdout,5297,1888.36,804.99,905.6744576231356,803.5084281087838,739.03595,386.25317,716.1755715147372,-189.49889
depth_holdout,5298,1888.67,766.38,925.9476057626274,796.632333402809,718.9699,520.581,699.921375904229,-226.02623
depth_holdout,5299,1888.98,766.59,942.1121059651107,759.5939203851634,716.17303,559.3059,685.6667934651107,-256.4453
depth_holdout,5300,1889.29,760.04,881.6347300360093,768.121791183966,713.1903,385.70837,658.3408762762436,-223.29385
depth_holdout,5301,1889.6,770.79,894.791397598835,766.4208206159644,704.48694,388.4489,634.5537572179757,-260.23764
depth_holdout,5302,1889.91,822.37,864.5839544825569,749.3685935672968,687.9497,349.02527,625.3979193263069,-239.18604
depth_holdout,5303,1890.21,809.47,915.2887926693077,802.1978645090112,775.3032,551.7669,720.5434771175499,-194.74532
depth_holdout,5304,1890.52,793.41,859.5604506558587,802.8439406431067,752.2203,352.94064,725.489222628515,-134.07123
depth_holdout,5305,1890.83,789.75,842.2896053656025,791.4242493309517,722.5731,326.1373,656.2605526312275,-186.02905
depth_holdout,5306,1891.13,812.85,803.8103174402229,792.9853785236803,743.11255,393.08685,644.3562006189338,-159.45412
depth_holdout,5307,1891.44,1180.63,876.103330553971,801.6370623051448,721.10095,380.35886,728.0539988889319,-148.04933
depth_holdout,5308,1891.76,1158.29,917.7836526301628,1083.186805103902,1064.6703,484.19406,990.5373986628776,72.753746
depth_holdout,5309,1892.07,1135.95,931.453215906633,1127.019376804074,1081.6555,532.0635,1002.1231301522384,70.669914
depth_holdout,5310,1892.37,1193.25,910.7415747747183,1091.8258997103926,1038.7155,376.34152,966.0185752019644,55.277
depth_holdout,5311,1892.68,1145.95,929.512888103234,1130.381419641367,1082.1193,485.66428,1013.083818584191,83.57093
depth_holdout,5312,1892.99,1138.3,945.3446030767593,1097.2144439312635,1048.6305,496.81403,997.713423267189,52.36882
depth_holdout,5313,1893.29,1152.5,950.3225071029929,1087.694791506663,1063.0989,618.9079,982.3171836929587,31.994677
depth_holdout,5314,1893.6,1108.65,934.5213578589137,1133.9712654000348,1078.1307,537.4956,1004.5782884009059,70.05693
depth_holdout,5315,1893.91,1143.6,948.3018047345449,1093.6725734037364,1033.7096,554.7248,979.0621196759512,30.760315
depth_holdout,5316,1894.22,1180.36,950.9020676384243,1094.94045528144,1037.3505,591.7079,981.3585438499722,30.456476
depth_holdout,5317,1894.53,1075.76,903.9643008574247,1137.5297953695026,1086.8754,546.9533,993.6037051542997,89.639404
depth_holdout,5318,1894.83,1081.0,911.8842840910962,1062.127929768699,1016.2314,506.033,939.7694102049878,27.885126
depth_holdout,5319,1895.15,1079.96,947.695827533639,1057.4993906908517,1059.7961,654.5933,949.3316953677302,1.6358678
depth_holdout,5320,1895.46,996.12,899.4067152658602,1059.635536118197,1033.2045,462.1429,926.859134546866,27.45242
depth_holdout,5321,1895.76,1073.14,872.8092899112825,1001.1208107788536,949.2624,370.39536,899.8910312442903,27.081741
depth_holdout,5322,1896.07,1068.38,934.4777959302036,1045.618766095818,975.3684,543.02814,927.8040040448276,-6.673792
depth_holdout,5323,1896.38,1098.86,894.2271572707057,1050.827083393116,990.98047,513.0952,924.6770741103053,30.449917
depth_holdout,5324,1896.69,1051.83,843.6835245554598,1073.01448440229,1009.7134,358.88193,893.7600321238192,50.076508
depth_holdout,5325,1896.99,1026.04,892.0575285730941,1040.3009599838279,993.34247,398.68137,930.7603255091293,38.702797
depth_holdout,5326,1897.3,1152.02,857.5478294361681,1029.4001280900382,1002.59686,340.20383,898.4726646412462,40.924835
depth_holdout,5327,1897.61,1076.79,893.0250278352282,1116.512719457683,1082.1184,385.24454,951.1704822419665,58.145454
depth_holdout,5328,1897.92,1122.02,907.6962752567849,1058.6657058708945,1013.73895,503.51114,929.2517447697244,21.55547
depth_holdout,5329,1898.23,1064.73,966.2935899335006,1082.4485050457154,1086.4932,608.65796,984.8440126019576,18.550423
depth_holdout,5330,1898.54,1058.18,885.1993408716177,1051.9932576694,1000.0829,352.39554,939.9979095972036,54.79857
depth_holdout,5331,1898.84,1063.42,924.1713346560884,1040.7242452446908,975.20984,498.02335,915.6582454760958,-8.513089
depth_holdout,5332,1899.15,1062.38,889.3682726696294,1046.1333418315626,985.2778,392.4512,920.1494444683354,30.781172
depth_holdout,5333,1899.46,1045.56,940.7781482894671,1038.9899777083253,974.0456,575.68555,945.9518910606158,5.173743
depth_holdout,5334,1899.77,1059.97,922.0432972281529,1046.8560160644042,1021.4766,544.6197,936.1666807501866,14.1233835
depth_holdout,5335,1900.08,1043.42,904.073594091944,1045.8959823276869,992.6647,554.0989,916.7672262177985,12.693632
depth_holdout,5336,1900.38,1094.17,902.8560385917997,1043.6481561682706,998.9793,393.67245,911.5357594704008,8.679721
depth_holdout,5337,1900.69,1059.69,893.2643633318371,1076.6662912213785,1016.94525,436.11743,922.3024301958508,29.038067
depth_holdout,5338,1901.0,1117.06,995.2995701537986,1034.6944075352849,1068.8563,720.92584,1005.4514981017967,10.151928
depth_holdout,5339,1901.31,1153.81,919.1902134180921,1095.2193770594677,1035.0796,508.18307,951.4661304713147,32.275917
depth_holdout,5340,1901.62,1166.98,902.2102318254949,1126.2714523427953,1067.2852,498.26202,968.509204908991,66.29897
depth_holdout,5341,1901.93,1185.11,910.0421575314443,1134.9741241096483,1082.413,486.75793,986.5831960446279,76.54104
depth_holdout,5342,1902.23,1115.68,887.5630845403712,1127.8663474373886,1070.0056,489.63806,978.5007294988673,90.937645
depth_holdout,5343,1902.54,1181.94,886.6343249126221,1098.8609483849948,1079.2428,427.9822,970.0327853008057,83.39846
depth_holdout,5344,1902.85,1093.89,889.0279263771549,1129.2926172120503,1070.7673,456.21707,979.433718613483,90.40579
depth_holdout,5345,1903.15,1137.54,877.5133705304005,1079.592049102061,1008.21454,334.29468,944.0557594464161,66.54239
depth_holdout,5346,1903.46,1078.38,923.3148742785077,1087.5364824298224,1016.2567,325.79065,959.3725372423748,36.057663
depth_holdout,5347,1903.77,1165.67,833.9642819365895,1057.3810531825086,999.44855,333.15308,888.6684445342457,54.704163
depth_holdout,5348,1904.08,1174.84,997.5220319356829,1080.4483238277917,1074.7374,515.6874,1062.3393231954485,64.81729
depth_holdout,5349,1904.39,1099.13,1015.9888701539898,1136.2915312770588,1076.1543,535.40765,1034.992993841734,19.004124
depth_holdout,5350,1904.7,1169.6,953.5512213981335,1078.6690456235606,1013.18976,331.75604,971.8124289786999,18.261208
depth_holdout,5351,1905.0,1126.51,991.1710919831148,1117.255242324269,1068.3477,530.40216,1072.1324414704195,80.96135
depth_holdout,5352,1905.31,1106.23,980.0682857013409,1097.4312746672679,1039.0096,523.71106,1004.9363639331524,24.868078
depth_holdout,5353,1905.62,1100.99,975.2120151831714,1099.8624680102737,1031.8959,542.94995,1003.899164231023,28.68715
depth_holdout,5354,1905.93,1151.19,953.7729697100265,1083.280170661672,989.5071,320.08063,965.3855385653121,11.612569
depth_holdout,5355,1906.25,1097.34,947.3448029471667,1116.0569463508314,1053.028,320.93628,990.7182503653796,43.373447
depth_holdout,5356,1906.55,1116.23,966.216773347676,1081.5313502624278,1004.8769,318.09833,981.1569064424637,14.940133
depth_holdout,5357,1906.86,1137.26,955.4303218160784,1087.9998392460705,1011.61847,459.57355,968.9182997976458,13.487978
depth_holdout,5358,1907.17,1151.47,914.8276514263405,1089.3048557770298,1019.70667,325.1902,959.3307794780983,44.503128
depth_holdout,5359,1907.48,1148.02,916.4244907441027,1127.8829023481912,1050.8915,304.9876,971.8109729828723,55.386482
depth_holdout,5360,1907.78,1148.02,869.6515278614695,1101.4081936910616,1030.7709,347.51276,939.6523747242625,70.00085
depth_holdout,5361,1908.09,1152.02,956.7255449813316,1096.550192561236,1018.4669,284.11597,989.0105600875328,32.285015
depth_holdout,5362,1908.4,1146.71,920.3098076088226,1122.3817407167767,1047.1198,302.39893,974.1558845741546,53.846077
depth_holdout,5363,1908.71,1089.69,971.0769451653214,1093.1356337476786,1025.0208,318.26862,1005.8613575493546,34.784412
depth_holdout,5364,1909.02,1120.71,930.3485253452254,1070.7131558431897,980.06067,314.5363,943.2125990985824,12.864074
depth_holdout,5365,1909.33,1099.13,960.9769111686048,1089.1585832548624,1013.0369,356.57245,974.0792833380995,13.102372
depth_holdout,5366,1909.63,1117.82,911.8053151871387,1076.548495348673,1008.6685,337.0254,949.3504125382129,37.545097
depth_holdout,5367,1909.94,1175.67,1005.9494545275622,1078.8586918586666,1014.394,490.44946,1021.8724262530261,15.922972
depth_holdout,5368,1910.26,1128.57,1065.6757872907222,1124.055348499198,1102.0292,697.1692,1057.8810056058467,-7.7947817
depth_holdout,5369,1910.56,1155.4,1080.6675530778784,1095.1466635944253,1076.0719,711.97095,1006.2336388933081,-74.433914
depth_holdout,5370,1910.87,1166.7,963.2801883076088,1118.7618218141756,1078.3597,599.686,1020.6927134846107,57.412525
depth_holdout,5371,1911.18,1211.93,928.1746549926233,1129.4163518809758,1075.7571,487.29724,1013.8895140014124,85.71486
depth_holdout,5372,1911.49,1212.42,956.0893975292802,1129.3131842136431,1082.2031,513.9132,1049.992656806624,93.90326
depth_holdout,5373,1911.8,1220.07,955.153679402273,1131.8372421118183,1087.7699,516.61865,1044.5271230057888,89.37344
depth_holdout,5374,1912.1,1070.52,916.104736298435,1133.7114189938018,1086.539,549.80054,1024.0872115791967,107.982475
depth_holdout,5375,1912.41,1187.73,912.4583019800026,1058.47063972608,1003.30707,531.118,942.4072308130104,29.948929
depth_holdout,5376,1912.72,1198.76,908.5447221557779,1128.3374171937232,1056.99,572.662,961.0962434570474,52.55152
depth_holdout,5377,1913.03,1194.28,920.7126294358466,1133.27321770222,1087.702,470.92676,1015.9292279465888,95.2166
depth_holdout,5378,1913.33,1179.6,890.7639533104467,1137.5423469641446,1079.822,354.07092,998.1085196556616,107.34457
depth_holdout,5379,1913.64,1163.53,891.7212073508904,1135.9105637728321,1063.2162,339.47372,990.4124152366326,98.69121
depth_holdout,5380,1913.95,1160.91,789.538508250485,1132.827447254976,1078.224,367.1657,899.349772288571,109.811264
depth_holdout,5381,1914.26,1180.36,888.8969827781025,1124.5209730269933,1069.0538,336.6385,991.659815419704,102.76283
depth_holdout,5382,1914.57,1217.17,908.293262937445,1128.6426973678908,1076.7648,481.6917,990.7259182719176,82.432655
depth_holdout,5383,1914.87,1152.78,984.3631591208041,1119.9243819350718,1128.7759,721.5172,1107.1287154562533,122.76556
depth_holdout,5384,1915.18,1128.3,911.169714277587,1128.744209642638,1097.738,505.90106,1010.6365569289542,99.46684
depth_holdout,5385,1915.49,1099.96,950.8496081352454,1079.9318126899557,1036.8596,492.3051,989.8126933098059,38.963085
depth_holdout,5386,1915.8,1153.81,854.9104367815747,1069.4622091675992,1023.8513,443.15088,916.718473585774,61.808037
depth_holdout,5387,1916.1,1174.56,899.4263396094572,1121.6893727274314,1057.6884,395.1701,957.8556685279142,58.42933
depth_holdout,5388,1916.41,1211.11,882.186473409486,1133.2415212687304,1073.3602,322.72504,977.0809512537243,94.89448
depth_holdout,5389,1916.72,1226.9,930.1596967458511,1122.8621865961568,1105.7991,610.14716,1043.4282972097183,113.2686
depth_holdout,5390,1917.03,1207.73,967.0674480467399,1160.6118941783861,1136.5527,592.2128,1057.2263912230094,90.15894
depth_holdout,5391,1917.34,1247.65,935.8212070100309,1137.9480503251987,1103.5823,543.4612,1044.4564838044644,108.63528
depth_holdout,5392,1917.64,1155.4,1003.7423699049433,1194.843183522306,1189.0892,793.4314,1128.3672859816033,124.624916
depth_holdout,5393,1917.95,1258.2,1022.0188970753167,1131.9993896754386,1127.4559,703.207,1027.8784957119437,5.8595986
depth_holdout,5394,1918.26,1341.28,935.0244069398068,1156.6860942794426,1165.265,632.5864,1081.287651568713,146.26324
depth_holdout,5395,1918.57,1312.88,924.2499357765054,1197.1973647127497,1201.7036,536.95514,1122.8800474708414,198.63011
depth_holdout,5396,1918.88,1225.86,989.4469105712693,1197.451933765807,1254.8599,751.9045,1199.1390797607223,209.69217
depth_holdout,5397,1919.18,1195.87,936.372164545096,1144.2711356052096,1117.6364,539.43774,1059.4165294742952,123.044365
depth_holdout,5398,1919.49,1115.68,960.7423607852468,1130.2145520301412,1150.7587,703.0841,1058.9872338321218,98.24487
depth_holdout,5399,1919.8,1115.68,905.8071062453554,1087.3717655234545,1041.1156,347.79498,968.4717104323671,62.664604
depth_holdout,5400,1920.11,1034.25,981.5638812789023,1077.7387857620092,1067.1525,702.1429,1034.8627437361777,53.298862
depth_holdout,5401,1920.41,1115.47,892.7685944048413,1062.1311335495257,989.15356,384.46585,946.390947004939,53.622353
depth_holdout,5402,1920.72,1098.1,916.6335169333975,1078.3400911586075,1010.3094,526.904,938.9072901267568,22.273773
depth_holdout,5403,1921.03,1103.61,898.279990352222,1071.7631351647924,1001.95276,514.1953,933.7773276935305,35.497337
depth_holdout,5404,1921.34,1099.68,907.2763453054141,1087.1912208091683,1020.83014,538.1405,941.6927347707461,34.41639
depth_holdout,5405,1921.65,1042.11,896.7025903601617,1068.5289756054897,1001.1094,515.7655,932.2846673865289,35.582077
depth_holdout,5406,1921.95,1088.1,894.3677055893863,1051.1729616553712,995.7916,445.19897,937.1280052720035,42.7603
depth_holdout,5407,1922.26,1145.67,866.1650369295462,1062.5862391792014,975.18427,365.26205,903.912061465679,37.747025
depth_holdout,5408,1922.57,1109.13,957.2997551287687,1086.4144269720766,1057.8491,733.2283,1005.5069046343839,48.20715
depth_holdout,5409,1922.88,1166.7,903.2941432518925,1089.150204026444,1040.5054,568.13855,955.5483928246464,52.25425
depth_holdout,5410,1923.19,1071.0,938.3173777611069,1125.57569268496,1065.7639,583.1034,1003.966822341185,65.649445
depth_holdout,5411,1923.49,1206.14,901.8920367360425,1059.1894291009728,1008.2172,557.34656,941.009575188191,39.11754
depth_holdout,5412,1923.8,1151.74,866.6893945361512,1125.215281151073,1043.0507,370.57928,958.8971429492371,92.20775
depth_holdout,5413,1924.11,1078.65,903.0360104534608,1125.6806949607083,1083.4739,524.1573,992.129447648285,89.09344
depth_holdout,5414,1924.42,1084.72,868.1989793471491,1059.4347391521226,997.43976,391.32178,930.1857881240046,61.98681
depth_holdout,5415,1924.73,1102.58,885.2698699635469,1059.4554876953553,973.66534,363.40387,910.6296569508515,25.359787
depth_holdout,5416,1925.04,1124.64,890.3770600841501,1078.4327944377033,1014.38965,461.77115,935.8890916393259,45.51203
depth_holdout,5417,1925.34,1172.22,861.7436890898894,1081.5823396736776,1011.7049,403.18842,922.8653855620573,61.121696
depth_holdout,5418,1925.65,1097.55,889.3622093751856,1126.641096722207,1065.0576,423.25513,980.3038445070215,90.941635
depth_holdout,5419,1925.96,1132.3,932.1582965086197,1072.386386601081,1014.6966,590.0285,968.084253234694,35.925957
depth_holdout,5420,1926.27,1057.07,920.1789737713075,1082.4858986341724,1018.0149,571.1925,952.8427768718934,32.663803
depth_holdout,5421,1926.57,1018.74,964.2204749036623,1043.789197460995,1025.6003,757.03314,954.583324139197,-9.637151
depth_holdout,5422,1926.88,1061.83,978.1561364911521,1034.3876652015852,1006.8345,764.8862,964.6261224530662,-13.530014
depth_holdout,5423,1927.19,1109.13,922.7004395694314,1048.648442483306,978.69336,588.16235,937.3617764682351,14.661337
depth_holdout,5424,1927.5,1048.66,899.5508493877201,1086.7776968846802,1022.42596,481.52075,936.2440103984623,36.69316
depth_holdout,5425,1927.81,1078.1,924.8814715496327,1049.7081608882218,996.42725,564.1757,943.1058348766591,18.224363
depth_holdout,5426,1928.11,1071.83,938.186593907684,1059.7197546467778,982.8743,553.05414,926.8858927663266,-11.300701
depth_holdout,5427,1928.42,1108.1,923.6849803334455,1053.6390473711006,976.5701,581.10297,928.1908273106794,4.505847
depth_holdout,5428,1928.73,1156.22,909.4609653530415,1086.1056869753388,1020.2373,555.5387,944.2886936245259,34.82773
depth_holdout,5429,1929.04,1122.02,965.50883775822,1122.4993365185505,1104.4479,749.0908,1038.6967115985522,73.187874
depth_holdout,5430,1929.34,1115.96,935.6882465063055,1087.2510220999861,1038.1055,615.569,991.9071796117743,56.218933
depth_holdout,5431,1929.65,1116.23,950.6813654062227,1083.320373470384,1054.216,653.0394,977.6880373117402,27.006672
depth_holdout,5432,1929.96,1118.09,959.6031546294586,1086.0500894750728,1022.07446,580.0697,984.15020892023,24.547054
depth_holdout,5433,1930.27,1291.85,994.8726424922318,1071.9678183407489,1097.5114,842.36597,1053.5045356501907,58.631893
depth_holdout,5434,1930.58,1148.02,1011.2071133778686,1186.9712156721293,1205.8208,780.6039,1101.6475506947631,90.44044
depth_holdout,5435,1930.89,1216.14,976.1201657451434,1100.3108657126106,1086.5356,786.6362,1038.2044972575945,62.08433
depth_holdout,5436,1931.2,818.64,1006.12040610523,1130.2909475283595,1157.8977,847.43835,1063.7596654436088,57.63926
depth_holdout,5437,1931.51,874.42,962.45127474273,902.082715117884,840.75415,691.5632,803.3927420278862,-159.05853
depth_holdout,5438,1931.81,866.77,941.5410488305423,839.5924137395622,810.549,688.2497,786.4966152367923,-155.04443
depth_holdout,5439,1932.12,819.75,926.6999128178522,862.0530466799883,831.4299,635.9852,802.3903501347468,-124.30956
depth_holdout,5440,1932.43,869.11,948.2740137439475,818.2060418379323,821.5273,800.7138,745.7783472400413,-202.49567
depth_holdout,5441,1932.74,867.32,970.2796874462383,833.3034628788811,846.42236,823.83344,818.3573241649883,-151.92236
depth_holdout,5442,1933.04,866.77,944.6194993536222,859.7744852942643,858.5045,748.99133,795.8509446661222,-148.76855
depth_holdout,5443,1933.35,824.44,965.6323141718113,853.5535583479773,838.1962,828.2482,815.8790182733738,-149.7533
depth_holdout,5444,1933.66,929.1,950.9335870529393,831.6577808113565,828.7048,798.3893,775.425209977744,-175.50838
depth_holdout,5445,1933.97,855.19,936.7788386804979,887.3924361508939,886.2185,734.9655,846.6001277429979,-90.17871
depth_holdout,5446,1934.28,889.11,959.3510987476118,852.667204593572,851.45905,831.0747,784.315988273979,-175.03511
depth_holdout,5447,1934.58,891.45,974.1271743743839,888.7665303787452,851.591,889.82245,823.1443252532902,-150.98285
depth_holdout,5448,1934.89,910.69,939.0839197022343,918.1141384861123,875.71875,672.8387,834.333599267664,-104.75032
depth_holdout,5449,1935.2,840.5,947.3976110271532,917.6997950390777,877.387,775.1037,810.9839147380907,-136.4137
depth_holdout,5450,1935.51,867.53,952.4656236928863,850.4106622850782,820.11383,670.26105,775.5155351919097,-176.95009
depth_holdout,5451,1935.82,877.04,942.0321173993407,843.7687172497896,810.37634,669.86365,790.3565802899657,-151.67554
depth_holdout,5452,1936.12,929.58,962.030455643682,883.8457269444575,832.2943,770.6292,807.3895407266898,-154.64091
depth_holdout,5453,1936.43,911.45,947.047555991637,920.3834448619372,884.21234,691.6599,850.6898594584338,-96.3577
depth_holdout,5454,1936.74,813.13,942.1094194442808,921.6968203132491,907.1746,729.9868,848.4350267440855,-93.67439
depth_holdout,5455,1937.04,819.47,928.397631248681,852.6612471175209,775.7306,618.2456,748.8970666734857,-179.50056
depth_holdout,5456,1937.35,875.73,957.4245386473243,801.5757082578631,779.3836,798.20776,743.0432520262306,-214.38129
depth_holdout,5457,1937.66,890.42,941.1249705312404,857.6614374013274,856.49146,737.2248,802.764039134756,-138.36093
depth_holdout,5458,1937.97,907.24,919.16431470197,914.4107737733698,821.2562,602.7154,805.0762562302904,-114.08806
depth_holdout,5459,1938.27,845.19,976.6685140507034,915.9630703432456,872.3438,781.2031,876.7099569217971,-99.95856
depth_holdout,5460,1938.58,917.52,971.5547897616653,848.4856711834899,816.047,795.60767,790.2444717685013,-181.31032
depth_holdout,5461,1938.89,897.8,928.8178883664089,926.4779914593684,863.893,633.16473,842.534845458694,-86.28304
depth_holdout,5462,1939.2,856.01,929.0153714862829,920.3086402032346,860.0341,611.0627,831.5922834125524,-97.42309
depth_holdout,5463,1939.51,864.7,925.1590932539912,852.3126610799665,785.2786,617.788,754.3226064375849,-170.83649
depth_holdout,5464,1939.81,880.15,935.0775613536262,852.8428794269815,787.35205,630.924,773.489640211048,-161.58792
depth_holdout,5465,1940.12,853.12,969.9398949503153,885.2285002013102,844.3572,790.8772,828.9603722452372,-140.97952
depth_holdout,5466,1940.43,958.54,940.3421545681122,846.6301756862101,832.2174,714.05273,769.3179999050262,-171.02415
depth_holdout,5467,1940.74,935.1,946.0351003731915,947.1076334562385,906.85876,793.4072,849.812192353172,-96.22291
depth_holdout,5468,1941.05,935.38,932.699531766922,927.1556815755988,885.2937,611.1047,871.2941210003204,-61.40541
depth_holdout,5469,1941.36,915.38,947.0114325271142,922.0061948230149,893.7887,786.12964,849.7222861037743,-97.28915
depth_holdout,5470,1941.66,916.21,948.7776914868718,922.769762873512,896.0682,792.6724,838.3724256787664,-110.405266
depth_holdout,5471,1941.97,944.82,930.2851515945749,921.3790193001033,879.30707,698.5782,824.1004439529734,-106.18471
depth_holdout,5472,1942.28,945.1,955.1486120562168,930.7595419377755,908.3275,780.33124,876.0422430376622,-79.10637
depth_holdout,5473,1942.59,985.85,925.7644987205135,933.0125108439464,882.64026,634.0102,877.4050703147518,-48.35943
depth_holdout,5474,1942.9,1049.21,967.6763746972409,914.5033577205695,868.5122,902.30804,852.5049803490964,-115.171394
depth_holdout,5475,1943.21,952.75,1008.0276669361764,1048.0158169872466,1034.7113,602.025,942.9955471851998,-65.03212
depth_holdout,5476,1943.52,847.33,958.5832929063595,970.4084152015795,939.95245,803.062,899.7196225572384,-58.86367
depth_holdout,5477,1943.83,940.89,928.647249031613,862.7156505461943,838.7022,703.2002,772.0619066243864,-156.58534
depth_holdout,5478,1944.14,960.34,938.2786313131078,903.2224922482532,919.68164,691.0769,860.7677289083226,-77.5109
depth_holdout,5479,1944.44,903.87,950.824406398224,949.383983317579,921.41815,773.8959,873.0036666521303,-77.82074
depth_holdout,5480,1944.76,918.28,946.8534699548477,933.9832065306831,905.4967,697.4197,840.3966218103164,-106.45685
depth_holdout,5481,1945.07,1015.29,1013.8883595602987,897.2061906265658,956.5346,911.039,870.7190632956502,-143.1693
depth_holdout,5482,1945.37,976.68,939.3520637876345,1102.3596810503548,1009.3278,646.48956,953.1841932660891,13.8321295
depth_holdout,5483,1945.68,966.95,977.955576260177,966.3188739960675,964.00854,751.9748,923.5570929838099,-54.398483
depth_holdout,5484,1945.99,936.2,941.8698668548041,1007.8498532811245,936.7599,552.979,898.7585043975287,-43.111362
depth_holdout,5485,1946.3,949.86,987.4125949879725,934.3787708340217,885.88245,592.1013,902.6312686940272,-84.78133
depth_holdout,5486,1946.6,910.97,960.1958129330033,945.4031493276935,929.43964,769.1022,882.6873900814408,-77.50842
depth_holdout,5487,1946.91,939.86,996.0895112813516,932.8877023230807,898.2324,767.0644,876.8925966085001,-119.196915
depth_holdout,5488,1947.22,896.49,987.7813186069953,927.2349706818627,926.8751,777.0659,898.0594024082649,-89.72192
depth_holdout,5489,1947.53,1020.05,923.535387254824,934.4419357683663,868.9498,620.0369,847.7530233632224,-75.782364
depth_holdout,5490,1947.84,906.76,1026.3660759787745,1029.2250184845725,1004.7749,832.39343,907.5515389304346,-118.81454
depth_holdout,5491,1948.14,972.95,867.7595007422418,969.220629863474,894.2092,438.63745,877.3048431876153,9.545342
depth_holdout,5492,1948.45,938.55,1004.2052671673272,936.2478524763131,952.38275,808.484,909.8235990765069,-94.38167
depth_holdout,5493,1948.76,871.73,958.842699103995,953.3831282583292,946.4704,795.7071,900.9563465649325,-57.886353
depth_holdout,5494,1949.07,900.97,951.3825361172126,878.5692526611183,858.5549,693.6841,824.1619245449469,-127.22061
depth_holdout,5495,1949.38,919.38,954.9172927501725,916.3633349763711,857.8688,795.48566,817.5043899181412,-137.4129
depth_holdout,5496,1949.69,953.03,978.9540483948406,919.6739644064878,901.30115,792.58594,864.6680452820476,-114.286
depth_holdout,5497,1950.0,967.71,953.2632238270114,949.5350613220508,952.47943,803.12024,900.2158033253024,-53.04742
depth_holdout,5498,1950.31,962.47,922.9136177651684,957.1830882669486,920.69995,666.88544,880.6374489419262,-42.27617
depth_holdout,5499,1950.62,1021.84,948.4334009176181,954.4140196778177,896.28033,619.6881,871.8114755636142,-76.621925
depth_holdout,5500,1950.93,968.47,1029.2837447854358,1016.5493396395451,1078.3876,911.01105,952.6164703103382,-76.667274
depth_holdout,5501,1951.24,965.85,933.6915542067969,1092.989804577427,1001.4622,585.96313,943.901660102793,10.210106
depth_holdout,5502,1951.55,1042.11,960.200113023813,946.2017725157765,939.94275,800.78876,911.8146721973969,-48.38544
depth_holdout,5503,1951.85,955.65,941.3334053304125,1047.6946937775974,1038.6039,739.6067,931.564987972014,-9.768417
depth_holdout,5504,1952.16,928.27,942.4177727453334,972.764540719593,970.7726,831.3334,897.7061333410365,-44.71164
depth_holdout,5505,1952.47,938.82,940.5777829836587,934.4643443537204,928.8362,705.53906,871.3827222536783,-69.19506
depth_holdout,5506,1952.78,943.51,912.4065473791645,931.3863213404326,910.57916,644.02686,860.9998663183735,-51.40668
depth_holdout,5507,1953.08,916.21,944.767957928333,933.0821043114671,925.48425,693.6385,854.9608671690556,-89.80709
depth_holdout,5508,1953.39,972.68,915.068017175541,935.7645547520765,898.4775,634.64075,849.4774028566933,-65.590614
depth_holdout,5509,1953.7,1017.63,903.4905738331686,960.4371323629828,912.5798,583.08875,875.3039321400533,-28.186642
depth_holdout,5510,1954.01,1008.46,854.1688130934722,1028.257381806852,984.44727,468.69507,895.6154340346343,41.44662
depth_holdout,5511,1954.33,1009.77,939.2802035642169,992.0208504178198,961.54144,649.2878,936.5914106202624,-2.688793
depth_holdout,5512,1954.64,905.66,937.5067364124582,1004.5526077896566,956.5988,615.81036,915.166358604841,-22.340378
depth_holdout,5513,1954.95,931.45,931.1590549920052,950.2568256668975,924.0565,736.3117,839.657056090638,-91.502
depth_holdout,5514,1955.26,928.83,962.9577901313688,925.2302541068326,907.891,802.2067,863.935733551779,-99.02206
depth_holdout,5515,1955.57,934.34,974.3695394862442,926.2344878706239,916.0038,819.9409,880.113863216713,-94.25568
depth_holdout,5516,1955.87,1009.77,975.0799313909007,927.8085486021646,920.9485,825.0441,883.544119012971,-91.53581
depth_holdout,5517,1956.18,971.64,953.3795913821343,1006.2068296529525,993.88544,845.1409,921.2386802798394,-32.14091
depth_holdout,5518,1956.49,948.27,958.8784756099483,963.6304239292516,971.48035,796.0536,908.9148525630733,-49.963623
depth_holdout,5519,1956.8,956.41,958.9683937932516,950.5152490268781,956.1421,807.85693,899.909418573525,-59.058975
depth_holdout,5520,1957.1,1049.97,862.7536680692053,995.2065815065221,923.4692,416.9186,880.5556128018713,17.801945
depth_holdout,5521,1957.41,1051.07,915.4281334164041,1044.3947313981964,989.3814,623.0927,914.3410199167627,-1.0871135
depth_holdout,5522,1957.72,1009.01,948.5760899279057,1041.6303761774107,1042.5885,839.3595,928.7000714037358,-19.876019
depth_holdout,5523,1958.03,1039.49,974.7174150543337,1001.188743084229,1010.68463,808.79504,959.3575698928958,-15.359845
depth_holdout,5524,1958.34,1203.52,942.7008651729207,1046.0612927444054,1050.5637,758.3119,944.4379180904011,1.7370529
depth_holdout,5525,1958.65,990.33,969.0537882554258,1118.996965089764,1142.9011,834.899,1036.1260004746641,67.07221
depth_holdout,5526,1958.96,952.2,971.6216175507708,1003.656799379644,1028.1636,813.3837,952.5016262482806,-19.119991
depth_holdout,5527,1959.27,966.95,965.7446842773181,959.0454843546264,949.25385,782.1221,914.2823010070545,-51.462383
depth_holdout,5528,1959.58,938.55,982.362918356675,951.967677823977,953.51117,791.8051,919.7075190341652,-62.6554
depth_holdout,5529,1959.89,942.48,996.1812547561658,931.1271587160343,958.1359,831.22546,915.5963319656385,-80.58492
depth_holdout,5530,1960.2,881.25,985.425934371809,931.8344486060473,991.59595,813.8666,927.5000081633129,-57.925926
depth_holdout,5531,1960.5,892.01,948.1782600206678,912.5791980452478,912.4797,810.7052,835.2964469713514,-112.88181
depth_holdout,5532,1960.81,919.38,958.3185142147069,915.1229623066102,876.9818,767.34436,828.5278037654881,-129.79071
depth_holdout,5533,1961.12,931.45,958.3490189952853,922.7273527561782,900.6228,583.9414,847.2036256237033,-111.14539
depth_holdout,5534,1961.43,955.85,954.9797013246985,922.2826677484511,883.794,590.82666,860.1235688173742,-94.85613
depth_holdout,5535,1961.73,965.09,968.2191742354793,940.4075448389733,943.33527,831.6261,916.4190338546199,-51.80014
depth_holdout,5536,1962.04,958.75,960.887797831397,955.3635394145363,961.03925,805.3587,898.3775324810553,-62.510265
depth_holdout,5537,1962.35,919.59,950.6155801671882,958.1462659827968,956.8562,686.8335,893.3039117711921,-57.31167
depth_holdout,5538,1962.66,930.41,984.3038593815336,934.1808669331192,921.8814,718.37103,881.9393803165922,-102.36448
depth_holdout,5539,1962.97,997.43,958.9256661899203,921.6488739855062,890.61145,784.3183,856.5861428744906,-102.33952
depth_holdout,5540,1963.27,972.47,937.862406010542,985.6438790029341,989.23035,802.68005,902.4929296921827,-35.369476
depth_holdout,5541,1963.58,949.03,941.0538458799169,958.0102653021039,960.2117,772.98285,890.285924432163,-50.76792
depth_holdout,5542,1963.89,944.62,943.599192046954,961.1400949460271,936.65027,634.43976,891.9802459715146,-51.618946
depth_holdout,5543,1964.19,1097.82,911.7139066979847,935.4644733621236,907.02576,647.1269,875.6115888879261,-36.102318
depth_holdout,5544,1964.5,950.34,945.3627952894827,1049.9448951383147,1048.7329,831.40326,930.1270040831229,-15.235791
depth_holdout,5545,1964.81,908.07,962.7472758335889,979.5346976203555,959.9899,793.5738,919.2404170079053,-43.50686
depth_holdout,5546,1965.12,915.17,961.3913931270826,941.6774750350218,918.6081,675.14166,860.174947204231,-101.216446
depth_holdout,5547,1965.43,855.46,989.139767224246,924.3798994789519,895.7136,765.45276,867.514881665164,-121.624886
depth_holdout,5548,1965.74,887.04,944.3390936598298,855.1448266630249,815.87427,605.7841,783.6980566725251,-160.64104
depth_holdout,5549,1966.04,934.82,939.4339326016467,896.6721377377918,821.34076,605.54565,801.795581161217,-137.63835
depth_holdout,5550,1966.35,915.66,941.3162321048601,921.4359922765494,862.27924,594.34717,852.5378202396257,-88.77841
depth_holdout,5551,1966.66,874.15,895.0818283834976,936.1343219638067,864.70264,371.12897,843.7125313559097,-51.369297
depth_holdout,5552,1966.96,832.57,932.628839269451,877.2498976582182,821.9673,591.7287,831.6606156976736,-100.96822
depth_holdout,5553,1967.27,827.88,931.3478755180097,839.840977205007,792.1881,566.977,771.6503352348066,-159.69754
depth_holdout,5554,1967.58,859.12,873.5873396558015,824.6702749880042,776.0879,392.39218,753.2719557446687,-120.315384
depth_holdout,5555,1967.89,977.99,905.1943248902176,824.957575742321,782.01306,631.026,727.6096843872879,-177.58464
depth_holdout,5556,1968.2,948.55,900.1303895976347,955.8863538082518,922.5158,510.41766,863.7665590312284,-36.36383
depth_holdout,5557,1968.51,926.41,911.307132065358,953.8901971884867,901.78644,577.95715,880.6476910710953,-30.659441
depth_holdout,5558,1968.81,793.96,963.2568219527454,913.4642785071013,896.2082,629.1293,865.3952878340931,-97.861534
depth_holdout,5559,1969.12,844.71,901.1103425394308,877.4925027830617,761.24274,342.90143,713.6076875101339,-187.50266
depth_holdout,5560,1969.43,925.93,904.3549254188679,816.3632122775618,753.2943,497.43686,728.4219725380085,-175.93295
depth_holdout,5561,1969.74,850.98,910.6538896835943,900.2332288193928,847.099,356.55768,832.5271654404303,-78.126724
depth_holdout,5562,1970.05,807.89,900.2159296132015,849.8144797291457,798.6325,499.3827,752.4470392323421,-147.76889
depth_holdout,5563,1970.35,834.16,954.872088731264,817.738583132487,760.8028,542.2395,752.8924744734514,-201.97961
depth_holdout,5564,1970.66,861.81,928.9475051285369,821.3178721294188,769.2552,579.9106,744.6997023941619,-184.2478
depth_holdout,5565,1970.97,766.59,915.8346670580169,831.1611636946801,782.53235,505.3848,746.5250662279387,-169.3096
depth_holdout,5566,1971.28,828.37,901.6991878579715,785.1091930073229,736.03503,499.45477,668.0527797769169,-233.64641
depth_holdout,5567,1971.58,845.19,917.7572046118772,809.055326720727,778.5392,527.66345,734.3071618872679,-183.45004
depth_holdout,5568,1971.89,786.31,921.8721098177286,827.4135645053594,766.3508,546.4162,744.9554838411661,-176.91663
depth_holdout,5569,1972.2,826.02,884.3770919685045,791.0222544257466,775.2765,489.17725,693.0669875983873,-191.3101
depth_holdout,5570,1972.51,833.88,848.949983574496,821.4809087231422,769.627,368.00806,747.207063652621,-101.74292
depth_holdout,5571,1972.82,868.36,878.2912071167423,826.9662659039915,753.7079,350.48972,738.8320396362735,-139.45917
depth_holdout,5572,1973.12,857.32,892.2016723999293,842.5962765228908,786.8514,440.68527,779.6216400512965,-112.58003
depth_holdout,5573,1973.43,810.23,895.336378535436,844.5126908225117,780.205,449.92493,735.2540878860219,-160.08229
depth_holdout,5574,1973.74,834.98,911.7712691342026,823.3414736950992,770.0286,357.52045,744.197645476976,-167.57362
depth_holdout,5575,1974.05,863.12,933.7288394248282,818.3201746662814,759.8411,559.6153,733.7859683310782,-199.94287
depth_holdout,5576,1974.36,820.23,948.7304396859271,837.6520624787798,774.09485,542.3437,743.5340285531146,-205.19641
depth_holdout,5577,1974.66,807.89,929.4764851864916,824.3753648510356,772.6061,558.07526,742.9262532528978,-186.55023
depth_holdout,5578,1974.97,761.07,917.3935784749797,798.6021096793206,750.01184,555.09894,728.9768609456828,-188.41672
depth_holdout,5579,1975.28,807.61,918.7588277601991,775.2455423418852,718.45135,476.47913,681.4692922377382,-237.28954
depth_holdout,5580,1975.59,807.89,955.8538212276558,793.9881743164303,729.8137,527.0435,729.7393192745308,-226.1145
depth_holdout,5581,1975.89,789.48,935.4870058481505,800.80343901353,740.5143,467.14417,731.2247835581114,-204.26222
depth_holdout,5582,1976.2,880.42,932.7020851235847,800.2393863558125,736.1571,469.06946,692.0562873940925,-240.6458
depth_holdout,5583,1976.51,831.81,917.735401042475,852.6463499484781,804.5174,366.05157,790.3058661303656,-127.429535
depth_holdout,5584,1976.82,821.54,943.1571453334087,841.9417099621546,778.07935,540.24335,765.2185924769634,-177.93855
depth_holdout,5585,1977.13,820.23,934.6025050148521,818.0186504087064,784.2994,493.44965,744.4090388283287,-190.19347
depth_holdout,5586,1977.43,833.4,975.9605180584321,810.3723475631122,738.37506,523.8332,753.9651872478852,-221.99533
depth_holdout,5587,1977.74,875.46,962.5341368943239,828.6702167544896,754.5833,521.5889,766.6591979294801,-195.87494
depth_holdout,5588,1978.05,810.23,979.0463549408888,874.244546082319,793.1942,512.42957,833.8629137787794,-145.18344
depth_holdout,5589,1978.36,877.32,982.2697840009552,822.7005505194265,793.0849,693.6977,788.383507755838,-193.88628
depth_holdout,5590,1978.67,1003.5,967.4806366230621,856.6420760160785,835.022,751.4147,814.2717590595855,-153.20888
depth_holdout,5591,1978.97,949.3,933.8616658113192,986.1696673846776,911.59546,636.35944,902.4155007264803,-31.446165
depth_holdout,5592,1979.28,916.97,921.3101988076385,967.7542694325526,933.54175,603.69995,903.4557333230193,-17.854465
depth_holdout,5593,1979.59,990.88,951.1548646897045,929.2139275289024,920.92334,790.9567,849.2025407761303,-101.952324
depth_holdout,5594,1979.9,969.3,945.5942766924727,981.5814102587805,974.6353,743.8394,886.1847765704024,-59.4095
depth_holdout,5595,1980.21,917.79,928.7443211326864,962.8328144679102,948.2671,595.8293,904.2520802269247,-24.49224
depth_holdout,5596,1980.52,1001.36,923.9788079906585,942.1265817443877,886.4243,603.9608,847.2852655101898,-76.69354
depth_holdout,5597,1980.83,920.41,901.4272024753952,985.4591335246371,939.2962,593.24524,894.3071229580307,-7.1200795
depth_holdout,5598,1981.13,921.45,896.4375131913966,949.8252216588987,908.36053,588.1386,860.1588495561427,-36.278664
depth_holdout,5599,1981.44,953.23,898.8315567058788,924.3191538426521,855.5143,424.73578,833.4601959270702,-65.37136
depth_holdout,5600,1981.75,997.15,896.6896376846071,951.9066236193335,892.90485,454.41324,857.023736500525,-39.6659
depth_holdout,5601,1982.06,934.34,882.2829390727113,983.2226972664652,922.37585,410.98102,873.0718308650087,-9.211108
depth_holdout,5602,1982.37,973.51,904.7886981882439,948.5608119259476,882.97723,591.574,857.8329715647087,-46.955727
depth_holdout,5603,1982.68,934.82,900.3841211294093,957.8589093612421,903.80176,575.4694,869.2998468374171,-31.084274
depth_holdout,5604,1983.0,1006.6,883.8357960257847,944.2939088199033,882.11993,461.80942,852.765689519437,-31.070107
depth_holdout,5605,1983.3,1004.26,910.258616574487,985.6772766153983,943.72314,495.1952,893.1897498447506,-17.068867
depth_holdout,5606,1983.61,962.47,921.80469150765,990.0514009789704,939.7953,598.01324,914.6956364653831,-7.109055
depth_holdout,5607,1983.92,969.3,952.6265300370927,961.0983348235593,955.70935,769.0884,899.2629321672197,-53.363598
depth_holdout,5608,1984.23,972.2,922.1716294772095,962.2340895341644,919.18475,609.74854,894.4765058047242,-27.695124
depth_holdout,5609,1984.54,929.1,934.5886197857968,953.9318657991886,930.454,675.03046,873.9312558941953,-60.657364
depth_holdout,5610,1984.84,949.3,886.8599011230816,955.6078676382584,912.45026,500.26404,865.998628311192,-20.861273
depth_holdout,5611,1985.15,941.93,927.7244811286897,954.3809111050963,900.7793,543.30743,874.0754485359163,-53.649033
depth_holdout,5612,1985.46,996.6,922.5621497411504,936.513475756673,893.62305,603.2197,867.2354895849004,-55.32666
depth_holdout,5613,1985.77,986.4,912.7689981192094,982.7447058960968,959.13416,595.9519,891.7145948141557,-21.054403
depth_holdout,5614,1986.07,926.96,950.5443479185369,972.9031705815341,915.51135,601.14294,887.0621053343084,-63.482243
depth_holdout,5615,1986.38,936.96,902.2438163689267,952.2798600860431,903.6104,581.0553,865.2469444206845,-36.996872
depth_holdout,5616,1986.69,958.54,924.4127934433708,930.8322869001214,866.4463,542.42914,847.3058827378044,-77.10691
depth_holdout,5617,1987.0,950.61,925.0124078405165,954.0507456798379,880.0007,575.2961,877.3825097692275,-47.629898
depth_holdout,5618,1987.31,912.48,942.4855272211911,953.0105165705461,885.2663,549.60846,875.5309984125973,-66.95453
depth_holdout,5619,1987.62,958.54,944.6063922497285,941.9691648437573,852.26794,567.9978,841.3636554333223,-103.24274
depth_holdout,5620,1987.92,1023.15,908.0454606298852,954.5744822260763,890.63416,538.0084,868.7513551001,-39.294106
depth_holdout,5621,1988.24,1054.73,1024.298745465381,1025.3382137413018,953.80347,666.7994,950.0084164858888,-74.29033
depth_holdout,5622,1988.54,1049.49,904.2322432251801,1046.0052831220905,967.1661,361.96753,907.8719066830506,3.6396635
depth_holdout,5623,1988.85,1046.87,903.5194803852503,1044.2640102963965,959.44684,385.84906,902.6029099602167,-0.9165704
depth_holdout,5624,1989.16,974.06,937.3550903520484,1042.6075291700868,969.8915,500.00775,923.6799061021704,-13.675184
depth_holdout,5625,1989.47,943.79,936.8684397520497,971.0844908909511,926.8628,557.00165,900.1115275206043,-36.756912
depth_holdout,5626,1989.77,1039.21,936.3635408404059,945.8486850190419,889.9031,563.00525,871.2203218462653,-65.14322
depth_holdout,5627,1990.08,1021.84,912.202576920565,1044.4186748223353,978.63354,547.13306,910.7869180889686,-1.4156588
depth_holdout,5628,1990.39,1001.91,898.057126201397,1030.737290809826,1004.2278,385.7459,908.6060802114067,10.548954
depth_holdout,5629,1990.7,1057.9,1006.9619632974903,995.6211705004897,929.58984,567.6463,967.7397381082814,-39.222225
depth_holdout,5630,1991.01,935.65,1000.6388497031281,1044.2367619969982,960.0926,646.2293,958.7954086936066,-41.84344
depth_holdout,5631,1991.32,1011.08,947.8477695179419,961.9926681578361,891.49817,555.44037,882.6401355457739,-65.207634
depth_holdout,5632,1991.62,955.65,945.8504766025328,1024.8699781630958,951.4006,527.9247,899.8797353305602,-45.97074
depth_holdout,5633,1991.93,902.0,919.2661912455155,964.1662908047514,906.91864,564.7882,891.7809655680253,-27.485226
depth_holdout,5634,1992.24,992.19,849.2474420724338,949.2889707820515,873.47437,374.19122,842.9217026887363,-6.3257394
depth_holdout,5635,1992.55,1090.72,911.5223435778943,982.0993269316918,908.5401,379.91168,873.3105096240369,-38.211834
depth_holdout,5636,1992.86,1074.45,994.2496912336877,1060.4783352168881,985.43243,358.25665,999.335641608291,5.0859504
depth_holdout,5637,1993.17,1113.34,985.8818628087886,1055.3582420397163,968.0637,360.0821,969.0218297735103,-16.860033
depth_holdout,5638,1993.48,1048.94,992.9515359158949,1082.5532920480298,1012.4222,402.46582,1003.6617476697401,10.710212
depth_holdout,5639,1993.79,1085.76,967.3286813440948,1046.4985107550901,972.7988,509.80573,944.0014108362823,-23.32727
depth_holdout,5640,1994.09,1022.11,945.7931255858043,1056.3090242933727,975.4778,566.5876,921.6553654234508,-24.13776
depth_holdout,5641,1994.4,995.84,952.3410524402466,1037.3117190632474,970.58057,562.61615,937.7220081363525,-14.619044
depth_holdout,5642,1994.71,953.23,938.7194371789423,987.2167723168081,941.6072,574.3202,910.0119653314081,-28.707472
depth_holdout,5643,1995.02,975.09,894.3009793926435,1009.9347175006033,909.4581,402.0683,897.2905376125532,2.9895582
depth_holdout,5644,1995.32,985.09,933.392019578543,959.4974070392285,891.1176,567.30255,877.6670897689727,-55.72493
depth_holdout,5645,1995.63,945.1,934.9238888871391,974.2709660355745,904.6291,591.1509,884.8657376420219,-50.05815
depth_holdout,5646,1995.94,966.13,940.6372991003525,958.1066005467657,926.98456,447.61792,900.8020940222275,-39.835205
depth_holdout,5647,1996.25,936.69,961.1753689800006,959.7540468380837,895.3592,598.981,897.4827153239947,-63.692654
depth_holdout,5648,1996.56,920.14,968.8903473343519,940.8741483454742,930.9022,798.0898,888.4850967850355,-80.40525
depth_holdout,5649,1996.86,975.57,982.5664289243318,929.299985832669,883.3497,712.5619,876.4005964048006,-106.16583
depth_holdout,5650,1997.17,1063.9,923.5065124227872,938.2196333729311,842.2552,598.72144,777.5398223593106,-145.96669
depth_holdout,5651,1997.48,966.95,915.4544894821879,1049.5133899063744,1007.34644,575.591,909.2554061539408,-6.1990833
depth_holdout,5652,1997.79,1010.53,906.2382207032299,978.12949717206,975.36914,629.4418,904.400864493475,-1.8373562
depth_holdout,5653,1998.1,973.78,925.9718394968895,1010.7465839926373,960.51337,596.334,917.7464080546288,-8.225431
depth_holdout,5654,1998.41,973.78,933.8052669175537,937.8476831270696,875.9916,728.51794,827.504073680249,-106.30119
depth_holdout,5655,1998.71,919.86,942.9872638930982,959.4127596320773,952.2577,733.55664,895.097382759065,-47.88988
depth_holdout,5656,1999.02,943.03,919.6752726701335,946.6423266532165,931.9357,711.8253,871.0371005204753,-48.638172
depth_holdout,5657,1999.33,930.14,933.8774657284123,929.0892772014348,923.811,738.00745,871.8019461666447,-62.07552
depth_holdout,5658,1999.64,926.69,914.6141728680116,928.6566382398709,918.8438,715.23846,868.7268552105409,-45.887318
depth_holdout,5659,1999.95,974.82,900.2829192163643,936.6758897223991,906.0788,636.0984,847.3346121790108,-52.948307
depth_holdout,5660,2000.25,973.78,873.7305887741209,954.533607728044,941.7343,512.0635,873.4605972868562,-0.2699915
depth_holdout,5661,2000.56,1003.22,959.3262958904457,929.4560044281984,992.6306,796.55334,925.1895275493813,-34.13677
depth_holdout,5662,2000.87,913.59,911.600878424675,1022.8898353310967,993.22687,639.5596,922.6581141424484,11.057236
depth_holdout,5663,2001.18,936.2,899.1511250139954,946.6392925305098,914.4448,525.1671,853.9581814409974,-45.192944
depth_holdout,5664,2001.48,908.07,916.9579268679972,921.3145629724767,907.1347,617.05444,866.0278388247843,-50.930088
depth_holdout,5665,2001.79,900.14,918.2418609336634,925.5886654721036,890.8022,642.11,850.6508727744837,-67.59099
depth_holdout,5666,2002.1,903.31,915.030273695961,918.8849483926266,886.25854,573.97266,838.2173617086563,-76.81291
depth_holdout,5667,2002.41,898.35,936.2885228435525,918.1651155404935,877.166,707.7777,832.0081578533182,-104.280365
depth_holdout,5668,2002.72,952.2,931.4375541450279,920.6304481171336,882.67926,708.18427,835.9213798286216,-95.516174
depth_holdout,5669,2003.02,929.1,922.9356069842559,943.5009796454433,931.616,613.92633,891.005534199832,-31.930073
depth_holdout,5670,2003.33,865.46,937.7889183227985,931.2238405535209,913.43585,716.37225,877.6665008728473,-60.122417
depth_holdout,5671,2003.64,947.24,963.9413854486788,881.0043041064006,867.98846,513.5724,845.3269369013155,-118.61445
depth_holdout,5672,2003.95,919.59,965.8512647924479,890.8805485526364,833.4379,629.96436,818.2398451147135,-147.61142
depth_holdout,5673,2004.26,890.7,949.1564895295131,940.6760325549483,916.9129,636.18036,853.6783858918178,-95.4781
depth_holdout,5674,2004.57,931.17,943.356479945537,917.2753622201233,884.21295,656.3131,829.8734172013964,-113.48306
depth_holdout,5675,2004.88,936.69,938.5252083971382,916.5060940753253,932.6175,783.58905,865.6245965196968,-72.90061
depth_holdout,5676,2005.18,919.59,943.9396722414513,938.9463897422964,917.5535,676.2788,854.7214257814903,-89.21825
depth_holdout,5677,2005.49,889.94,934.6891342917996,930.2104494480799,849.24225,574.6046,833.8883988181668,-100.800735
depth_holdout,5678,2005.8,879.94,910.4830300678675,922.9360084728718,829.5283,549.5913,815.916616188473,-94.566414
depth_holdout,5679,2006.11,899.11,912.1850277669814,901.8772027530493,797.5068,549.37604,792.6485745199111,-119.53645
depth_holdout,5680,2006.42,894.35,885.2741834127673,923.6622283132532,821.8982,537.8036,806.2918988668689,-78.982285
depth_holdout,5681,2006.73,880.7,908.4589442990831,922.1548785387955,809.8433,565.2209,813.2519283078722,-95.207016
depth_holdout,5682,2007.04,847.6,916.9828814938052,900.612406974204,812.4897,588.2626,802.2478503658755,-114.73503
depth_holdout,5683,2007.35,1003.5,903.7193173507957,843.4943965137106,770.9731,530.3271,753.2374905685691,-150.48183
depth_holdout,5684,2007.65,964.54,900.2882850153434,981.1624250814543,870.69696,504.59964,861.3257071955192,-38.962578
depth_holdout,5685,2007.96,977.16,889.8417885527599,954.6591625175384,903.6888,471.93884,882.1927254424083,-7.649063
depth_holdout,5686,2008.27,976.4,905.046390102203,946.1218003484896,887.6134,489.39944,871.8642230489803,-33.182167
depth_holdout,5687,2008.58,1006.33,915.5425127197827,955.3858595496622,888.76184,523.9473,882.2107256104077,-33.331787
depth_holdout,5688,2008.89,963.78,922.2694082990854,991.65803491564,917.0041,550.9906,914.267574383375,-8.001834
depth_holdout,5689,2009.2,974.26,905.6568202052638,964.4034303828776,899.73334,535.3204,885.0967101131007,-20.56011
depth_holdout,5690,2009.5,984.26,892.588953039686,956.6824975344545,891.5444,498.9308,874.1891613221567,-18.399792
depth_holdout,5691,2009.81,967.16,893.9528963560984,970.4672359755685,888.55206,426.157,875.6469862456248,-18.30591
depth_holdout,5692,2010.12,955.85,862.3046563135729,959.0569953311613,880.27704,330.71164,866.0778723227129,3.773216
depth_holdout,5693,2010.43,982.47,873.4323032377874,950.2897265726936,865.258,327.79266,851.587261962763,-21.845041
depth_holdout,5694,2010.73,1022.94,873.5312605394466,968.6262587433399,872.2775,331.7846,864.4921064867123,-9.039154
depth_holdout,5695,2011.04,973.51,882.4693550830546,1027.0486353119597,938.5908,362.73166,892.303054309434,9.833699
depth_holdout,5696,2011.35,979.02,910.0921498765075,964.4882743361534,899.8778,512.482,897.3864079941833,-12.705742
depth_holdout,5697,2011.65,976.4,920.3258470888275,963.5533925090353,892.94464,528.8634,891.0794004793304,-29.246447
depth_holdout,5698,2011.96,956.41,924.3610519709233,959.6501523431158,890.4505,516.7042,883.5871414484624,-40.77391
depth_holdout,5699,2012.27,1001.64,895.349919071462,959.0811019990294,902.084,401.6755,882.4548718836568,-12.895047
depth_holdout,5700,2012.58,974.06,894.4899246590262,983.0615039516834,913.47394,420.31403,896.8039016621237,2.313977
depth_holdout,5701,2012.89,930.62,921.917223157179,962.1013595558169,897.3302,517.1296,893.7009317295667,-28.216291
depth_holdout,5702,2013.19,982.47,904.4055096091298,951.0719769298594,870.9354,492.24405,862.61929287329,-41.786217
depth_holdout,5703,2013.5,945.37,917.6613818058686,964.5232356772377,874.6497,516.2423,884.035252655478,-33.62613
depth_holdout,5704,2013.81,951.65,921.1216400092287,958.6070393724134,891.7901,484.02988,895.3469245856447,-25.774715
depth_holdout,5705,2014.12,985.57,866.1609800074208,947.581656546073,868.8408,337.5091,851.2645881388295,-14.896392
depth_holdout,5706,2014.43,932.76,804.4457344229106,992.2024888574505,888.1346,354.00522,824.3238777334575,19.878143
depth_holdout,5707,2014.73,961.65,900.7309660268045,957.0405197084491,864.2209,467.5116,871.7837461781717,-28.94722
depth_holdout,5708,2015.04,943.24,903.7718464876073,952.5511581132431,873.2246,490.34775,864.5874516511815,-39.184395
depth_holdout,5709,2015.35,1000.6,865.3025664960513,940.523920696184,881.8918,365.92563,850.5465259229312,-14.756041
depth_holdout,5710,2015.66,953.79,887.4220867626165,981.5690627599581,910.49176,373.594,871.1333218090032,-16.288765
depth_holdout,5711,2015.96,1031.08,859.5596364545788,967.4369421971123,895.05054,324.551,876.183986048695,16.62435
depth_holdout,5712,2016.27,968.26,838.2503967792201,1031.1256539549756,940.2781,324.6381,859.2125854999232,20.962189
depth_holdout,5713,2016.58,1029.49,787.3058493260553,970.7877218035941,901.8839,336.726,847.8785574559381,60.57271
depth_holdout,5714,2016.89,994.53,884.355250953258,1023.7476346964961,941.3065,458.88287,911.3839946971544,27.028744
depth_holdout,5715,2017.19,1371.21,598.4648148401532,1066.5955775061996,975.2842,347.23227,836.4766404016766,238.01183
depth_holdout,5716,2017.5,1042.39,1002.8452103364839,1194.0673243023298,1191.3761,332.45248,1155.222941659726,152.37773
depth_holdout,5717,2017.81,912.28,934.3906813594792,1042.4104974053448,975.3106,539.4041,962.0929232570622,27.702242
depth_holdout,5718,2018.12,1036.04,937.5801064818868,952.2086350065217,861.1873,488.82645,859.1455361693868,-78.43457
depth_holdout,5719,2018.43,953.51,934.694474028303,1043.5189645195392,912.0683,510.00137,881.8581092822093,-52.836365
depth_holdout,5720,2018.74,1021.84,929.1643131438263,981.8239401233507,909.5697,298.13678,907.1246212187775,-22.039692
depth_holdout,5721,2019.04,1003.22,940.2613015649808,1027.2703734061495,930.57306,441.7012,900.9389443872465,-39.322357
depth_holdout,5722,2019.35,975.09,949.154022449138,989.1955983904083,927.0977,468.77933,911.9638254581712,-37.190197
depth_holdout,5723,2019.66,963.51,929.7219405993375,961.5373305947476,893.7806,497.23575,891.4208541735562,-38.301086
depth_holdout,5724,2019.97,934.62,906.3451587094283,960.0410220236669,896.0645,396.07217,877.1917964352584,-29.153362
depth_holdout,5725,2020.27,975.85,895.2214984795237,937.5060469687431,854.6169,434.27634,849.1506900688792,-46.07081
depth_holdout,5726,2020.58,990.88,866.2262626246661,955.9829043316631,883.603,354.28058,858.1630769328326,-8.063186
depth_holdout,5727,2020.89,1027.63,874.3020992955364,981.1616056047469,902.8313,291.39313,874.7531838199295,0.45108452
depth_holdout,5728,2021.2,1040.25,914.5983180470262,1028.4322521914128,946.8557,308.8746,904.3547172016893,-10.243601
depth_holdout,5729,2021.51,1030.25,900.5580673341442,1045.8507375430672,957.9816,476.55646,905.2366137628246,4.6785464
depth_holdout,5730,2021.81,1066.79,908.3649787112797,1031.4323560652238,959.89996,431.9293,911.2604338332737,2.8954551
depth_holdout,5731,2022.12,1122.3,961.0245468721525,1040.2774114900233,1015.5809,639.6989,953.0017416582243,-8.022805
depth_holdout,5732,2022.43,1025.56,969.8182428737798,1081.6426961730394,1013.14343,538.4286,987.1451109310308,17.326868
depth_holdout,5733,2022.74,1058.66,976.30490228723,1043.924022222158,977.70044,508.26443,961.9181883056016,-14.386714
depth_holdout,5734,2023.04,1027.63,948.4901116323485,1047.1655704574155,983.4893,399.096,925.7808525991454,-22.709259
depth_holdout,5735,2023.35,980.06,979.3395008662803,1026.7433747552193,961.92236,461.95956,955.6400494197471,-23.699451
depth_holdout,5736,2023.66,1010.05,945.613168412962,971.0901901037168,913.83716,479.28714,890.9948670213604,-54.6183
depth_holdout,5737,2023.97,952.48,930.8222686505067,1008.3697551736868,932.1801,500.03647,911.5607597088563,-19.261509
depth_holdout,5738,2024.28,999.5,925.6715991933899,965.5448934508003,900.39453,494.96292,895.9455955465393,-29.726004
depth_holdout,5739,2024.58,933.79,917.9764668057102,982.6944885767778,918.2258,531.2564,904.990638406052,-12.985828
depth_holdout,5740,2024.89,938.82,902.2973630947208,950.2318198594025,863.74725,459.30362,853.9572446865177,-48.34012
depth_holdout,5741,2025.2,938.55,870.0899126620327,929.4867345612981,859.7552,445.90985,832.2941973300015,-37.795715
depth_holdout,5742,2025.51,958.27,873.7288553056801,928.3609689673305,850.9302,337.45697,833.9193307695473,-39.809525
depth_holdout,5743,2025.82,971.37,843.5740493148046,958.7187796855633,878.40985,310.90384,842.9338047712522,-0.64024454
depth_holdout,5744,2026.12,1027.91,883.2442902826563,958.0437608424962,861.749,302.71915,851.2781800531641,-31.96611
depth_holdout,5745,2026.43,1039.49,910.6873173966858,1029.1372727130781,955.8985,396.5259,898.8002391114685,-11.887078
depth_holdout,5746,2026.74,1159.6,925.6203995877817,1042.732821212285,966.9651,465.8956,920.7895084554269,-4.830891
depth_holdout,5747,2027.05,1058.66,901.9550746148013,1099.2440049952406,975.7163,472.98303,911.7782490914249,9.823174
depth_holdout,5748,2027.35,1088.1,901.6801265424388,1054.193530440396,985.294,509.44977,927.7283137982981,26.048187
depth_holdout,5749,2027.66,1113.06,917.1165024264355,1064.4453385954646,974.7566,527.3446,924.1460906489392,7.029588
depth_holdout,5750,2027.97,1045.76,912.9245440656703,1078.7455915077153,1006.00244,530.70184,939.4369456464808,26.512402
depth_holdout,5751,2028.28,1014.25,902.9669298025854,1056.2403964476944,991.8995,542.7491,937.7846483084447,34.81772
depth_holdout,5752,2028.59,1053.69,857.4296492173302,1031.9906861241755,960.6987,352.75412,904.5941008164513,47.16445
depth_holdout,5753,2028.89,1020.32,867.2087782581033,1050.237165724538,952.94415,332.01712,903.7085722644509,36.499794
depth_holdout,5754,2029.2,1058.18,922.0534673753043,1021.8864096690456,960.69836,471.68118,935.5140205445548,13.460553
depth_holdout,5755,2029.51,1013.7,884.0793818234321,1048.592414365034,964.56445,370.1229,905.0276011227485,20.94822
depth_holdout,5756,2029.81,986.88,886.2957305188246,1032.4388395846008,959.9716,384.05746,908.275293278224,21.979563
depth_holdout,5757,2030.12,979.02,890.0773036382282,975.8074095966116,903.492,472.40756,884.2616302869403,-5.8156734
depth_holdout,5758,2030.43,1007.91,893.0755325136213,961.9050270887125,900.84607,469.39325,883.9952350435285,-9.080297
depth_holdout,5759,2030.74,974.26,907.6385221076298,992.1196818393269,916.49927,503.9862,900.9354438376713,-6.7030783
depth_holdout,5760,2031.05,1075.76,904.0779230664101,969.273685421971,915.39014,497.59055,890.7403900692788,-13.337533
depth_holdout,5761,2031.35,1005.84,921.489143896443,1052.0576824120096,956.43445,577.60455,894.6136632445875,-26.87548
depth_holdout,5762,2031.66,1099.13,861.6506513606464,1048.5401803864906,948.5414,362.42752,910.7738889705097,49.123238
depth_holdout,5763,2031.97,1159.33,958.5236730042404,1072.7930098724921,1027.5004,690.0964,959.6473633709854,1.1236904
depth_holdout,5764,2032.28,1006.6,923.6431265652947,1121.3109150656812,1070.1558,571.7034,984.6971045316033,61.053978
depth_holdout,5765,2032.58,1024.53,960.7485368967065,1007.7627735015437,1006.7595,621.6977,953.5513103723534,-7.1972265
depth_holdout,5766,2032.89,1040.52,939.4740500116836,1036.95256871809,995.8279,655.2096,926.9878849649917,-12.486165
depth_holdout,5767,2033.2,1057.07,920.6166332688558,1048.009423102158,986.8165,544.6695,931.055514189266,10.438881
depth_holdout,5768,2033.51,1249.51,951.9038114030384,1016.1831655085331,986.1694,784.83234,948.7738232095264,-3.1299882
depth_holdout,5769,2033.82,1206.14,947.6268157224074,1162.347912275453,1146.37,658.2555,1032.5735549191847,84.94674
depth_holdout,5770,2034.12,1251.37,989.4408290138457,1121.9702854344466,1161.6329,761.93787,1113.1616618385528,123.72083
depth_holdout,5771,2034.43,1276.33,949.4008103206613,1180.676158607328,1198.0651,742.3847,1091.760841448591,142.36003
depth_holdout,5772,2034.74,1161.46,962.2460711152236,1216.9773686030458,1224.8363,655.23425,1112.6070788056531,150.36101
depth_holdout,5773,2035.05,1173.8,925.3886949844923,1121.3373530117588,1073.022,556.95795,1009.7622606583204,84.373566
depth_holdout,5774,2035.36,1159.12,966.6086036392431,1120.7604035978402,1110.9059,749.7982,1029.682536286948,63.073933
depth_holdout,5775,2035.66,1173.05,927.766403981032,1112.9604026042878,1094.5419,630.08594,997.7764824112078,70.01008
depth_holdout,5776,2035.97,1135.68,947.6673384307403,1119.641217009755,1113.3248,745.589,1014.5471220611114,66.87978
depth_holdout,5777,2036.28,1213.52,935.9617964558621,1085.1950551136586,1054.9028,572.744,1001.6931120686551,65.731316
depth_holdout,5778,2036.59,1205.59,911.1721423671763,1125.9733449234554,1083.1847,524.8113,995.6003345058482,84.42819
depth_holdout,5779,2036.89,1226.14,923.8683435779949,1137.1875918185387,1131.9442,606.7388,1026.456852183952,102.58851
depth_holdout,5780,2037.2,1270.82,919.1101585555476,1156.4810062595673,1136.8373,601.6783,1023.949475877325,104.83932
depth_holdout,5781,2037.51,1246.06,905.2305456126542,1213.8315528489873,1171.8154,538.13745,1057.3047948802323,152.07425
depth_holdout,5782,2037.82,1221.38,925.8733778523709,1193.3845732537834,1189.0096,602.8451,1070.0022230672148,144.12885
depth_holdout,5783,2038.13,1257.17,941.1992866628224,1147.2926831246505,1150.6257,734.6073,1050.4376442067678,109.23836
depth_holdout,5784,2038.43,1281.57,919.3165183867402,1187.4757869648724,1158.2034,567.40094,1070.4538474883027,151.13733
depth_holdout,5785,2038.74,1266.06,957.2015457189107,1179.7659754466142,1241.5233,793.17676,1104.3709487950825,147.1694
depth_holdout,5786,2039.05,1205.87,932.7426310289225,1208.1225946739241,1218.2095,716.4915,1100.7456370103678,168.003
depth_holdout,5787,2039.36,1182.49,916.2416056440313,1136.0820310038337,1157.2325,622.57,1034.4315317914923,118.189926
depth_holdout,5788,2039.66,1201.38,926.5921323024982,1121.6633077460347,1125.5712,607.2054,1018.3259198391193,91.73379
depth_holdout,5789,2039.97,1182.98,929.1301709735184,1125.3399631126892,1142.2662,724.5063,1027.3186780535966,98.18851
depth_holdout,5790,2040.28,1160.64,929.0256969313594,1122.6865483593513,1125.6512,697.8323,1019.056840119836,90.03114
depth_holdout,5791,2040.59,1198.49,932.5715517808026,1123.5372279969743,1134.0774,741.4802,1008.4032931138104,75.83174
depth_holdout,5792,2040.9,1180.91,940.8009297947622,1123.436939567682,1129.8519,710.6023,1034.189670334313,93.38874
depth_holdout,5793,2041.2,1178.29,924.2484866031601,1126.373646600322,1120.2664,607.9022,1014.8858309635117,90.637344
depth_holdout,5794,2041.51,1181.94,940.1730020537394,1122.8999582042588,1109.5862,686.77155,1020.327192117216,80.15419
depth_holdout,5795,2041.82,1115.96,931.3171553764781,1124.737737891415,1112.9321,601.57764,1012.1080641899547,80.79091
depth_holdout,5796,2042.12,1163.53,922.5837578419689,1090.2630506378387,1073.7787,591.88403,972.196135008717,49.612377
depth_holdout,5797,2042.43,1170.91,914.9806295464211,1126.8128637692816,1075.5125,548.84894,990.6369176933938,75.65629
depth_holdout,5798,2042.74,1195.87,916.4797872863079,1125.1689483254297,1077.6161,508.5945,998.2747091613079,81.79492
depth_holdout,5799,2043.05,1245.58,931.3528124158155,1125.8335485682926,1131.6053,699.4833,1027.0331026379836,95.68029
depth_holdout,5800,2043.36,1167.53,949.1070369906924,1186.9729820521527,1176.1478,720.1505,1074.7423900790714,125.63535
depth_holdout,5801,2043.66,1202.97,936.9767355088052,1138.268326295911,1134.7643,722.1691,1034.934354222184,97.95762
depth_holdout,5802,2043.97,1198.76,929.0507581986091,1139.1338646074485,1126.813,690.12213,1014.8160322464606,85.765274
depth_holdout,5803,2044.28,1158.57,937.5938947126194,1127.8491951954436,1133.4319,720.18256,1039.3873135968968,101.79342
depth_holdout,5804,2044.59,1221.38,942.046412446567,1125.5708723445614,1091.7036,626.4767,1020.0591230178561,78.01271
depth_holdout,5805,2044.89,1253.17,1010.9873823033613,1142.2359284971021,1125.8608,679.59973,1035.7447408543867,24.757359
depth_holdout,5806,2045.2,1356.8,1049.9255571617252,1198.5027009236676,1193.4324,724.0037,1111.2445802940495,61.319023
depth_holdout,5807,2045.52,1477.39,967.0547988386231,1149.0043775154109,1263.9451,621.635,1124.0902755231934,157.03548
depth_holdout,5808,2045.84,1287.09,1012.6248056918735,1223.7625556671521,1312.8623,783.9222,1214.1618692905063,201.53706
depth_holdout,5809,2046.15,1241.65,989.721220867154,1201.550999380933,1262.0924,743.2909,1175.5001667900056,185.77895
depth_holdout,5810,2046.46,1193.8,953.61633017859,1186.8800989600954,1187.791,740.5113,1098.237637551637,144.6213
depth_holdout,5811,2046.76,1204.56,950.2741288993199,1130.0925930731312,1153.9297,763.70984,1052.8440980765658,102.56997
depth_holdout,5812,2047.07,1222.21,922.4752509003524,1127.8078607697278,1146.8356,656.14923,1028.090996444786,105.615746
depth_holdout,5813,2047.38,1175.39,956.2039211935148,1150.7876588707295,1149.5911,801.9791,1048.8072918600187,92.60337
depth_holdout,5814,2047.69,1157.74,938.3803561003509,1126.9926703151966,1132.0948,716.42096,1043.7198336394135,105.33948
depth_holdout,5815,2047.99,1195.59,956.6505909928801,1117.305889960018,1115.9196,726.6943,1017.9835759171965,61.332985
depth_holdout,5816,2048.3,1258.48,931.850769507789,1129.5764096152916,1140.6992,756.12225,1029.7016224740976,97.85085
depth_holdout,5817,2048.61,1136.23,1001.5071811147748,1177.8041873719742,1228.7108,753.20557,1108.0687274404584,106.56155
depth_holdout,5818,2048.91,1132.02,960.4403361218663,1079.6657830277618,1089.7377,714.17426,1015.4579752820225,55.01764
depth_holdout,5819,2049.22,1153.05,959.3633779059016,1078.6205148388617,1078.9625,717.87634,991.0333837042415,31.670006
depth_holdout,5820,2049.53,1115.47,924.4413490095978,1123.299754253877,1106.5421,678.7591,994.0555534163361,69.614204
depth_holdout,5821,2049.84,1101.55,949.2604600678244,1086.8218067626547,1092.6156,718.8167,984.9324037323752,35.671944
depth_holdout,5822,2050.15,1098.86,912.1560164933526,1082.2968116808522,1016.57635,537.0303,950.6336280351006,38.47761
depth_holdout,5823,2050.45,1086.03,912.0488636414156,1073.502839968617,1017.6179,556.0366,939.6486751953706,27.599812
depth_holdout,5824,2050.76,1091.55,901.8037309318371,1063.477229358712,1000.1617,524.5858,927.2691278129406,25.465397
depth_holdout,5825,2051.07,1126.23,895.8737484850076,1071.5620675941404,1000.6099,512.1981,932.5551487840798,36.6814
depth_holdout,5826,2051.38,1153.81,933.2508785542205,1078.3617832029413,1059.5546,713.1677,965.4864170368866,32.23554
depth_holdout,5827,2051.69,1210.35,922.4461135045316,1120.6418938988108,1111.2759,595.2418,991.2256697789456,68.77956
depth_holdout,5828,2051.99,1164.63,951.5556479068551,1122.9425968989437,1126.7537,718.73834,1037.282813129023,85.727165
depth_holdout,5829,2052.3,1184.84,940.4242354403641,1137.5637853517844,1129.4404,717.2442,1024.6273070346024,84.20307
depth_holdout,5830,2052.61,1129.4,942.0024113637996,1130.5280566107997,1120.4708,731.99274,1024.2306675893856,82.22826
depth_holdout,5831,2052.92,1173.05,923.9816857286979,1085.8751868733011,1087.0228,697.72974,990.291515440612,66.30983
depth_holdout,5832,2053.22,1158.57,911.2014857024477,1125.139356205861,1078.2568,526.8353,996.6915674895571,85.49008
depth_holdout,5833,2053.53,1155.12,930.499671539624,1118.3904166501825,1073.2974,617.4206,997.6780620425537,67.17839
depth_holdout,5834,2053.84,1202.21,913.498881256509,1119.8076144911236,1070.6091,528.0858,982.6202649235012,69.12138
depth_holdout,5835,2054.15,1242.41,933.1882864885508,1123.2397676174062,1127.4122,706.0824,1027.7669379167735,94.57865
depth_holdout,5836,2054.45,1187.73,927.3716204954713,1186.742034042251,1174.1202,696.7714,1053.4909213377564,126.1193
depth_holdout,5837,2054.76,1125.47,899.8064704258602,1138.4263555839766,1148.5922,633.141,1010.4493689854305,110.6429
depth_holdout,5838,2055.07,1140.92,918.3688373746517,1081.784643455575,1083.4312,683.6798,974.8503933133724,56.481556
depth_holdout,5839,2055.38,1127.82,902.1770869647,1084.6660974906376,1042.5862,541.9188,955.3197299395536,53.142643
depth_holdout,5840,2055.68,1120.99,918.2408109485358,1083.2113744432213,1071.0461,656.3519,962.9018102466315,44.661
depth_holdout,5841,2055.99,1240.55,938.788579184592,1082.2283287970326,1064.9921,690.02606,974.9671489782932,36.17857
depth_holdout,5842,2056.3,1180.91,928.2540759810784,1181.155015055845,1102.1301,724.32776,1000.1856860885002,71.93161
depth_holdout,5843,2056.6,1165.67,933.7769919794791,1136.7492206598292,1133.9985,719.2341,1028.3372718256705,94.56028
depth_holdout,5844,2056.91,1215.86,928.2674811004991,1138.271621386118,1119.0881,769.88934,998.4155218719835,70.14804
depth_holdout,5845,2057.22,1180.36,928.3121461359733,1134.8121541532944,1135.5992,703.6523,1026.7462205378288,98.434074
depth_holdout,5846,2057.53,1178.77,920.0287780904853,1134.5619763933148,1118.736,778.68225,1007.1016311788642,87.07285
depth_holdout,5847,2057.84,1146.5,921.7844178910782,1139.6121307953103,1123.6399,719.23083,1011.3300340409805,89.545616
depth_holdout,5848,2058.14,1189.04,886.9071130732116,1088.5803059499954,1061.5221,601.2512,967.011109350067,80.104
depth_holdout,5849,2058.45,1135.19,929.1992915615419,1131.7292553247794,1115.2217,688.163,1007.0639461025576,77.864655
depth_holdout,5850,2058.76,1158.57,930.5017541674483,1084.8888066791937,1090.7808,697.36035,994.2787965563643,63.777042
depth_holdout,5851,2059.07,1162.22,919.2730710396646,1135.0664559028485,1118.8545,715.1349,988.2485883126138,68.97552
depth_holdout,5852,2059.38,1093.13,925.679102551493,1131.5045321518112,1111.2068,781.5886,989.0641008730262,63.385
depth_holdout,5853,2059.68,1090.44,891.1041567344272,1071.003360852629,1031.2058,531.38586,957.0945513267123,65.990395
depth_holdout,5854,2059.99,1097.55,899.8473328324163,1068.9677668292152,1007.5069,507.15942,928.9444512101019,29.097118
depth_holdout,5855,2060.3,1142.5,871.851685183815,1071.3263120242545,1010.9377,497.84695,919.7697035248794,47.91802
depth_holdout,5856,2060.6,1154.36,929.2079093485627,1080.9346610942798,1029.2229,535.9292,967.8601729899201,38.652264
depth_holdout,5857,2060.91,1107.06,914.0591847391378,1119.214709697898,1070.1373,538.2529,981.57754106238,67.51836
depth_holdout,5858,2061.22,1124.37,917.8130863666992,1090.459209551997,1036.4701,534.8287,960.7275951862792,42.91451
depth_holdout,5859,2061.53,1118.85,922.6428427914179,1080.0075506161777,1027.588,536.0133,961.4235091427363,38.780666
depth_holdout,5860,2061.83,1084.93,942.5126677213406,1083.462245916546,1029.3918,628.4099,974.3657751737331,31.853107
depth_holdout,5861,2062.14,1163.53,920.7039495401574,1064.5620295536037,1009.5863,541.29846,949.3773046426965,28.673355
depth_holdout,5862,2062.45,1057.07,922.5096803600662,1120.422149980141,1069.1243,543.2177,982.3060098583572,59.79633
depth_holdout,5863,2062.76,994.26,913.890239003215,1055.2160104773682,1003.53265,549.0319,949.2676842241623,35.377445
depth_holdout,5864,2063.07,1112.03,938.8139857296525,987.4263542663786,948.77783,636.5395,923.9516572002946,-14.862329
depth_holdout,5865,2063.37,1124.37,960.5097352130009,1066.9124136809141,1000.3856,708.26215,921.35301219054,-39.156723
depth_holdout,5866,2063.68,1057.62,856.5490437782784,1084.2522446811047,1022.4237,328.48877,928.6995030678291,72.15046
depth_holdout,5867,2063.99,1118.85,866.600447228684,1053.0835228645942,990.2128,334.72003,924.2365899593968,57.636143
depth_holdout,5868,2064.3,1061.83,900.2252744378675,1075.4254254281557,1019.41833,520.84326,934.6971868219007,34.471912
depth_holdout,5869,2064.6,1081.27,920.5029555978409,1052.9371588527679,1000.8044,534.53546,947.9568015756241,27.453846
depth_holdout,5870,2064.91,1099.96,920.2186499408681,1064.5564175485595,993.0198,545.11755,933.5269442371327,13.308294
depth_holdout,5871,2065.22,1029.77,841.6220233180261,1068.618584887441,989.97644,339.85208,894.7042910792566,53.082268
depth_holdout,5872,2065.53,1053.69,861.8213041205265,1035.9170668270644,977.8015,368.41888,904.7248418707707,42.903538
depth_holdout,5873,2065.83,1043.42,909.6145913765656,1042.4858490768215,959.9922,535.92664,913.582875506662,3.9682841
depth_holdout,5874,2066.14,995.57,893.7979414317178,1050.789600248415,984.58594,507.7514,923.6896383616495,29.891697
depth_holdout,5875,2066.45,1063.42,934.4753330659919,988.6347068635478,986.2617,699.55505,920.0916956377082,-14.383637
depth_holdout,5876,2066.76,987.43,892.9228066437133,1050.3220448032482,983.28754,531.1946,920.0898713104614,27.167065
depth_holdout,5877,2067.06,1000.33,909.5304432967098,985.7128406495959,933.5663,538.04596,908.1960568287761,-1.3343865
depth_holdout,5878,2067.37,1019.22,945.7870394219166,979.8514955078901,969.021,710.9809,902.3206430901295,-43.466396
depth_holdout,5879,2067.68,1079.69,904.568689014235,1046.8076381116218,961.3709,567.23584,924.0148521917253,19.446163
depth_holdout,5880,2067.99,1048.94,877.7264638581439,1064.5728089397498,990.8854,522.3448,905.9017491974994,28.175285
depth_holdout,5881,2068.3,1014.74,858.9212489319066,1048.3933050104831,1013.3081,428.33878,912.3525729370335,53.431324
depth_holdout,5882,2068.6,956.13,912.0100075278431,1025.0808382717084,964.79926,528.02844,942.3953930411487,30.385386
depth_holdout,5883,2068.91,1053.69,858.3922604013135,974.7243573969678,928.7083,376.16208,885.9761112619092,27.58385
depth_holdout,5884,2069.22,1048.38,866.2692902568208,1050.7327679382583,966.6791,366.65216,881.4319766047822,15.162686
depth_holdout,5885,2069.52,1037.63,918.2624627034068,1041.902426786318,965.8816,522.4062,944.5197831074595,26.25732
depth_holdout,5886,2069.83,1071.55,852.7993524720721,1049.9113049478115,962.6429,348.05115,898.8247812440447,46.02543
depth_holdout,5887,2070.14,1024.25,907.4942140780868,1046.931428098943,981.7846,507.3756,915.7031927310409,8.208979
depth_holdout,5888,2070.45,1066.04,860.9928795807742,1048.0408511057321,1002.8285,417.0627,919.5999161713504,58.607037
depth_holdout,5889,2070.76,1049.76,887.4099910370323,1043.6624772896757,975.319,498.72903,910.2225787750695,22.812588
depth_holdout,5890,2071.06,1028.46,896.4264364389201,1050.8498698484996,981.33575,513.8632,918.2597150949259,21.833279
depth_holdout,5891,2071.37,1000.05,886.838244152711,1036.6608172270035,961.8241,519.93994,913.081106854127,26.242863
depth_holdout,5892,2071.68,985.85,927.1129383893017,988.6446277042841,977.36957,674.75806,910.5193104596142,-16.593628
depth_holdout,5893,2071.99,1022.94,890.0335711723985,978.3200473851714,909.81903,528.80255,889.364547420186,-0.66902375
depth_holdout,5894,2072.54,1063.69,802.5006343710079,1042.933010157229,904.11707,299.4586,801.9530245053425,-0.54760987
depth_holdout,5895,2072.61,1367.55,1019.5464080053654,878.6703256334696,957.29364,906.1052,995.9686949926701,-23.577713
depth_holdout,5896,2072.92,1361.0,986.9606854529882,1332.5694228323962,1227.4979,1125.5165,1243.3983380408788,256.43765
depth_holdout,5897,2073.22,1365.42,976.2023284336992,1327.6632517794417,1270.8893,1102.4954,1244.052365054793,267.85004
depth_holdout,5898,2073.53,1443.54,965.5356671184232,1329.2971395177456,1266.2732,1113.6571,1218.3957745402981,252.8601
depth_holdout,5899,2073.84,1264.75,961.5694221779904,1370.8531751859616,1270.4133,1146.1569,1260.5645393654904,298.99512
depth_holdout,5900,2074.15,1169.6,962.6030118355328,1257.3932076777628,1247.936,1130.744,1202.252227533775,239.64922
depth_holdout,5901,2074.46,1164.84,954.6558636230824,1175.6529879308214,1119.0056,1138.9303,1111.1936596435903,156.5378
depth_holdout,5902,2074.76,1872.27,926.9042466943004,1153.8673223395099,1100.1984,1122.4845,1062.8963884179332,135.99214
depth_holdout,5903,2075.07,1736.37,938.7369588224337,1391.9884700429636,1402.3483,1107.2856,1375.691151937668,436.9542
depth_holdout,5904,2075.38,1699.0,952.046702349665,1444.99455929936,1492.0796,1060.0674,1438.7527570371649,486.70605
depth_holdout,5905,2075.69,1744.5,934.7480081529794,1432.1967755867277,1421.5957,935.476,1412.3600686998543,477.61206
depth_holdout,5906,2076.0,1681.69,939.7260783147868,1395.7972325231715,1440.6165,941.6988,1402.5446818304117,462.8186
depth_holdout,5907,2076.31,1887.23,907.6642316540705,1429.1225230725183,1463.7886,911.6768,1378.86818062868,471.20395
depth_holdout,5908,2076.62,921.45,954.5361957219164,1256.699585197749,1261.1232,681.14764,1170.9695300725025,216.43333
depth_holdout,5909,2076.93,894.35,941.8339430791034,956.1087307374019,974.3614,563.42206,889.528359125246,-52.305584
depth_holdout,5910,2077.24,889.11,905.5170589371241,922.6394580323708,935.48846,631.20776,839.1165996475734,-66.40046
depth_holdout,5911,2077.54,893.04,901.8042366492822,906.3335025319075,892.13635,586.1183,798.2997047889306,-103.50453
depth_holdout,5912,2077.85,896.21,918.5214368963826,914.16992175464,896.066,619.0546,823.9315397406209,-94.5899
depth_holdout,5913,2078.16,851.26,936.9422143722002,912.7082851002331,898.20374,620.4442,824.7038034224931,-112.23841
depth_holdout,5914,2078.47,896.21,911.7378826369049,854.6091686069237,882.41254,639.8318,778.0156536329987,-133.72223
depth_holdout,5915,2078.77,898.35,927.7726889852604,902.5885790703486,896.03796,622.15765,823.7055960897526,-104.06709
depth_holdout,5916,2079.08,894.14,912.7588370813636,915.1621641637038,912.1827,639.58813,830.769182540348,-81.989655
depth_holdout,5917,2079.39,917.79,927.4165853598729,912.91360556487,894.2633,608.00806,823.1484045127049,-104.26818
depth_holdout,5918,2082.52,852.57,964.7011219124835,931.005567303284,863.9827,626.0834,844.7713504891436,-119.92977
depth_holdout,5919,2082.83,825.26,927.6793407408554,858.0948479959428,855.47174,563.9881,774.4185985533554,-153.26074
depth_holdout,5920,2083.13,766.38,945.02231469541,833.9033900193004,825.6502,525.7678,749.6203371563475,-195.40198
depth_holdout,5921,2083.44,802.37,940.2209668518054,779.5711729790078,762.22107,554.5195,694.9395795227039,-245.28139
depth_holdout,5922,2083.75,825.47,938.6077066438471,792.2537942703591,773.9559,550.8525,716.4143472688471,-222.19336
depth_holdout,5923,2084.06,787.13,939.2427639930855,825.4178633167102,807.2908,523.64166,739.9538540809762,-199.28891
depth_holdout,5924,2084.36,809.75,922.2255288227848,815.3626161688903,807.19366,480.56418,723.4351540669254,-198.79037
depth_holdout,5925,2084.67,861.25,969.4454043086218,801.3234201548753,777.6071,659.96014,749.1489718135047,-220.29643
depth_holdout,5926,2084.98,896.76,995.8489466546304,829.611447764756,801.2459,677.39813,771.4149256585366,-224.43402
depth_holdout,5927,2085.29,904.9,949.9724063218264,914.5152622152813,864.8919,696.68146,819.1020144761233,-130.87039
depth_holdout,5928,2085.6,871.73,958.2401399895106,917.2658768167713,874.16754,655.1341,827.3814058586512,-130.85873
depth_holdout,5929,2085.9,872.56,949.689185470531,867.9999974157528,864.35095,645.31067,821.2136300506091,-128.47556
depth_holdout,5930,2086.21,885.46,960.0143950176603,862.7434373395068,839.50037,652.41895,815.0244047832853,-144.98999
depth_holdout,5931,2086.52,863.32,959.9725911857652,898.5795170443536,846.5406,658.961,809.7924306633042,-150.18016
depth_holdout,5932,2086.82,922.76,962.266473136664,846.9218472986024,838.3725,662.341,773.9481442792421,-188.31833
depth_holdout,5933,2087.13,904.07,966.013170855675,914.1576936549849,887.2135,667.7261,856.3404337340929,-109.67274
depth_holdout,5934,2087.44,879.11,952.4740380379943,924.7597754226772,891.2379,660.68445,836.0269936654357,-116.447044
depth_holdout,5935,2087.75,917.79,969.839188177427,897.5289300653375,867.5202,673.5895,832.3500829528176,-137.4891
depth_holdout,5936,2088.06,918.83,954.9549945878776,917.2730576528419,898.344,674.69824,841.334350972155,-113.62064
depth_holdout,5937,2088.36,884.63,931.0160112157101,928.2699332492215,917.20166,503.49457,840.5538301244015,-90.46218
depth_holdout,5938,2088.67,933.31,915.8899820250333,910.4103807400099,870.43085,549.80383,816.9917886656583,-98.89819
depth_holdout,5939,2088.98,914.9,950.2488268109655,913.9111884017681,892.88306,511.13306,845.6305635663366,-104.61826
depth_holdout,5940,2089.29,902.76,953.4576439848454,926.527716855522,876.62384,648.4878,832.4808907499821,-120.97675
depth_holdout,5941,2089.59,915.17,940.2605369525379,927.5854723858927,902.3013,530.5315,841.7991111712879,-98.461426
depth_holdout,5942,2089.9,877.53,949.6504153614343,923.9693441932396,892.76935,536.36914,825.4308337574304,-124.21958
depth_holdout,5943,2090.21,897.52,943.3436234308991,895.2335401309084,868.7295,554.91876,813.4960587336335,-129.84756
depth_holdout,5944,2090.52,910.14,929.5886650701916,920.5851960324537,889.5882,521.6407,824.9818840643322,-104.60678
depth_holdout,5945,2090.83,918.55,934.0399484542531,924.3254483033198,880.34576,482.9749,815.9614648727102,-118.07848
depth_holdout,5946,2091.13,921.72,908.9584721947251,926.0657266984548,909.1471,492.933,828.0520009422837,-80.90647
depth_holdout,5947,2091.44,942.75,882.4756360578847,925.4121454101638,899.1102,543.1708,826.1911397505116,-56.284496
depth_holdout,5948,2091.75,914.62,929.9834952157187,933.5002684394567,911.2999,548.46405,866.7067656319784,-63.27673
depth_holdout,5949,2092.06,896.49,908.7310258260464,934.8570134519609,883.66766,549.4664,830.657173286984,-78.07385
depth_holdout,5950,2092.36,902.0,929.090914014847,921.4539128112461,874.30634,533.22797,823.2650396862338,-105.825874
depth_holdout,5951,2092.67,920.69,922.8552193272908,923.8842666265906,888.88904,500.77618,823.6057839024861,-99.249435
depth_holdout,5952,2092.98,906.97,925.5962015111731,920.2600648503126,897.5281,491.44427,839.1729074437903,-86.423294
depth_holdout,5953,2093.29,936.2,927.8934834165022,923.106223639732,893.72455,482.0752,827.9895069760726,-99.90398
depth_holdout,5954,2093.59,948.27,914.3596831354422,923.8034935444646,927.20074,510.54257,855.1913596185965,-59.168324
depth_holdout,5955,2096.99,937.72,949.6561528064387,952.0704300121741,879.5766,497.65533,861.0715199329036,-88.58463
depth_holdout,5956,2097.3,937.51,921.1684362019735,931.9218630647572,929.221,574.01196,862.5590497578817,-58.609386
depth_holdout,5957,2097.6,934.82,912.7702648173654,930.1109370414001,926.4124,562.1225,854.577962113508,-58.192303
depth_holdout,5958,2097.91,955.65,887.2640938006592,921.6542551407523,901.3986,505.7206,835.3595718585206,-51.904522
depth_holdout,5959,2098.22,971.92,883.8523322107317,949.7109797546341,940.9977,481.86673,860.9837828638078,-22.86855
depth_holdout,5960,2098.52,986.4,925.1192371452182,954.7136107997072,935.9263,550.5193,882.1754924857944,-42.943745
depth_holdout,5961,2098.83,962.47,929.3781821145503,969.990041027722,936.1589,533.99713,887.109722794482,-42.26846
depth_holdout,5962,2099.14,974.82,934.1849507714924,957.2307250972946,943.0141,491.72012,887.0608052636799,-47.124146
depth_holdout,5963,2099.45,944.06,929.4302157527383,960.8311490896144,934.2682,514.1803,885.2651118403847,-44.165104
depth_holdout,5964,2099.76,917.79,944.6907203649575,944.2967385374277,933.0676,541.75116,865.5538490270669,-79.13687
depth_holdout,5965,2100.06,950.34,929.6099402327405,925.0203828616134,901.2479,507.83038,828.5557562727796,-101.054184
depth_holdout,5966,2100.37,955.1,939.0884549187145,947.9428384537628,915.10504,513.6591,868.3429638908825,-70.74549
depth_holdout,5967,2100.68,965.64,934.5125234108621,951.5135874927793,923.27924,533.5554,863.3330571633035,-71.17947
depth_holdout,5968,2100.99,941.44,941.3739155688634,950.0804366604456,934.56085,498.19055,880.075541392838,-61.298374
depth_holdout,5969,2101.3,926.21,942.8474318059941,942.0789992060987,931.3581,523.4314,879.8395620855351,-63.00787
depth_holdout,5970,2101.6,956.68,938.2759548790528,919.6713882584146,906.4994,521.93225,855.4014965660646,-82.87446
depth_holdout,5971,2101.91,980.33,945.942390842479,955.2052810727838,935.9204,484.14914,874.1857456398423,-71.756645
depth_holdout,5972,2102.22,974.82,929.0494050120185,961.041594973843,942.0279,532.3525,894.7044076060126,-34.344997
depth_holdout,5973,2102.53,956.13,948.5863825727866,957.1819652164916,929.6137,496.50394,874.3872858930991,-74.1991
depth_holdout,5974,2102.83,977.99,917.1060937213996,963.8272564233308,939.92456,509.12244,887.4671815204719,-29.638912
depth_holdout,5975,2103.14,967.71,935.5328353209457,957.3049996702919,935.8629,488.0788,874.5485328001937,-60.984303
depth_holdout,5976,2103.84,949.58,929.322342274131,962.8798549983383,873.1891,461.20963,835.4504550670997,-93.87189
depth_holdout,5977,2107.56,977.44,963.0635120414745,953.1724543640182,902.65393,634.79126,888.3869525932323,-74.67656
depth_holdout,5978,2107.87,973.23,939.3658258832113,962.066056514297,938.55566,542.6942,886.6239511883871,-52.741875
depth_holdout,5979,2108.17,991.64,925.1805136093617,964.3938582516456,949.3596,578.88477,901.9909040817738,-23.18961
depth_holdout,5980,2108.48,1003.98,911.5931785545476,986.0435460925364,965.96,542.6047,897.1077211341985,-14.485457
depth_holdout,5981,2108.79,1021.36,896.6277483824498,997.9531044923623,981.89667,506.00903,917.0336054686314,20.405857
depth_holdout,5982,2109.1,972.68,902.1496474076853,1037.6333440357578,991.20764,526.9346,910.979347877656,8.8297
depth_holdout,5983,2109.41,969.3,910.8670345127247,968.4979471007586,950.7709,523.755,903.5163665592335,-7.350668
depth_holdout,5984,2109.71,988.19,923.916650754096,953.2021989029023,924.51154,503.4369,887.2633991061468,-36.65325
depth_holdout,5985,2110.02,975.37,921.2565608439334,973.8286634863886,943.38727,523.9988,895.2420688090212,-26.014492
depth_holdout,5986,2110.33,966.95,925.426248913647,957.6276746809324,943.25226,519.2867,887.0680030640376,-38.358246
depth_holdout,5987,2110.64,999.02,907.4791675397443,962.5840863267332,953.6008,535.79755,888.4100757428693,-19.069092
depth_holdout,5988,2110.94,985.09,926.9633080820474,986.9936091510164,966.044,543.7326,904.114682898942,-22.848625
depth_holdout,5989,2111.25,1006.6,926.7001695038934,976.2503926956017,953.75635,512.0183,912.2246932389398,-14.475476
depth_holdout,5990,2111.56,984.81,923.0792599734344,995.1307972405034,989.6004,522.4405,924.1758580025711,1.096598
depth_holdout,5991,2111.87,985.57,916.2927066192888,975.5188065289227,968.08777,548.47345,919.4576870308183,3.1649804
depth_holdout,5992,2112.17,975.85,936.8827443162781,970.7987506617806,938.3812,509.01645,891.7393193284852,-45.143425
depth_holdout,5993,2112.48,984.81,917.6978439948773,965.217630564401,955.04724,562.2982,900.9078507087445,-16.789993
depth_holdout,5994,2112.79,978.26,906.3075675193044,974.6389027383296,935.5531,508.26834,887.1285285178395,-19.179039
depth_holdout,5995,2113.1,945.65,921.6544205880307,959.005610918446,941.6667,489.43686,891.8287141060971,-29.825706
depth_holdout,5996,2113.4,966.13,906.045481437483,951.0425064082236,934.5743,518.6424,891.4704358518507,-14.575046
depth_holdout,5997,2113.71,964.54,919.7365743778857,954.867989985602,919.77026,481.101,880.3121626042041,-39.42441
depth_holdout,5998,2114.02,938.0,976.2376317818466,932.4247400193694,945.8712,868.63904,933.647822364122,-42.58981
depth_holdout,5999,2114.33,902.56,938.7354405330261,971.4639478203703,966.1374,584.1721,909.9998982356628,-28.735542
depth_holdout,6000,2114.64,928.0,937.864329096174,926.1995298360985,903.3974,543.5276,846.6702601874825,-91.19407
depth_holdout,6001,2114.94,921.72,904.7233917289693,921.8946033641525,903.2246,543.31714,853.998290258022,-50.7251
depth_holdout,6002,2115.25,914.62,913.9003970049266,920.3541812839128,905.6108,507.05365,858.295206727827,-55.60519
depth_holdout,6003,2115.56,927.52,899.3679525307064,918.2247352493605,889.4729,491.68076,827.5057241371517,-71.86223
depth_holdout,6004,2119.3,977.16,990.5659385892765,938.7340626378293,836.7833,493.78256,889.5041557523624,-101.06178
depth_holdout,6005,2119.6,937.51,918.7193433282255,957.0751692510365,950.77985,555.6358,889.9827100274442,-28.736633
depth_holdout,6006,2119.91,925.65,949.9995946943733,946.4091525285448,937.90784,536.9267,882.0983419477913,-67.90125
depth_holdout,6007,2120.22,938.55,947.4993082741449,925.3600199080813,897.0125,552.1997,850.3525492409418,-97.14676
depth_holdout,6008,2120.53,947.44,963.3477040883143,930.1932736495065,908.27106,518.8116,877.4100820180018,-85.93762
depth_holdout,6009,2120.84,911.17,966.7264897607215,943.634863796498,933.1191,318.748,888.8168904565223,-77.9096
depth_holdout,6010,2121.14,906.76,980.8325184685262,932.6242341656449,899.95605,505.07086,874.9806431633505,-105.851875
depth_holdout,6011,2121.45,892.76,964.0803910505898,923.2873136927701,901.0957,506.58014,869.2996445906289,-94.78075
depth_holdout,6012,2121.76,878.84,947.5243263219141,912.2551791701937,875.58527,561.3987,826.7911796544337,-120.73315
depth_holdout,6013,2122.07,883.59,930.2095485998816,889.4838603836773,852.3814,506.28357,806.2520366980261,-123.95751
depth_holdout,6014,2122.38,890.42,834.6226769697828,906.3993938559362,877.0125,460.15323,815.736850858943,-18.885826
depth_holdout,6015,2122.69,843.88,961.8065403805662,907.3845241863935,873.89545,526.9666,846.0966862545896,-115.709854
depth_holdout,6016,2122.99,883.87,916.1637217713574,851.9334743848664,846.79614,521.08514,787.4101969910839,-128.75352
depth_holdout,6017,2123.3,921.45,907.4723476369883,884.1634017888507,836.77356,484.99292,791.3024562795664,-116.16989
depth_holdout,6018,2123.3,921.45,907.4723476369883,915.1604834472485,885.40106,491.41016,846.8282169302012,-60.64413
depth_holdout,6019,2123.61,834.43,929.0403133512498,918.5946362437796,895.9239,489.68433,855.9159160734177,-73.1244
depth_holdout,6020,2123.92,870.98,896.2832307420424,861.8190533900402,831.5769,519.93304,773.5307283006362,-122.7525
depth_holdout,6021,2124.23,854.7,930.0189672517472,844.9861770598869,833.3245,523.2193,796.6904607820206,-133.3285
depth_holdout,6022,2124.54,855.74,910.1154624230173,847.0621616702765,826.50134,512.1741,758.5479422814158,-151.56752
depth_holdout,6023,2124.84,870.22,927.891687632548,843.0892273308423,819.8977,536.5463,747.5185186872355,-180.37317
depth_holdout,6024,2125.15,879.11,941.6871537586271,856.40241018461,829.2961,507.4088,806.5959824939787,-135.09117
depth_holdout,6025,2125.46,877.53,915.8434531201569,887.9066222956103,856.07697,551.3333,807.7038352002351,-108.13962
depth_holdout,6026,2125.77,870.42,900.3982730381338,882.8406561425625,839.68146,499.78326,795.795924710497,-104.60235
depth_holdout,6027,2126.07,858.91,899.6341307347011,859.8862002847441,845.29846,523.13983,792.8414290135097,-106.7927
depth_holdout,6028,2126.38,869.11,929.8264396271585,842.470484921847,826.1659,573.61835,743.7796561798929,-186.04678
depth_holdout,6029,2126.69,841.53,933.8127601719384,857.0917106449224,829.15436,550.24493,795.4206703281884,-138.39209
depth_holdout,6030,2127.0,825.26,926.2141467712463,840.4266259664877,841.9555,519.2069,767.9336139343322,-158.28053
depth_holdout,6031,2127.31,831.05,906.0828742020385,831.0974323703529,810.6702,486.94922,747.125965022351,-158.95691
depth_holdout,6032,2127.61,850.98,915.77379711487,829.840584141346,821.58746,519.0423,753.63610180237,-162.1377
depth_holdout,6033,2127.92,818.16,925.7148412119661,836.6686061908979,806.5425,552.7936,746.222379053763,-179.49246
depth_holdout,6034,2128.23,831.05,940.4029573124134,822.7328319543833,811.42224,485.615,744.2672761600696,-196.13568
depth_holdout,6035,2128.53,853.12,881.1499986156837,832.1980518008395,820.1364,520.4893,761.4808778271095,-119.66912
depth_holdout,6036,2128.84,852.29,947.1296376925659,841.6135749601822,816.18933,468.31476,749.7033376437378,-197.4263
depth_holdout,6037,2129.15,806.85,937.1960540085192,839.4069262696529,806.46606,485.55164,747.8015227585192,-189.39453
depth_holdout,6038,2129.46,864.43,923.2974348525031,820.1451641339576,808.42706,493.42435,744.2903700331672,-179.00706
depth_holdout,6039,2129.77,846.5,946.7864445334474,840.9197679407848,815.9954,470.2789,774.9654606467286,-171.82098
depth_holdout,6040,2130.07,857.6,930.7977937741869,841.459824212227,818.29297,472.27194,751.7520479245775,-179.04575
depth_holdout,6041,2130.38,833.12,932.3111569855193,842.6158531380207,802.0163,537.3626,735.3346707794647,-196.97649
depth_holdout,6042,2130.69,855.19,915.6756219674915,837.1192148618089,832.8397,521.3117,772.1030206491321,-143.5726
depth_holdout,6043,2131.0,817.06,947.3665950559615,840.1969983655251,822.3145,467.32727,747.1992671751021,-200.16733
depth_holdout,6044,2131.3,851.81,924.8464773003914,816.829395222045,810.6292,556.06885,739.4271200005867,-185.41936
depth_holdout,6045,2131.61,828.92,917.5947642935672,838.151803904562,817.45233,513.2368,755.531226695911,-162.06354
depth_holdout,6046,2131.92,862.56,916.481214318659,833.5397090696928,817.511,547.1966,756.1579110960027,-160.3233
depth_holdout,6047,2132.23,823.4,898.4209055378578,838.341933580604,806.8294,493.8611,732.8398050739906,-165.5811
depth_holdout,6048,2132.54,814.44,925.8037724323242,834.544327369647,816.19995,538.9056,745.5437474079101,-180.26003
depth_holdout,6049,2132.84,867.53,905.6672925503046,811.8214930601042,799.1135,521.8896,729.044825509289,-176.62247
depth_holdout,6050,2133.15,857.32,1060.0132604981657,784.7328552376904,778.67596,515.7095,796.4491735841032,-263.5641
depth_holdout,6051,2133.46,844.71,960.1536402929919,863.0133897108421,908.6474,515.9467,818.616805576195,-141.53683
depth_holdout,6052,2133.77,881.73,925.4043494890841,837.7393628011947,823.98114,549.7128,755.6919013689669,-169.71245
depth_holdout,6053,2134.07,853.6,943.7108713440869,879.7667954164351,848.0555,509.8615,805.133265142915,-138.5776
depth_holdout,6054,2134.38,886.77,925.9230853566709,847.7882427865007,841.0687,550.84045,762.5223895558896,-163.4007
depth_holdout,6055,2134.69,854.15,935.7807700823892,892.7126688338469,849.5921,521.24615,803.5640952777017,-132.21667
depth_holdout,6056,2135.0,846.77,949.5792722917786,848.9721275435621,837.72107,508.19894,770.0449247575989,-179.53435
depth_holdout,6057,2135.31,824.16,927.5364017652226,843.2330948798563,821.59827,554.1692,755.3845157788945,-172.15189
depth_holdout,6058,2135.61,823.68,940.6017131558694,829.5235215655276,828.83215,530.15875,768.9169597379007,-171.68475
depth_holdout,6059,2135.92,838.09,921.2192178697475,827.9813528817293,810.7406,545.57526,748.565790745724,-172.65343
depth_holdout,6060,2136.23,852.29,943.1409886221023,837.0262610328239,801.3572,508.19894,744.801541600618,-198.33945
depth_holdout,6061,2136.54,821.26,941.3243124511183,841.8762469259789,817.65674,521.75555,756.4657156493605,-184.8586
depth_holdout,6062,2136.84,848.36,940.9519487279749,819.7595540676472,822.7538,532.8292,759.5841661352015,-181.36778
depth_holdout,6063,2137.15,816.57,937.8949188573577,836.1028127202441,811.09393,527.7524,747.5259308202483,-190.36899
depth_holdout,6064,2137.46,843.12,936.6154328391317,815.937335645865,815.39667,534.51013,755.4181672141317,-181.19727
depth_holdout,6065,2137.77,866.01,916.981186108664,833.8682446446546,805.6241,549.18506,755.6378480959687,-161.34334
depth_holdout,6066,2138.07,862.56,942.7709581661759,847.753386756026,841.0848,510.93378,799.6450578976212,-143.1259
depth_holdout,6067,2138.38,869.39,927.8498813216698,844.1981524303908,813.4256,537.20264,748.9763614242089,-178.87352
depth_holdout,6068,2138.69,862.84,935.7933546897293,856.8326605125308,838.79663,529.809,809.1417052146317,-126.65165
depth_holdout,6069,2139.0,868.91,939.4767406612082,847.1070950643164,819.5013,515.59766,755.5574901729269,-183.91925
depth_holdout,6070,2139.0,868.91,939.4767406612082,856.457383039005,835.7999,524.077,809.7256115108175,-129.75113
depth_holdout,6071,2139.31,852.08,932.5684095629751,857.0367836627021,839.24835,540.85016,802.4094587573111,-130.15895
depth_holdout,6072,2139.61,853.88,948.9017107571838,847.0926911789537,832.9229,512.2572,763.8993609036681,-185.00235
depth_holdout,6073,2139.92,885.73,929.1853381903023,843.3034948968591,833.65656,542.54156,755.833928278193,-173.35141
depth_holdout,6074,2140.23,851.53,943.1454879517347,888.9843063200774,847.42175,511.12177,798.7467147583753,-144.39877
depth_holdout,6075,2140.54,860.7,913.9658269694422,850.808012651869,850.8155,510.02747,775.9206609538172,-138.04517
depth_holdout,6076,2140.84,863.12,944.949803829966,841.9033862812117,826.44086,509.7067,747.0621848114113,-197.88762
depth_holdout,6077,2141.15,860.7,927.2781094765355,844.2184644984311,811.9828,545.38715,752.438143656223,-174.83997
depth_holdout,6078,2141.46,850.22,934.6697022105437,844.85885926963,822.01886,479.96674,749.7081848765594,-184.96152
depth_holdout,6079,2141.77,831.26,897.2210336701855,847.3759694354474,835.1049,491.59412,772.9919382112012,-124.229095
depth_holdout,6080,2142.08,863.32,919.205868966072,834.4720577939427,820.5738,499.86353,767.326718575447,-151.87915
depth_holdout,6081,2142.38,860.22,937.6953193500212,840.2492410480583,813.00635,520.95294,744.5173408343962,-193.17798
depth_holdout,6082,2142.69,834.71,891.0367842937713,845.3889847502436,838.4632,516.43225,751.1684676433807,-139.86832
depth_holdout,6083,2143.0,879.39,875.7657881792777,835.342350341903,814.1283,474.193,762.2240935381644,-113.541695
depth_holdout,6084,2143.3,900.97,893.8475209010762,872.9310526774436,826.63025,488.1508,792.5371800197286,-101.31034
depth_holdout,6085,2143.61,903.04,912.8368001604011,912.1222891029515,880.91205,560.76624,826.3696218156746,-86.46718
depth_holdout,6086,2143.92,883.59,930.1779170328117,918.2040147292041,868.81616,542.30316,819.5243525796867,-110.653564
depth_holdout,6087,2144.23,883.59,907.8483887284577,897.2635527940149,869.6019,526.81995,812.486389216739,-95.362
depth_holdout,6088,2144.54,890.7,912.0866113120727,894.8404850229563,840.54706,524.714,799.8093591148071,-112.27725
depth_holdout,6089,2144.84,877.04,878.7453908873238,909.2086024914323,871.2751,505.47034,803.9109182310738,-74.83447
depth_holdout,6090,2145.36,906.21,931.1839611465352,889.6488235514385,820.55725,452.77853,773.8917705947774,-157.29219
depth_holdout,6091,2145.67,957.99,945.4989028802461,918.7654036876231,879.5346,533.85925,814.1998458734101,-131.29906
depth_holdout,6092,2145.98,900.42,882.7275387162172,953.0853735239037,933.49994,482.06604,863.4337803238832,-19.293758
depth_holdout,6093,2146.28,914.9,892.0513558282354,938.0390838535233,897.6805,489.5967,833.5890412225225,-58.462315
depth_holdout,6094,2146.59,891.73,884.3995521256434,921.7957567269488,889.0078,532.9317,820.1891639420496,-64.21039
depth_holdout,6095,2146.9,910.69,874.2315551966061,919.7546862982788,890.88196,498.1288,823.2347786157956,-50.996777
depth_holdout,6096,2147.21,894.63,878.373525706904,920.4997259892616,876.599,458.159,810.4901562611033,-67.88337
depth_holdout,6097,2147.52,922.76,896.8000749613238,919.56261262406,872.94794,518.48315,817.139346506734,-79.66073
depth_holdout,6098,2147.83,888.83,893.9838341931779,921.9601371424197,884.754,491.68118,835.9824189404924,-58.001415
depth_holdout,6099,2148.14,929.31,895.4770559580788,910.6446328484739,879.9008,460.77582,813.0144171030984,-82.46264
depth_holdout,6100,2148.45,875.94,916.7521163573423,912.8458687523475,882.0215,522.7326,843.0806075682798,-73.67151
depth_holdout,6101,2148.75,904.35,923.1543735136092,895.119898934154,868.3262,539.2741,813.3170322050155,-109.83734
depth_holdout,6102,2149.06,918.0,903.891353437423,920.2213106458781,878.00226,472.23608,807.567966291427,-96.32339
depth_holdout,6103,2149.37,888.35,897.5003671972826,921.3533279329329,887.15924,561.29553,814.0797815649584,-83.420586
depth_holdout,6104,2149.68,900.14,912.9650482697668,910.5246272133295,882.0992,516.8487,817.6009659333411,-95.36408
depth_holdout,6105,2149.98,906.49,908.8197369118761,918.5543727468738,866.3342,524.9037,813.638798191173,-95.18094
depth_holdout,6106,2150.29,936.2,901.3013011352359,921.862611469192,866.23346,556.5387,808.624917163068,-92.676384
depth_holdout,6107,2150.6,875.73,917.4503240491597,924.4833664425123,891.6795,522.2854,850.5304403211323,-66.91988
depth_holdout,6108,2150.91,892.76,892.2487593270205,895.642907683243,863.1208,523.5683,810.7154188729189,-81.53334
depth_holdout,6109,2151.22,893.87,905.7249994185701,909.8275790874204,866.15784,527.0701,812.7611246016755,-92.963875
depth_holdout,6110,2151.52,885.46,909.2956523593425,918.4615422567099,868.7668,542.39685,811.6628169711589,-97.632835
depth_holdout,6111,2151.83,865.18,874.6959316124548,900.8922944971185,864.23535,522.56476,788.4643031944861,-86.23163
depth_holdout,6112,2152.14,892.76,901.5223520421089,853.6382066850941,843.84155,480.02536,784.1908014439643,-117.33155
depth_holdout,6113,2152.44,902.28,895.4465074436121,915.567618253134,868.2113,489.37357,812.6540498630457,-82.79246
depth_holdout,6114,2152.75,897.25,918.618014615073,907.1413026367925,863.6695,489.29785,822.5951493196628,-96.022865
depth_holdout,6115,2153.06,929.1,909.760236491764,915.6568319853263,861.21967,500.46848,816.165036906803,-93.5952
depth_holdout,6116,2153.37,907.8,926.4442204181399,918.9986719621363,886.91406,525.7473,851.2530583087649,-75.19116
depth_holdout,6117,2153.68,914.62,905.8208010109755,924.9048300538061,899.03296,536.0728,831.0779955300185,-74.742805
depth_holdout,6118,2153.98,913.04,918.4341702025465,918.7825004797312,870.2333,523.9626,820.1883739989332,-98.2458
depth_holdout,6119,2154.29,899.38,922.3203718894013,917.7994677410335,886.2521,561.6595,832.1556914084442,-90.16468
depth_holdout,6120,2154.6,907.52,924.3526245561136,919.6476454117592,884.0065,553.0381,815.1917587724222,-109.160866
depth_holdout,6121,2154.91,915.66,922.0860729856339,921.1525049811764,871.8483,544.6636,816.8151913328019,-105.27088
depth_holdout,6122,2155.21,883.32,908.4177748832484,924.5684501424109,891.9946,508.65808,825.117520061471,-83.300255
depth_holdout,6123,2155.52,911.45,920.0812463033708,905.8619268203975,867.3479,528.3091,814.6613549459489,-105.41989
depth_holdout,6124,2155.83,892.56,899.8974605235245,922.6167288810954,888.0491,491.8227,816.4923701914933,-83.40509
depth_holdout,6125,2156.14,883.87,917.6703361379366,920.6508183044808,877.0763,528.57227,826.9393943654757,-90.73094
depth_holdout,6126,2156.45,861.81,919.261013863932,898.6273218670663,839.19336,531.30743,786.5123413785805,-132.74867
depth_holdout,6127,2156.75,905.66,898.8496729749841,847.0258629635852,842.5411,508.13983,752.9997584242028,-145.84991
depth_holdout,6128,2157.06,945.37,896.153834036545,907.6199636052737,865.98926,496.95184,803.8973185336154,-92.256516
depth_holdout,6129,2157.37,955.1,906.1529110583215,918.6086595906203,896.5141,471.66748,859.9443386706262,-46.208572
depth_holdout,6130,2157.68,935.65,906.4935426221806,952.0468229307891,927.67194,490.0881,867.2695435987431,-39.224
depth_holdout,6131,2157.99,947.24,916.6964772759742,927.7796261781567,902.4106,517.5114,851.9221547662086,-64.77432
depth_holdout,6132,2158.29,945.93,906.3005423203878,944.2189753500771,923.1919,497.1607,866.6880354539327,-39.612507
depth_holdout,6133,2158.6,955.1,907.48440160939,936.009321192573,910.2093,461.1857,869.0112303752592,-38.47317
depth_holdout,6134,2158.91,946.96,879.8083548878499,954.7284183723214,930.3133,472.598,866.3194928501912,-13.488862
depth_holdout,6135,2159.22,958.54,876.8217957937009,945.9837543071936,928.7004,472.20468,865.5132964574582,-11.308499
depth_holdout,6136,2159.52,916.21,906.9439637772416,949.6612728816863,917.559,490.23602,866.0513322464799,-40.89263
depth_holdout,6137,2159.83,889.11,893.2331278443712,941.9931738165731,909.0641,492.1546,837.2664110780138,-55.966717
depth_holdout,6138,2160.14,907.24,906.4715373864823,908.1574001011448,871.5794,453.7867,805.6410396447831,-100.8305
depth_holdout,6139,2160.45,898.07,907.2184133705765,921.86918938303,865.5873,480.9166,811.7617559609085,-95.45666
depth_holdout,6140,2160.76,855.74,904.296100938388,919.6490150838574,876.34235,494.8575,816.6674769759857,-87.628624
depth_holdout,6141,2161.07,892.56,903.2352747670973,852.3811597797805,829.69293,482.66766,757.3888849965895,-145.84639
depth_holdout,6142,2161.37,917.79,869.4732622493025,909.746428642883,835.5439,423.2374,805.8594889033552,-63.613773
depth_holdout,6143,2161.69,884.9,905.2593390213246,923.0937325935053,884.62646,470.16318,817.5821615921254,-87.67718
depth_holdout,6144,2162.0,928.0,887.0525980220469,905.8682708667368,869.2607,482.57056,809.1669550166758,-77.88564
depth_holdout,6145,2162.31,937.24,961.5041396606312,886.3699318300738,880.4286,457.84128,852.6265609252796,-108.87758
depth_holdout,6146,2162.62,980.33,944.72815050858,922.4383640304377,891.52313,511.5625,844.6889049031113,-100.039246
depth_holdout,6147,2162.92,953.79,928.307400398079,966.1871347490685,947.5708,544.3352,903.6924788282548,-24.614922
depth_holdout,6148,2163.23,991.09,912.8356175131719,959.326336851522,946.1838,538.54803,887.609631032459,-25.225986
depth_holdout,6149,2163.54,1008.19,910.8996189133795,986.0791801869836,962.8895,548.1114,899.5101230637702,-11.389496
depth_holdout,6150,2163.84,1013.98,923.1267738943959,994.0741175540708,979.4825,562.2489,925.204558432665,2.0777845
depth_holdout,6151,2164.15,1027.15,929.3898158645559,1033.3469314576707,1003.19775,502.8606,923.8818193054128,-5.5079966
depth_holdout,6152,2164.46,1020.53,920.9946532924907,1039.546991834329,994.5062,512.9176,919.3919133623378,-1.6027399
depth_holdout,6153,2164.77,1042.66,926.4345346594766,1035.4332712166904,997.0589,494.9186,924.6746454144434,-1.7598892
depth_holdout,6154,2165.07,1030.8,921.9556188372625,1050.9495894053982,1015.4321,523.27124,924.833298423673,2.8776796
depth_holdout,6155,2165.38,1044.18,926.8384713433339,1042.2657634092182,1010.9093,498.45108,931.1017731926992,4.263302
depth_holdout,6156,2165.69,1057.35,897.3823707717539,1051.7680247247818,1030.2023,548.8811,925.533207716334,28.150837
depth_holdout,6157,2166.0,1034.46,917.9271716714957,1048.551881804591,1030.5415,525.2032,929.1908731103995,11.263701
depth_holdout,6158,2166.31,1052.87,887.9382536353729,1043.05547859479,1043.9955,515.28534,927.8552496375702,39.916996
depth_holdout,6159,2166.62,1077.34,904.8569562238449,1050.8565365592226,1012.9502,517.0855,915.0680434507126,10.211087
depth_holdout,6160,2166.93,1084.45,890.1895553987716,1063.431996696818,1043.4849,542.184,921.5403091829513,31.350754
depth_holdout,6161,2167.24,1037.35,900.1180843177922,1062.323247350775,1041.4899,484.02576,920.5904735389836,20.47239
depth_holdout,6162,2167.54,1029.77,882.1329837916161,1052.1153419155444,1041.5758,492.97818,933.6239391443993,51.490955
depth_holdout,6163,2167.85,944.62,915.4544433021208,1032.292567659295,993.28894,545.3071,915.0128226244112,-0.44162068
depth_holdout,6164,2168.16,894.35,897.1669802111771,968.2226115149508,945.5879,547.3499,896.1065505189088,-1.0604297
depth_holdout,6165,2168.48,848.91,924.2644574112716,932.6472848013432,887.31305,634.522,834.9201275772872,-89.34433
depth_holdout,6166,2168.8,872.29,932.460253678627,841.6110179239613,835.93353,662.2576,762.5978574383927,-169.8624
depth_holdout,6167,2169.11,919.38,908.1976197744934,844.217479808739,829.4025,524.9789,797.5419572378723,-110.65566
depth_holdout,6168,2169.42,842.84,939.916620844138,912.9961794674059,885.49774,657.23224,833.6370111639623,-106.27961
depth_holdout,6169,2169.73,908.83,887.9520356518813,859.3167223515705,844.965,540.7888,786.949907050807,-101.00213
depth_holdout,6170,2170.04,890.7,878.9077813817323,902.2946505671633,873.87463,504.22913,807.7468927098573,-71.16089
depth_holdout,6171,2170.34,864.43,820.7360199338266,913.272582847985,856.1637,461.17413,791.4962547665903,-29.239765
depth_holdout,6172,2170.65,817.33,845.3873221703374,856.479362198111,853.02686,489.9552,781.3512656517827,-64.03606
depth_holdout,6173,2170.96,835.74,853.2998205596485,828.9133096490422,817.81433,508.19803,748.3787161284962,-104.921104
depth_holdout,6174,2171.26,849.95,877.3458113043047,825.8056731761937,795.851,489.0711,743.5601972906328,-133.78561
depth_holdout,6175,2171.57,850.71,403.19402385723754,862.462040980956,794.03595,406.52664,930.3662040330188,527.1722
depth_holdout,6176,2171.88,1018.94,983.9354221056306,811.3866153795356,867.377,955.23535,801.187253160318,-182.74817
depth_holdout,6177,2172.19,911.45,916.2835521071638,1121.8065898795805,1005.96234,582.04083,950.5185946791853,34.235043
depth_holdout,6178,2172.5,937.51,796.5808814593524,943.7958603136847,892.2776,461.96335,816.2114051409931,19.630524
depth_holdout,6179,2172.8,956.68,893.3058785370027,919.9217169237253,907.51227,552.2659,857.9909638336336,-35.314915
depth_holdout,6180,2173.11,1004.53,864.106046757056,951.7814102466309,943.5571,507.75272,869.4986849635379,5.392638
depth_holdout,6181,2173.42,999.02,886.7181322548789,990.6686848527247,974.30695,491.16986,903.5411169503135,16.822985
depth_holdout,6182,2173.73,1006.12,910.0963670175288,986.7158217919061,973.74084,483.3653,905.3159085672114,-4.7804585
depth_holdout,6183,2174.04,980.06,907.2239293289613,994.0512655127988,978.1001,489.25946,915.8805112076234,8.656582
depth_holdout,6184,2174.34,977.44,907.6150195691287,964.6999695088111,969.3872,539.41486,906.0831180903613,-1.5319015
depth_holdout,6185,2174.65,1020.8,876.1431955857968,967.1357273121641,958.8688,488.2404,884.3166126771664,8.173417
depth_holdout,6186,2174.96,1051.56,900.9502132588634,1030.3445894830352,998.5078,467.0759,910.1558979207286,9.205685
depth_holdout,6187,2175.27,1023.7,894.8436245720046,1050.6142128216425,1016.6159,499.6287,925.6129078666823,30.769283
depth_holdout,6188,2175.57,996.88,913.3473106881521,1034.660148819463,1017.245,536.88153,936.4285828133962,23.081272
depth_holdout,6189,2175.88,1026.87,909.4176103380652,991.0642669680024,991.1611,489.0629,917.3857046869726,7.9680943
depth_holdout,6190,2176.19,1075.48,931.489461125721,1035.6175370873164,1004.07684,536.6098,934.2733222859994,2.7838612
depth_holdout,6191,2176.5,1024.25,908.4875550105417,1059.5994033180234,1026.0038,540.85223,926.8432068660104,18.355652
depth_holdout,6192,2176.81,1013.43,929.9590222234972,1039.9559361454774,1024.6777,545.67426,951.970508276964,22.011486
depth_holdout,6193,2177.11,996.4,905.199752454224,1030.8957362317215,997.19415,505.364,915.9355522436528,10.7358
depth_holdout,6194,2177.42,949.86,921.0905569171367,987.5772924952759,982.40857,542.3351,920.5450012659488,-0.54555565
depth_holdout,6195,2177.73,917.24,910.558267986157,963.5359065343122,951.2753,469.21536,896.9725755804564,-13.585692
depth_holdout,6196,2178.04,871.25,898.3371493527991,929.4386470368141,915.076,480.0245,840.5936000058753,-57.74355
depth_holdout,6197,2178.35,878.08,921.7081584602406,870.4860600211779,857.6433,569.64197,830.7035350471547,-91.00462
depth_holdout,6198,2178.65,855.74,894.9742870281194,885.0739410313198,866.74786,490.36948,807.3547649333929,-87.61952
depth_holdout,6199,2178.96,880.15,910.9457487435755,845.300416485545,827.25555,492.9399,757.3303312631067,-153.61542
depth_holdout,6200,2179.27,911.45,908.0863072094692,881.8652055357321,836.1362,543.1258,789.7238041577114,-118.3625
depth_holdout,6201,2179.57,868.36,918.819701752091,914.4278836686184,871.72394,519.8987,832.9484630435949,-85.87124
depth_holdout,6202,2179.57,868.36,918.819701752091,871.5403897879621,851.75433,526.2515,827.2839504093175,-91.53575
depth_holdout,6203,2179.88,967.16,912.1296830404331,857.7258239583317,824.90454,517.1614,795.1313843954135,-116.9983
depth_holdout,6204,2180.19,968.26,934.6766985074024,946.7050666926983,916.4353,660.3186,873.1967371121387,-61.47996
depth_holdout,6205,2180.5,1000.05,954.957643861771,953.3932816097622,931.39996,704.8431,897.1227592182163,-57.834885
depth_holdout,6206,2180.8,975.09,921.6264197520097,1007.9890361404937,983.8857,552.5999,921.7233146495303,0.0968949
depth_holdout,6207,2181.11,957.23,921.119488445092,963.4136755395275,958.5339,493.65576,908.8889481695182,-12.23054
depth_holdout,6208,2181.42,947.24,858.971980162269,967.1418708794446,924.2004,424.06393,879.4296103197397,20.45763
depth_holdout,6209,2181.73,950.89,824.8944690395012,964.6049255707836,895.75574,470.69574,825.2642535436764,0.3697845
depth_holdout,6210,2182.04,955.1,858.9346080579247,944.3462945613352,929.9457,451.64548,856.8910036839928,-2.0436044
depth_holdout,6211,2182.34,990.6,834.1094823896742,953.85446688978,944.4132,475.65536,846.4412637770033,12.331781
depth_holdout,6212,2182.65,977.16,906.1084181669728,973.8154106314065,995.3017,518.66785,910.3158437613026,4.2074256
depth_holdout,6213,2182.96,949.03,891.0811478092089,965.7448830431501,967.57996,538.9477,887.1339012576952,-3.9472466
depth_holdout,6214,2183.27,956.41,924.6958385206293,954.0986460242108,956.97565,556.06854,899.082164356811,-25.613674
depth_holdout,6215,2183.58,1037.63,971.4697360718266,941.8856717413837,933.5233,740.78064,919.7760333740727,-51.693703
depth_holdout,6216,2183.88,992.4,946.3947813823443,1052.0588858465806,1026.8948,579.53613,939.8887942149859,-6.505987
depth_holdout,6217,2184.2,1013.43,942.859896100302,994.2692883636855,1000.87445,668.70325,930.4083208210661,-12.451575
depth_holdout,6218,2184.5,985.57,937.8332827957659,1037.2462201593921,1012.8511,540.1826,934.2882326515703,-3.5450501
depth_holdout,6219,2184.81,997.71,937.8927363082363,980.8100650689959,976.44214,531.2331,914.3046091720058,-23.588127
depth_holdout,6220,2185.12,971.92,927.1283855953193,988.197408518816,979.4514,524.57764,913.0697737255073,-14.058612
depth_holdout,6221,2185.43,953.51,923.9143582575057,963.4814826151655,955.26465,560.33234,904.8361569635604,-19.078201
depth_holdout,6222,2185.74,950.61,916.7243070881639,961.1861021807925,944.61346,513.449,895.6389913838182,-21.085316
depth_holdout,6223,2186.04,959.03,917.7814177155215,946.7845190953549,932.8349,516.9299,886.3176535248476,-31.463764
depth_holdout,6224,2186.35,917.24,900.2097159541789,951.5403276993045,940.738,469.26227,874.7906333125774,-25.419083
depth_holdout,6225,2186.66,960.61,902.5479411495933,938.1771863570066,916.3309,486.9573,845.7040271176108,-56.843914
depth_holdout,6226,2186.97,967.44,881.1992900424581,951.5013260168774,897.7163,450.563,869.1780574374776,-12.021233
depth_holdout,6227,2187.28,950.34,909.8214322662444,950.1109453374391,931.40375,486.651,884.1227399444671,-25.698692
depth_holdout,6228,2187.58,941.93,915.6143670123953,953.5683617650486,947.19135,502.01874,891.3758454364676,-24.238522
depth_holdout,6229,2187.89,931.17,895.3257376579272,933.3401782811817,890.8539,410.12466,870.7651373771655,-24.5606
depth_holdout,6230,2188.2,913.59,912.2557982443112,921.697273694791,867.04913,418.07037,845.3020781515378,-66.95372
depth_holdout,6231,2188.5,885.73,897.4003137350951,924.4220567895078,862.2098,429.67126,822.6792901755248,-74.72102
depth_holdout,6232,2188.81,904.9,905.1569873098399,907.0494634612279,824.5553,423.50586,810.9153262380626,-94.24166
depth_holdout,6233,2189.12,914.35,862.7231911202666,920.0646729487579,853.79346,424.41623,809.6797073861358,-53.043484
depth_holdout,6234,2189.43,919.38,910.7548206701846,916.0536421311332,846.9268,416.21844,830.3792713537783,-80.37555
depth_holdout,6235,2189.73,898.83,870.4236951168567,922.8177017256986,882.46796,430.78156,819.447495013097,-50.9762
depth_holdout,6236,2190.05,901.45,871.9999040563812,920.2319165024347,863.00903,411.8129,811.7653497656097,-60.234554
depth_holdout,6237,2190.35,853.6,851.9610684721605,916.1525012701997,844.5196,385.84613,803.9506810515062,-48.010387
depth_holdout,6238,2190.66,906.76,852.5667103696337,852.9383903960231,802.34827,396.21115,759.2164067197314,-93.3503
depth_holdout,6239,2190.97,857.81,882.738728776028,910.781849550471,836.0072,414.05603,795.8541004801295,-86.88463
depth_holdout,6240,2191.28,869.94,871.6608923905168,850.1499464068951,796.8661,393.28107,768.1151160233293,-103.54578
depth_holdout,6241,2191.59,850.71,876.8324227085436,858.3067117943489,805.0326,442.2292,780.5538735142077,-96.27855
depth_holdout,6242,2191.9,829.19,854.0360476101414,851.5071518462269,786.9416,376.84793,754.2652727688328,-99.770775
depth_holdout,6243,2192.21,814.44,868.189261067271,831.5953054712509,789.9622,404.82626,765.2562929276226,-102.93297
depth_holdout,6244,2192.51,793.41,844.2935403870645,810.5366019292952,758.6198,388.2764,707.8282083558145,-136.46533
depth_holdout,6245,2192.82,786.31,796.3979617058717,800.644168253247,766.2659,389.44797,680.445630162903,-115.95233
depth_holdout,6246,2193.13,829.68,867.5469256727638,786.1921788967146,747.95636,410.72534,694.000828871006,-173.5461
depth_holdout,6247,2193.44,800.23,877.5493502785632,822.0525996254258,766.08563,420.21802,737.1806216408679,-140.36873
depth_holdout,6248,2193.75,803.13,888.7692727740762,803.5090459452122,761.53766,431.57324,719.8016061480996,-168.96767
depth_holdout,6249,2194.05,810.02,883.6626052597168,797.2208585185346,745.60034,426.839,699.6640243270996,-183.99858
depth_holdout,6250,2194.45,832.09,897.4283782239002,800.1591771061653,711.36084,408.17804,672.5975829358142,-224.8308
depth_holdout,6251,2194.98,997.15,983.3590859957808,775.8923898550574,717.0389,567.6953,702.4302835055464,-280.9288
depth_holdout,6252,2195.29,933.51,968.1584619025857,976.8402251924686,939.5447,356.45532,897.1771615485818,-70.9813
depth_holdout,6253,2195.6,938.27,980.4588303657587,946.0321739869524,943.98615,677.228,926.9971680732782,-53.461662
depth_holdout,6254,2195.9,882.56,949.9946710185309,967.8918695406269,932.7491,480.19037,880.2832833842535,-69.71139
depth_holdout,6255,2196.21,860.5,941.7628396183958,912.446565159127,869.1262,477.76172,820.9294274479856,-120.83341
depth_holdout,6256,2196.52,873.87,970.2532427977009,849.0592614632766,840.44916,618.46796,773.3729785154743,-196.88026
depth_holdout,6257,2196.83,866.77,927.1792818997106,868.2272412770848,818.8907,426.11896,787.2929141018591,-139.88637
depth_holdout,6258,2197.14,912.76,985.4379099784721,857.9053084482498,837.4133,609.65753,856.2989787040581,-129.13893
depth_holdout,6259,2197.45,808.16,978.5227901090736,919.0881034646105,883.98804,619.6998,855.4126903165932,-123.1101
depth_holdout,6260,2197.75,928.27,928.108559517658,854.5150939758852,806.18036,413.4853,761.4347008750799,-166.67386
depth_holdout,6261,2198.06,872.84,917.8064060247814,887.1855896515863,796.60754,398.80676,800.255044940797,-117.55136
depth_holdout,6262,2198.37,930.89,961.1935378952878,893.1831656853157,825.0191,392.39435,844.4448806687253,-116.74866
depth_holdout,6263,2198.68,930.14,933.9593595763806,927.0413532695491,881.58417,392.9344,851.9986967345837,-81.96066
depth_holdout,6264,2198.99,950.89,914.251028269219,929.9523315021734,856.2443,389.99362,845.8254453834768,-68.42558
depth_holdout,6265,2199.29,930.62,911.3150803329761,954.2611384102462,902.61505,385.0554,867.850766825896,-43.464314
depth_holdout,6266,2199.6,924.9,968.5430927222958,946.0936883758627,898.7512,404.11526,903.9530353492489,-64.59006
depth_holdout,6267,2199.91,954.06,999.6245657150596,928.9896757860532,905.4113,556.73535,916.8492513840049,-82.775314
depth_holdout,6268,2200.22,940.13,945.7116629165307,960.0893220434521,920.7596,407.84854,882.3821226638452,-63.32954
depth_holdout,6269,2200.52,885.94,936.1813262617293,937.5258128176608,886.50836,378.5144,850.8745177900496,-85.30681
depth_holdout,6270,2200.83,954.54,919.6433409821761,918.9140058108386,862.98193,395.4235,827.1166457307113,-92.526695
depth_holdout,6271,2201.14,933.31,953.483091791207,949.0676806765789,918.60834,444.246,867.4409241276328,-86.04217
depth_holdout,6272,2201.45,889.66,948.2952248233311,938.5842325125941,902.2404,393.0517,878.6257149356358,-69.66951
depth_holdout,6273,2201.76,885.73,890.1378041828121,921.4117312013838,862.1131,366.38986,816.4890233600582,-73.64878
depth_holdout,6274,2202.06,964.06,959.2411766541368,907.5494716608039,822.98413,366.41705,815.6234398377305,-143.61774
depth_holdout,6275,2202.37,886.49,953.9124396896746,951.1337846605294,921.3385,450.19205,866.0922034836199,-87.82024
depth_holdout,6276,2202.68,912.28,892.5872393480532,920.4680408800915,848.3384,365.785,830.4814844957583,-62.105755
depth_holdout,6277,2202.99,961.16,926.2771186647088,923.8509619851379,841.35834,392.59238,833.3119010743768,-92.96522
depth_holdout,6278,2203.29,935.1,982.2877577630711,956.9310905943113,939.7063,546.959,908.7341917840672,-73.553566
depth_holdout,6279,2203.6,972.2,899.2977702647853,958.7727342007511,905.01294,374.52908,867.5803439647365,-31.717426
depth_holdout,6280,2203.91,1014.53,866.9415703021584,946.2717431126813,894.468,360.20157,855.5303497516213,-11.411221
depth_holdout,6281,2204.22,961.16,891.1096160540561,1023.0690795656575,959.25336,377.7189,889.8329721817951,-1.2766439
depth_holdout,6282,2204.53,953.23,922.8594148693055,971.6705401751657,931.2133,378.54684,892.2754495677918,-30.583965
depth_holdout,6283,2204.84,960.06,920.5856346748338,953.1053795894288,910.1869,375.4137,885.9243378303514,-34.661297
depth_holdout,6284,2205.15,961.65,875.5943175183663,959.5109237136662,916.9513,369.7488,880.1178947316537,4.523577
depth_holdout,6285,2205.46,930.89,896.4793683666828,957.2154752496443,906.61414,384.19016,861.2763997692707,-35.20297
depth_holdout,6286,2205.76,932.0,882.7650230653379,941.2958935062172,900.54456,359.37198,853.8568008668516,-28.908222
depth_holdout,6287,2206.07,928.55,876.5469387487734,931.096618244706,860.0856,350.87637,828.2719334081972,-48.275005
depth_holdout,6288,2206.38,1000.6,848.299046512103,931.0562955277402,874.80005,367.26254,820.8598604159116,-27.439186
depth_holdout,6289,2206.69,1009.22,867.6077695846948,984.7798230776987,925.47,343.88766,855.3276268005761,-12.280143
depth_holdout,6290,2206.99,992.4,876.6342131637934,995.5751095144961,942.34076,350.28983,895.3361842178706,18.701971
depth_holdout,6291,2207.3,1021.36,875.9937423991275,987.8538400014887,933.0656,351.3018,889.832098417194,13.838356
depth_holdout,6292,2207.61,1050.8,911.5426726210703,1026.6064620419895,957.4715,349.18893,906.9434332717051,-4.5992393
depth_holdout,6293,2207.92,1038.18,903.629825154527,1044.4953563274303,978.3296,391.94656,917.8278336918195,14.198009
depth_holdout,6294,2208.23,1049.49,870.4015272236047,1044.5850901138397,996.6578,375.03568,900.6959570026575,30.29443
depth_holdout,6295,2208.53,993.98,919.4769079203892,1042.7627575512795,986.65,367.26587,918.2542343850422,-1.2226735
depth_holdout,6296,2208.84,973.78,896.7825254289037,995.1024214039817,963.0799,356.52927,902.0916289178258,5.3091035
depth_holdout,6297,2209.15,1031.35,959.7804255864746,965.5278241882471,965.47485,546.9103,927.9978099248535,-31.782616
depth_holdout,6298,2209.46,959.85,908.0918972418871,1042.8858983048128,987.27814,397.47318,916.1732475684252,8.08135
depth_holdout,6299,2209.77,907.8,918.1177124094198,972.1534821606779,932.3014,384.78964,891.9872383188437,-26.130474
depth_holdout,6300,2210.07,978.26,974.2249295938915,944.8056114451302,881.1365,481.14114,869.4875333536571,-104.7374
depth_holdout,6301,2210.38,1030.25,842.7467096822941,1002.5561359108408,915.0753,366.29153,868.8759211080753,26.129211
depth_holdout,6302,2210.69,923.03,872.8765579239359,1025.8224901421515,957.9838,349.4775,881.2903076187602,8.41375
depth_holdout,6303,2211.0,968.47,787.7852349911232,958.9234915460537,897.59467,372.80832,814.6872087154884,26.901974
depth_holdout,6304,2211.3,995.09,865.2367616397171,956.026237562089,881.2493,336.08896,847.264578412178,-17.972183
depth_holdout,6305,2211.61,951.92,876.1623742909702,988.6493346481957,931.7536,346.22983,870.1914546819004,-5.9709196
depth_holdout,6306,2211.92,957.72,962.5764060622354,966.5387126246524,959.3148,553.1219,924.9993034011026,-37.577103
depth_holdout,6307,2212.23,942.75,917.4269298810476,964.6305967101617,923.48376,406.3929,904.9010566968435,-12.525873
depth_holdout,6308,2212.54,965.09,909.975409448874,942.9588742784407,895.3177,392.30673,860.1133756048798,-49.862034
depth_holdout,6309,2212.84,900.14,843.7340882647231,986.2548249026347,907.5259,368.00882,863.6784280169204,19.94434
depth_holdout,6310,2213.15,915.93,820.5070792112,938.4511762357249,877.815,364.92862,804.1757193479187,-16.33136
depth_holdout,6311,2213.46,955.37,878.0392456522354,927.9208507256101,849.30945,380.21942,825.4150810709366,-52.624165
depth_holdout,6312,2213.77,970.06,835.0242344131581,956.5813844858465,900.06964,401.2136,830.8206320991627,-4.2036023
depth_holdout,6313,2214.07,989.29,853.8033945480595,961.1595954942038,898.24304,349.2314,844.517495385767,-9.285899
depth_holdout,6314,2214.38,955.37,869.4290634733225,979.0885708995453,921.1273,411.72116,864.1548182111765,-5.2742453
depth_holdout,6315,2214.69,964.06,924.2526611179135,960.5085631507558,911.41895,377.09814,899.0682510226986,-25.18441
depth_holdout,6316,2215.0,989.02,919.0669072185917,961.6211040095934,906.4939,403.98593,879.0711567913456,-39.99575
depth_holdout,6317,2215.31,964.82,905.0565690150502,981.1708570809036,918.22406,396.52115,898.7184685817006,-6.3381004
depth_holdout,6318,2215.61,1038.46,717.5771660351671,1045.1166349252778,949.92175,386.51755,920.3197807812609,202.74261
depth_holdout,6319,2215.92,984.81,831.024357019765,1030.5592396347222,960.03687,376.46616,878.4414598334857,47.417103
depth_holdout,6320,2216.23,982.47,890.2518171769126,982.7450855506526,937.4421,348.01688,893.1431416970237,2.8913245
depth_holdout,6321,2216.53,982.47,870.0509903048828,972.3079299750835,910.45953,345.06424,862.4804164981201,-7.570574
depth_holdout,6322,2216.84,961.16,902.8557113577697,974.6653131045659,921.5312,377.33026,888.0084814001891,-14.84723
depth_holdout,6323,2217.15,993.5,881.8814664083523,962.6337903121663,919.5886,394.58078,867.4098487096828,-14.471618
depth_holdout,6324,2217.46,929.1,916.9053762887439,985.1191685204466,942.82367,387.58347,892.0182379220447,-24.887138
depth_holdout,6325,2217.77,1020.05,806.1162244927523,963.7394446527516,908.6306,380.27664,833.04761716243,26.931393
depth_holdout,6326,2218.07,1011.36,826.5889900476353,1024.4362882030666,956.39307,349.23837,831.5032137185948,4.9142237
depth_holdout,6327,2218.38,962.2,930.0942230699695,1017.8631055928838,958.3583,381.03482,931.053251492802,0.9590284
depth_holdout,6328,2218.69,998.19,839.7974165561716,1003.1914143072499,919.7491,396.43762,883.4794233921091,43.682007
depth_holdout,6329,2219.0,1052.59,775.8541711228784,1016.399656035506,946.12445,380.92892,851.7294457810815,75.875275
depth_holdout,6330,2219.31,1059.97,706.6425748131429,1008.4614351779477,991.6483,367.3931,845.3735776207601,138.731
depth_holdout,6331,2219.61,935.38,889.02964314104,1031.5381011425295,996.5163,374.8374,924.1546927321044,35.12505
depth_holdout,6332,2219.92,1090.24,730.1499409022973,975.4469463368148,934.7666,383.32034,880.8243183437036,150.67438
depth_holdout,6333,2220.23,979.02,905.8201954091596,1045.9608708960059,961.6786,385.67734,880.8121807302045,-25.008015
depth_holdout,6334,2220.54,951.65,876.3987535972649,989.4767833862691,936.7171,368.35092,894.2676138420159,17.86886
depth_holdout,6335,2220.84,1014.74,911.9517426399688,957.1367036322516,916.1494,376.74432,889.9129395393828,-22.038803
depth_holdout,6336,2221.15,1038.66,953.2087481377398,1025.294685609496,978.8885,453.36194,903.1339686272418,-50.07478
depth_holdout,6337,2221.46,1119.4,894.6676206694025,1041.7975768260592,994.4567,384.3341,933.0435857878107,38.375965
depth_holdout,6338,2221.77,931.45,905.4505885971566,1073.6534269642084,1017.29126,398.0683,937.6215671432992,32.17098
depth_holdout,6339,2222.08,953.79,855.8533957430296,969.5341852086565,889.6606,392.42316,860.3922827669554,4.538887
depth_holdout,6340,2222.38,1027.63,819.3493428527837,953.9597202179482,892.8659,385.32837,830.2991586029058,10.949816
depth_holdout,6341,2222.69,1068.38,668.3654782131747,996.9610907219554,971.822,407.3161,825.7764736965731,157.411
depth_holdout,6342,2223.0,934.34,847.6790384326173,1035.4427620062897,988.9096,367.04694,885.1209062609864,37.441868
depth_holdout,6343,2223.31,937.24,826.2360976792517,969.4070753394083,897.1381,374.19144,814.4521926499548,-11.783905
depth_holdout,6344,2223.61,991.09,877.4947800113316,934.7440946977327,874.20624,345.88724,831.8990196658726,-45.59576
depth_holdout,6345,2223.92,935.38,874.2615173776592,981.5898665494773,927.3896,382.64627,872.2091706712688,-2.0523467
depth_holdout,6346,2224.23,1107.27,855.3552236346428,951.8268189790465,890.0788,363.74362,840.5230254916374,-14.832198
depth_holdout,6347,2224.54,926.96,932.6717401860163,1049.3497762235954,996.02734,386.25153,926.228681218426,-6.443059
depth_holdout,6348,2224.85,943.24,861.8087252869311,974.7767369687348,901.9653,416.71262,889.3175143494311,27.50879
depth_holdout,6349,2225.15,1067.62,716.221581192951,963.9752159173922,913.4818,384.88242,841.1180579385565,124.89648
depth_holdout,6350,2225.46,1040.25,681.5907704131969,1011.3033195986234,948.4403,359.00967,801.8387791412242,120.24801
depth_holdout,6351,2225.77,1087.62,876.6244911997509,1030.8445111071496,1007.55524,375.60434,946.8052925913524,70.1808
depth_holdout,6352,2226.07,995.09,821.7549489353194,1047.1787847757694,996.1147,372.26212,860.1165250156416,38.361576
depth_holdout,6353,2226.38,983.99,836.0130073925866,1003.3212813185006,948.99316,347.34952,869.3472206494225,33.334213
depth_holdout,6354,2226.69,941.17,897.6574161542907,973.7988269816956,905.2879,374.63235,892.900111009027,-4.757305
depth_holdout,6355,2227.0,1076.79,738.3875501101754,968.0702434041514,913.298,397.5519,902.7500684207223,164.36252
depth_holdout,6356,2227.31,946.68,937.575379657776,1047.9448450550685,1027.8276,448.3884,933.365361499817,-4.210018
depth_holdout,6357,2227.61,906.21,957.5517030027992,977.7719279408077,937.82666,589.82404,902.3363023069984,-55.2154
depth_holdout,6358,2227.92,999.78,995.1692559925247,937.5806668888671,892.33435,645.0692,887.6747644153762,-107.49449
depth_holdout,6359,2228.23,1071.28,902.4411609854274,1042.9584415019642,954.83295,369.27066,907.160371133285,4.71921
depth_holdout,6360,2228.54,1098.86,839.2876062723685,1035.1728601678376,992.5338,381.88168,869.8999986979056,30.612392
depth_holdout,6361,2228.85,1071.83,942.8957261310995,1070.6901001631013,1004.3631,340.76962,944.1144814955176,1.2187554
depth_holdout,6362,2229.16,892.56,941.5913220133343,1049.7748636342988,1008.8465,371.4639,940.7706132020512,-0.8207088
depth_holdout,6363,2229.47,915.66,966.2203198613304,948.5995519448699,872.7115,397.67935,863.1864758671898,-103.033844
depth_holdout,6364,2229.77,925.65,930.001546659649,938.6586324150593,862.48975,365.17673,837.5210626508599,-92.480484
depth_holdout,6365,2230.09,912.28,959.5078321220956,938.844103819557,873.6458,371.80923,851.9824491264901,-107.52538
depth_holdout,6366,2230.4,925.1,927.8196542338092,927.3297676850333,838.856,334.79163,826.7449777201373,-101.07468
depth_holdout,6367,2230.71,1093.34,974.6945066397144,939.0383294635199,870.1831,359.14175,878.6078138296558,-96.08669
depth_holdout,6368,2231.01,1129.68,1131.946955615016,984.4431450863493,962.74866,514.2068,887.0331219968518,-244.91383
depth_holdout,6369,2231.33,1101.27,1015.5234611927204,1071.1756959316356,1071.321,560.1205,984.2799385486775,-31.243523
depth_holdout,6370,2231.63,904.35,1033.513546904005,1077.611056640127,1067.8779,573.4344,984.3735627731455,-49.139984
depth_holdout,6371,2231.94,989.5,942.6940320081421,971.1282355744139,890.38873,419.35638,890.3460820264527,-52.34795
depth_holdout,6372,2232.25,918.0,992.4836157256594,983.222844776042,905.9672,431.33624,926.5403021270266,-65.94331
depth_holdout,6373,2232.56,943.51,977.0537918532972,948.1960689411939,878.50635,416.92535,886.8543442214612,-90.19945
depth_holdout,6374,2232.86,1132.3,907.1926636180334,939.5082060123688,890.41376,443.96692,863.9282402476721,-43.264423
depth_holdout,6375,2233.17,889.66,1015.4453367188513,1012.6818741126011,1068.6299,794.47766,982.1972783997595,-33.24806
depth_holdout,6376,2233.49,862.29,1125.4344425668412,953.2828674613937,905.35956,786.019,928.1480961312943,-197.28635
depth_holdout,6377,2233.82,934.62,974.2340768244846,885.9327802296268,872.51776,511.98495,841.244422283469,-132.98965
depth_holdout,6378,2234.14,862.01,1023.3334964452183,926.6496380755065,903.2116,666.2543,890.4773257909214,-132.85617
depth_holdout,6379,2234.44,952.2,986.348570740845,843.678639105587,869.81915,863.2831,838.5191792613529,-147.82939
depth_holdout,6380,2234.75,1059.49,959.2059545692307,965.2230015230625,950.10004,747.635,919.0369482215744,-40.169006
depth_holdout,6381,2235.06,886.21,791.5751556198331,1064.0926349019385,987.42706,432.98523,896.8935378830167,105.31838
depth_holdout,6382,2235.37,958.27,1022.318386812531,935.5325707963559,1006.68616,847.30597,931.3651855185857,-90.9532
depth_holdout,6383,2235.68,873.11,891.6289973474115,1062.009336976365,952.86804,385.12167,906.0526795602411,14.423682
depth_holdout,6384,2235.99,922.0,907.240861973972,898.5090103989089,795.7406,308.0795,805.0641499378391,-102.17671
depth_holdout,6385,2236.29,863.87,891.554744290672,919.4738454342059,852.36285,348.30685,834.5045466893537,-57.050198
depth_holdout,6386,2236.6,924.9,915.9628598011922,871.6010167015303,816.87384,353.09146,807.8828579701375,-108.08
depth_holdout,6387,2236.91,855.46,896.4971039709382,917.2985845156497,838.054,386.1118,826.5477555212311,-69.94935
depth_holdout,6388,2237.22,919.38,1005.3752985492798,882.9407810384577,818.6017,476.064,787.9538507953736,-217.42145
depth_holdout,6389,2237.53,1036.59,993.9517430750064,923.7456011973783,866.4188,418.2354,857.9859990564518,-135.96574
depth_holdout,6390,2237.83,1023.42,931.4009373337403,1041.0976295883918,928.084,408.56607,871.607819810547,-59.793118
depth_holdout,6391,2238.14,867.05,981.0889835642915,1027.0139957798774,973.5913,506.0749,948.9391498850923,-32.149834
depth_holdout,6392,2238.45,980.88,894.6287637920442,900.4694908268133,838.6474,382.64996,820.065241453177,-74.56352
depth_holdout,6393,2238.76,907.24,907.1423652805307,969.7312063654288,856.82874,344.09375,832.6996162570932,-74.44275
depth_holdout,6394,2239.06,950.34,903.8914932281998,945.5779884807655,878.28973,409.09863,830.3996337921647,-73.49186
depth_holdout,6395,2239.37,903.59,881.2408083779765,951.7697873223624,897.152,385.5512,855.6570109231425,-25.583797
depth_holdout,6396,2239.68,979.78,887.0811349104447,946.0449605990714,869.15894,369.73657,834.4284287642045,-52.652706
depth_holdout,6397,2239.99,927.24,882.8567734421185,967.5819390960288,906.9635,368.56354,860.4093552292279,-22.447418
depth_holdout,6398,2240.3,907.24,896.7459569962034,949.2033850354204,875.4934,340.2893,854.5558439285765,-42.190113
depth_holdout,6399,2240.6,1000.33,900.1646832541185,933.6701870450403,861.96265,359.77826,822.9548672751146,-77.209816
depth_holdout,6400,2240.91,1087.07,895.7496779259476,977.4828416104881,910.2331,390.4118,859.3911383446488,-36.35854
depth_holdout,6401,2241.22,961.92,873.5855741387218,1059.8646079000498,993.26196,365.2447,885.581521022877,11.995947
depth_holdout,6402,2241.53,990.6,877.555064018112,987.1105242264103,919.57764,354.2697,862.0713480070647,-15.483716
depth_holdout,6403,2241.83,988.47,880.398814342785,984.4938756472578,935.44257,383.24323,860.9718581660272,-19.426956
depth_holdout,6404,2242.14,1020.32,897.3979171588514,978.8896474445497,923.29376,411.25226,864.7327064349745,-32.66521
depth_holdout,6405,2242.45,969.02,858.8771514349853,1030.1590202805587,968.01117,411.3286,877.6874694281494,18.810318
depth_holdout,6406,2242.76,1005.29,866.1500094143662,974.6155122731005,937.69006,376.93127,871.5281369892868,5.3781276
depth_holdout,6407,2243.07,957.44,810.8179905570996,990.9126881959239,909.7743,331.7273,830.6591427482617,19.841152
depth_holdout,6408,2243.37,916.21,863.4248019999698,964.5908571009306,909.0705,363.6642,872.230436498566,8.8056345
depth_holdout,6409,2243.68,1017.91,796.9115167464645,944.8900576565159,884.5326,399.61444,796.0344662870796,-0.87705046
depth_holdout,6410,2243.99,916.21,939.2941861750857,1024.0894509228324,931.79443,307.43365,891.222786486365,-48.0714
depth_holdout,6411,2244.29,897.8,886.567386418467,959.4988927214583,874.4434,373.91455,836.8589322863869,-49.708454
depth_holdout,6412,2244.6,944.82,889.1366647945633,928.0099438134005,861.8773,367.36755,818.5222238765946,-70.61444
depth_holdout,6413,2244.91,967.99,902.083376522282,937.9440470126848,860.3214,312.65985,853.8878999902996,-48.195477
depth_holdout,6414,2245.22,934.34,928.7782978106732,961.8107071177658,878.02686,310.31183,880.8353160907025,-47.94298
depth_holdout,6415,2245.53,939.03,863.7510357788482,946.8579105324118,875.1789,334.85156,840.0478306702056,-23.703205
depth_holdout,6416,2245.83,908.83,897.0062790284378,932.1879873360405,855.40936,335.2154,835.5089149842483,-61.497364
depth_holdout,6417,2246.14,1012.94,789.6016066076572,953.4742326130632,896.7309,370.45364,824.909479379874,35.307873
depth_holdout,6418,2246.45,961.92,918.4398763658346,1022.3938488433366,936.67816,343.24997,902.6226451875509,-15.817231
depth_holdout,6419,2246.76,927.24,880.6024176033828,971.8055063085466,932.7156,377.9364,881.6223066004608,1.019889
depth_holdout,6420,2247.06,907.8,905.5688226884669,940.6495598292556,865.9924,309.33295,857.6606157487696,-47.908207
depth_holdout,6421,2247.37,940.62,946.7733290640463,932.3966679109402,848.9139,366.84247,826.9967940298666,-119.776535
depth_holdout,6422,2247.68,977.44,929.4428384389125,932.7308995081333,876.7974,329.96582,872.3257234181606,-57.117115
depth_holdout,6423,2247.99,914.35,906.5288622365172,964.2087120101645,897.52167,327.0935,873.4259378895933,-33.102924
depth_holdout,6424,2248.3,927.79,905.7059205517454,964.793137150778,869.256,323.42212,843.9050057873411,-61.800915
depth_holdout,6425,2248.6,877.53,884.6504904029109,938.8882048173263,849.0403,324.30237,833.8119322058894,-50.83856
depth_holdout,6426,2248.91,908.55,934.1548917362794,915.7009484579928,817.7465,306.87393,807.3145978520021,-126.840294
depth_holdout,6427,2249.22,945.93,865.7101735673489,928.4406379557573,834.21094,363.33392,802.4331540666165,-63.27702
depth_holdout,6428,2249.53,958.27,936.3422081338084,943.2188097960209,857.2622,309.95636,869.0502998696483,-67.29191
depth_holdout,6429,2249.84,899.87,908.7330709176088,955.0426561791052,872.2264,299.79416,862.0766645150209,-46.656406
depth_holdout,6430,2250.14,921.72,950.4325223914801,937.427975517186,861.70734,498.7544,844.0427518836676,-106.38977
depth_holdout,6431,2250.45,907.52,853.0807300009336,954.368601434424,873.0665,321.95178,836.6774287619199,-16.403301
depth_holdout,6432,2250.76,922.0,883.483768465336,925.8588233475257,824.5974,305.26297,791.1665382407266,-92.31723
depth_holdout,6433,2251.06,950.89,849.503479605097,934.5659451256446,870.0524,329.47607,815.449322348017,-34.054157
depth_holdout,6434,2251.37,947.99,910.7554988049119,953.6488081070928,900.4146,474.5827,881.4054736279099,-29.350025
depth_holdout,6435,2251.68,903.31,885.7378987325851,954.9293616879331,913.8368,335.02356,864.5954655660812,-21.142433
depth_holdout,6436,2251.99,945.37,808.5565784031967,943.7514344615064,858.386,348.23706,785.2358882481674,-23.32069
depth_holdout,6437,2252.3,996.4,934.3985519787277,936.2167318215462,884.1897,394.917,883.813121833464,-50.58543
depth_holdout,6438,2252.6,970.06,872.9623755535517,986.572716099304,939.8981,347.54382,877.0362648090754,4.0738893
depth_holdout,6439,2252.91,939.86,900.7865286406575,966.2515547460715,902.849,305.4322,873.7850943144856,-27.001434
depth_holdout,6440,2253.22,968.75,862.3679400318284,948.0198331394074,885.31335,338.31396,848.7030678623338,-13.664872
depth_holdout,6441,2253.52,925.93,884.467458258744,959.643456002994,877.10284,329.8506,857.5091872321327,-26.958271
depth_holdout,6442,2253.83,916.48,902.1686765940896,944.7845269971187,873.6735,482.72046,851.293611744236,-50.875065
depth_holdout,6443,2254.14,933.51,794.2276367139206,951.6148017291581,861.89624,357.09528,792.2098874043808,-2.0177493
depth_holdout,6444,2254.45,970.61,807.3205871174595,932.961409468994,860.0133,385.45172,774.0184516499302,-33.302135
depth_holdout,6445,2254.75,901.18,884.980364949554,955.1175313613556,886.9218,375.39587,875.5289928029475,-9.451372
depth_holdout,6446,2255.06,960.06,849.7549128029466,942.454769137835,869.22296,359.16803,829.8367571327806,-19.918156
depth_holdout,6447,2255.37,965.64,848.5200680063532,953.9782961489021,865.92957,324.08197,834.3128374384211,-14.207231
depth_holdout,6448,2255.68,928.0,828.9993261226648,960.0022886336632,898.1608,350.70493,834.5035680660242,5.504242
depth_holdout,6449,2255.99,977.16,856.3657582604218,942.4987207664842,864.2284,328.74323,842.7321208321381,-13.633637
depth_holdout,6450,2256.29,924.34,920.3278987277374,959.3253691713946,897.19086,360.28973,878.278776871048,-42.04912
depth_holdout,6451,2256.6,969.57,919.2074540941333,949.6094124978249,880.52106,327.84375,875.8708490221118,-43.336605
depth_holdout,6452,2256.91,958.75,949.1291921882068,959.13146526151,899.6986,426.87003,873.9808309821522,-75.14836
depth_holdout,6453,2257.22,909.11,879.357053478041,995.1464691532519,919.8238,370.62427,877.31050081996,-2.0465527
depth_holdout,6454,2257.53,1023.98,836.2384794615602,944.6368648284936,849.3227,342.0567,803.42171081532,-32.81677
depth_holdout,6455,2257.83,899.11,886.1322753639092,1030.21838561554,902.5644,345.50635,846.8398826331963,-39.292393
depth_holdout,6456,2258.14,920.41,870.5401926575536,946.386317214772,866.08124,340.63,830.0754137574071,-40.46478
depth_holdout,6457,2258.45,914.9,912.7665290126098,930.0449551934623,835.2001,304.35834,841.4767112025512,-71.28982
depth_holdout,6458,2258.76,880.15,899.4426404792085,931.8904540313719,842.7028,326.02753,820.883306677939,-78.55933
depth_holdout,6459,2259.06,935.65,896.2663070573989,916.3643621916434,837.21704,337.89917,815.0332443132583,-81.23306
depth_holdout,6460,2259.37,923.59,980.4336200370241,922.4020819970762,874.228,523.22186,909.0847736014772,-71.34885
depth_holdout,6461,2259.68,888.08,892.4843244557696,958.0057288708055,873.1497,332.8557,856.8310689931232,-35.653255
depth_holdout,6462,2259.99,873.32,872.793987994203,918.9628034124249,822.7659,295.15387,790.9508254575819,-81.84316
depth_holdout,6463,2260.3,869.94,849.1409181791211,872.0720171985578,780.61884,321.5338,764.2802004056836,-84.86072
depth_holdout,6464,2260.6,833.4,884.469943297625,857.7370058526559,780.16064,272.01205,770.9550125725274,-113.51493
depth_holdout,6465,2260.91,880.7,871.1016824944979,838.9076583044671,773.3436,290.82446,745.0703943475253,-126.03129
depth_holdout,6466,2261.22,895.66,852.5011921601968,882.6831164097887,809.41504,326.25027,772.3863239961343,-80.11487
depth_holdout,6467,2261.53,894.9,809.5801702193786,927.7532558165406,832.5486,333.2663,763.1807141952087,-46.399456
depth_holdout,6468,2261.83,898.83,886.3854536475374,925.0076454135752,830.90326,297.54083,795.9373869361116,-90.44807
depth_holdout,6469,2262.14,1038.66,837.9890241271062,927.4096464274928,831.59625,313.55417,782.382060015778,-55.606964
depth_holdout,6470,2262.45,876.77,921.1317239741263,1045.4124870475666,917.36755,306.9275,882.1058870295462,-39.025837
depth_holdout,6471,2262.76,924.9,840.0711051654805,924.1523876528599,838.0146,332.2862,782.8176833820332,-57.25342
depth_holdout,6472,2263.07,988.47,857.5496872856165,919.3478153418839,853.8312,346.7483,814.3167504264857,-43.232937
depth_holdout,6473,2263.37,916.48,850.2410122953529,975.812670432216,895.58923,313.70465,835.2382571302528,-15.002755
depth_holdout,6474,2263.68,910.97,952.6755720087649,947.971403377886,870.40796,490.16962,871.7761045405032,-80.89947
depth_holdout,6475,2263.99,913.31,836.5239708391226,952.0890296014314,868.4509,346.14734,819.8322136369742,-16.691757
depth_holdout,6476,2264.29,890.42,912.7299753920173,928.0019296005364,830.2029,303.33905,823.5022532240486,-89.22772
depth_holdout,6477,2264.6,925.38,878.1235235326517,923.7921703519233,826.9158,314.90665,806.4313009374368,-71.69222
depth_holdout,6478,2264.91,909.86,924.5379452172999,928.7224716105812,836.5854,316.49738,838.6253704492335,-85.912575
depth_holdout,6479,2265.22,1006.12,876.6525035941006,931.644602238286,845.03064,334.85156,812.2930141531826,-64.35949
depth_holdout,6480,2265.53,879.39,869.059444684772,991.1796775187253,910.598,328.38556,857.7958586404604,-11.263586
depth_holdout,6481,2265.84,939.31,862.8377469596953,928.176961277078,817.08466,321.4552,804.1625340995879,-58.675213
depth_holdout,6482,2266.14,907.52,880.2350229136501,919.361520707208,848.53784,326.2049,828.964053522781,-51.27097
depth_holdout,6483,2266.45,929.58,830.1126769335228,943.2335442762948,867.3779,339.4422,809.8219283373314,-20.290749
depth_holdout,6484,2266.76,971.92,883.5372867626054,929.2515614210411,836.7842,306.52417,826.0209560436112,-57.51633
depth_holdout,6485,2267.06,901.45,833.4757872858381,957.7092068484257,884.35284,353.78717,834.5517520943022,1.0759648
depth_holdout,6486,2267.37,851.53,843.2571933360657,940.4894660989521,852.2987,327.26672,811.4963176341614,-31.760876
depth_holdout,6487,2267.68,897.52,843.5624138898122,855.5888368944154,787.7766,331.99222,754.5404870099294,-89.02193
depth_holdout,6488,2267.85,897.52,1025.0634621963432,867.4531339339006,808.1201,673.32184,813.2425698623588,-211.82089
depth_holdout,6489,2267.99,942.75,1006.0823991746082,898.3426044124345,874.20233,955.60156,848.2163255662098,-157.86607
depth_holdout,6490,2268.3,957.23,990.3760839182545,929.3980991008234,903.2182,1027.8202,911.4221654612232,-78.95392
depth_holdout,6491,2268.6,1081.0,992.0188001971037,963.6548693280262,918.6888,931.423,886.8042387347014,-105.21456
depth_holdout,6492,2268.91,1100.72,991.6058448499588,1057.222118458938,981.5881,1078.344,927.1332801526931,-64.472565
depth_holdout,6493,2269.22,1144.64,988.4394858487539,1077.824007845168,1033.2311,1080.0525,991.8839364655904,3.4444506
depth_holdout,6494,2269.53,1102.86,990.8981709294437,1115.8116809998776,1062.214,1075.6027,1003.139608841431,12.241438
depth_holdout,6495,2269.84,1113.89,985.423377191097,1086.3047016984672,1032.0709,1056.7692,995.1083966842,9.6850195
depth_holdout,6496,2270.14,1091.27,986.5968073232392,1104.3667919173404,1053.8844,1127.1927,1009.2485292775849,22.651722
depth_holdout,6497,2270.45,1120.16,989.3604516751386,1085.6780464536007,1034.8018,1079.2496,997.5880565411665,8.227605
depth_holdout,6498,2270.76,1219.79,990.1983231245725,1111.1589374817677,1067.3245,1108.4785,1024.0683983504027,33.870075
depth_holdout,6499,2271.07,1117.82,994.8205201915158,1182.069700873671,1121.9152,1071.1089,1108.8919160655391,114.071396
depth_holdout,6500,2271.38,1207.45,989.3154795411428,1129.4355210026183,1053.4485,1019.2883,1088.933170581182,99.61769
depth_holdout,6501,2271.68,1183.53,988.6690785332473,1200.8979044738996,1136.8853,1009.04504,1128.5833851738723,139.9143
depth_holdout,6502,2271.99,1206.69,977.4224491798918,1195.567538422045,1127.8896,1000.5076,1134.4239903175871,157.00154
depth_holdout,6503,2272.3,1252.68,979.6441170326281,1214.0273049831812,1149.9431,1046.054,1142.9972206703233,163.3531
depth_holdout,6504,2272.61,1142.29,967.8675304570029,1232.3466333171402,1196.3572,1000.96,1158.2897106327841,190.42218
depth_holdout,6505,2272.92,1251.1,980.1361023937404,1123.8181139867343,1100.9592,1136.4218,1113.1512238537014,133.01512
depth_holdout,6506,2273.22,1204.28,976.0640425720424,1208.2651660860556,1180.1708,1129.9622,1112.191880706808,136.12784
depth_holdout,6507,2273.53,1112.58,975.5836435730747,1175.6290885932735,1144.4657,1094.4751,1090.586863177567,115.00322
depth_holdout,6508,2273.84,1131.47,1002.1722374383974,1009.5841984832351,938.55743,522.0261,1009.1464500848817,6.9742126
depth_holdout,6509,2274.15,1020.53,1069.5848514332633,1077.1331927373453,1118.8536,473.77274,1027.274544884191,-42.310307
depth_holdout,6510,2274.46,1042.87,1067.9425898042143,1031.5263912192772,1007.5034,623.7396,956.3649454560698,-111.577644
depth_holdout,6511,2274.76,1070.79,942.8187469624822,1050.6452605220566,1038.9375,631.5845,922.2716659688299,-20.547081
depth_holdout,6512,2275.07,1047.9,952.7114171236855,1052.2675114876508,1028.996,599.3466,917.6900662630898,-35.02135
depth_holdout,6513,2275.38,1018.74,945.3172127634698,1049.1361110445785,1021.7297,639.5176,933.8701712519342,-11.4470415
depth_holdout,6514,2275.69,989.02,917.972401903975,1036.3294938462022,1015.8434,472.88818,947.6710522640824,29.69865
depth_holdout,6515,2276.0,1005.29,933.6769352443938,981.8844839481128,983.97144,550.02594,912.6649113186126,-21.012024
depth_holdout,6516,2276.3,1023.15,925.3738445382576,999.4170317986869,999.6642,488.24933,937.6255468469124,12.251702
depth_holdout,6517,2276.61,980.06,914.2580964515167,1034.5817609586388,991.0347,502.46738,925.2145841071564,10.956488
depth_holdout,6518,2276.92,991.36,929.9674719807855,971.2414192748712,976.8957,498.257,922.6390332219354,-7.3284388
depth_holdout,6519,2277.22,1023.15,922.018465179441,990.8265121069611,983.1105,506.57272,924.167505401609,2.1490402
depth_holdout,6520,2277.53,1053.14,912.2799452361082,1034.5712526440636,965.15784,424.41574,933.7582052763914,21.47826
depth_holdout,6521,2277.84,1062.38,901.3968501397812,1049.8114282052989,1003.0951,405.04514,924.7118716546738,23.315022
depth_holdout,6522,2278.15,1073.41,905.5919264268102,1046.4790453284427,984.9563,407.84384,922.2298658799352,16.63794
depth_holdout,6523,2278.45,1075.48,922.8356689088181,1061.309237131368,1009.9246,405.99405,942.5405791871384,19.70491
depth_holdout,6524,2278.76,1055.0,947.9835690844011,1049.2472079680097,1039.9299,460.0931,947.1289318788004,-0.8546372
depth_holdout,6525,2279.07,1180.15,958.7827936786216,1047.5590978478806,1047.768,560.87714,945.5808064120811,-13.201987
depth_holdout,6526,2279.38,1088.1,874.0439969140402,1113.9439491562493,1033.864,415.31372,948.2326870995871,74.18869
depth_holdout,6527,2279.69,1073.14,805.8458779862491,1064.6897463141868,996.87665,389.8749,871.1822427323428,65.336365
depth_holdout,6528,2280.0,1051.28,902.503413396174,1046.0175419496823,1011.9675,423.63562,948.8036949208322,46.30028
depth_holdout,6529,2280.3,1123.89,908.341300828502,1048.1715790725405,1016.53326,407.85898,942.455070359752,34.11377
depth_holdout,6530,2280.61,1155.4,908.8913217404051,1073.675531094493,1026.3088,381.51025,942.3217988827391,33.430477
depth_holdout,6531,2280.92,1095.48,897.473932638191,1108.9105854275779,1076.8627,422.12003,990.2025169277417,92.728584
depth_holdout,6532,2281.23,1142.29,931.295181947779,1080.896746671466,1065.1989,596.86755,962.1736685810798,30.878487
depth_holdout,6533,2281.54,1067.07,814.0552663234604,1070.6754993799595,1019.4242,380.3038,904.010008755101,89.95474
depth_holdout,6534,2281.84,1076.79,873.5505005972213,1054.2032270217796,1003.96063,426.19055,937.5497681753463,63.999268
depth_holdout,6535,2282.15,1069.69,896.9949227488776,1056.1801418227963,1000.5293,411.41943,932.8318253672858,35.836903
depth_holdout,6536,2282.46,1077.83,873.346753413596,1052.587724304301,986.89905,442.57977,923.4970028947972,50.15025
depth_holdout,6537,2282.77,1080.72,873.0973155870677,1063.963308649009,1011.74774,380.29926,914.0180728807688,40.920757
depth_holdout,6538,2283.08,1091.55,944.4410483932038,1061.6345716902915,1009.6078,389.99835,943.8153123354455,-0.62573606
depth_holdout,6539,2283.38,1086.79,953.0210363249765,1074.5624110397544,1020.432,384.72577,964.2603656630503,11.239329
depth_holdout,6540,2283.69,1045.01,929.0510768084682,1066.0174769900245,992.92633,389.3694,941.4163512377895,12.365274
depth_holdout,6541,2284.0,1066.31,923.9751933644394,1049.590697312703,1005.0298,396.90152,946.8522304127792,22.877037
depth_holdout,6542,2284.31,1031.56,876.9469763970211,1052.5138402258583,1000.1082,429.01685,920.3779799675777,43.431004
depth_holdout,6543,2284.61,1094.93,856.6112366784366,1034.7472159733688,1006.08374,382.7525,912.9044533837589,56.293217
depth_holdout,6544,2284.92,1097.82,844.8175123700265,1069.7553618296906,992.56323,411.17868,885.4413641461496,40.62385
depth_holdout,6545,2285.23,1119.68,856.3243678160622,1070.9722087286639,1001.65326,402.05746,910.1751978941872,53.85083
depth_holdout,6546,2285.54,1099.68,850.0544673637673,1074.0275467446454,1024.771,417.9262,904.8870898918435,54.832623
depth_holdout,6547,2285.85,1095.2,856.4328158535629,1075.2373438010445,1035.8936,418.57205,931.0873950161606,74.65458
depth_holdout,6548,2286.15,1083.62,899.6967397379691,1069.4730029008429,1019.14264,428.7539,937.3252683329398,37.62853
depth_holdout,6549,2286.46,1058.38,912.9897722226806,1063.2124176966938,1034.0791,474.61212,939.5492509824462,26.559479
depth_holdout,6550,2286.77,1068.93,915.2905342203719,1054.231768680263,1050.7261,503.74185,953.6705276590926,38.379993
depth_holdout,6551,2287.08,1099.41,884.1298987944755,1055.885920169409,1003.91425,441.0292,916.6547668059501,32.524868
depth_holdout,6552,2287.38,1110.72,863.6547752660911,1071.6742633441563,1028.8864,446.07297,914.2541214269797,50.599346
depth_holdout,6553,2287.69,1108.65,856.8183723147072,1071.0566644603427,1029.0809,413.63516,901.8543105776466,45.03594
depth_holdout,6554,2288.0,1069.69,884.2235883847949,1079.4983481770937,1029.7684,427.4142,931.1927923337695,46.969204
depth_holdout,6555,2288.31,1076.79,892.7891096092878,1059.9995628614522,1021.1817,413.48407,952.7681097008406,59.979
depth_holdout,6556,2288.62,1065.48,910.0674644475127,1061.2325096276722,1003.83716,423.53955,923.8428894047881,13.775425
depth_holdout,6557,2288.92,1089.96,886.7224653736884,1054.4919169694213,1004.50946,442.95514,937.6690481678778,50.946583
depth_holdout,6558,2289.23,1196.42,796.2079401148651,1058.465930885842,1008.78735,419.6914,852.2827959193085,56.074856
depth_holdout,6559,2289.54,1076.31,859.3896566192026,1117.2085373544337,1048.1385,401.8795,916.3336759368295,56.94402
depth_holdout,6560,2289.85,1108.85,837.6088067438126,1052.6853816838154,1014.4634,383.4798,884.0128327753067,46.404026
depth_holdout,6561,2290.16,1077.62,916.1918335084761,1068.5125642500964,1012.84357,351.23758,936.8132667665327,20.621433
depth_holdout,6562,2290.47,1165.67,881.3162659269219,1061.87281390779,997.92944,393.91797,906.0252045255547,24.708939
depth_holdout,6563,2290.78,1088.38,914.8744167252207,1122.0202495681542,1072.4077,436.8744,971.3686679764414,56.49425
depth_holdout,6564,2291.09,1075.0,919.9179567380708,1069.0646532421865,1055.8098,501.74408,958.1221460386079,38.20419
depth_holdout,6565,2291.39,1066.04,898.9575688255941,1060.9029566799998,1005.42395,445.45728,928.781097115389,29.823528
depth_holdout,6566,2291.7,1072.1,902.7552114514938,1052.193462080902,1007.3022,431.98486,925.2768331555953,22.521622
depth_holdout,6567,2292.01,1128.85,944.644759998217,1048.1612476733562,1048.3287,653.04803,957.8511303519157,13.20637
depth_holdout,6568,2292.32,1020.05,896.7217696159997,1073.6969393699765,1054.0624,432.3439,966.1371825188318,69.41541
depth_holdout,6569,2292.62,1110.16,795.0062872613038,1043.8332345895462,1004.11383,423.5384,863.8448111260499,68.838524
depth_holdout,6570,2292.93,1039.21,871.228734046215,1078.0369336234792,1017.35583,417.15936,916.1196947395744,44.89096
depth_holdout,6571,2293.24,1055.76,854.1680788172371,1052.5200647530512,1003.898,412.27655,910.1634287012703,55.99535
depth_holdout,6572,2293.55,1119.13,807.1920827874537,1043.6966501543857,996.8674,410.00928,855.8918012627955,48.69972
depth_holdout,6573,2293.85,1054.73,887.3027101717646,1074.9051153481223,1022.6057,423.12897,933.8693338595087,46.566624
depth_holdout,6574,2294.16,1052.59,861.8131014276403,1057.835550353015,1019.1406,424.79404,928.3526598382848,66.53956
depth_holdout,6575,2294.47,1114.37,789.0960013882948,1035.2245649362421,1002.3051,428.99054,861.9555289761854,72.85953
depth_holdout,6576,2294.78,1024.53,898.7082335952264,1081.0424187402393,1031.7151,426.71582,941.8726584914666,43.164425
depth_holdout,6577,2295.09,1024.53,921.9557278306672,1041.3802950717059,1021.2531,490.94858,955.1160214097688,33.160294
depth_holdout,6578,2295.4,1022.11,881.1729657209289,1030.7041687560238,981.14844,449.96072,902.2854306257141,21.112465
depth_holdout,6579,2295.71,1049.76,856.6407113326038,1031.804924512565,970.4964,408.23517,890.7693887007679,34.128677
depth_holdout,6580,2296.01,1040.52,876.2109353646651,1049.0281526437739,988.1892,427.80255,914.4362809762374,38.225346
depth_holdout,6581,2296.32,1059.97,871.2932418497983,1047.7907449647687,989.05054,432.3965,915.7477439555112,44.454502
depth_holdout,6582,2296.63,999.78,899.9290595891301,1047.6728982212642,1000.8985,469.14365,912.6017585637395,12.672699
depth_holdout,6583,2296.94,1025.01,860.0621369362636,990.4973748413165,990.1618,471.04233,906.5370858193203,46.47495
contiguous_block_holdout,2633,993.4,995.29,1034.7803294688804,997.003572078316,995.3943,926.0723,994.9864032298667,-39.793926
contiguous_block_holdout,2634,993.71,1036.87,1024.473280402438,998.5611679554994,996.47046,912.7672,989.9241127693813,-34.549168
contiguous_block_holdout,2635,994.01,1075.21,1024.9718511669862,1062.7334147339607,1047.1294,940.63214,1025.948201951288,0.9763508
contiguous_block_holdout,2636,994.32,1039.49,1031.4991846911503,1087.4016945885387,1063.3702,856.00726,1051.651883207996,20.152699
contiguous_block_holdout,2637,994.63,1044.73,1076.0134794299572,1038.7834032579312,1046.7816,953.35077,1013.9441015307873,-62.069378
contiguous_block_holdout,2638,994.93,1094.65,1108.2899354526076,1064.2710691529917,1047.3848,865.04974,1009.8011201449904,-98.488815
contiguous_block_holdout,2639,995.24,1053.97,1174.4490481802127,1090.550893847483,1066.5651,923.611,1007.9126712270877,-166.53638
contiguous_block_holdout,2640,995.54,1006.12,1179.9002545501312,1042.0760338127602,1056.5479,953.2369,1007.7662671233734,-172.13399
contiguous_block_holdout,2641,995.85,1067.35,1117.54023901939,1055.8941158972825,1050.2406,850.3444,991.2690369319876,-126.2712
contiguous_block_holdout,2642,996.15,1060.8,1162.7245027315257,1039.7627427641628,1044.6038,956.07336,1009.8397828828929,-152.88472
contiguous_block_holdout,2643,996.46,1016.6,1114.6272891220347,1055.10644753164,1066.8088,976.18896,1024.8174136337534,-89.809875
contiguous_block_holdout,2644,996.77,1097.34,1133.2493538943156,1023.8858987823284,1034.9237,958.32446,999.7498269167766,-133.49953
contiguous_block_holdout,2645,997.07,1064.73,1149.845776964637,1094.0787200572397,1087.2919,973.6637,1023.7901281609261,-126.05565
contiguous_block_holdout,2646,997.38,1031.56,1077.8635170122432,1055.5476228990137,1053.1499,969.50977,1021.502013411169,-56.361504
contiguous_block_holdout,2647,997.68,1089.13,1042.0637794224547,1041.791377490544,1051.4901,964.47144,1026.5787339894102,-15.485045
contiguous_block_holdout,2648,997.99,1069.21,1075.1450094713725,1042.6229358406174,1049.6023,952.3826,1017.188287211851,-57.956722
contiguous_block_holdout,2649,998.29,1145.12,1072.336116516864,1070.7644531100232,1070.5929,963.592,1040.9410874488708,-31.39503
contiguous_block_holdout,2650,998.6,1133.88,1071.9963343375448,1123.665815197233,1132.8568,978.36835,1099.4031889670614,27.406855
contiguous_block_holdout,2651,998.91,1148.02,1073.690809338298,1118.3050746350318,1112.8251,965.2243,1068.9224029471543,-4.7684064
contiguous_block_holdout,2652,999.21,1195.87,1085.7756408662153,1141.2948546472117,1152.3479,970.214,1105.5223411530806,19.7467
contiguous_block_holdout,2653,999.52,1149.88,1094.3856435719706,1162.9688588552945,1166.2668,971.3609,1130.9489141408183,36.56327
contiguous_block_holdout,2654,999.82,1194.28,1086.6089107318794,1149.1487635940027,1164.2157,981.9325,1115.1535770221626,28.544666
contiguous_block_holdout,2655,1000.13,1109.96,1070.7887559446012,1151.6754618799232,1157.722,961.2868,1127.647482446066,56.858727
contiguous_block_holdout,2656,1000.44,634.13,962.1350420018157,953.7230753015954,876.09784,865.47974,912.6797540684661,-49.455288
contiguous_block_holdout,2657,1000.74,635.72,962.4587143522722,710.948014826012,708.4617,846.67224,686.2051437956316,-276.25357
contiguous_block_holdout,2658,1001.05,745.07,1009.552592558045,692.0494561974496,687.5566,792.5678,641.3899643842169,-368.16263
contiguous_block_holdout,2659,1001.35,601.8,1020.2119349291879,728.2041353659159,738.8577,833.09143,771.7153071215707,-248.49663
contiguous_block_holdout,2660,1001.66,749.0,994.6001545940817,612.2137526829805,669.43823,856.1444,654.1798970257223,-340.42026
contiguous_block_holdout,2661,1001.97,807.89,1046.0753473864554,728.9711881333777,739.6969,963.0611,772.4930719958304,-273.58228
contiguous_block_holdout,2662,1002.74,843.4,1031.9128286980185,802.787117967259,758.88544,919.92114,792.3891165398154,-239.52371
contiguous_block_holdout,2663,1003.05,821.06,1040.6109581143662,874.388230568088,876.2866,981.369,889.7022361905381,-150.90872
contiguous_block_holdout,2664,1003.36,633.1,1017.5301985147811,836.1341057672105,845.4516,861.6012,863.8668989542342,-153.6633
contiguous_block_holdout,2665,1003.66,856.5,997.4269292372607,676.4265856295351,678.10394,865.5561,666.1395146864794,-331.2874
contiguous_block_holdout,2666,1003.97,1227.72,1045.3793230100894,886.9519300952934,840.271,854.0477,872.5034837766909,-172.87584
contiguous_block_holdout,2667,1004.27,762.66,1015.2481457698461,1209.124210448641,1186.5404,873.87067,1190.2118756282446,174.96373
contiguous_block_holdout,2668,1004.58,847.88,1039.1169349464492,802.1614124222671,840.11316,866.03674,839.4937812599258,-199.62315
contiguous_block_holdout,2669,1004.88,731.15,1050.296602451593,866.557845582063,851.5859,969.11285,879.2474538920226,-171.04915
contiguous_block_holdout,2670,1005.19,860.5,1068.6601982424058,744.9141007225459,782.2416,978.281,791.6254082033433,-277.0348
contiguous_block_holdout,2671,1005.49,739.56,1047.30989477728,951.5953333401653,907.0946,865.92896,916.9334299335301,-130.37646
contiguous_block_holdout,2672,1005.8,746.38,1052.6360335711495,745.5964954866164,789.10394,981.24054,793.846849000837,-258.78918
contiguous_block_holdout,2673,1006.1,794.99,1041.0651525756925,735.0455480059245,771.4987,886.16595,808.9692663452238,-232.09589
contiguous_block_holdout,2674,1006.41,913.04,1045.1771857362098,783.7027765452613,782.7265,902.7001,810.5186316590614,-234.65855
contiguous_block_holdout,2675,1006.71,883.04,1064.1303329240127,900.7038485373685,904.08777,931.95154,901.6403884660049,-162.48994
contiguous_block_holdout,2676,1007.02,996.88,1037.5910921381242,958.6631272455685,943.8317,851.8122,930.7790193842179,-106.81207
contiguous_block_holdout,2677,1007.32,981.09,1055.9571832785614,989.0743924575307,976.553,942.5733,963.5894083151825,-92.367775
contiguous_block_holdout,2678,1007.63,1103.61,1063.473272174689,1047.0553491076664,1033.9017,853.29803,988.7204111517399,-74.75286
contiguous_block_holdout,2679,1007.94,1075.21,1054.8304376848341,1042.6255835454178,1055.3562,948.38654,1039.7485285051466,-15.081909
contiguous_block_holdout,2680,1008.24,1000.05,1063.0442011086034,1052.8617846052125,1069.1381,938.8412,1046.1222269264745,-16.921974
contiguous_block_holdout,2681,1008.55,1032.39,1049.0052447691435,1011.8569675873579,1016.9155,943.9941,1005.3624987974638,-43.642746
contiguous_block_holdout,2682,1008.85,1110.72,1021.5502312018399,1094.2380753604546,1073.4882,845.6103,1045.2021400763515,23.651909
contiguous_block_holdout,2683,1009.16,1064.73,1051.1885281449552,1049.499300829838,1061.095,945.344,1051.6397629326577,0.4512348
contiguous_block_holdout,2684,1009.46,1045.56,1039.5973078458278,1072.743484934714,1077.5094,948.21765,1057.1480700223415,17.550762
contiguous_block_holdout,2685,1009.77,1089.69,1039.5054875484332,1044.8995764875149,1041.9756,928.1987,1030.9466239086016,-8.558864
contiguous_block_holdout,2686,1010.07,994.26,1035.877881320757,1089.055881470013,1068.0109,958.9565,1054.7911732519094,18.913292
contiguous_block_holdout,2687,1010.38,1032.66,1027.356449602167,1018.4182264821874,1032.7946,944.5265,1014.6432118397158,-12.713238
contiguous_block_holdout,2688,1010.69,1022.39,1047.6919125113322,1026.4682916843417,1027.3237,957.17474,1018.9094475302531,-28.782465
contiguous_block_holdout,2689,1011.0,953.51,1088.5839702953958,1066.1577426525,1064.6465,924.6257,1059.095189320054,-29.488781
contiguous_block_holdout,2690,1011.3,957.99,1068.807965295773,976.8249834952459,990.5603,916.1104,978.1608781986051,-90.64709
contiguous_block_holdout,2691,1011.61,1016.6,1064.0124763621359,961.7953269419223,961.43524,948.4861,944.3789390696554,-119.63354
contiguous_block_holdout,2692,1011.91,1047.9,1073.0440610754652,1009.4020907965264,1011.791,957.2679,995.3425153601331,-77.701546
contiguous_block_holdout,2693,1012.22,905.66,1055.5176505539835,1083.023000246236,1066.5101,868.5098,1060.443816134733,4.9261656
contiguous_block_holdout,2694,1012.53,1128.3,1063.3528524287979,946.8299944141804,959.749,918.66235,936.2402425655166,-127.11261
contiguous_block_holdout,2695,1012.84,887.04,1051.1538507460223,1027.4127887066231,1050.4557,967.7368,1045.2241236685381,-5.929727
contiguous_block_holdout,2696,1013.14,807.61,1075.1492050761065,982.3350604139754,977.07404,865.59894,978.5838287943682,-96.56538
contiguous_block_holdout,2697,1013.45,803.96,1092.0043610539149,827.6217880315882,833.0055,964.2457,848.0740174259852,-243.93034
contiguous_block_holdout,2698,1013.75,847.05,1031.783004089979,800.3940157299518,795.6853,949.2085,806.2158043829477,-225.5672
contiguous_block_holdout,2699,1014.06,847.33,1043.1370211770752,866.815743640483,881.3502,943.25256,880.0849124124268,-163.05211
contiguous_block_holdout,2700,1014.36,801.06,1023.2133694430318,860.4420357329302,877.603,947.3581,878.6463223238911,-144.56705
contiguous_block_holdout,2701,1014.67,808.16,1037.1536111119244,780.0644239723114,813.27423,937.40735,813.8431252720807,-223.31049
contiguous_block_holdout,2702,1014.97,820.23,1008.6545842262153,789.8026391329579,805.4595,824.7747,806.6285069557075,-202.02608
contiguous_block_holdout,2703,1015.28,792.37,1030.545509602602,856.986513779237,825.8438,938.2326,828.9607470293597,-201.58476
contiguous_block_holdout,2704,1015.58,883.87,1025.1717831061403,775.1504783176777,804.9229,943.52527,813.8522030280153,-211.31958
contiguous_block_holdout,2705,1015.89,841.53,1018.8800377910815,870.4789665808739,899.9783,946.80756,895.3149514263354,-123.56509
contiguous_block_holdout,2706,1016.2,847.6,1030.5692511121179,868.3659930648082,881.05206,901.8614,893.5601110974694,-137.00914
contiguous_block_holdout,2707,1016.51,876.22,1064.1490919882697,878.0028343831314,861.24005,941.2125,868.6064284140509,-195.54266
contiguous_block_holdout,2708,1016.81,736.39,1016.818033952868,939.234716645873,926.036,956.7329,900.9602840139031,-115.85775
contiguous_block_holdout,2709,1017.12,807.61,1010.4364974404193,744.6992791762327,778.8589,824.09717,776.0111586953021,-234.42534
contiguous_block_holdout,2710,1017.42,822.64,1024.7728547300792,785.3951875516888,792.91486,927.89185,797.3203858580089,-227.45247
contiguous_block_holdout,2711,1017.73,837.6,1033.049548734502,825.7923370067816,829.25226,931.1441,825.9651523721973,-207.0844
contiguous_block_holdout,2712,1018.03,802.37,1026.0655084720179,855.1640594019522,862.7052,944.96783,869.6781793704554,-156.38733
contiguous_block_holdout,2713,1018.34,820.51,1027.4563787445913,783.9115231581693,819.08923,929.6705,829.3619268402945,-198.09445
contiguous_block_holdout,2714,1018.64,792.1,1020.5582881697966,824.8980043999846,825.9977,859.61774,835.9833675154997,-184.57492
contiguous_block_holdout,2715,1018.95,858.08,1035.2754394179512,795.9357804981526,804.94684,930.3014,805.4578582411934,-229.81758
contiguous_block_holdout,2716,1019.26,845.19,1030.7101573326706,855.1098871259228,868.0273,945.0723,869.8056163170456,-160.90454
contiguous_block_holdout,2717,1019.57,736.66,1033.2862548253454,874.720461590547,859.77783,941.49713,865.206558170072,-168.0797
contiguous_block_holdout,2718,1019.87,906.76,1046.3339538462883,753.1482962495602,793.41833,959.9339,796.8899993785149,-249.44395
contiguous_block_holdout,2719,1020.18,836.57,1031.0490581158092,901.8316951639225,925.178,951.70557,914.3442851665905,-116.70477
contiguous_block_holdout,2720,1020.48,860.5,1032.5000102122701,888.3671328133773,891.7898,942.39355,886.5879771312154,-145.91203
contiguous_block_holdout,2721,1020.79,764.52,1039.8274147927627,859.7477705657548,870.83154,955.3879,872.0524971902237,-167.77492
contiguous_block_holdout,2722,1021.09,813.68,1025.550225402218,756.9793532206907,781.99146,941.7146,792.2163020623743,-233.33392
contiguous_block_holdout,2723,1021.4,821.54,1032.481129020909,846.7885088658496,819.1192,953.21234,818.6609080736434,-213.82022
contiguous_block_holdout,2724,1021.7,799.2,1030.6194639059754,854.8524025774361,862.0601,949.4103,860.1979551169129,-170.42151
contiguous_block_holdout,2725,1022.01,773.96,1023.2225009694112,788.472202059157,816.9501,949.2299,829.0280277028096,-194.19447
contiguous_block_holdout,2726,1022.32,891.45,1088.9474988706106,747.4021229677794,805.28876,894.26886,834.4230848081106,-254.52441
contiguous_block_holdout,2727,1022.62,855.74,1034.600620375026,872.7534609220927,883.34174,917.7033,878.721469984401,-155.87915
contiguous_block_holdout,2728,1022.93,840.5,1016.1907947689222,881.3633461727451,874.9324,944.7676,867.3933551937268,-148.79744
contiguous_block_holdout,2729,1023.24,848.36,1010.8048032193661,867.6575999806136,863.2605,964.1153,857.1280301480771,-153.67677
contiguous_block_holdout,2730,1023.54,943.51,1020.4618798612065,867.4749230232402,865.4074,967.8164,863.4041558621831,-157.05772
contiguous_block_holdout,2731,1023.85,878.08,1028.6434017988613,945.0575693345871,942.5535,966.9197,939.9275433393886,-88.71586
contiguous_block_holdout,2732,1024.15,759.55,1007.3951882851836,937.0124740903085,943.0927,862.21204,922.2471856606719,-85.148
contiguous_block_holdout,2733,1024.46,917.24,1027.2459224863946,773.0106519332168,799.5696,960.8798,805.5514949961603,-221.69443
contiguous_block_holdout,2734,1024.76,936.41,1017.6245062732932,956.5973380315664,940.25555,921.2488,931.3068640613791,-86.31764
contiguous_block_holdout,2735,1025.07,950.89,1028.7758810819444,921.8219387558632,933.8057,981.22845,925.4445517362412,-103.33133
contiguous_block_holdout,2736,1025.38,951.92,1053.1608814735023,1024.3654544247872,993.5916,967.22504,966.426918460807,-86.73396
contiguous_block_holdout,2737,1025.69,862.29,1036.5823397279864,953.7325663061335,957.9739,969.64105,947.5538668275958,-89.02847
contiguous_block_holdout,2738,1026.0,876.77,1016.6369056722244,918.777480180755,923.98895,975.8386,909.964076997908,-106.67283
contiguous_block_holdout,2739,1026.3,925.65,1015.5143260315624,867.6864177595339,891.01526,965.8361,871.5163249329296,-143.998
contiguous_block_holdout,2740,1026.61,872.01,1026.3227518719027,909.6515426063972,915.4219,971.13,906.711728922684,-119.61102
contiguous_block_holdout,2741,1026.92,883.04,1033.8696416604323,890.8560984376154,907.6888,975.77856,902.411801694612,-131.45784
contiguous_block_holdout,2742,1027.22,970.33,1022.7168408981222,874.8711794021223,906.7591,969.499,904.4102994552511,-118.30654
contiguous_block_holdout,2743,1027.53,942.2,1063.7603703225386,974.7968059551698,969.7907,971.0556,945.9991703713667,-117.7612
contiguous_block_holdout,2744,1027.53,942.2,1063.7603703225386,959.9762420759156,971.5326,969.0454,954.1681996072066,-109.59217
contiguous_block_holdout,2745,1027.83,891.73,1044.8037131994386,977.0719080760749,964.81323,873.5387,957.1884864538331,-87.61523
contiguous_block_holdout,2746,1028.14,924.62,1032.3318506848768,917.439803271548,929.9944,973.84937,915.8537851941542,-116.478065
contiguous_block_holdout,2747,1028.45,932.76,1039.538027669397,929.777636936206,944.8708,973.7734,927.1386822714478,-112.399345
contiguous_block_holdout,2748,1028.75,939.03,1076.4737266256054,875.4193065467675,926.66895,986.9064,914.3712485982617,-162.10248
contiguous_block_holdout,2749,1029.06,853.88,1047.6908670306502,958.5049918216428,959.0291,978.28357,945.5195108294783,-102.17136
contiguous_block_holdout,2750,1029.36,817.88,1026.3664966350611,891.8993320442913,883.354,954.1335,887.4715381389674,-138.89496
contiguous_block_holdout,2751,1029.67,824.44,978.2475115401368,884.1986028254403,872.5545,873.34705,850.6503435713868,-127.59717
contiguous_block_holdout,2752,1029.97,840.78,994.8681001176316,836.196509487875,827.05145,852.4166,822.4008912553269,-172.46721
contiguous_block_holdout,2753,1030.28,866.22,1022.7903124723666,881.9242627174062,860.10004,959.82947,861.4225451383822,-161.36777
contiguous_block_holdout,2754,1030.58,886.49,1029.6075300754749,865.9150551356969,884.7859,976.5686,885.8308271946155,-143.7767
contiguous_block_holdout,2755,1030.89,900.14,1013.9941483798472,887.7681963212424,910.6884,853.3387,897.8490601840464,-116.14509
contiguous_block_holdout,2756,1031.19,932.48,1010.7742956820683,900.7530837922197,911.0567,847.63403,903.0578192416386,-107.71648
contiguous_block_holdout,2757,1031.51,877.8,1018.2836722925489,925.0050840641246,926.24554,950.61145,911.6124763086622,-106.671196
contiguous_block_holdout,2758,1031.81,940.62,1041.5959954938442,899.2723051326622,917.7402,952.45435,899.9280114850551,-141.66798
contiguous_block_holdout,2759,1032.12,782.93,982.1432954597373,915.1304593130014,892.311,1031.872,901.0359117317099,-81.10738
contiguous_block_holdout,2760,1032.42,844.71,983.0413886473191,778.8217139413599,796.1715,1035.2896,776.1156684324753,-206.92572
contiguous_block_holdout,2761,1032.73,779.0,982.8065030105781,867.8867945833915,850.1861,1038.0587,845.2084042556953,-137.5981
contiguous_block_holdout,2762,1033.03,802.1,983.5851843320843,768.11029942829,798.31476,1046.8534,788.5490057432171,-195.03618
contiguous_block_holdout,2763,1033.34,864.91,985.4723333937509,794.023868783652,805.5446,1042.8934,800.23357912129,-185.23875
contiguous_block_holdout,2764,1033.65,816.02,980.142042653755,865.7393298627156,868.754,1043.4056,865.1801896264112,-114.96185
contiguous_block_holdout,2765,1033.95,816.85,985.889884936425,836.0607851809584,855.11066,1037.2968,835.7959060545891,-150.09398
contiguous_block_holdout,2766,1034.25,700.39,983.2502089711361,821.925115196852,830.5298,1037.2968,813.3140822621517,-169.93613
contiguous_block_holdout,2767,1034.56,793.41,985.2728925344447,746.5551245280178,764.29504,1042.8934,741.4081769582729,-243.86472
contiguous_block_holdout,2768,1034.87,824.44,984.0344397370812,787.0048650955456,789.19653,981.16986,780.8137518708703,-203.22069
contiguous_block_holdout,2769,1035.17,746.38,980.023380170042,833.0551784608381,843.75226,1047.3756,846.0834845401591,-133.9399
contiguous_block_holdout,2770,1035.48,761.35,988.360485690051,760.5146950450163,778.7011,990.6363,772.1141783170041,-216.2463
contiguous_block_holdout,2771,1035.79,692.74,977.0300787562082,753.8718453140915,758.41925,1036.9153,746.5441473597239,-230.48593
contiguous_block_holdout,2772,1036.1,723.01,989.444952092062,710.690615455773,754.0949,987.08215,731.4557247971401,-257.98923
contiguous_block_holdout,2773,1036.4,792.65,987.8272586938272,751.3264653001362,741.1553,991.70984,738.669513332499,-249.15775
contiguous_block_holdout,2774,1036.71,763.48,991.5759548378662,794.4564540982724,784.4018,984.03595,784.0272182656006,-207.54874
contiguous_block_holdout,2775,1037.01,765.28,986.096577605108,748.8268359386203,758.10504,988.6766,760.8958634937799,-225.20071
contiguous_block_holdout,2776,1037.32,716.94,986.5819740655489,751.2488624600932,761.84564,991.7372,754.3778419854708,-232.20413
contiguous_block_holdout,2777,1037.62,694.6,989.7747174846309,744.2358738178237,759.5626,995.15326,752.0351850139277,-237.73953
contiguous_block_holdout,2778,1037.93,696.46,990.1526247888947,724.7288494372951,728.9752,992.0048,719.7730166345979,-270.3796
contiguous_block_holdout,2779,1038.23,805.82,991.309921299411,738.0985608274693,725.0398,977.50836,719.4399872173798,-271.86993
contiguous_block_holdout,2780,1038.54,693.29,989.6206430576541,793.9558281969206,776.57007,973.5505,781.6451181553103,-207.97552
contiguous_block_holdout,2781,1038.84,808.65,986.0195231347561,721.1448923669768,748.1355,988.11633,739.097617617178,-246.9219
contiguous_block_holdout,2782,1039.15,727.97,983.4801649094397,799.018359231444,775.10736,982.07526,777.1803449631507,-206.29982
contiguous_block_holdout,2783,1039.46,734.32,967.9896914858896,759.1280331443892,776.3276,883.92395,762.5367343325693,-205.45296
contiguous_block_holdout,2784,1039.76,716.39,983.2186580759168,748.7405627350652,724.4577,874.5019,721.7957759958387,-261.42288
contiguous_block_holdout,2785,1040.07,808.92,965.0762078505184,750.3636644733137,742.6424,877.3426,711.7124230604793,-253.36378
contiguous_block_holdout,2786,1040.37,814.71,997.253433240667,830.3813338066043,785.0746,967.5987,779.4077453744561,-217.84569
contiguous_block_holdout,2787,1040.68,860.7,987.8398674805328,822.333784535888,815.8886,971.63104,813.7819756348297,-174.05789
contiguous_block_holdout,2788,1040.98,774.24,989.6278690532997,863.8947865954447,849.3134,981.03076,848.9064335064247,-140.72144
contiguous_block_holdout,2789,1041.29,774.52,987.5587988521362,752.6482709227159,796.42456,986.80853,786.9307318355346,-200.62807
contiguous_block_holdout,2790,1041.59,949.03,961.0349310615773,763.3564937168575,779.8184,894.18506,772.0604590156788,-188.97447
contiguous_block_holdout,2791,1041.9,1123.89,1031.7230149015043,950.9846362918755,930.9151,955.2109,921.5785294278714,-110.144485
contiguous_block_holdout,2792,1042.21,1092.03,1006.6060374052763,1097.307546255352,1101.113,982.6168,1069.1808817656279,62.574844
contiguous_block_holdout,2793,1042.51,1216.14,1002.7207680449369,1055.7297690828495,1082.7828,976.74274,1036.5676041350248,33.846836
contiguous_block_holdout,2794,1042.82,1164.36,997.9770868641427,1166.364478068624,1182.0916,980.42633,1140.0840509754707,142.10696
contiguous_block_holdout,2795,1043.12,1149.33,1016.6588874904924,1164.9761314463253,1192.9661,975.231,1144.972058877211,128.31317
contiguous_block_holdout,2796,1043.43,1211.11,1035.7930248659486,1141.775074164073,1152.7286,958.92096,1095.9717434328431,60.17872
contiguous_block_holdout,2797,1043.74,1021.63,1013.8775867504704,1165.809530300165,1173.7285,973.21924,1136.1916965527166,122.31411
contiguous_block_holdout,2798,1044.04,1132.3,1000.2843272480613,1022.1953968441093,1038.9126,978.4929,996.8814768585808,-3.4028504
contiguous_block_holdout,2799,1044.35,1189.04,995.2491527024397,1100.253267463893,1101.148,984.51904,1065.9269710007795,70.67782
contiguous_block_holdout,2800,1044.65,1129.88,1002.683649791137,1148.1055866861254,1158.778,972.3627,1136.6846873887932,134.00104
contiguous_block_holdout,2801,1044.96,1113.34,1005.3361010411453,1124.4268272365243,1144.4788,985.8528,1109.5741228917313,104.23802
contiguous_block_holdout,2802,1045.26,1138.85,1006.7191207144103,1098.1678910609091,1095.9993,974.561,1059.9211013052306,53.20198
contiguous_block_holdout,2803,1045.57,1125.2,996.9125253046884,1113.91857661562,1128.2162,980.8121,1092.9556084956064,96.04308
contiguous_block_holdout,2804,1045.87,1102.3,998.4188996798163,1117.4242136615405,1125.6439,984.6075,1076.4266587740544,78.00776
contiguous_block_holdout,2805,1046.18,1132.3,1000.8292476111176,1107.0373579247625,1098.198,962.5185,1052.3134890967133,51.48424
contiguous_block_holdout,2806,1046.49,1171.74,1002.216406484413,1099.41320614754,1101.719,971.3856,1066.1526056726454,63.9362
contiguous_block_holdout,2807,1046.79,1165.12,992.5010700285435,1139.715439114983,1150.0342,978.3062,1118.3136005461215,125.81253
contiguous_block_holdout,2808,1047.1,1067.62,1009.0393906148458,1155.227723728364,1166.8536,971.0925,1128.6985092671896,119.65912
contiguous_block_holdout,2809,1047.4,1072.31,982.6250863864699,1087.693443477196,1086.4597,896.1412,1043.9864831760206,61.361397
contiguous_block_holdout,2810,1047.71,1148.57,982.7180507180738,1086.7173074064572,1068.7037,870.9608,1024.172758817439,41.45471
contiguous_block_holdout,2811,1048.01,1112.3,1007.4932011130513,1115.271950334464,1128.09,965.36615,1092.8608616355123,85.36766
contiguous_block_holdout,2812,1048.32,1091.55,988.3731479270936,1117.4358162086805,1109.7621,872.17615,1066.7222613914491,78.34911
contiguous_block_holdout,2813,1048.63,1089.96,970.6595708618702,1104.7913506449902,1094.8702,873.7805,1020.9553701172413,50.2958
contiguous_block_holdout,2814,1048.93,1095.2,1007.5348792183485,1047.9334539659224,1063.1381,952.2921,1026.7336611855117,19.198782
contiguous_block_holdout,2815,1049.23,1140.16,1008.4642522297626,1092.3988901385028,1075.9186,969.2244,1037.7524754963642,29.288223
contiguous_block_holdout,2816,1049.54,1070.79,998.8316281996988,1111.067127503631,1121.1908,896.3747,1095.2652448378824,96.43362
contiguous_block_holdout,2817,1049.85,1172.49,1015.9224721083299,1059.817038458569,1090.7174,970.096,1055.5351163038865,39.612644
contiguous_block_holdout,2818,1050.15,982.47,1018.4496008215981,1146.7128828712018,1157.9966,963.9483,1113.634415274723,95.184814
contiguous_block_holdout,2819,1050.46,1102.3,964.4305188035096,1060.7053427623728,1010.68134,881.1863,980.5549847458924,16.124466
contiguous_block_holdout,2820,1050.77,1031.56,997.1850354425354,1051.4829723401633,1054.4711,981.15814,1013.1031434289856,15.918108
contiguous_block_holdout,2821,1051.07,1135.4,986.1378773013264,1073.858422250389,1076.7972,896.87177,1036.6542118350178,50.516335
contiguous_block_holdout,2822,1052.46,629.65,992.5869781308223,1088.0838996320904,1028.2979,873.08636,1007.9210359387447,15.334058
contiguous_block_holdout,2823,1052.77,617.86,1008.6577319509856,686.3419795423878,735.7696,924.2751,700.3781909353606,-308.27954
contiguous_block_holdout,2824,1053.08,638.61,1016.0663683410036,662.0478302380926,641.50464,1051.6277,644.7203905578004,-371.34598
contiguous_block_holdout,2825,1053.39,686.47,1004.5656906101868,662.6013598700907,673.1188,1057.3915,659.0196395847962,-345.54605
contiguous_block_holdout,2826,1053.69,1113.61,1000.6042481234257,688.2563005586962,685.96185,990.8352,657.7789917757694,-342.82526
contiguous_block_holdout,2827,1054.0,1279.23,1030.5027093415695,1105.5145453289863,1119.629,1031.682,1111.2893075471359,80.7866
contiguous_block_holdout,2828,1054.31,1143.6,1016.1641106842468,1239.515534435936,1246.3645,1026.9253,1244.8061394928404,228.64203
contiguous_block_holdout,2829,1054.61,1169.6,1010.8427390725868,1131.7028265123581,1143.5828,1005.9012,1130.503513303544,119.660774
contiguous_block_holdout,2830,1054.92,1177.25,1010.4533759248974,1146.711700098019,1153.231,970.84955,1134.3755103243116,123.922134
contiguous_block_holdout,2831,1055.22,1115.2,1005.1580944345044,1146.7755204961989,1157.0527,987.7659,1135.1449718759106,129.98688
contiguous_block_holdout,2832,1055.53,1072.31,1008.9287909555778,1136.5234526856661,1132.7299,1017.6166,1128.2463568735466,119.317566
contiguous_block_holdout,2833,1055.84,1164.84,1009.6110120491805,1056.1092367411143,1075.368,1002.5422,1056.909214563829,47.298203
contiguous_block_holdout,2834,1056.14,1169.05,1003.0356926851535,1136.1767990226558,1149.1985,1008.3324,1132.618547909763,129.58286
contiguous_block_holdout,2835,1056.45,1213.8,1016.6151701073377,1152.9260534005057,1173.672,1013.7011,1153.2826353172986,136.66747
contiguous_block_holdout,2836,1056.75,1159.33,1013.6037868811771,1175.267905378939,1179.2621,962.12714,1144.2523769690679,130.64859
contiguous_block_holdout,2837,1057.06,1157.74,1001.55263004937,1143.507599304861,1170.7737,943.04175,1125.4796854082567,123.927055
contiguous_block_holdout,2838,1057.36,1210.35,1007.6611477937472,1151.6565761736845,1158.9535,947.4674,1119.568702420212,111.907555
contiguous_block_holdout,2839,1057.67,1136.5,1003.6287074597665,1177.0527079332126,1185.0867,947.6034,1154.5452724011727,150.91656
contiguous_block_holdout,2840,1057.98,1080.52,1004.1624522203751,1131.6846485578606,1145.0985,940.202,1113.4493174547501,109.286865
contiguous_block_holdout,2841,1058.28,1169.32,1015.8949039262804,1064.8537504727535,1081.4762,973.1462,1053.5956027788195,37.7007
contiguous_block_holdout,2842,1058.59,1100.72,1003.3914049419778,1138.7813529790387,1139.285,986.1448,1122.1764696392434,118.785065
contiguous_block_holdout,2843,1058.89,1109.68,1008.6816008500733,1105.5604266926298,1110.6292,974.6337,1071.9095480851806,63.227947
contiguous_block_holdout,2844,1059.2,1047.07,1014.9842548434856,1087.4555199030112,1085.1753,951.42975,1051.6097507541301,36.625496
contiguous_block_holdout,2845,1059.5,1093.13,1021.2856276253641,1058.2519588496461,1070.7756,973.27167,1035.6782877663554,14.39266
contiguous_block_holdout,2846,1059.81,1209.59,1015.7160554180876,1046.982789963272,1063.9602,973.19714,1031.050682569577,15.334627
contiguous_block_holdout,2847,1060.12,1103.06,1011.1909135226326,1158.8503995882043,1183.8717,974.3865,1164.9643662814217,153.77345
contiguous_block_holdout,2848,1060.42,1148.02,1003.3799998323744,1103.8343041450905,1103.2567,956.0933,1058.9031550447767,55.523155
contiguous_block_holdout,2849,1060.73,1143.33,1014.9016775043099,1128.6442942928504,1134.3436,937.7301,1089.9491323382942,75.047455
contiguous_block_holdout,2850,1061.04,1084.45,988.3231813439822,1142.8350730512827,1145.8644,951.9845,1103.1599657067752,114.836784
contiguous_block_holdout,2851,1061.34,1108.1,1021.4401277705498,1056.512347254365,1088.9042,953.3996,1048.5432542964286,27.103127
contiguous_block_holdout,2852,1061.65,1142.02,1001.2262053891424,1063.9402376355154,1063.3169,953.8434,1037.6020102902653,36.375805
contiguous_block_holdout,2853,1061.95,1039.21,998.2930345208811,1126.0120013583712,1116.1989,955.75006,1087.0872850091623,88.79425
contiguous_block_holdout,2854,1062.26,1137.54,1011.131944566203,1062.1502024770286,1087.384,994.8993,1059.2981699995526,48.166225
contiguous_block_holdout,2855,1062.56,1105.2,1012.6250726812525,1097.4526177174534,1116.8821,971.50977,1098.5858041876002,85.96073
contiguous_block_holdout,2856,1062.87,1135.4,1011.7817425909067,1115.272314047837,1116.2545,964.4667,1081.4912305059456,69.70949
contiguous_block_holdout,2857,1063.18,1218.76,1018.1101092436917,1118.7096723026975,1121.8617,972.4284,1076.4572199919826,58.34711
contiguous_block_holdout,2858,1063.48,1130.16,1012.2703110011307,1176.1277658252554,1179.2983,964.6517,1154.8281875880448,142.55788
contiguous_block_holdout,2859,1063.79,1090.24,1042.1002559200601,1126.8232775269441,1130.8671,930.9021,1080.0938128963785,37.993557
contiguous_block_holdout,2860,1064.4,1136.23,1042.355588649803,1116.2765603688954,1078.5001,975.8799,1058.5408036461408,16.185215
contiguous_block_holdout,2861,1064.7,886.77,1023.9739099997029,1112.3935119659754,1122.2723,963.9875,1073.4863192099078,49.51241
contiguous_block_holdout,2862,1065.01,866.01,1043.750620537994,917.6295619933242,937.32306,959.35846,921.167223626373,-122.5834
contiguous_block_holdout,2863,1065.32,865.18,1043.4362784783073,872.476016492471,889.63495,971.92,901.9071036736198,-141.52917
contiguous_block_holdout,2864,1065.62,932.76,1036.7042778219663,865.340467638262,874.0882,961.0432,875.464455434271,-161.23982
contiguous_block_holdout,2865,1065.93,910.42,1044.2350433539655,923.3283010799368,923.7319,961.1728,907.838925189903,-136.39612
contiguous_block_holdout,2866,1066.23,883.87,1061.3864881495495,911.149921371846,919.7086,969.0246,913.2043897608776,-148.1821
contiguous_block_holdout,2867,1066.53,932.48,1032.496138368836,945.0158310632136,929.43835,973.8872,932.4583652365118,-100.03777
contiguous_block_holdout,2868,1066.84,874.15,1028.695391829798,931.9792985279036,943.16254,939.6615,925.3016845544073,-103.39371
contiguous_block_holdout,2869,1067.15,848.09,1032.53747863438,898.9736655990762,902.23126,957.8153,890.7059967007863,-141.83148
contiguous_block_holdout,2870,1067.45,910.97,1020.449600885018,892.1298418271055,898.26587,848.2758,898.807038018807,-121.64256
contiguous_block_holdout,2871,1067.76,865.46,1107.956474712631,915.6823580530307,902.66925,873.0348,915.0738453180998,-192.88263
contiguous_block_holdout,2872,1068.06,850.71,1047.4449032093232,891.7638258998602,877.2321,957.01886,889.2507961536592,-158.1941
contiguous_block_holdout,2873,1068.37,897.52,1037.43432823326,865.2291556426399,862.0927,963.6826,865.5220815291584,-171.91225
contiguous_block_holdout,2874,1068.67,933.51,1022.772341705684,903.0628533454659,922.53577,974.26874,917.081683136348,-105.69066
contiguous_block_holdout,2875,1068.98,909.59,1044.4417187020185,919.6698392076058,921.4236,961.7892,908.0614086434248,-136.38031
contiguous_block_holdout,2876,1069.29,878.35,1046.4586702830888,922.9590482445826,937.13464,975.59784,935.3594805247881,-111.09919
contiguous_block_holdout,2877,1069.59,966.4,1010.3242370771027,933.7460504594835,931.6801,945.54877,913.5129806684113,-96.81126
contiguous_block_holdout,2878,1069.9,953.03,1041.852495911603,962.0529851237128,954.58356,982.595,945.3052775888491,-96.54722
contiguous_block_holdout,2879,1070.21,932.2,1047.6748225085207,964.3921067942799,964.42834,989.2758,957.7848688952395,-89.88995
contiguous_block_holdout,2880,1070.51,975.09,1032.547590477923,930.077279008431,937.74347,977.2118,928.4792692498957,-104.06832
contiguous_block_holdout,2881,1070.82,1000.05,1030.3490794758843,986.7958217251617,980.7357,997.1319,978.4130138020562,-51.936066
contiguous_block_holdout,2882,1071.12,948.55,1041.88384830667,1012.2373234695225,1008.15985,906.79895,1003.4018384189746,-38.48201
contiguous_block_holdout,2883,1071.43,985.09,1064.031156433128,960.382461884806,991.48804,960.9977,977.1021479492413,-86.92901
contiguous_block_holdout,2884,1071.73,961.92,1055.1189887285482,970.4725377043865,964.5759,985.2268,968.5142524004232,-86.60474
contiguous_block_holdout,2885,1072.04,898.35,1042.8451243590903,1036.5254546853614,1015.34827,985.085,1004.8151828002524,-38.02994
contiguous_block_holdout,2886,1072.34,982.19,1048.471200644425,940.4823604720173,936.5215,966.23364,932.8715836400304,-115.59962
contiguous_block_holdout,2887,1072.65,1073.62,1046.6249730952457,973.206955759296,961.0919,972.5225,958.0049627192691,-88.62001
contiguous_block_holdout,2888,1072.96,1025.84,1059.1548688907017,1056.2446715256276,1050.7513,993.8242,1017.1276624698032,-42.027206
contiguous_block_holdout,2889,1073.27,1005.57,1069.86435637734,1030.236218159978,1048.0122,999.9244,1009.9717019583948,-59.892654
contiguous_block_holdout,2890,1073.57,984.81,1066.2500559633174,1002.613637913046,1015.07007,1000.8359,990.2827402894893,-75.967316
contiguous_block_holdout,2891,1073.88,861.81,1060.4748329277745,982.3540299345963,984.58405,990.86505,964.0846199150792,-96.39021
contiguous_block_holdout,2892,1074.18,914.62,1071.5189898885183,900.9399590841429,902.7269,993.5189,903.9764636434011,-167.54253
contiguous_block_holdout,2893,1074.49,1056.8,1063.548018042628,943.6905909939304,935.47864,984.15985,927.3469682379405,-136.20105
contiguous_block_holdout,2894,1074.79,923.03,1089.8366155068904,1062.3159895774886,1048.454,974.5389,1029.6589574258358,-60.177658
contiguous_block_holdout,2895,1075.1,948.27,1099.525143462303,963.0250700204278,964.22894,982.3511,953.8689392386702,-145.6562
contiguous_block_holdout,2896,1075.4,1012.39,1073.839491921714,994.9465931326409,978.9001,984.7506,963.7119208157569,-110.12757
contiguous_block_holdout,2897,1075.71,965.64,1061.4756711252865,1066.1188488589812,1037.3032,973.304,1014.0195782908138,-47.456093
contiguous_block_holdout,2898,1076.02,900.14,1072.2780210737824,971.6371116455202,982.6508,966.728,964.3832380537629,-107.89478
contiguous_block_holdout,2899,1076.32,962.2,1063.8328167858433,941.1089930429719,941.7093,976.2052,933.0189740124058,-130.81384
contiguous_block_holdout,2900,1076.63,965.09,1075.067473056274,960.253783684262,951.1209,978.2381,939.0758348726802,-135.99164
contiguous_block_holdout,2901,1076.93,918.83,1064.4263730887483,989.8013008227618,985.6424,987.21484,965.4363294486116,-98.99004
contiguous_block_holdout,2902,1077.24,970.33,1065.2556726711255,995.2521823289259,981.59204,978.8605,961.5193750637036,-103.7363
contiguous_block_holdout,2903,1077.54,902.28,1070.1318201623385,963.6335418358462,955.1884,964.9971,943.8070749841158,-126.324745
contiguous_block_holdout,2904,1077.85,846.29,1051.2249872784378,949.7998439459188,952.91266,986.5373,941.8276178936721,-109.39737
contiguous_block_holdout,2905,1078.16,982.19,1034.937889806982,886.53329133831,889.7624,978.0891,893.3157279417476,-141.62216
contiguous_block_holdout,2906,1078.46,1023.7,1032.164276220225,973.2405786766403,952.0217,976.6286,952.9716263789164,-79.19265
contiguous_block_holdout,2907,1080.16,983.5,1016.6719079949206,1029.7632147417678,979.1936,953.9989,1007.8296733834094,-8.842235
contiguous_block_holdout,2908,1080.46,918.0,1063.6139429910982,986.9298518402815,994.2692,963.42523,969.6419047220552,-93.97204
contiguous_block_holdout,2909,1080.77,941.72,1043.7653230888109,966.345307887274,952.4301,975.67554,944.9639162284593,-98.80141
contiguous_block_holdout,2910,1081.08,893.04,1046.2741400170776,973.0291195716261,967.55225,988.1568,955.1064001489135,-91.16774
contiguous_block_holdout,2911,1081.39,1068.38,1042.0987206177851,915.9190630422582,923.0294,990.921,916.3248177247187,-125.7739
contiguous_block_holdout,2912,1081.7,956.41,1010.6724388228213,1077.8171990052429,1060.434,982.7565,1046.629191599921,35.956753
contiguous_block_holdout,2913,1082.01,965.64,1044.810007804309,977.0568789383116,998.93445,980.7803,971.5729777750121,-73.23703
contiguous_block_holdout,2914,1082.31,862.84,1043.2312580041566,965.1868301223288,961.30927,985.8284,945.380389779059,-97.85087
contiguous_block_holdout,2915,1082.62,796.58,1025.5684354105597,911.1716298515167,921.2212,991.16583,914.6001508036261,-110.968285
contiguous_block_holdout,2916,1082.93,916.97,1000.8387190655626,820.6888725247131,836.1481,885.821,840.6059614972032,-160.23276
contiguous_block_holdout,2917,1083.23,917.24,1045.5202867144383,894.9887375613328,898.3669,975.11755,904.8523027056492,-140.66798
contiguous_block_holdout,2918,1083.54,962.75,1034.0803555731432,919.1987752487177,928.8684,992.7634,918.7401456122057,-115.34021
contiguous_block_holdout,2919,1083.85,982.19,1041.6140901383988,961.205846597865,953.6579,982.8667,933.7476884660355,-107.8664
contiguous_block_holdout,2920,1084.15,973.78,1033.2423033495727,991.9135099584726,991.23456,993.68726,983.7030386706176,-49.539265
contiguous_block_holdout,2921,1084.46,922.21,1022.6410908782767,990.7389464597214,993.635,984.3169,975.9554829681205,-46.685608
contiguous_block_holdout,2922,1084.77,957.72,980.5355281111184,993.6132054606916,978.85144,861.93726,956.30204384293,-24.233484
contiguous_block_holdout,2923,1085.07,939.86,1021.1468233277639,960.0206943916704,948.62177,865.7929,949.2287477662404,-71.918076
contiguous_block_holdout,2924,1085.38,993.5,1057.1120659728333,935.4137685530729,937.75726,967.71045,917.2790886779114,-139.83298
contiguous_block_holdout,2925,1085.69,970.88,1051.7786345693132,1013.7542101825386,1006.1641,975.8125,993.8415923329851,-57.937042
contiguous_block_holdout,2926,1085.99,974.54,1020.8443454329126,991.8669183975048,987.1489,883.6509,973.3855060164087,-47.45884
contiguous_block_holdout,2927,1086.3,1011.91,1053.8438969784058,970.7031403420254,977.7445,956.6159,961.8729726009644,-91.970924
contiguous_block_holdout,2928,1086.6,1056.31,1092.8896678521041,1061.9183206782616,1033.7119,907.6753,1010.353878362358,-82.53579
contiguous_block_holdout,2929,1086.91,954.82,1128.296839059423,1031.4640019687888,1043.1587,970.9259,1018.2483313689934,-110.04851
contiguous_block_holdout,2930,1087.22,934.07,1070.552582296606,1003.4809295106646,1019.6239,967.3275,1004.2416463224849,-66.310936
contiguous_block_holdout,2931,1087.53,1037.63,1064.6934041345467,933.7737943159377,944.7463,963.9462,935.0303639734138,-129.66304
contiguous_block_holdout,2932,1087.83,1017.91,1054.3314848016987,1022.0441350012912,1022.6867,976.50714,993.2203779291401,-61.111107
contiguous_block_holdout,2933,1088.13,950.34,1021.0301272957156,1063.1277241147982,1059.2583,980.8826,1021.3681291429828,0.33800185
contiguous_block_holdout,2934,1088.44,960.34,1041.194038800074,958.7129622823682,973.8676,965.0486,949.3355869568122,-91.85845
contiguous_block_holdout,2935,1088.75,922.48,1016.5264814540805,985.9362718124909,982.3975,963.86505,962.7273100063265,-53.79917
contiguous_block_holdout,2936,1089.06,935.65,951.3707166476336,987.1964379449323,952.6665,855.9025,903.1326032443133,-48.238113
contiguous_block_holdout,2937,1089.36,895.94,922.513770190534,941.4194250389301,937.34656,848.18176,890.5751162446112,-31.938654
contiguous_block_holdout,2938,1089.67,875.46,987.2493191190654,914.9178352873926,896.07996,831.4221,878.0641842313701,-109.185135
contiguous_block_holdout,2939,1089.98,912.0,974.2350812035118,879.4068047265818,884.28687,842.8978,858.9535565453086,-115.281525
contiguous_block_holdout,2940,1090.28,915.38,984.7955246253579,900.4920508277525,891.05475,847.43494,873.5710525794594,-111.22447
contiguous_block_holdout,2941,1090.59,1051.56,1085.3941348525623,871.6118483615838,911.29114,979.9817,914.3000033828357,-171.09413
contiguous_block_holdout,2942,1090.9,1125.68,1083.2576771619213,1069.6082383759224,1063.7771,999.94885,1036.453947150935,-46.80373
contiguous_block_holdout,2943,1091.2,1091.82,1052.1593940806881,1073.3962047996242,1081.797,970.632,1045.1273487163082,-7.0320454
contiguous_block_holdout,2944,1091.51,1055.49,1047.3200811588388,1067.9860272298545,1082.6393,978.7896,1042.3612426960092,-4.9588385
contiguous_block_holdout,2945,1091.81,1046.04,1049.890474398173,1054.6036921481461,1058.9934,993.7609,1025.3638706994425,-24.526604
contiguous_block_holdout,2946,1092.12,1039.21,1055.6565248879917,1049.310156331046,1053.4901,981.5678,1022.2070810708531,-33.449444
contiguous_block_holdout,2947,1092.42,1034.25,1058.0488901294036,1043.0636884414275,1038.2532,977.77655,1004.6743478930755,-53.374542
contiguous_block_holdout,2948,1092.73,989.29,1063.0391390271025,1041.7577753699786,1041.7875,976.8121,997.9109041638212,-65.128235
contiguous_block_holdout,2949,1093.04,991.64,1072.2496263744972,1034.268060840959,1023.41266,1011.6525,1009.2910196545265,-62.958607
contiguous_block_holdout,2950,1093.34,1129.88,1050.7887395899722,1016.3092777578789,1012.1814,1012.7634,1008.4265264552066,-42.362213
contiguous_block_holdout,2951,1093.65,1093.34,1058.95616928594,1103.8000648312968,1101.5092,1010.8868,1068.5786143924463,9.622445
contiguous_block_holdout,2952,1093.95,1078.1,1071.558777728877,1094.5620502403967,1094.0642,1014.34393,1046.811644473872,-24.747133
contiguous_block_holdout,2953,1094.26,1128.85,1064.1201734193064,1107.9979459606677,1092.1542,935.1918,1065.7163277514674,1.5961543
contiguous_block_holdout,2954,1094.56,1084.93,1054.3205766020421,1113.1632556887946,1095.3102,928.9304,1071.1694306669835,16.848854
contiguous_block_holdout,2955,1094.87,1008.46,1060.897528793978,1046.7045666800648,1068.9368,1005.2275,1032.1433383490316,-28.75419
contiguous_block_holdout,2956,1095.17,1073.9,1067.2383007622216,1008.2179004993811,1021.85986,1014.134,1004.543209514663,-62.69509
contiguous_block_holdout,2957,1095.48,1010.32,1054.2810118153072,1080.8300119293838,1069.0023,1024.6815,1045.7428028538204,-8.538209
contiguous_block_holdout,2958,1095.78,926.96,1041.679578448132,1033.6927636057112,1040.533,1024.723,1024.4585625179561,-17.221016
contiguous_block_holdout,2959,1096.09,1015.84,1043.2979427374876,961.7728350547659,968.33026,983.22394,961.1394649542844,-82.15848
contiguous_block_holdout,2960,1096.39,907.52,1079.623939687966,1008.1352055981878,1007.4628,978.1573,981.2891313383566,-98.33481
contiguous_block_holdout,2961,1096.7,1034.73,1071.4676410507282,950.0671385159561,953.7581,994.6122,942.2059223007282,-129.26172
contiguous_block_holdout,2962,1097.01,1012.67,1070.429316082495,1067.5024576791238,1040.0413,986.5915,1013.6883683591063,-56.740948
contiguous_block_holdout,2963,1097.31,982.95,1082.0801843957,1034.5816586961503,1038.7719,982.31976,1019.383479531198,-62.696705
contiguous_block_holdout,2964,1097.62,1000.81,1084.5706376091796,1001.9964779092533,1014.72815,992.536,1020.1235779778319,-64.44706
contiguous_block_holdout,2965,1097.92,1013.43,1071.434134836629,997.1364988947262,990.2755,978.8992,974.7855905251056,-96.648544
contiguous_block_holdout,2966,1098.23,1028.94,1059.8265706138627,998.4418998430233,1007.7428,992.6641,969.7958775596635,-90.03069
contiguous_block_holdout,2967,1098.53,1037.15,1064.1867713159274,1021.6877495269365,1019.7286,989.95245,987.9639472192478,-76.222824
contiguous_block_holdout,2968,1098.84,974.54,1062.3759420040547,1043.8921397659815,1040.8516,999.9244,1003.1100652340351,-59.265877
contiguous_block_holdout,2969,1099.67,936.96,912.3344583245631,1051.944792670967,973.75244,858.0606,951.6561021539088,39.321644
contiguous_block_holdout,2970,1099.98,1075.48,1015.5557842401277,913.1503019306388,948.57434,961.67017,926.302343383194,-89.25344
contiguous_block_holdout,2971,1100.28,1082.31,1018.3931451081125,1072.5530668629283,1041.1799,973.7748,1028.6748614548533,10.281716
contiguous_block_holdout,2972,1100.59,1081.83,1018.4662760832277,1065.8046464794259,1059.3262,983.116,1033.275910291907,14.809634
contiguous_block_holdout,2973,1100.89,1084.45,1014.7591830819249,1056.2431728068561,1061.9888,993.2446,1037.953684958756,23.194502
contiguous_block_holdout,2974,1100.89,1084.45,1014.7591830819249,1080.52433715718,1073.2968,1000.45294,1045.9284411996007,31.169258
contiguous_block_holdout,2975,1101.2,1153.81,1023.2920867124949,1087.5464931551066,1081.043,988.58844,1052.4563761869822,29.16429
contiguous_block_holdout,2976,1101.5,1108.65,1041.3340578990433,1122.433948646379,1129.8899,965.1444,1082.0814715342972,40.747414
contiguous_block_holdout,2977,1101.81,1070.24,1031.1234554908065,1107.7000473681048,1104.7684,997.1241,1063.803940262535,32.680485
contiguous_block_holdout,2978,1102.12,1137.26,1028.825456926059,1079.5868987856395,1077.3157,997.1241,1046.8605006424896,18.035044
contiguous_block_holdout,2979,1102.42,1123.33,1031.607671145933,1110.3963769036623,1135.2489,980.5967,1113.8721441073587,82.26447
contiguous_block_holdout,2980,1102.72,1117.54,1033.595309920926,1116.073729999825,1114.4296,974.86176,1075.1378399807404,41.54253
contiguous_block_holdout,2981,1103.03,1071.55,1031.2148836761062,1116.8740930708705,1118.439,986.57513,1076.1440180450027,44.929134
contiguous_block_holdout,2982,1103.34,1164.08,1018.1595325492251,1083.8672479626202,1091.5763,988.7082,1066.1631755851138,48.003643
contiguous_block_holdout,2983,1103.64,1168.29,1033.7634296654953,1133.263208025452,1160.6937,979.6163,1134.6355304955734,100.8721
contiguous_block_holdout,2984,1103.95,1137.54,1030.686237707146,1147.6042116631181,1161.4302,966.7502,1141.3645290279467,110.67829
contiguous_block_holdout,2985,1104.25,1140.43,1022.4557260078593,1128.4142111654112,1138.4242,981.3851,1096.069922785203,73.6142
contiguous_block_holdout,2986,1104.56,1105.48,1019.5407715355863,1130.487964158211,1142.358,986.3075,1099.2823257958403,79.741554
contiguous_block_holdout,2987,1104.86,1041.83,1027.6054349280726,1091.1978425694135,1100.8304,992.3762,1064.483616385592,36.87818
contiguous_block_holdout,2988,1105.17,1013.98,1034.2406780679287,1068.659822700652,1079.0829,988.47205,1050.020132299191,15.779454
contiguous_block_holdout,2989,1105.48,1079.69,1029.9738294585682,1008.6452143743085,1027.3986,981.6473,996.4305402739978,-33.54329
contiguous_block_holdout,2990,1105.78,1121.26,1025.4682741331653,1087.3878660174837,1071.1957,987.6575,1046.7843122648792,21.316038
contiguous_block_holdout,2991,1106.09,1133.88,1014.1626855045433,1102.035910889522,1113.392,985.5058,1094.9329644352074,80.77028
contiguous_block_holdout,2992,1106.39,1212.21,1017.1791656820475,1115.6951233777409,1114.1226,982.1552,1084.2212723104653,67.04211
contiguous_block_holdout,2993,1106.7,1119.89,1030.0679436610733,1172.0188220012792,1166.4841,974.67676,1138.1253319667373,108.05739
contiguous_block_holdout,2994,1107.0,1187.73,1034.5610868458648,1108.2589788146215,1127.3735,970.9482,1102.0067121510406,67.445625
contiguous_block_holdout,2995,1107.31,1246.06,1038.1747960018138,1150.9631854594156,1170.1675,976.55994,1140.9092549251536,102.73446
contiguous_block_holdout,2996,1107.61,1242.13,1030.14270295209,1217.411868655653,1201.9491,1003.6475,1182.127810373965,151.9851
contiguous_block_holdout,2997,1107.93,1189.32,1033.9982892788348,1226.8230095888807,1235.7045,995.1124,1222.9863111294208,188.98802
contiguous_block_holdout,2998,1108.23,1099.68,1037.7588252491323,1163.3475214834264,1195.7465,964.78436,1159.749845451769,121.99102
contiguous_block_holdout,2999,1108.54,1098.65,1028.206848068766,1101.0666314501805,1110.4868,987.6618,1077.0136985021156,48.80685
contiguous_block_holdout,3000,1108.84,1103.06,1021.3514683953106,1098.9080306448402,1088.9023,981.3834,1054.8089345207989,33.457466
contiguous_block_holdout,3001,1109.15,1075.76,1021.5493732195632,1077.276150825007,1068.6389,971.6282,1038.0002723437087,16.4509
contiguous_block_holdout,3002,1109.45,1057.07,981.989386329445,1108.309484736892,1084.0526,857.1692,1046.6734073255388,64.68402
contiguous_block_holdout,3003,1109.76,1131.75,1009.510732719114,1025.587183297642,1070.3755,1064.7416,1033.671190330198,24.160458
contiguous_block_holdout,3004,1110.07,1058.66,1008.6768591316003,1088.3113895313406,1102.1555,989.268,1098.250238648202,89.57338
contiguous_block_holdout,3005,1110.37,1090.24,1012.9548545065996,1069.6374043589562,1087.5011,992.17114,1064.3902106467363,51.435356
contiguous_block_holdout,3006,1110.68,1068.1,1003.633747464832,1093.251228505526,1087.1888,1007.1198,1057.894661313709,54.260914
contiguous_block_holdout,3007,1110.98,988.47,1012.0053008242512,1072.960723886581,1072.8063,980.1392,1064.4308379336262,52.425537
contiguous_block_holdout,3008,1111.29,942.75,1016.6984757718875,1009.4504386661819,1014.52,983.30566,1003.6210440931155,-13.077432
contiguous_block_holdout,3009,1111.6,1148.57,1018.36093409139,954.7542352506724,975.3076,1005.0738,975.6967533357748,-42.66418
contiguous_block_holdout,3010,1111.9,1010.81,1017.0306668602093,1122.794232979459,1140.4138,1003.9699,1112.714169057475,95.6835
contiguous_block_holdout,3011,1112.21,1092.58,1011.674928830796,1035.929619453547,1058.1078,1001.31305,1044.0702687966163,32.39534
contiguous_block_holdout,3012,1112.51,1087.62,1010.1277089262553,1060.4924433947733,1075.1,1073.0208,1051.5128560209819,41.385147
contiguous_block_holdout,3013,1112.82,1032.94,1002.5433715512295,1087.8537381443357,1097.1796,1002.9378,1070.650183074667,68.10681
contiguous_block_holdout,3014,1113.12,1091.82,1006.2585059354449,1041.512656508362,1065.2809,980.8928,1039.9530783841753,33.694572
contiguous_block_holdout,3015,1113.43,1032.11,1008.9208486217607,1090.0642079076536,1079.8857,991.0543,1057.7919538158526,48.871105
contiguous_block_holdout,3016,1113.73,1012.67,1024.8785103168782,1024.1607460526745,1080.2274,974.5083,1045.8147819843587,20.936272
contiguous_block_holdout,3017,1114.04,1044.45,1023.5971598656438,1057.8341899992727,1046.4365,988.507,1029.394439223554,5.7972794
contiguous_block_holdout,3018,1114.35,1110.99,1013.0685920852147,1049.366653554643,1036.0063,986.03,1024.701582922312,11.632991
contiguous_block_holdout,3019,1114.65,1022.67,1017.4574244298553,1089.4773856106679,1100.9786,997.24835,1090.421100882492,72.96368
contiguous_block_holdout,3020,1114.96,1056.59,1033.93692167395,1015.5827376459528,1053.6746,1075.3877,1026.453344899353,-7.483577
contiguous_block_holdout,3021,1115.26,1140.71,1023.8785994939315,1054.54551961306,1048.4359,972.22766,1030.6848038129317,6.8062043
contiguous_block_holdout,3022,1115.57,1115.47,1012.6049277005617,1098.2201626792166,1139.4366,1084.857,1132.3142325101321,119.709305
contiguous_block_holdout,3023,1115.87,1091.0,1019.068541919358,1086.1848284260452,1106.4281,976.2002,1082.6155542484596,63.547012
contiguous_block_holdout,3024,1116.18,1090.24,1014.0402523785832,1098.248159817823,1101.571,1093.2977,1081.7297970563177,67.689545
contiguous_block_holdout,3025,1116.49,1070.52,1013.1754222515793,1093.0540502740967,1079.8175,990.7995,1064.616008341667,51.440586
contiguous_block_holdout,3026,1116.79,1073.9,1013.0129686670675,1058.0432474507327,1077.1748,1074.4688,1063.038740761794,50.025772
contiguous_block_holdout,3027,1117.1,1138.85,1014.0441806083584,1088.1955976695422,1088.9105,987.03235,1073.7402598625088,59.69608
contiguous_block_holdout,3028,1117.4,1127.54,1026.4921010721478,1089.334713275189,1133.6301,1076.743,1099.5853399027142,73.09324
contiguous_block_holdout,3029,1117.71,1137.54,1023.2974757813926,1100.2023374240334,1130.6886,1098.4159,1097.0376948976036,73.74022
contiguous_block_holdout,3030,1118.01,1176.7,1031.8990513808747,1087.3855300639361,1134.8124,1075.6621,1105.565532398941,73.66648
contiguous_block_holdout,3031,1118.32,1137.81,1042.849521650681,1149.3485862254724,1186.5367,1078.0503,1154.4113197463842,111.5618
contiguous_block_holdout,3032,1118.62,1154.64,1038.610061328236,1088.2012113293179,1150.1777,1081.3682,1112.9191967652478,74.309135
contiguous_block_holdout,3033,1118.93,1152.02,1060.734583971414,1137.1659369207805,1177.5073,1083.8394,1115.9652434562772,55.23066
contiguous_block_holdout,3034,1119.24,1092.58,995.5113825845676,1130.2145568326675,1160.2091,1003.5087,1128.928939347263,133.41756
contiguous_block_holdout,3035,1119.54,1098.65,997.2710659158554,1073.1295272094255,1110.2101,1005.32385,1072.701050962242,75.429985
contiguous_block_holdout,3036,1119.85,797.13,1001.1148159505044,1098.521292155557,1106.584,1004.7144,1064.809132814518,63.694317
contiguous_block_holdout,3037,1120.16,1113.61,995.9906305601465,849.5190842343274,880.7655,1112.1145,869.6966547300684,-126.293976
contiguous_block_holdout,3038,1120.46,1030.25,1002.7986167770922,1038.5413611215422,1095.685,1101.7948,1085.3068870407642,82.50827
contiguous_block_holdout,3039,1120.77,1162.22,1011.8469726549913,1051.7144347002184,1081.372,1095.0997,1049.2042304980089,37.357258
contiguous_block_holdout,3040,1121.08,1144.64,1008.4525493820441,1114.1034571554312,1122.3978,1010.56586,1106.3671611984505,97.91461
contiguous_block_holdout,3041,1121.39,1067.9,1007.4293739802439,1123.2289732524825,1141.5188,1018.7399,1126.6979057795602,119.26853
contiguous_block_holdout,3042,1121.69,1088.93,1008.0629690539778,1079.8994840510097,1090.848,1028.8617,1077.5152014148175,69.45223
contiguous_block_holdout,3043,1122.0,1103.06,1003.7628006055745,1054.9388460542502,1071.5653,1135.1306,1050.6401390149983,46.87734
contiguous_block_holdout,3044,1122.31,1099.13,1002.1166716738032,1099.7312353525147,1101.0446,1117.7632,1070.763209454565,68.64654
contiguous_block_holdout,3045,1122.62,1121.47,993.9451336247467,1102.1147684215373,1108.9453,1085.6982,1075.2573208195709,81.31219
contiguous_block_holdout,3046,1122.92,1134.92,997.2510020628763,1083.8292918695063,1111.912,1094.0717,1082.3265330687357,85.07553
contiguous_block_holdout,3047,1123.22,1175.94,1005.9506051685845,1083.8055518773658,1130.8379,1096.4144,1101.6171014454399,95.6665
contiguous_block_holdout,3048,1123.53,1133.61,996.1886402040137,1139.9535054356313,1162.1272,1104.2195,1142.381373968662,146.19273
contiguous_block_holdout,3049,1123.84,1197.73,998.0564277065542,1112.5420273285222,1147.1171,1111.6143,1117.277817477062,119.22139
contiguous_block_holdout,3050,1124.14,1145.95,1001.3605421760399,1148.3410839008495,1169.5405,1125.5581,1161.3378981330711,159.97736
contiguous_block_holdout,3051,1124.45,1152.78,1003.3558711342831,1136.0953690815136,1167.8616,1124.4137,1148.526769571783,145.1709
contiguous_block_holdout,3052,1124.76,1091.55,1020.7471921919597,1129.8621291870845,1166.3157,1103.179,1111.883529472233,91.13634
contiguous_block_holdout,3053,1125.07,1211.66,1010.7074631644897,1100.1612468152327,1117.8156,1105.8949,1090.4250458671263,79.71758
contiguous_block_holdout,3054,1125.37,1129.4,1023.0640142868345,1163.2744119556658,1181.4362,1106.2509,1141.0770529220886,118.01304
contiguous_block_holdout,3055,1125.68,1160.64,1023.0995625259969,1107.2993659452297,1147.9917,1095.0691,1117.0872639420127,93.9877
contiguous_block_holdout,3056,1125.98,1113.34,1021.0694359987507,1126.9849292010174,1156.3778,1111.2799,1104.9364785402545,83.86704
contiguous_block_holdout,3057,1126.29,1170.36,1021.2967482223032,1100.8440629761851,1131.9834,1106.7634,1106.7205839766978,85.423836
contiguous_block_holdout,3058,1126.59,1158.02,1024.8490197024814,1145.8638076817035,1167.9333,1106.2648,1148.0696236453525,123.220604
contiguous_block_holdout,3059,1126.9,1184.84,1024.0073817193697,1145.8949089576565,1170.6997,1102.2844,1128.597790044565,104.59041
contiguous_block_holdout,3060,1127.2,1147.53,1025.3942492992808,1149.4447851007196,1168.8326,1114.1841,1146.2848437817026,120.890594
contiguous_block_holdout,3061,1127.51,1160.64,1020.8387253244613,1132.246105032271,1162.1365,1130.9026,1125.4210007150864,104.582275
contiguous_block_holdout,3062,1127.81,1140.92,1027.0160762509045,1135.951797758377,1163.9457,1102.0026,1129.1869518002209,102.170876
contiguous_block_holdout,3063,1128.12,1168.56,1022.058829831328,1131.3795524955663,1158.3068,1109.0219,1121.7837138645311,99.724884
contiguous_block_holdout,3064,1128.42,1166.43,1034.1984984007772,1144.090440582358,1162.6991,1109.0704,1140.3064009276327,106.1079
contiguous_block_holdout,3065,1128.73,1155.67,1020.7378398512102,1146.7031479678444,1177.8181,1127.4539,1151.010010871718,130.27217
contiguous_block_holdout,3066,1129.04,835.47,1006.0861077542003,1138.7343303505259,1172.7672,1108.311,1143.2904992336926,137.20439
contiguous_block_holdout,3067,1129.34,1036.59,976.730452223946,906.5425221033173,974.78174,1096.9574,958.1447741233601,-18.585678
contiguous_block_holdout,3068,1129.65,843.67,972.6210841633615,1049.8267058229258,1033.8876,1089.1411,992.6841563679513,20.063072
contiguous_block_holdout,3069,1129.95,1013.7,1012.3631622903735,949.980161260627,947.2286,1095.0348,945.311671506682,-67.05149
contiguous_block_holdout,3070,1130.26,1153.33,1004.9562638412114,1045.2182528131013,1011.1203,1102.977,995.1140435348149,-9.84222
contiguous_block_holdout,3071,1130.57,1183.8,1002.906170126162,1114.0157882366912,1126.5297,1095.6248,1103.2594644987207,100.353294
contiguous_block_holdout,3072,1130.87,1052.59,989.0714462798303,1143.0923610768125,1178.7582,1096.4066,1145.5799912017053,156.50854
contiguous_block_holdout,3073,1131.18,1143.6,980.2649912070723,1067.4210368131548,1091.7706,1169.853,1051.3373331260177,71.07234
contiguous_block_holdout,3074,1131.48,1170.15,990.9029805370582,1106.3988514255914,1119.9762,1110.8635,1108.1549794384255,117.252
contiguous_block_holdout,3075,1131.79,1238.76,981.8483758967855,1142.8102475552425,1164.5602,1116.0101,1143.4638391536214,161.61546
contiguous_block_holdout,3076,1132.09,1185.87,995.608471562473,1230.7977030251595,1211.1981,1100.6641,1179.1869932909885,183.57852
contiguous_block_holdout,3077,1132.4,1155.95,1001.6500664394829,1158.192424670261,1193.2212,1097.3226,1173.769954745147,172.11989
contiguous_block_holdout,3078,1132.7,1151.47,995.3216419844758,1145.4084050866502,1177.8114,1113.4247,1137.6722279219757,142.35059
contiguous_block_holdout,3079,1133.01,1145.4,1008.7457776999083,1137.5732921882425,1180.8643,1098.9885,1139.8923536276427,131.14658
contiguous_block_holdout,3080,1133.32,1144.91,1010.3910621150807,1123.9382322737274,1155.3119,1106.255,1140.010996197112,129.61993
contiguous_block_holdout,3081,1133.62,1106.79,1008.319529458693,1118.9373416129192,1146.6387,1102.4928,1132.1397351471696,123.820206
contiguous_block_holdout,3082,1133.93,1238.2,1009.6613691704183,1100.4339392138913,1123.467,1099.9567,1101.293517913094,91.63215
contiguous_block_holdout,3083,1134.23,1239.24,1000.5387070533573,1207.6714005211652,1200.0596,1095.3309,1169.8925125953494,169.3538
contiguous_block_holdout,3084,1134.54,1199.59,1012.5945119758558,1247.3847545457745,1225.9718,1092.076,1199.1544790168714,186.55997
contiguous_block_holdout,3085,1134.84,1153.05,1006.8534524148887,1178.5501846439295,1204.1436,1099.4346,1193.122342795748,186.26889
contiguous_block_holdout,3086,1135.15,1156.98,1009.2425963201212,1138.4532843292718,1161.4746,1095.0697,1137.3676268376994,128.12503
contiguous_block_holdout,3087,1135.45,1127.26,1003.8436155273469,1131.6320784006762,1163.4117,1109.3694,1134.7553129150422,130.9117
contiguous_block_holdout,3088,1135.76,1143.81,1000.8341706892604,1099.8570052770995,1135.9056,1105.808,1106.8046830793971,105.97051
contiguous_block_holdout,3089,1136.07,1061.28,1011.5114286708238,1096.869042641963,1143.5381,1090.8293,1122.7015074061753,111.19008
contiguous_block_holdout,3090,1136.37,1113.89,1008.737647769923,1071.617781630138,1094.3191,1107.2058,1064.67882132339,55.941174
contiguous_block_holdout,3091,1136.67,1103.06,1009.1814882027999,1087.2395191501307,1098.3602,1096.6415,1084.4420549142255,75.26057
contiguous_block_holdout,3092,1136.98,1178.56,1004.6313073519684,1099.0963539435397,1103.4897,1099.9567,1069.6549203280426,65.02361
contiguous_block_holdout,3093,1137.29,1158.02,1002.2158924260922,1140.8458275863943,1168.0768,1106.3273,1150.9637409368343,148.74785
contiguous_block_holdout,3094,1137.59,1165.94,1011.2794595985068,1146.3843906213121,1171.005,1080.7823,1137.808283451046,126.528824
contiguous_block_holdout,3095,1137.9,1142.29,1006.4123238092951,1144.5641825118762,1167.2299,1119.1707,1145.035340166717,138.62302
contiguous_block_holdout,3096,1138.2,1099.41,1011.6007818826663,1131.6192379713775,1159.2306,1108.0188,1142.93275209751,131.33197
contiguous_block_holdout,3097,1138.52,1164.36,947.1107071034788,1032.3893348014155,1028.6753,1044.2124,1032.3926513783813,85.281944
contiguous_block_holdout,3098,1138.82,1299.22,998.2553904649711,1138.596363573355,1170.4532,1104.0222,1147.3719523546197,149.11656
contiguous_block_holdout,3099,1139.13,1268.2,999.3649458037962,1251.8848280291443,1253.498,1018.6344,1239.3584303008665,239.99348
contiguous_block_holdout,3100,1139.43,1250.55,995.106221162467,1252.1159480364142,1274.0115,1020.38965,1257.6843766800453,262.57816
contiguous_block_holdout,3101,1139.73,1263.99,999.9199228284197,1247.3708398711349,1247.8948,1098.9597,1214.268143653615,214.34822
contiguous_block_holdout,3102,1140.04,1260.54,1002.1849212250601,1249.3550747556278,1268.9796,1099.0536,1256.1896972260365,254.00478
contiguous_block_holdout,3103,1140.35,1173.25,993.4193645522756,1243.6578165104156,1251.8734,1025.6409,1239.559394459502,246.14003
contiguous_block_holdout,3104,1140.65,1149.88,988.8240682359644,1163.4208898498803,1198.0685,1026.8339,1173.3675252672144,184.54346
contiguous_block_holdout,3105,1140.96,1118.37,985.3399922120942,1145.8054618137307,1177.1146,994.7884,1128.8110462892428,143.47105
contiguous_block_holdout,3106,1141.26,1236.62,985.3712421143881,1107.084833231631,1118.5297,957.4283,1083.9574313844078,98.58619
contiguous_block_holdout,3107,1141.57,1282.4,993.6370354372727,1198.0965148445766,1196.5599,986.6948,1170.0018730837571,176.36484
contiguous_block_holdout,3108,1141.87,1237.93,995.1162632817982,1252.1414277268889,1247.4296,1010.9971,1246.276358496642,251.1601
contiguous_block_holdout,3109,1142.18,1253.72,990.4877845934698,1208.7273301677096,1222.8116,1011.34204,1179.7362892321416,189.2485
contiguous_block_holdout,3110,1142.49,1207.18,987.6153425102336,1252.7231055100478,1232.7905,1015.02734,1200.9919752006633,213.37663
contiguous_block_holdout,3111,1142.79,1144.91,986.7883980242789,1187.8287463811128,1209.9714,1039.5792,1176.6559822527945,189.86758
contiguous_block_holdout,3112,1143.1,1209.8,999.9261295716412,1139.6919450521007,1163.5397,1040.3046,1141.0245945374616,141.09846
contiguous_block_holdout,3113,1143.4,1273.16,991.0404892524939,1176.4257484948068,1188.0853,1035.3457,1161.8628464302283,170.82236
contiguous_block_holdout,3114,1143.71,1230.62,989.1279752647001,1255.4386532456106,1258.2959,1043.702,1242.786163130911,253.65819
contiguous_block_holdout,3115,1144.01,1201.94,990.708631369365,1209.9743849317806,1228.6897,1024.8313,1200.0055979220992,209.29697
contiguous_block_holdout,3116,1144.32,1231.65,991.6484227940332,1181.9948055995035,1201.2183,1025.0955,1176.7267156407129,185.0783
contiguous_block_holdout,3117,1144.63,1175.11,990.5347687470331,1210.9683025668783,1214.8799,1025.9906,1186.7701660859002,196.2354
contiguous_block_holdout,3118,1144.93,1209.59,993.9131440936189,1156.9850202738016,1185.2495,1047.6102,1163.847241383658,169.9341
contiguous_block_holdout,3119,1145.24,1160.43,1005.3925777539204,1180.823092502629,1205.0688,1008.51996,1177.2667385205218,171.87416
contiguous_block_holdout,3120,1145.54,1191.94,989.8138263686444,1140.835412520138,1167.3458,1008.0954,1132.8409717543866,143.02715
contiguous_block_holdout,3121,1145.85,1253.72,985.57991814762,1147.8730969821281,1169.2117,993.2497,1149.1220476642216,163.54213
contiguous_block_holdout,3122,1146.15,1161.74,993.0647150282297,1254.1058050640695,1231.4857,1042.0347,1208.024004579011,214.95929
contiguous_block_holdout,3123,1146.46,1252.96,989.0804224739188,1159.8288976301237,1182.7678,1022.7378,1146.5453730354423,157.46495
contiguous_block_holdout,3124,1146.77,1184.35,989.4858160326651,1254.223553235643,1218.6621,1012.87445,1191.459189445751,201.97337
contiguous_block_holdout,3125,1147.07,1202.21,994.879852650388,1165.511491520025,1202.7817,1025.4618,1183.9354861953097,189.05563
contiguous_block_holdout,3126,1147.38,1152.02,988.3346576869675,1171.5378173054844,1180.985,1028.924,1159.14972116353,170.81506
contiguous_block_holdout,3127,1147.68,1092.58,992.7165928822142,1147.7011280277623,1174.6187,1031.9202,1136.6336461048704,143.91705
contiguous_block_holdout,3128,1147.99,1236.62,989.5283710716781,1101.9235797207425,1116.2393,1038.8734,1077.6390201805648,88.11065
contiguous_block_holdout,3129,1148.75,649.1,789.5365647974163,1087.9686242796647,1079.0303,799.5643,913.7702302637249,124.233665
contiguous_block_holdout,3130,1149.08,664.61,754.4266140968155,625.2903014883577,729.44556,848.1887,627.8214962989639,-126.60512
contiguous_block_holdout,3131,1149.41,680.95,700.4868387520917,586.8865627953121,644.46204,806.37866,503.9919046700604,-196.49493
contiguous_block_holdout,3132,1149.74,723.22,877.7957844822752,747.3909245385737,770.37,757.4639,648.6079335301267,-229.18785
contiguous_block_holdout,3133,1150.05,743.49,1012.9550824257379,799.6941781427242,808.8089,953.0618,787.8656964394098,-225.08939
contiguous_block_holdout,3134,1150.35,787.41,1019.9692896483698,763.8847659802464,753.24664,955.356,774.4750574706354,-245.49423
contiguous_block_holdout,3135,1150.66,574.22,1013.9503696657291,791.2988484037833,796.9943,964.7828,802.2032230592838,-211.74715
contiguous_block_holdout,3136,1150.97,744.52,996.276738167645,660.5297027498079,634.95483,970.9177,652.2721300133481,-344.0046
contiguous_block_holdout,3137,1151.27,721.15,1015.2662508235801,763.2943346352603,730.37,955.4253,753.8859712825645,-261.38028
contiguous_block_holdout,3138,1151.58,624.69,1014.2780311961193,754.9908371391102,754.0085,959.7784,761.5487984080333,-252.72923
contiguous_block_holdout,3139,1151.88,751.14,1023.6972092053825,662.9643970168462,700.37396,971.5073,693.5444076917106,-330.1528
contiguous_block_holdout,3140,1152.19,773.21,998.8431875313439,766.5805157200799,760.3043,971.55444,762.7497579659142,-236.09343
contiguous_block_holdout,3141,1152.5,683.85,1029.3840317525194,759.3590085340467,767.9832,971.792,779.6981186665819,-249.68591
contiguous_block_holdout,3142,1152.8,735.08,994.6947660019781,734.4425322315507,741.2505,974.6807,716.3789395859625,-278.31583
contiguous_block_holdout,3143,1153.11,782.93,993.22242841396,765.5900955905918,732.61334,877.0683,731.50416669521,-261.71826
contiguous_block_holdout,3144,1153.42,796.03,998.6969975374126,774.2331038189898,756.45,955.24115,750.2888096712016,-248.40819
contiguous_block_holdout,3145,1153.72,644.13,1000.664854044709,796.0719025122623,801.0002,954.2841,800.59940909842,-200.06544
contiguous_block_holdout,3146,1154.03,753.97,985.1481504904132,711.6793918142035,700.3853,881.70404,661.9507322775225,-323.19742
contiguous_block_holdout,3147,1154.33,706.67,985.8290283155211,764.2765476435641,738.96014,878.70337,742.5556365918883,-243.27339
contiguous_block_holdout,3148,1154.64,714.8,1006.518660327328,750.7485463328636,745.1837,963.3091,731.2155902589686,-275.30307
contiguous_block_holdout,3149,1154.94,619.65,1000.6459624875016,755.6590092973797,742.9987,978.70624,725.3568389523454,-275.28912
contiguous_block_holdout,3150,1155.25,689.09,1010.5529129164232,648.8222820792478,665.5304,967.18164,643.8988906996263,-366.65402
contiguous_block_holdout,3151,1155.55,757.69,997.3114268297464,718.3044010154173,711.107,980.60175,692.2681223863871,-305.0433
contiguous_block_holdout,3152,1155.86,584.97,976.8752673733825,762.2989137419513,751.23004,896.1685,752.9708026517028,-223.90446
contiguous_block_holdout,3153,1156.17,931.72,879.2659241958744,616.3727724955963,708.0628,866.16003,627.689645509351,-251.57628
contiguous_block_holdout,3154,1156.47,785.0,974.0738687891595,906.0136806291971,886.4297,842.4203,884.9280023951166,-89.14587
contiguous_block_holdout,3155,1156.78,862.29,960.3392086718634,805.6363021015806,835.1104,854.8804,805.2746945117071,-155.06451
contiguous_block_holdout,3156,1157.08,719.29,1017.0290860954269,865.7763659820916,860.1102,980.06903,871.7138395133957,-145.31525
contiguous_block_holdout,3157,1157.39,758.73,935.3888602551182,771.8824216639816,791.5313,868.0433,759.6713919933994,-175.71747
contiguous_block_holdout,3158,1157.7,828.64,1024.3143269749519,743.8252849963831,783.33795,900.5256,822.9721944065925,-201.34213
contiguous_block_holdout,3159,1158.0,907.8,1046.0092802938339,859.6172542018795,903.31274,1098.6603,916.9804717000839,-129.02881
contiguous_block_holdout,3160,1158.31,916.69,1046.4696593136453,904.8666748409563,952.37805,1095.8284,953.9698958248757,-92.49976
contiguous_block_holdout,3161,1158.61,856.29,1042.0494478683138,912.1594956577871,952.61816,1068.3541,938.3337725143099,-103.715675
contiguous_block_holdout,3162,1158.92,851.26,1053.6228776858552,887.654438149139,934.6025,1098.9146,936.341452209781,-117.281425
contiguous_block_holdout,3163,1159.22,850.22,1056.8632000008024,869.8266302402218,903.7443,1098.1958,910.6402538338102,-146.22295
contiguous_block_holdout,3164,1159.53,850.98,1028.4947363265749,845.8049605657089,900.7737,1003.54224,887.0296636947389,-141.46507
contiguous_block_holdout,3165,1159.83,994.81,1040.4154460375348,938.7602744330377,939.0592,1099.9211,941.5810267870465,-98.83442
contiguous_block_holdout,3166,1160.14,1123.89,1058.1112047467245,1031.1804161114283,1030.0002,1083.6975,1025.6407266888632,-32.470478
contiguous_block_holdout,3167,1160.44,1098.65,1052.6309421797964,1077.0991214302264,1102.1246,1072.7828,1075.2184150954458,22.587473
contiguous_block_holdout,3168,1160.75,1174.08,1050.9732487347442,1062.2496059093558,1092.5884,1071.389,1070.6929466870147,19.719698
contiguous_block_holdout,3169,1161.06,1094.65,1049.8304209707728,1131.4997325318843,1171.058,1100.1069,1162.1722407339564,112.34182
contiguous_block_holdout,3170,1161.37,1088.93,1042.8142193657645,1077.8164042745093,1102.8743,1073.4426,1071.0622605187186,28.248041
contiguous_block_holdout,3171,1161.68,1103.89,1027.0933056309595,1093.6159813680695,1106.6975,1049.7096,1086.675230069436,59.581924
contiguous_block_holdout,3172,1161.98,1093.62,1036.7916097313612,1073.7729867661326,1085.1503,1072.7555,1062.0613660484998,25.269756
contiguous_block_holdout,3173,1162.29,1011.63,990.6232066079292,1133.1835379756126,1101.5989,997.7286,1069.9673762246284,79.34417
contiguous_block_holdout,3174,1162.59,1000.81,1010.0420234246242,1023.5269097414758,1045.2352,1058.4193,1016.6140711350429,6.5720477
contiguous_block_holdout,3175,1162.9,1146.5,1010.1195131081794,1016.3843352445314,1018.3868,1077.3397,1000.1645160454963,-9.954997
contiguous_block_holdout,3176,1163.21,955.65,1016.9787813802955,1097.9959661384166,1188.452,1003.9114,1135.6415774008033,118.662796
contiguous_block_holdout,3177,1163.51,1068.1,1011.8453662510178,1023.4061335281459,1083.1819,1001.45056,1039.8978335972092,28.052467
contiguous_block_holdout,3178,1163.82,1076.03,1015.9947408593071,1042.8325385056296,1114.7784,995.2017,1079.7222913658989,63.72755
contiguous_block_holdout,3179,1164.12,1026.04,976.46011919905,1097.985871881173,1162.9711,906.0418,1089.752958249343,113.29284
contiguous_block_holdout,3180,1164.43,1025.29,976.9264837079951,1030.2867600891716,1126.803,892.7597,1052.4585424238153,75.53206
contiguous_block_holdout,3181,1164.73,1071.83,1007.5681810999528,1015.2534720190065,1101.4901,1008.1316,1048.1066256189956,40.538445
contiguous_block_holdout,3182,1165.04,994.53,981.2729409861629,1085.0010998611513,1148.1425,889.3856,1079.5512155222957,98.278275
contiguous_block_holdout,3183,1165.34,1108.85,1004.9216984425595,1026.2741726291158,1103.1616,998.35956,1043.7810963307431,38.859398
contiguous_block_holdout,3184,1165.65,848.91,1052.7791493382135,1030.2877238971444,1081.0653,992.542,1043.8935521092096,-8.885597
contiguous_block_holdout,3185,1165.96,800.23,1057.1675712927938,909.8119654893027,911.8857,1018.24335,916.6155235633016,-140.55205
contiguous_block_holdout,3186,1166.26,908.83,1041.072606127263,788.9615114031022,841.99756,1019.6409,867.4746141839037,-173.59799
contiguous_block_holdout,3187,1166.57,842.57,1048.3369316095607,898.0765248987094,924.06067,1086.2659,927.0206626886622,-121.31627
contiguous_block_holdout,3188,1166.87,820.78,1060.394592900032,882.5435913107909,904.01044,1007.96844,908.936096806282,-151.4585
contiguous_block_holdout,3189,1167.17,775.55,1056.9720530355005,838.5362198305254,847.3321,1008.9546,865.5836863362817,-191.38837
contiguous_block_holdout,3190,1167.48,862.29,1048.4682448580013,764.7231287959681,778.9366,1022.27234,810.9089034273372,-237.55934
contiguous_block_holdout,3191,1167.88,808.16,995.2860903813978,926.7568742233929,923.4301,889.4146,932.259582050099,-63.02651
contiguous_block_holdout,3192,1168.18,973.78,691.0206955745882,887.4192724380961,851.90894,906.4946,889.5014084652132,198.48071
contiguous_block_holdout,3193,1168.49,867.53,914.3925836400375,973.2815137145196,950.8924,858.83234,951.3736207799301,36.981037
contiguous_block_holdout,3194,1168.79,852.29,933.8502036571717,907.209158063297,906.96875,869.14246,884.9933043956971,-48.8569
contiguous_block_holdout,3195,1169.1,911.45,922.4816527911294,923.3974902170751,879.7302,865.3959,833.376596028434,-89.10506
contiguous_block_holdout,3196,1169.4,1001.09,1030.7519438842257,916.697141354855,880.7819,862.073,903.7632735351046,-126.98867
contiguous_block_holdout,3197,1169.71,899.87,1147.5167147814607,1007.1452832825112,972.2766,858.6846,963.0340487658357,-184.48267
contiguous_block_holdout,3198,1170.01,873.6,1135.4731817387164,962.7065957792813,941.22644,847.7911,908.5465154789508,-226.92667
contiguous_block_holdout,3199,1170.32,889.94,1047.202613625153,900.4786635445835,868.0327,874.8903,881.2620618673404,-165.94055
contiguous_block_holdout,3200,1170.62,859.94,1067.1430308854515,903.7902989723235,877.3782,861.36383,886.986902955764,-180.15613
contiguous_block_holdout,3201,1170.93,918.28,938.5535949655472,896.1611276596852,844.6035,869.07776,836.1559966989456,-102.3976
contiguous_block_holdout,3202,1171.23,866.01,1008.6160370723292,894.187703809671,904.4738,833.38043,891.0024048701807,-117.61363
contiguous_block_holdout,3203,1171.54,715.08,1017.0259380194705,898.6085530593165,893.3068,847.94086,898.4766750189822,-118.54926
contiguous_block_holdout,3204,1171.84,794.24,1039.6110078869444,767.9938720562567,793.2466,940.3983,778.9202730236632,-260.69073
contiguous_block_holdout,3205,1172.15,736.39,1009.6527700718423,817.4773889140064,801.21674,863.56976,810.5835867222329,-199.06918
contiguous_block_holdout,3206,1172.45,804.72,992.5707817870119,766.9190871590614,774.8755,886.7346,769.2923851805666,-223.2784
contiguous_block_holdout,3207,1172.76,899.66,1010.969791014573,827.8336873302478,790.4368,906.9944,813.4490695790262,-197.52072
contiguous_block_holdout,3208,1173.07,844.15,835.1704279265116,980.5121438938233,931.34814,931.21265,912.9322000822733,77.76177
contiguous_block_holdout,3209,1173.38,730.32,974.8049937895198,904.6346755851611,889.37933,891.2165,886.8326503446956,-87.97234
contiguous_block_holdout,3210,1173.68,826.3,868.3205957105806,779.9132341917891,799.2759,915.69104,747.4082727125337,-120.91232
contiguous_block_holdout,3211,1173.99,931.72,1001.0547038027844,860.3803810234964,822.7133,1011.53973,842.7303324648938,-158.32437
contiguous_block_holdout,3212,1174.29,689.84,965.9243196447841,936.9749724728136,936.8324,868.9441,898.335910220956,-67.58841
contiguous_block_holdout,3213,1174.6,775.83,987.3322343218383,737.2686448840698,725.861,848.0856,701.0092057573852,-286.32303
contiguous_block_holdout,3214,1174.9,783.96,951.4347180525488,772.5585772307384,767.2178,851.9954,747.0236157576269,-204.4111
contiguous_block_holdout,3215,1175.21,880.15,886.5718191913269,790.1381665445473,819.51337,854.6218,773.5733603290222,-112.99846
contiguous_block_holdout,3216,1175.51,777.89,814.0661693279728,903.7832964312728,884.8129,907.05316,853.20830494809,39.142136
contiguous_block_holdout,3217,1175.82,771.9,999.7136394440423,788.9630398129876,801.0719,839.7798,796.4909831940423,-203.22266
contiguous_block_holdout,3218,1176.13,853.39,940.2347930636208,773.7047562964731,781.9061,861.9757,757.466772433738,-182.76802
contiguous_block_holdout,3219,1176.43,743.21,924.0286588634399,876.3900029067239,858.86646,852.70233,822.8537168468383,-101.17494
contiguous_block_holdout,3220,1176.74,739.56,1008.6918280772778,775.3145286802082,791.24347,970.562,798.0017493419263,-210.69008
contiguous_block_holdout,3221,1177.05,999.78,1027.6551076325172,764.0755362031142,754.47516,976.2671,772.102083340525,-255.55302
contiguous_block_holdout,3222,1177.35,926.96,1078.3106495373424,1037.0229606535015,1005.0236,1005.82825,997.728137635487,-80.58251
contiguous_block_holdout,3223,1177.66,972.2,1075.7484115450375,997.4912891278811,1001.96747,1026.225,996.6646636812679,-79.08375
contiguous_block_holdout,3224,1177.96,798.92,1055.9269591246618,957.3836293463422,964.3348,976.9073,965.4188948546423,-90.508064
contiguous_block_holdout,3225,1178.27,919.1,1060.9341622505153,847.9559886575231,878.02905,981.5708,894.3638344917263,-166.57033
contiguous_block_holdout,3226,1178.57,839.47,1054.4105599595982,908.2585108197675,914.7306,997.5247,922.922950096317,-131.48761
contiguous_block_holdout,3227,1178.88,862.29,1044.18577352066,882.5640216036085,890.7675,1006.0427,908.2846809913631,-135.9011
contiguous_block_holdout,3228,1179.18,932.48,1046.6118755859343,867.856478301902,871.2243,1005.4181,890.9971600097624,-155.61472
contiguous_block_holdout,3229,1179.49,925.38,1054.0536930466524,936.0156067660466,954.7889,1038.7327,952.4042637253633,-101.64943
contiguous_block_holdout,3230,1179.79,903.87,1044.459971244533,922.674455272678,949.4719,1047.4303,948.5387752606464,-95.921196
contiguous_block_holdout,3231,1180.1,796.3,1049.0763649374283,909.6232956742348,930.25916,1033.9447,940.8069557577408,-108.26941
contiguous_block_holdout,3232,1180.41,861.53,1064.04574178673,832.5899311623742,850.78906,1022.8634,872.3841359517692,-191.6616
contiguous_block_holdout,3233,1180.71,883.87,1066.4304303706178,864.8446010303791,865.5515,999.3463,891.7440137446413,-174.68642
contiguous_block_holdout,3234,1181.01,881.53,1034.324281168595,945.9180001871674,935.96204,1001.56195,939.954766703263,-94.369514
contiguous_block_holdout,3235,1181.32,863.87,781.534114966134,950.6419658808911,971.1973,862.3055,1012.704280981759,231.17017
contiguous_block_holdout,3236,1181.62,805.27,901.8519714806868,873.8508936748068,945.06067,830.1384,869.7489403222395,-32.10303
contiguous_block_holdout,3237,1181.94,738.25,967.9677626044124,833.7006573447879,929.3672,847.1328,879.4111372382015,-88.556625
contiguous_block_holdout,3238,1182.24,1028.46,731.50986148523,767.493389025823,866.0107,895.28705,817.9547238509526,86.44486
contiguous_block_holdout,3239,1182.55,852.84,217.83844759313968,1016.1583710375727,1087.7115,879.9983,552.0981521829834,334.2597
contiguous_block_holdout,3240,1182.85,995.09,998.8576214172497,890.6303628714383,1011.6936,894.6615,950.404198870863,-48.453423
contiguous_block_holdout,3241,1183.16,882.01,1059.270623702788,1037.8100365095816,1084.7303,996.1418,1007.3409743497607,-51.92965
contiguous_block_holdout,3242,1183.47,823.95,1050.4805985879807,911.6911066488669,1008.6605,1004.21234,982.7751313638596,-67.70547
contiguous_block_holdout,3243,1183.77,846.5,1056.6064412323378,882.6707864597433,987.12915,1016.8869,979.7783086029433,-76.82813
contiguous_block_holdout,3244,1184.07,861.53,1045.19973429093,870.8748570699825,963.16,999.9346,950.7271085585082,-94.472626
contiguous_block_holdout,3245,1184.38,785.82,1046.3229445207728,876.9579393408414,951.5773,1001.4556,933.8573149431361,-112.46563
contiguous_block_holdout,3246,1184.69,916.21,1054.4804992402564,788.8499916381489,915.5775,1014.06635,901.9175414765846,-152.56296
contiguous_block_holdout,3247,1184.99,779.0,1004.7667548198683,963.4705246229097,1037.121,995.62476,974.8607127208693,-29.906042
contiguous_block_holdout,3248,1185.3,878.35,1067.7172118911114,781.0753186920546,898.81946,987.3888,875.7411834487286,-191.97603
contiguous_block_holdout,3249,1185.6,951.44,1062.7623112550955,863.4453988076456,976.17914,1003.3931,949.7076542726736,-113.05466
contiguous_block_holdout,3250,1185.91,972.47,1073.205005937281,1032.0450736779483,1099.6482,989.04114,1051.807955079737,-21.39705
contiguous_block_holdout,3251,1186.21,845.74,1074.6015171862718,962.4599569697251,1049.9052,981.44116,1012.7088627673265,-61.892654
contiguous_block_holdout,3252,1186.52,784.79,1057.4527786124347,907.4276988751715,998.256,985.80035,964.2623031485675,-93.190475
contiguous_block_holdout,3253,1186.83,747.42,1059.632814299911,794.4221739107364,939.52423,1039.7386,898.5916918633875,-161.04112
contiguous_block_holdout,3254,1187.14,910.69,1082.332637686594,766.6312209647076,850.51184,998.6715,842.6011465977267,-239.73149
contiguous_block_holdout,3255,1187.44,865.18,1078.2561993189402,895.0665274490067,983.66876,1025.6836,965.6555981226511,-112.6006
contiguous_block_holdout,3256,1187.75,980.33,1077.8199501305946,889.8368580431916,969.48145,999.1208,958.6672554284462,-119.152695
contiguous_block_holdout,3257,1188.05,816.85,1068.6593809076633,993.8336482450657,1059.7666,990.16833,1022.8974447199191,-45.761936
contiguous_block_holdout,3258,1188.36,961.16,1051.2735580344977,853.3607912733131,963.06506,987.1984,936.4212783714117,-114.85228
contiguous_block_holdout,3259,1188.67,892.56,1061.0877934388354,956.1189670493203,1028.621,985.7336,989.4810048035815,-71.60679
contiguous_block_holdout,3260,1188.97,952.2,1067.464631918898,928.1536651422604,1027.7244,1003.1255,998.3376177587418,-69.127014
contiguous_block_holdout,3261,1189.27,730.87,1075.2864693064464,981.582849684449,1058.0242,1006.8019,1014.2717178721202,-61.01475
contiguous_block_holdout,3262,1189.58,781.34,1049.9027674230563,784.8699413840003,882.1874,996.00323,881.471050504111,-168.43172
contiguous_block_holdout,3263,1189.88,898.56,1057.9477322562475,769.2121495995807,838.8065,970.49347,824.8753140433569,-233.07242
contiguous_block_holdout,3264,1190.19,939.58,1043.3517904491564,910.1752730675189,1007.59204,989.2044,972.0869131298205,-71.26488
contiguous_block_holdout,3265,1190.5,885.18,1055.0764698596026,912.7635288054161,1013.2685,964.2417,978.7405171008136,-76.33595
contiguous_block_holdout,3266,1190.8,925.38,1042.6227173752252,948.1845468940185,1040.688,990.7025,995.1431603378717,-47.479557
contiguous_block_holdout,3267,1191.11,888.83,1045.009513211622,914.1469644365274,999.4527,979.8252,971.6636346105479,-73.34588
contiguous_block_holdout,3268,1191.41,860.5,1022.8437959226479,951.9744621648825,1033.4198,992.65063,992.5848237546792,-30.258972
contiguous_block_holdout,3269,1191.72,840.98,1034.4851259973257,879.0573131351653,957.5979,979.46326,930.436748006603,-104.04838
contiguous_block_holdout,3270,1192.02,895.66,1043.6152552901356,870.362378650044,967.39716,990.215,944.869153910741,-98.7461
contiguous_block_holdout,3271,1192.33,1031.08,1063.6067128748407,883.5725190534124,997.001,995.873,965.5194249720087,-98.08729
contiguous_block_holdout,3272,1192.63,837.33,1025.9809030655153,1060.6803313870444,1114.8625,955.709,1066.5492624405153,40.56836
contiguous_block_holdout,3273,1192.94,917.24,1054.39137810806,910.9365920059862,986.36444,967.36414,955.6698662672397,-98.72151
contiguous_block_holdout,3274,1193.24,761.07,1052.4826779543826,914.3780479457384,1010.4259,989.95734,977.3110089480349,-75.17167
contiguous_block_holdout,3275,1193.55,875.73,1047.3007292684304,782.472601539352,894.62854,988.853,877.6556029256569,-169.64513
contiguous_block_holdout,3276,1193.86,1097.55,1077.176179210794,854.9234217561875,966.18414,991.0534,936.1253216668488,-141.05086
contiguous_block_holdout,3277,1194.16,998.46,1103.2424227503582,1090.973013547052,1169.9595,1029.2097,1079.4587885645672,-23.783634
contiguous_block_holdout,3278,1194.47,975.57,1062.7607215747648,1048.519596327787,1132.686,1018.7378,1072.8656705722624,10.104949
contiguous_block_holdout,3279,1194.77,1368.31,1070.872487650293,1049.9222603918627,1129.1836,956.3905,1071.4475484947143,0.57506084
contiguous_block_holdout,3280,1195.08,1500.28,1082.4910931683319,1244.3211216391267,1367.3168,1021.1542,1281.6362652874725,199.14517
contiguous_block_holdout,3281,1195.38,1059.21,1089.4567271895744,1247.5694163948576,1397.4076,1011.08923,1355.7199413009025,266.2632
contiguous_block_holdout,3282,1195.69,1214.83,1087.7960402174945,1105.9520666976646,1206.8503,1029.671,1162.74809710226,74.95206
contiguous_block_holdout,3283,1195.99,996.4,1088.0225110301496,1158.6371121049658,1241.3477,996.14636,1177.4737210521223,89.45121
contiguous_block_holdout,3284,1196.3,919.59,1070.1699294269258,1024.2562553970263,1094.6138,1019.88684,1050.725934904831,-19.443995
contiguous_block_holdout,3285,1196.6,995.29,1066.7551262651596,963.2814590279381,1049.9362,1017.27997,1014.2618897234115,-52.493237
contiguous_block_holdout,3286,1196.92,1047.07,1079.335842746944,1056.2420790116203,1154.7776,1035.6595,1116.2971006815144,36.961258
contiguous_block_holdout,3287,1197.22,1139.88,1076.4263910827267,1049.3278705093194,1131.1896,1077.2585,1071.1860332069027,-5.240358
contiguous_block_holdout,3288,1197.53,1034.73,1070.992081830264,1040.6222193521926,1193.3616,1091.6818,1087.971781918765,16.9797
contiguous_block_holdout,3289,1197.84,1098.65,1089.8014990128052,1111.4260192233598,1180.6222,1067.5966,1132.656620625354,42.85512
contiguous_block_holdout,3290,1198.14,1077.62,1070.5673519099564,1100.7953642155285,1175.0818,1035.0922,1106.3379856074662,35.770634
contiguous_block_holdout,3291,1198.45,1454.02,1073.8375902582904,1036.410837602587,1153.0813,1010.2505,1089.0539770533344,15.216387
contiguous_block_holdout,3292,1198.76,1440.92,1058.5274666478917,1307.568232280919,1473.1621,1035.503,1409.1527413060949,350.62527
contiguous_block_holdout,3293,1199.06,844.98,1036.8802254663606,1334.1238335655128,1484.924,1078.4547,1408.201117800345,371.3209
contiguous_block_holdout,3294,1199.37,920.9,1053.3671217580097,911.5983459983706,1028.7797,1012.56445,1011.7630873341816,-41.604034
contiguous_block_holdout,3295,1199.67,966.13,1055.748271218049,918.6458509776116,1015.38544,1014.9992,990.5556824118967,-65.19259
contiguous_block_holdout,3296,1199.98,1026.04,1057.3055135217282,1033.1235613126496,1109.6116,1076.1508,1036.7680665460202,-20.537447
contiguous_block_holdout,3297,1200.29,903.04,1048.8985818934864,1026.0582340245076,1115.7694,1068.8889,1061.498533637566,12.599952
contiguous_block_holdout,3298,1200.59,961.92,1071.0465243832239,949.8624563326237,1063.417,1050.0044,1004.2231524960168,-66.82337
contiguous_block_holdout,3299,1200.9,1148.02,1039.099532408745,952.1987954787139,1036.511,990.8263,997.7913697195361,-41.308163
contiguous_block_holdout,3300,1201.2,943.24,1013.7952678340346,1091.3432585534752,1233.245,1079.6499,1153.0476024287611,139.25233
contiguous_block_holdout,3301,1201.51,877.8,1018.8241183770575,991.9426371754872,1072.5217,1059.3876,1025.294117690412,6.4699993
contiguous_block_holdout,3302,1201.82,859.39,1013.0607873059373,936.6037330314504,1036.3279,1093.8788,975.6964493847947,-37.364338
contiguous_block_holdout,3303,1202.12,932.48,1002.5730378199592,916.6799794393652,1014.74695,1061.3542,954.1439911890998,-48.429047
contiguous_block_holdout,3304,1202.43,938.55,1023.3477632822721,890.4219966989946,1027.3713,1156.8057,963.2587129893034,-60.08905
contiguous_block_holdout,3305,1202.73,996.12,1019.6374934722367,933.6966330120046,1033.5347,1177.0012,980.6340030242386,-39.00349
contiguous_block_holdout,3306,1203.04,877.04,1011.1387160885006,1018.7848829672699,1090.0093,1088.9613,1043.4787849056393,32.34007
contiguous_block_holdout,3307,1203.35,950.89,1009.9005998360541,912.8684423244616,1024.4584,1074.1448,968.2507547127631,-41.649845
contiguous_block_holdout,3308,1203.65,964.82,1000.5354554266135,972.1001272541112,1041.7931,1084.8331,1002.4969879001776,1.9615325
contiguous_block_holdout,3309,1203.96,809.75,1000.6372967192463,968.277073172588,1052.0135,1072.2898,995.0767398306659,-5.560557
contiguous_block_holdout,3310,1204.26,939.86,1005.565324305373,843.7442562458115,927.55493,1095.573,876.9852309215839,-128.5801
contiguous_block_holdout,3311,1204.57,899.11,1004.3391836154808,933.444477555087,1006.58545,1103.7415,953.0624769199242,-51.276707
contiguous_block_holdout,3312,1204.87,958.27,1009.7395033370933,951.0949761209815,1034.6138,1093.2678,982.9058126937828,-26.83369
contiguous_block_holdout,3313,1205.18,990.33,1011.1819041677659,963.4821453598772,1039.3916,1077.8015,1003.4511540838425,-7.73075
contiguous_block_holdout,3314,1205.49,1000.33,1011.2731948886668,1011.7826790403326,1076.8195,1095.6368,1011.4507612679755,0.17756638
contiguous_block_holdout,3315,1205.79,1012.67,1014.4430140518198,1041.2283784404565,1106.8744,1092.3569,1050.2168025039682,35.77379
contiguous_block_holdout,3316,1206.1,1016.12,1025.93470724283,1019.2137069457089,1093.0396,1074.8193,1042.9114967173173,16.97679
contiguous_block_holdout,3317,1206.4,982.47,997.098544087777,1045.4188725383367,1045.3469,1070.169,1005.43284508265,8.334301
contiguous_block_holdout,3318,1206.71,1020.8,1002.2087693891102,991.7931922104922,997.72894,1060.9468,978.2313276013905,-23.977442
contiguous_block_holdout,3319,1207.02,1011.63,1004.1730395789793,1023.617907604919,1030.816,1075.7223,996.3226896758727,-7.85035
contiguous_block_holdout,3320,1207.32,1429.33,991.098624796507,1039.9068448076212,1120.2599,1079.9849,1048.1905742593976,57.09195
contiguous_block_holdout,3321,1207.63,1176.7,970.1227591175036,1237.291896564766,1321.2689,996.4457,1255.4732229846911,285.35046
contiguous_block_holdout,3322,1207.93,1010.53,992.5022209196222,1167.5440798321833,1206.0906,1149.6079,1157.307366183294,164.80515
contiguous_block_holdout,3323,1208.24,1068.66,994.0897416832239,1049.4015524203735,1060.5452,1153.82,1024.1374025108607,30.04766
contiguous_block_holdout,3324,1208.54,911.73,989.5215307366357,1046.1269886764817,1057.1833,1165.0504,1030.0390020501122,40.51747
contiguous_block_holdout,3325,1208.85,931.72,989.9855188337247,949.0272161689255,977.8604,1153.9316,934.7595170942227,-55.226
contiguous_block_holdout,3326,1209.16,1072.86,989.8823971073969,925.285918620637,959.13617,1177.3285,926.841053418432,-63.041344
contiguous_block_holdout,3327,1209.46,1200.9,982.0929160186488,1038.3936468845527,1058.6339,1155.8347,1008.6185164519984,26.5256
contiguous_block_holdout,3328,1209.77,1048.18,982.5562952815787,1148.9904900979082,1161.3196,1160.892,1125.1185511409537,142.56226
contiguous_block_holdout,3329,1210.07,766.38,975.4840039602283,1055.2838258540983,1074.9507,1160.3613,1018.6981801382068,43.214176
contiguous_block_holdout,3330,1210.38,961.92,990.5292945358578,779.9262060113056,827.8596,1178.3522,814.4442115280453,-176.08508
contiguous_block_holdout,3331,1210.68,1532.62,991.0517903195946,1036.201284152861,1082.4514,1163.5376,1014.5035534726708,23.451763
contiguous_block_holdout,3332,1210.99,1117.27,960.4100246957432,1234.782976460253,1437.6082,956.276,1337.8720608285557,377.46204
contiguous_block_holdout,3333,1211.3,930.41,976.8761919757865,1108.9417782314763,1230.2987,1067.8151,1143.8142412921927,166.93805
contiguous_block_holdout,3334,1211.6,1104.92,992.1145413881741,1025.0556466983292,1061.2976,1090.4269,1028.4713376528225,36.356796
contiguous_block_holdout,3335,1211.9,1248.48,969.9403269884871,1034.6790787144928,1129.4065,1086.1592,1022.4766467211531,52.53632
contiguous_block_holdout,3336,1212.21,1140.16,940.907228969167,1188.4910611677647,1254.212,1012.363,1152.0967583881124,211.18953
contiguous_block_holdout,3337,1212.51,921.45,949.4915469461113,1122.30719429111,1235.1257,1013.4891,1153.588424997869,204.09688
contiguous_block_holdout,3338,1212.89,1247.17,931.1296816544047,962.2273157012714,1028.815,991.56836,964.9746599869243,33.84498
contiguous_block_holdout,3339,1213.81,1074.72,995.4638226139979,1189.9552858272,1190.7192,1108.1213,1182.2987835514978,186.83496
contiguous_block_holdout,3340,1214.11,819.19,990.3904420523414,1048.9752426903854,1179.2665,1169.054,1095.6144258169898,105.22398
contiguous_block_holdout,3341,1214.43,551.6,1009.8767754839135,891.5566092549441,1012.64325,1178.1854,949.3016259477807,-60.57515
contiguous_block_holdout,3342,1214.73,1004.81,1006.595420129389,660.0064123944909,730.3172,1174.231,709.7248451782172,-296.87057
contiguous_block_holdout,3343,1215.04,834.43,1008.0594157829913,1039.8115865051418,1080.393,1158.4155,1032.319417919222,24.260002
contiguous_block_holdout,3344,1215.34,800.03,995.0856533937632,902.210280375766,1006.8172,1157.6841,924.8113308839976,-70.27432
contiguous_block_holdout,3345,1215.65,794.24,1002.478024845783,795.1750394816822,924.3979,1096.6691,875.2384771162908,-127.23955
contiguous_block_holdout,3346,1215.95,773.69,996.5579644931504,776.271038758642,887.7437,1066.6497,835.2076837314316,-161.35028
contiguous_block_holdout,3347,1216.26,1071.28,1002.4337547456764,754.3209750239143,866.90936,1092.4668,828.4946525728249,-173.9391
contiguous_block_holdout,3348,1216.57,794.72,994.9611605375457,1084.1192481206606,1171.8322,1115.3949,1109.418268081491,114.45711
contiguous_block_holdout,3349,1216.87,716.94,997.5363991422737,843.2620518117424,927.6673,1097.1152,873.0622933073128,-124.474106
contiguous_block_holdout,3350,1217.17,651.99,999.768377726316,741.9734328104057,861.73755,1098.9287,813.184896891355,-186.58348
contiguous_block_holdout,3351,1217.48,747.97,1002.0440546865887,679.8542677003039,806.0436,1100.8636,746.9104182119793,-255.13364
contiguous_block_holdout,3352,1217.78,716.39,1010.1573949120294,750.8652988300131,830.5414,1081.2904,799.7566991112482,-210.4007
contiguous_block_holdout,3353,1218.09,743.76,1002.5067732807879,737.2558728642147,840.68677,1088.9346,789.4674208637957,-213.03935
contiguous_block_holdout,3354,1218.4,961.92,990.3368663209625,764.312703331297,852.2957,979.54517,837.180509509439,-153.15636
contiguous_block_holdout,3355,1218.7,714.05,1001.8853147296605,972.0131616659736,1015.64923,1074.6971,959.8724134235082,-42.0129
contiguous_block_holdout,3356,1219.01,689.57,1003.5295654679201,749.2724109643049,859.482,1096.4471,814.9970032120607,-188.53256
contiguous_block_holdout,3357,1219.32,720.87,1001.1001959230124,694.2639377004984,812.5201,1100.683,749.321524658364,-251.77867
contiguous_block_holdout,3358,1219.62,717.98,1048.5528997739755,766.0185068830366,868.1232,994.8226,827.8204168638192,-220.73248
contiguous_block_holdout,3359,1219.93,787.41,1044.5577288224376,755.3382265139743,829.46014,1004.4983,808.1221972062267,-236.43553
contiguous_block_holdout,3360,1220.23,745.83,1040.9106241048014,792.1578247091003,884.4238,1013.632,869.9630533040201,-170.94757
contiguous_block_holdout,3361,1220.54,829.47,1049.5435117759032,766.288587297236,856.3953,1017.00464,852.6634458579344,-196.88007
contiguous_block_holdout,3362,1220.84,923.59,1018.8498131080131,890.4808182861691,951.9249,888.5037,935.1737190528373,-83.676094
contiguous_block_holdout,3363,1221.15,802.37,1034.306324872557,908.075485282108,991.1445,981.6374,956.3907059760727,-77.91562
contiguous_block_holdout,3364,1221.46,849.4,1012.7829857846909,846.0583928518611,937.52246,887.9199,897.0776635190659,-115.70532
contiguous_block_holdout,3365,1221.77,848.09,1018.6055081861115,868.9842222699779,936.2796,949.8648,912.9152387158966,-105.69027
contiguous_block_holdout,3366,1222.07,867.53,1024.7146374026022,867.5143542000219,944.8844,986.2805,921.8102642336569,-102.90437
contiguous_block_holdout,3367,1222.38,850.71,1009.5374345922361,867.5161991793154,962.5481,882.2851,938.4118852758298,-71.12555
contiguous_block_holdout,3368,1222.68,852.29,1018.1234948474679,869.0758355456674,952.2433,954.34503,921.3422219592843,-96.78127
contiguous_block_holdout,3369,1222.99,764.52,1019.9969956224033,868.1547100678272,946.66675,957.59766,918.0346619432041,-101.96233
contiguous_block_holdout,3370,1223.41,518.99,1028.365103714361,766.1128327199315,865.08484,1039.1744,848.6764287876033,-179.68867
contiguous_block_holdout,3371,1223.82,653.85,972.2743236338554,648.2711590243467,696.2531,1020.212,683.844788721746,-288.42953
contiguous_block_holdout,3372,1224.17,591.04,998.8575747068992,669.235813586587,774.6452,997.4397,686.8027041014304,-312.05487
contiguous_block_holdout,3373,1224.48,776.86,1010.83131226974,625.472902699321,766.5382,1060.7935,706.4654065080213,-304.3659
contiguous_block_holdout,3374,1224.79,782.38,1037.898781773552,803.9240244690217,862.64136,1023.8891,844.1047296495285,-193.79405
contiguous_block_holdout,3375,1225.1,750.87,1021.1196545445936,773.6211297833744,855.4755,1030.6797,854.2621868932264,-166.85747
contiguous_block_holdout,3376,1225.41,757.97,1004.3344343463401,765.792131153617,853.09656,913.88434,839.6998518268089,-164.63458
contiguous_block_holdout,3377,1225.71,966.68,1027.7558084754482,764.1117395671034,844.40674,1001.27625,843.6376138953701,-184.1182
contiguous_block_holdout,3378,1226.02,752.45,917.4593748964627,1034.531623149448,1075.5475,909.1854,1017.4050764955838,99.9457
contiguous_block_holdout,3379,1226.32,973.78,992.4715682939084,779.3563727599507,863.6638,893.42236,830.6124832109006,-161.85909
contiguous_block_holdout,3380,1226.63,831.54,1035.72313836496,962.3469381190355,1022.40454,1016.8736,995.9390540448917,-39.784084
contiguous_block_holdout,3381,1226.93,980.06,1031.6778247767081,895.7816171143501,990.7725,1017.57587,957.5490329676261,-74.12879
contiguous_block_holdout,3382,1227.24,1058.38,951.7530082044987,1025.9467644404522,1074.0298,906.6298,1028.5219062147526,76.7689
contiguous_block_holdout,3383,1227.55,823.95,1039.07336658213,1023.9841606086848,1105.4435,1021.94836,1049.2884201404795,10.215054
contiguous_block_holdout,3384,1227.86,863.32,1048.611295052055,876.1487471962807,946.18677,1020.23096,951.5527394490277,-97.058556
contiguous_block_holdout,3385,1228.16,875.18,1043.8108561851304,867.0925678354149,963.7429,1042.58,963.9428523399156,-79.868004
contiguous_block_holdout,3386,1228.47,778.72,1049.8140584327143,867.2626487371185,965.0622,1017.8021,956.6889745093745,-93.125084
contiguous_block_holdout,3387,1228.78,887.8,1045.5844421869956,780.3910467137808,902.3947,1039.6324,906.1159058100425,-139.46854
contiguous_block_holdout,3388,1229.08,737.7,1069.4221533887348,870.5054260323632,977.1909,1022.9012,956.6858634107075,-112.73629
contiguous_block_holdout,3389,1229.39,794.24,1054.7057338367536,775.2850173055746,871.5352,1046.7017,862.0503688465192,-192.65536
contiguous_block_holdout,3390,1229.7,784.51,1043.7951760779065,790.6485887629926,884.64655,1059.91,893.3245645056409,-150.47061
contiguous_block_holdout,3391,1230.0,779.0,1034.3313501325406,772.0908914254308,881.35266,1046.8141,868.7366083112515,-165.59474
contiguous_block_holdout,3392,1230.31,805.54,1046.5323358287637,770.6016183515412,860.3001,1059.0912,871.121279310209,-175.41106
contiguous_block_holdout,3393,1230.61,785.27,1038.3996331036274,791.3098922645887,880.133,1039.9868,876.7641350567524,-161.6355
contiguous_block_holdout,3394,1230.92,729.28,1040.205714633414,778.7146952790205,902.8606,1060.9714,894.6137804293123,-145.59193
contiguous_block_holdout,3395,1231.23,769.28,1048.650031011557,762.1320903573651,856.3563,1057.354,855.6495579890961,-193.00047
contiguous_block_holdout,3396,1231.54,813.68,1047.2123906565691,766.0822375382344,853.2333,1045.6914,864.146426911452,-183.06596
contiguous_block_holdout,3397,1231.84,749.56,1071.2614586113093,831.8754691767653,936.505,1038.2069,929.8964836357234,-141.36497
contiguous_block_holdout,3398,1232.15,791.06,1064.3714098833143,766.9009966459816,869.59973,1043.5842,870.5065417192518,-193.86487
contiguous_block_holdout,3399,1232.45,758.45,1045.4609654532971,798.7983141798892,874.13806,1037.6326,876.3718693839612,-169.0891
contiguous_block_holdout,3400,1232.76,745.35,1052.871137267777,770.1110225208579,879.6188,1034.9152,858.9762245480504,-193.89491
contiguous_block_holdout,3401,1233.07,763.97,912.9145344937702,586.4327215237204,623.8867,970.3287,652.0026997769734,-260.91183
contiguous_block_holdout,3402,1233.37,757.69,916.05987679659,694.4138539063144,724.2266,887.4631,706.1545728415118,-209.9053
contiguous_block_holdout,3403,1233.68,744.8,949.1564160679306,735.0997020744124,784.68744,1003.8141,753.2593976353135,-195.89702
contiguous_block_holdout,3404,1233.98,716.11,946.718001992422,715.4459602104869,740.35034,1010.59955,718.4359585353908,-228.28204
contiguous_block_holdout,3405,1234.29,714.6,1000.4570616032905,844.5341889350275,787.63873,1047.5316,734.9750669743843,-265.482
contiguous_block_holdout,3406,1234.59,778.72,1004.650524983661,737.5920139556968,740.0196,1089.0076,735.922497639911,-268.72803
contiguous_block_holdout,3407,1234.9,844.15,1002.6810905398746,754.8740111378529,761.9289,1104.2893,780.7951652469059,-221.88593
contiguous_block_holdout,3408,1235.21,739.56,997.3429438526869,856.9030813201379,853.7078,1040.7734,843.5223414356947,-153.8206
contiguous_block_holdout,3409,1235.51,743.76,1002.7201337361976,759.7345136719348,795.0213,1056.7681,779.4544782186194,-223.26566
contiguous_block_holdout,3410,1235.82,779.2,998.6815347053498,746.7736177256744,749.47186,1067.5283,745.8530129768342,-252.82852
contiguous_block_holdout,3411,1236.12,801.82,997.7509373203116,752.0936319359618,752.6778,1074.6633,750.7689121738272,-246.98203
contiguous_block_holdout,3412,1236.43,766.1,999.5330517929826,786.6904446846299,811.0066,1096.4199,820.9981091660295,-178.53494
contiguous_block_holdout,3413,1236.74,804.72,987.8067788838371,748.2599737934045,767.7984,1084.7865,780.5484323262199,-207.25835
contiguous_block_holdout,3414,1237.04,785.55,998.1146109688717,797.3974763081945,802.22327,1113.4246,809.4805319893795,-188.63408
contiguous_block_holdout,3415,1237.35,747.97,1001.4789066594954,761.5819491589199,803.10864,1101.1782,803.8393650335188,-197.63954
contiguous_block_holdout,3416,1237.66,785.82,1006.7794221932497,753.9342763472681,773.9628,1070.4935,776.857119947156,-229.9223
contiguous_block_holdout,3417,1237.97,904.35,1001.5224274134617,761.7486940998632,791.23755,1078.74,779.1214416956883,-222.40099
contiguous_block_holdout,3418,1238.27,858.91,1000.4208534923598,911.8530453288865,927.59686,1086.7869,902.3389366832778,-98.08192
contiguous_block_holdout,3419,1238.58,900.97,997.6062200640458,921.4128852049566,907.75854,1088.2881,905.926318940999,-91.6799
contiguous_block_holdout,3420,1238.88,734.8,1013.3143592874086,882.2329044404477,904.7513,1090.024,910.0144477883852,-103.29991
contiguous_block_holdout,3421,1239.19,748.45,1006.2650773560104,752.9705117513364,779.34705,1101.6273,783.4640672241744,-222.80101
contiguous_block_holdout,3422,1239.49,809.2,1010.3452686044199,751.2746874854885,758.64233,1084.9525,781.9663013192636,-228.37897
contiguous_block_holdout,3423,1239.8,795.27,1006.543208132186,814.2975265384974,792.0877,1089.8457,797.4319105247641,-209.1113
contiguous_block_holdout,3424,1240.1,692.74,1018.6480041973937,791.9869897016949,809.8244,1105.5145,831.1736389630187,-187.47437
contiguous_block_holdout,3425,1240.41,694.05,1020.8193060057341,737.5967537073982,774.4192,978.7272,781.8234106199919,-238.9959
contiguous_block_holdout,3426,1240.72,741.63,980.3168467112129,699.6587485922636,712.5516,1048.1794,700.0727671213691,-280.24408
contiguous_block_holdout,3427,1241.03,780.31,1003.2609523037827,750.0873658106331,756.00165,1046.8866,745.3401149014389,-257.92084
contiguous_block_holdout,3428,1241.33,795.82,994.4849518638113,752.5211656687638,753.90063,1063.0841,745.663586507366,-248.82137
contiguous_block_holdout,3429,1241.64,750.59,1002.3125860337941,790.2523652829091,804.2751,1074.4207,798.69269772813,-203.61989
contiguous_block_holdout,3430,1241.94,681.98,1002.4989088525261,752.359772686229,770.41016,1076.0671,771.3806074609246,-231.1183
contiguous_block_holdout,3431,1242.25,773.21,1002.5069861009696,693.1273344079808,733.3602,1059.6364,711.1092810228446,-291.3977
contiguous_block_holdout,3432,1242.56,762.66,1033.269507669105,767.9032369159992,757.08264,1093.456,777.6367104278941,-255.6328
contiguous_block_holdout,3433,1242.86,824.16,1051.2033531882298,767.9528814025704,798.0507,1071.8818,834.2164910056126,-216.98686
contiguous_block_holdout,3434,1243.17,903.87,1051.8438613425922,855.6969642783926,832.7343,1084.4998,866.6026656638812,-185.2412
contiguous_block_holdout,3435,1243.47,837.33,1053.4225748320182,898.1152558319465,908.8183,1089.9474,916.9819315214713,-136.44064
contiguous_block_holdout,3436,1243.78,744.52,1066.529427721505,916.2544328505176,923.6817,1064.4498,943.9182064080285,-122.61122
contiguous_block_holdout,3437,1244.08,701.15,1029.7049779858698,761.9141986010095,782.1689,1095.9877,807.9611883130183,-221.74379
contiguous_block_holdout,3438,1244.39,862.29,1034.0265586572568,749.51112184673,746.8769,1094.1748,764.2002036767881,-269.82635
contiguous_block_holdout,3439,1244.69,775.83,1039.2267417093428,857.9051847973517,852.41895,1089.7943,870.6244620462569,-168.60228
contiguous_block_holdout,3440,1245.0,997.91,1037.6291604750104,769.8867410544799,875.1492,1094.1748,865.5271707289166,-172.10199
contiguous_block_holdout,3441,1245.31,791.82,1038.3435777034701,1067.0050111731412,1109.678,1069.1506,1060.7261803951205,22.382603
contiguous_block_holdout,3442,1245.61,869.94,1037.3937255727258,838.8091607132644,915.90704,1055.8568,885.1434814321008,-152.25024
contiguous_block_holdout,3443,1245.92,898.56,1025.5292549715973,855.2431273230255,936.8963,1093.7465,929.6548500643707,-95.874405
contiguous_block_holdout,3444,1246.22,854.7,1010.3519477410758,910.3616229924804,1009.5169,1122.4426,970.9203338189567,-39.431614
contiguous_block_holdout,3445,1246.53,868.36,1028.9038738245395,876.5582354865207,973.527,1089.6096,953.287426375809,-75.61645
contiguous_block_holdout,3446,1246.84,895.66,1034.6627878035417,869.322482454737,961.62726,1093.3916,939.6318734969011,-95.030914
contiguous_block_holdout,3447,1247.14,1075.0,1036.2341985595897,879.1075983280925,977.11584,1098.1049,945.5648183716014,-90.66938
contiguous_block_holdout,3448,1247.45,785.82,1014.7348014246168,1032.6677101617533,1136.8427,1020.93286,1071.8750792871656,57.140278
contiguous_block_holdout,3449,1247.76,1087.07,1023.5529441216948,825.0436175939316,917.1644,1112.669,892.9500083306792,-130.60294
contiguous_block_holdout,3450,1248.06,789.75,1021.1354100191942,1084.8636818991633,1171.5266,1079.8751,1115.4723851168505,94.336975
contiguous_block_holdout,3451,1248.37,775.83,1017.1047275162173,855.2503085164014,953.16034,1080.2762,911.1899249649477,-105.9148
contiguous_block_holdout,3452,1248.67,633.1,1012.3255248230954,749.7299403398374,848.44635,1061.1233,811.7189574402829,-200.60657
contiguous_block_holdout,3453,1248.98,778.17,1009.5202275978447,670.6031085619215,775.399,1081.6064,700.9807073341728,-308.53952
contiguous_block_holdout,3454,1249.29,787.89,1025.9325043391345,764.280822074701,841.70734,1085.7758,815.1383606623767,-210.79414
contiguous_block_holdout,3455,1249.6,956.68,1009.9281136562474,781.9334305443742,877.2186,1089.3087,834.6477639248021,-175.28035
contiguous_block_holdout,3456,1249.91,748.73,1004.380691617318,970.0151041143706,1033.4609,1096.832,977.9234982426842,-26.457193
contiguous_block_holdout,3457,1250.21,833.12,1011.7991100475466,750.6583913801234,861.82947,1098.8712,826.1391369030154,-185.65997
contiguous_block_holdout,3458,1250.52,792.37,1011.3870851035139,857.3144530305233,942.14905,1099.6235,911.7730866904279,-99.614
contiguous_block_holdout,3459,1250.83,898.56,1017.2348267474382,804.215040917895,901.33813,1081.48,863.3275086322038,-153.90732
contiguous_block_holdout,3460,1251.14,814.44,1018.6603024935175,908.9133717440891,1006.21655,1100.0283,959.7835973238398,-58.876705
contiguous_block_holdout,3461,1251.45,1121.47,1043.075268231934,842.4055103472849,963.10077,1072.8768,926.4728359809574,-116.60243
contiguous_block_holdout,3462,1251.76,806.85,1028.5674315818626,1057.6565722765793,1181.5383,1078.3434,1127.4825164207298,98.915085
contiguous_block_holdout,3463,1252.32,854.7,1010.3519477410758,858.9432737592268,957.5267,1107.7994,933.9186820550407,-76.433266
contiguous_block_holdout,3464,1252.63,868.36,1028.9038738245395,862.496394973178,955.11957,1089.6096,938.5542491907504,-90.349625
contiguous_block_holdout,3465,1253.24,895.66,1034.6627878035417,827.8180237470532,943.802,1091.1658,933.599990257155,-101.0628
contiguous_block_holdout,3466,1253.54,1075.0,1036.2341985595897,879.1075983280925,977.11584,1098.1049,945.5648183716014,-90.66938
contiguous_block_holdout,3467,1254.15,785.82,1014.7348014246168,1032.6677101617533,1106.6692,1022.49725,1048.9850989710035,34.250298
contiguous_block_holdout,3468,1254.77,1087.07,1023.5529441216948,841.7287559078954,895.5956,1118.0171,873.7017783502105,-149.85117
contiguous_block_holdout,3469,1255.07,789.75,1021.1354100191942,1084.8636818991633,1171.5266,1079.8751,1115.4723851168505,94.336975
contiguous_block_holdout,3470,1255.68,775.83,1017.1047275162173,856.4852109811031,934.2921,1081.8405,904.7474658585024,-112.35726
contiguous_block_holdout,3471,1255.99,633.1,1012.3255248230954,750.1848875930236,848.44635,1064.2937,811.7189574402829,-200.60657
contiguous_block_holdout,3472,1256.3,778.17,1009.5202275978447,670.6031085619215,775.399,1081.6064,700.9807073341728,-308.53952
contiguous_block_holdout,3473,1256.6,787.89,1025.9325043391345,763.8898846765873,841.70734,1082.6053,815.1383606623767,-210.79414
contiguous_block_holdout,3474,1256.91,956.68,1009.9281136562474,781.9334305443742,877.2186,1089.3087,834.6477639248021,-175.28035
contiguous_block_holdout,3475,1257.22,748.73,1004.380691617318,970.0151041143706,1033.4609,1096.832,977.9234982426842,-26.457193
contiguous_block_holdout,3476,1257.53,833.12,1011.7991100475466,751.2076513990042,861.82947,1102.0416,826.1391369030154,-185.65997
contiguous_block_holdout,3477,1257.84,792.37,1011.3870851035139,857.3144530305233,942.14905,1099.6235,911.7730866904279,-99.614
contiguous_block_holdout,3478,1258.15,898.56,1017.2348267474382,804.215040917895,901.33813,1081.48,863.3275086322038,-153.90732
contiguous_block_holdout,3479,1258.45,814.44,1018.6603024935175,908.9133717440891,1006.21655,1098.3611,959.7835973238398,-58.876705
contiguous_block_holdout,3480,1258.86,733.77,1007.1740904441176,831.9082073403971,959.1521,1077.9736,915.0609388938246,-92.11315
contiguous_block_holdout,3481,1259.17,850.5,1026.2296098880033,763.0807057159456,877.26184,1025.3676,837.956569116519,-188.27304
contiguous_block_holdout,3482,1259.48,843.4,1046.6365883790882,871.0830434519364,959.6052,1034.7219,923.6862786256702,-122.95031
contiguous_block_holdout,3483,1259.79,814.23,1043.9291144706483,869.091866990505,945.6322,1042.5787,923.0804892875428,-120.848625
contiguous_block_holdout,3484,1260.1,771.9,1047.429639656922,838.8921522866325,936.3642,1037.8994,915.2662790612189,-132.16336
contiguous_block_holdout,3485,1260.41,911.45,1045.189304807105,768.7274563651982,858.07196,1025.8529,837.7501721166752,-207.43913
contiguous_block_holdout,3486,1260.71,731.42,1042.2176205162311,895.6318174228957,976.6379,1035.4489,946.149963045528,-96.06766
contiguous_block_holdout,3487,1261.02,732.46,1047.7713233208103,773.1058832155379,774.49097,1043.2252,787.3123694633884,-260.45895
contiguous_block_holdout,3488,1261.33,780.79,1048.089093264822,765.3009777579116,842.42365,1054.6652,826.7071047394313,-221.38199
contiguous_block_holdout,3489,1261.64,881.25,1071.7493450812906,769.2020071805041,853.01685,1073.0802,830.0794842414468,-241.66986
contiguous_block_holdout,3490,1261.94,892.56,1147.967390736315,955.9998142229595,976.6139,1058.329,959.5251757704948,-188.44221
contiguous_block_holdout,3491,1262.25,1188.01,1059.6431157749948,869.9286773374473,891.79443,1043.566,900.7351415318308,-158.90797
contiguous_block_holdout,3492,1262.57,780.79,1023.9117529111787,1155.5351961903866,1185.8674,1011.44086,1171.8046056943817,147.89285
contiguous_block_holdout,3493,1262.87,877.04,1051.3662670530575,833.2575144711594,852.79987,1025.1094,884.1180218137997,-167.24825
contiguous_block_holdout,3494,1263.18,865.46,1060.5111274402154,855.0922511493285,897.69666,1035.7604,875.7514381091607,-184.75969
contiguous_block_holdout,3495,1263.49,772.93,1051.5673812232037,879.646726273254,877.10626,1028.0485,896.6899245581646,-154.87746
contiguous_block_holdout,3496,1263.8,749.0,1039.3525300123008,769.0695485506255,792.20624,1033.8231,803.6521973706992,-235.70033
contiguous_block_holdout,3497,1264.11,803.68,1039.0212267006061,769.4803011580675,789.9766,1036.71,809.6286027992389,-229.39262
contiguous_block_holdout,3498,1264.41,832.36,1034.0078879312662,801.9685785273781,794.16656,1040.9945,813.7972403482584,-220.21065
contiguous_block_holdout,3499,1264.72,741.14,1021.8588382562347,874.1050716929763,856.1362,1049.3401,852.1077701410003,-169.75107
contiguous_block_holdout,3500,1265.03,796.86,1018.302898178223,742.1802369697124,777.00775,1045.8816,782.2410848237308,-236.06181
contiguous_block_holdout,3501,1265.34,749.28,1031.8163282803341,790.7103600764913,825.07697,1055.5826,834.9338972500607,-196.88243
contiguous_block_holdout,3502,1265.64,763.21,1036.8478499047546,745.4367781602022,780.5335,1042.5627,792.0750685326843,-244.77278
contiguous_block_holdout,3503,1265.95,804.72,1050.1456074380537,756.6262449046187,808.07623,1028.8077,840.5593800210615,-209.58623
contiguous_block_holdout,3504,1266.26,764.24,1058.2553702151718,803.643743584402,794.23944,1030.3629,812.7697897708358,-245.48558
contiguous_block_holdout,3505,1266.57,855.74,1058.8107019796098,756.1117996984706,795.392,1026.9757,812.2003656758989,-246.61034
contiguous_block_holdout,3506,1266.88,828.16,1063.7328180469608,871.4237863772809,870.22076,1022.3475,877.7049707569217,-186.02785
contiguous_block_holdout,3507,1267.18,701.15,1051.0420962805051,888.2440076803183,848.5176,1028.4855,879.646069669177,-171.39603
contiguous_block_holdout,3508,1267.5,730.59,1045.763753564588,750.1132228591473,777.945,1048.2565,793.2063194825566,-252.55743
contiguous_block_holdout,3509,1267.81,812.37,1035.6858725052025,741.0238622499088,773.0326,1023.6696,792.4477896194603,-243.23808
contiguous_block_holdout,3510,1268.11,709.08,1037.0371316983837,826.1208151272888,824.80505,1009.0638,833.44393101479,-203.5932
contiguous_block_holdout,3511,1268.42,696.95,1039.0727604636666,741.9125624962177,771.0568,1012.5239,769.8887089499947,-269.18405
contiguous_block_holdout,3512,1268.73,691.15,1021.7767912461682,739.6494522381432,762.09393,1019.0536,781.7812010362072,-239.99559
contiguous_block_holdout,3513,1269.04,701.7,1041.5586792980923,731.6503008559507,737.0631,1013.7936,743.9184205090298,-297.64026
contiguous_block_holdout,3514,1269.34,753.21,1043.8748668304077,733.534785008423,732.95496,1008.47784,740.5423167815795,-303.33255
contiguous_block_holdout,3515,1269.66,785.55,1035.7791544294887,750.7683226617695,785.95,1022.6415,803.6254984236293,-232.15366
contiguous_block_holdout,3516,1269.96,698.26,1038.5453995109117,763.8428617526775,795.5525,1005.7487,798.4727829337633,-240.07262
contiguous_block_holdout,3517,1270.27,901.73,995.0265669720952,743.4838558565663,766.3512,895.69476,780.0632643597905,-214.9633
contiguous_block_holdout,3518,1270.58,334.48,1028.7707739479238,883.9107474906089,886.2428,1009.4487,897.2538061744863,-131.51697
contiguous_block_holdout,3519,1270.89,805.27,1042.1901340037944,331.4391030235505,581.4081,1016.70197,604.2618808299662,-437.92825
contiguous_block_holdout,3520,1271.19,781.62,1044.1320682409414,790.5588907741455,815.3635,1024.039,852.8307529333242,-191.30132
contiguous_block_holdout,3521,1271.5,765.28,1045.3120208664348,758.5774446767555,801.19434,1011.1814,829.3033080978801,-216.00871
contiguous_block_holdout,3522,1271.81,756.86,1036.0461494289384,747.4593362066698,770.4888,994.3336,784.4644843898759,-251.58167
contiguous_block_holdout,3523,1272.12,821.54,1040.7158093114983,751.0498167252395,781.4718,1005.4207,802.0463146825921,-238.6695
contiguous_block_holdout,3524,1272.43,874.63,1036.9126065741586,834.6947781207974,834.36127,1005.68835,845.0297177802133,-191.88289
contiguous_block_holdout,3525,1272.73,760.04,1046.4380331029097,869.6729556674743,877.82666,1011.8382,889.5750570286909,-156.86298
contiguous_block_holdout,3526,1273.04,892.01,1019.2802983914808,770.4394574245696,832.71173,1006.29065,841.0393010770276,-178.241
contiguous_block_holdout,3527,1273.35,936.96,1007.9358297633963,883.0866514203448,892.8901,876.92456,884.0527654933768,-123.883064
contiguous_block_holdout,3528,1273.67,936.96,1040.3752020752206,929.0402670011863,965.09216,989.33545,956.4902533447519,-83.88495
contiguous_block_holdout,3529,1273.97,769.48,1084.4902642992224,899.9352228152267,947.1575,1018.34247,941.4967035082068,-142.99356
contiguous_block_holdout,3530,1274.28,808.92,1070.5522179245413,770.3309833789106,806.52203,1015.30743,825.7922234177054,-244.76
contiguous_block_holdout,3531,1274.59,817.88,1073.1092480706168,803.9301317439764,798.5393,1004.5112,822.8280133294058,-250.28123
contiguous_block_holdout,3532,1275.21,808.65,1087.2755272052675,823.4834330572197,866.93567,1043.2693,879.6905967853456,-207.58493
contiguous_block_holdout,3533,1275.52,1062.86,1095.1195043778205,867.8905416534416,863.95905,931.6239,874.3365911698127,-220.78291
contiguous_block_holdout,3534,1275.83,1186.42,1061.0168583339462,1059.4080338598467,1031.6306,919.7995,1021.7515079921493,-39.26535
contiguous_block_holdout,3535,1276.14,839.67,1098.5065657496843,1110.5470840028638,1105.8523,1043.9879,1084.4540430903826,-14.052523
contiguous_block_holdout,3536,1276.44,818.16,1095.165174870012,889.9897951979246,915.8721,1050.1835,951.2041458172775,-143.96103
contiguous_block_holdout,3537,1276.75,870.22,1093.197267452772,871.7215841489233,845.9078,1046.6334,866.0277423062876,-227.16953
contiguous_block_holdout,3538,1277.06,783.96,1084.323558322984,875.9292916549705,889.82947,1039.7987,920.1183276100933,-164.20523
contiguous_block_holdout,3539,1277.37,823.13,1081.836700962457,782.1228163283065,826.1008,1028.3232,840.9338536724179,-240.90285
contiguous_block_holdout,3540,1277.68,917.24,1074.4989245540237,836.6950670514616,837.48883,1049.2836,858.7673876887893,-215.73154
contiguous_block_holdout,3541,1277.99,824.16,1071.7263098700073,911.0248410910388,916.2134,1078.7305,913.5064307196167,-158.21988
contiguous_block_holdout,3542,1278.29,895.45,1073.112527006421,849.4220880545239,878.92316,1096.9843,912.6467677290773,-160.46576
contiguous_block_holdout,3543,1278.6,899.87,1084.2901767101523,881.0155866351778,895.9442,1113.1565,913.5670321789023,-170.72314
contiguous_block_holdout,3544,1278.91,913.59,1083.3365952755855,911.2727881227779,940.00793,1102.609,954.3644883419918,-128.9721
contiguous_block_holdout,3545,1279.22,889.11,1081.8236121767702,904.5758397542561,918.6494,1071.4332,931.5817145937624,-150.2419
contiguous_block_holdout,3546,1279.53,881.25,1072.4868752213217,935.6552268261167,946.5714,1109.7483,965.4370323868491,-107.04984
contiguous_block_holdout,3547,1279.84,936.41,1075.9864921382875,883.3908276909798,908.0954,1138.1572,915.0055045894594,-160.98099
contiguous_block_holdout,3548,1280.15,919.59,1094.9661819714868,923.5107632643213,946.6257,1122.9474,946.3988907117212,-148.56729
contiguous_block_holdout,3549,1280.46,897.52,1141.343985440332,936.4381416049321,974.82043,1133.3156,1020.1347187777344,-121.20927
contiguous_block_holdout,3550,1280.77,878.63,1087.3967814806902,910.9112503493892,950.12616,1151.2104,982.2635798815691,-105.1332
contiguous_block_holdout,3551,1281.08,1071.83,1096.5291300247773,912.6207778583058,944.1105,1138.7942,977.3067636917694,-119.22237
contiguous_block_holdout,3552,1281.39,784.51,1114.2569688509836,1033.8143119936005,1070.4148,1151.7783,1057.4033960055247,-56.853573
contiguous_block_holdout,3553,1281.7,804.72,1051.7466445216746,817.9363619443089,845.71704,1170.6737,885.0898909816356,-166.65675
contiguous_block_holdout,3554,1282.01,794.24,1052.1403561005443,783.6671999728544,805.87836,1129.5743,843.6830349335521,-208.45732
contiguous_block_holdout,3555,1282.31,921.72,1042.0503545041436,810.3297509620113,836.55,1168.384,880.1873326535576,-161.86302
contiguous_block_holdout,3556,1282.62,788.72,1050.5671848645597,913.5096975973846,913.4762,1153.7848,936.1821750989347,-114.38501
contiguous_block_holdout,3557,1282.93,811.54,1046.851299518753,812.2427877240939,835.0245,1180.2428,860.2779047433623,-186.5734
contiguous_block_holdout,3558,1283.24,878.35,1052.346889072203,823.2590726156444,862.9792,1187.9442,883.8314471776719,-168.51544
contiguous_block_holdout,3559,1283.54,855.46,1051.1311810242996,873.986439878337,890.1919,1151.5065,912.2500775086746,-138.8811
contiguous_block_holdout,3560,1283.85,799.75,956.2880189084769,929.2011759819645,926.4809,1000.85626,923.3259942197562,-32.962025
contiguous_block_holdout,3561,1284.16,848.64,1006.6906456183465,808.2667978270268,832.54346,993.5159,855.5367454718621,-151.1539
contiguous_block_holdout,3562,1284.47,776.1,1045.5581213251542,877.3811260532013,867.7897,1154.933,896.5404821649979,-149.01764
contiguous_block_holdout,3563,1284.78,811.33,1025.3676189021758,760.7984335117688,806.5478,1162.7446,843.5476420955351,-181.81998
contiguous_block_holdout,3564,1285.09,788.17,1045.4959286800433,822.7748681392904,829.4383,1146.1254,861.1244076839496,-184.37152
contiguous_block_holdout,3565,1285.39,919.86,1064.102056544191,785.813922762851,813.51575,1140.2977,842.2398281506364,-221.86223
contiguous_block_holdout,3566,1285.7,831.26,1062.670914385943,919.6615804151919,932.40967,1164.5792,943.7422568542047,-118.92866
contiguous_block_holdout,3567,1286.01,889.66,1051.062788336716,866.7108542809758,879.61664,1185.9751,922.0368026189426,-129.02599
contiguous_block_holdout,3568,1286.32,804.23,1058.5231685297035,885.9440663861405,901.4927,1141.1077,919.0441035882973,-139.47906
contiguous_block_holdout,3569,1286.63,838.91,1051.431825356818,808.8772657754282,848.23865,1169.0157,885.2142502835759,-166.21758
contiguous_block_holdout,3570,1286.93,909.11,1000.0450094982688,892.5509722390967,901.4296,1036.4873,927.5013235851828,-72.543686
contiguous_block_holdout,3571,1287.24,936.2,1049.3321337796228,912.4519993171709,913.2783,1022.80054,941.662860403158,-107.66927
contiguous_block_holdout,3572,1287.55,853.12,1060.6917221144788,927.828011291483,941.6869,1167.0203,947.855715949928,-112.836006
contiguous_block_holdout,3573,1290.63,897.25,1066.2269229651656,836.1910364838635,960.89014,1156.7019,937.0329684973922,-129.19395
contiguous_block_holdout,3574,1290.94,880.7,1058.5721517217792,900.1623123874713,914.8551,1197.1031,941.2435002935565,-117.32865
contiguous_block_holdout,3575,1291.24,812.85,1067.264464317574,886.8566868181493,917.8019,1209.4288,946.6314763414998,-120.63299
contiguous_block_holdout,3576,1291.55,805.54,1063.0643068163608,866.0129038609742,870.0865,1171.7399,903.3807130663608,-159.6836
contiguous_block_holdout,3577,1291.86,828.16,1067.1177791666703,825.9848630391336,864.926,1164.9191,904.3842891764359,-162.73349
contiguous_block_holdout,3578,1292.17,947.24,935.355955224062,909.266345158475,890.94305,1007.27167,895.1445370722065,-40.21142
contiguous_block_holdout,3579,1292.48,1025.29,1079.433359778501,961.3913801569985,991.16907,1259.5786,1005.551767981626,-73.88159
contiguous_block_holdout,3580,1292.79,1145.4,1095.2156840550208,1078.8753851756067,1068.7528,1151.4097,1103.4532624470496,8.237578
contiguous_block_holdout,3581,1293.09,813.13,1049.0389704160843,1068.5497993573372,1103.0103,1174.8323,1127.220763628975,78.18179
contiguous_block_holdout,3582,1293.4,903.31,1059.563172920368,881.7536140560617,885.35925,1173.5813,915.2874618607977,-144.27571
contiguous_block_holdout,3583,1293.71,853.88,1065.401129834242,902.6153769770466,914.72565,1151.7964,935.3546363039686,-130.0465
contiguous_block_holdout,3584,1294.02,853.6,1066.1591662513556,882.6008261507817,905.4223,1168.7804,937.2406939613165,-128.91847
contiguous_block_holdout,3585,1294.32,834.98,1064.4151252533868,875.258325902244,862.7407,1195.0376,894.1305640961602,-170.28456
contiguous_block_holdout,3586,1294.63,872.56,1056.7265726529752,862.2172669343717,858.4323,1164.9135,884.6089731656705,-172.1176
contiguous_block_holdout,3587,1294.94,932.48,1055.0458517711388,918.992798067958,909.10706,1216.0599,942.2883139293419,-112.75754
contiguous_block_holdout,3588,1295.25,1160.15,1022.7137523756036,950.4926430960136,973.25653,1143.6901,972.3606983289727,-50.353054
contiguous_block_holdout,3589,1295.86,783.69,1028.0167461688604,1157.5730432037385,1108.2598,1117.632,1135.0852657611456,107.06852
contiguous_block_holdout,3590,1296.17,776.58,1050.5521484407075,824.7774531069025,906.40814,1155.0668,935.1915527375825,-115.360596
contiguous_block_holdout,3591,1296.79,816.57,1067.6610290466178,811.4566670827882,777.01276,1187.0554,827.482836907946,-240.17819
contiguous_block_holdout,3592,1297.72,816.57,1064.6312404763642,813.6347357084751,830.4126,1134.2697,864.3703151833954,-200.26093
contiguous_block_holdout,3593,1298.02,810.51,1061.3681117906453,831.2374019681417,835.19604,1173.0168,868.6828090562703,-192.6853
contiguous_block_holdout,3594,1298.33,782.65,1064.2465559031862,816.0733156549173,835.078,1149.6129,865.1908765818971,-199.05568
contiguous_block_holdout,3595,1298.64,805.54,1057.5438611186132,757.238933427812,779.8156,1168.4989,817.3014752543554,-240.24239
contiguous_block_holdout,3596,1298.95,823.13,1066.3196238334158,794.8260822911803,814.4269,1162.1567,857.8402842338064,-208.47934
contiguous_block_holdout,3597,1299.26,870.7,1065.4631658969088,835.5745674303014,836.6918,1160.7268,871.8520208773775,-193.61115
contiguous_block_holdout,3598,1299.56,831.26,1070.5650335935125,873.9291667657776,873.3004,1162.5045,918.7059790280828,-151.85905
contiguous_block_holdout,3599,1299.87,817.33,1071.7036704321647,860.3317039937198,859.32544,1160.0256,914.0761679907584,-157.6275
contiguous_block_holdout,3600,1300.18,868.08,1057.9302681313197,803.8569561188208,834.4106,1144.6819,859.5741585121791,-198.35611
contiguous_block_holdout,3601,1300.49,769.48,1054.745851667044,873.6845738982489,881.8725,1182.6144,919.2155324531768,-135.53032
contiguous_block_holdout,3602,1300.8,886.49,1050.4449061148723,757.8291316697964,792.51575,1170.0918,832.6186884635051,-217.82622
contiguous_block_holdout,3603,1301.1,860.5,1057.8343488341404,924.477452683066,920.61334,1165.4343,943.0255262023045,-114.80882
contiguous_block_holdout,3604,1301.41,628.34,1046.1754076799746,887.5245644539168,876.8113,1161.4806,906.5293352922793,-139.64607
contiguous_block_holdout,3605,1301.72,785.0,1048.8253232528746,696.4678968963916,698.28564,1164.4268,726.4816342880308,-322.3437
contiguous_block_holdout,3606,1302.03,614.97,1027.949948192227,784.1748766168887,816.7753,1102.7839,851.3314179187896,-176.61853
contiguous_block_holdout,3607,1302.33,862.01,1050.5047934779657,686.0655757426958,681.88196,1145.3625,721.3563864955438,-329.1484
contiguous_block_holdout,3608,1302.64,660.13,1044.1471220249896,865.7700457265157,858.90393,1143.6993,897.1180692906146,-147.02905
contiguous_block_holdout,3609,1302.96,763.76,1036.6277701897409,734.5169672351515,726.9054,1118.6073,759.1192863030221,-277.50848
contiguous_block_holdout,3610,1303.26,697.98,1043.7046795897493,746.2858481546801,753.7606,1119.729,796.0046979002962,-247.69998
contiguous_block_holdout,3611,1303.57,836.78,1037.8730221174867,739.1062404587312,769.4826,1131.6207,805.2816830061586,-232.59134
contiguous_block_holdout,3612,1303.88,724.32,1033.3975867874206,863.0372791461232,854.27606,1107.0947,888.3114661819518,-145.08612
contiguous_block_holdout,3613,1304.19,828.92,1007.9538221454767,755.6535706607843,781.9683,1023.3763,808.7671003437189,-199.18672
contiguous_block_holdout,3614,1304.5,803.96,1036.6351016373326,869.2054010668676,832.3989,1101.6847,863.8691562027623,-172.76595
contiguous_block_holdout,3615,1304.8,855.74,943.4757339327248,819.4471465198294,840.9373,940.8356,834.5383941500099,-108.93734
contiguous_block_holdout,3616,1305.11,829.47,892.4457819161335,864.9517683948808,862.8388,923.6142,853.3854448494831,-39.060337
contiguous_block_holdout,3617,1305.42,827.88,1020.9273405274989,888.5538622599968,849.77905,1088.3109,878.0954466066005,-142.8319
contiguous_block_holdout,3618,1305.73,736.94,1045.8961948243204,880.0444386359585,845.84393,1116.4836,885.7750247803751,-160.12117
contiguous_block_holdout,3619,1306.03,736.94,1047.3736081439852,746.6247664908423,784.26917,1116.7875,819.2722897846102,-228.10132
contiguous_block_holdout,3620,1306.34,724.32,1056.837255171487,739.5023711557732,751.98236,1097.4453,788.2245537554713,-268.6127
contiguous_block_holdout,3621,1306.65,716.39,1042.3924275233883,737.5733922534115,751.428,1126.2919,794.5475178554195,-247.84491
contiguous_block_holdout,3622,1306.96,764.24,1043.3591630173955,737.2102776449439,748.6181,1099.0499,771.0515153123174,-272.30765
contiguous_block_holdout,3623,1307.27,701.43,1045.4437757665144,749.2804837749782,760.392,1112.5868,801.7204786473737,-243.7233
contiguous_block_holdout,3624,1307.57,658.61,1023.8165113791626,735.2216027457054,764.63257,1115.8973,800.1386854514283,-223.67783
contiguous_block_holdout,3625,1307.88,891.45,817.7387381879488,745.2459418320458,704.45306,935.1125,694.6290580121675,-123.10968
contiguous_block_holdout,3626,1308.19,828.92,1036.4606868107312,861.1029960653082,880.71375,1083.5254,894.3291102726453,-142.13158
contiguous_block_holdout,3627,1309.66,865.46,1027.8364131581038,833.9440934379777,841.9498,1150.741,890.8163325916976,-137.02008
contiguous_block_holdout,3628,1309.97,862.84,1039.0071054189268,916.2846785673253,901.03217,1108.0265,931.4376168935362,-107.56949
contiguous_block_holdout,3629,1310.28,756.11,1046.0084952696607,881.4995464424477,871.76404,1157.2833,908.7832908018872,-137.2252
contiguous_block_holdout,3630,1310.59,759.28,1049.9501176222452,758.8555261631127,797.3178,1148.0833,829.7622208937296,-220.1879
contiguous_block_holdout,3631,1310.89,746.94,1043.8032413157443,746.2175163786699,771.24036,1126.5563,816.1982303294162,-227.60501
contiguous_block_holdout,3632,1311.2,731.9,1042.7125846298052,738.5373691420078,756.19763,1115.9934,793.9687949569536,-248.74379
contiguous_block_holdout,3633,1311.51,742.18,1044.0243210795036,737.5600359704438,756.46265,1123.3193,787.3725876810661,-256.65173
contiguous_block_holdout,3634,1311.82,823.13,1049.5891805206093,737.1483338763953,749.52783,1135.7922,794.6276326690468,-254.96155
contiguous_block_holdout,3635,1312.12,707.98,1051.6475698738386,810.4977390973761,828.78015,1138.8484,859.8293325691511,-191.81824
contiguous_block_holdout,3636,1312.43,779.0,1046.061849556663,743.8418665775949,765.6042,1131.9359,799.5638942343974,-246.49796
contiguous_block_holdout,3637,1312.74,761.35,1052.874594917744,746.3425057264049,762.02264,1145.8429,804.7203285603221,-248.15427
contiguous_block_holdout,3638,1313.05,708.25,1050.3034628481855,749.2964814128743,776.4321,1151.9136,822.7489889712324,-227.55447
contiguous_block_holdout,3639,1313.36,687.78,1045.6639978277765,735.6988824357124,756.0054,1119.4854,797.4409143316827,-248.22308
contiguous_block_holdout,3640,1313.66,798.44,1048.1340248641006,713.0802810338527,729.0167,1148.9583,746.4396889266006,-301.69434
contiguous_block_holdout,3641,1313.97,752.18,1052.090747017557,771.4665722742942,789.04456,1148.3779,830.2608672568149,-221.82988
contiguous_block_holdout,3642,1314.29,736.11,1043.737392760192,747.6234461509704,775.57043,1133.3761,825.8886989125358,-217.8487
contiguous_block_holdout,3643,1314.9,886.21,1053.407093726619,801.5452579460497,771.42365,1129.4265,801.6835982432206,-251.7235
contiguous_block_holdout,3644,1315.21,689.09,1047.8276098054216,877.5349073581393,877.0649,1100.9626,908.9576604646013,-138.86995
contiguous_block_holdout,3645,1315.51,748.45,1047.6760041119287,724.4577571737997,736.4197,1112.4008,756.6341645123193,-291.04184
contiguous_block_holdout,3646,1315.82,734.8,1058.1475414041054,738.286193527336,748.80865,1120.7247,782.809315085746,-275.33823
contiguous_block_holdout,3647,1316.13,751.14,1057.6435453673867,740.6792748094996,767.7382,1136.7659,805.5908720275429,-252.05267
contiguous_block_holdout,3648,1316.44,741.35,1053.1676482178216,740.8796418051494,754.1201,1120.5067,799.3336028076653,-253.83405
contiguous_block_holdout,3649,1316.74,744.8,1057.4527117768714,736.9796664875097,764.06506,1118.9581,803.0396868745277,-254.41302
contiguous_block_holdout,3650,1317.05,777.41,1059.2316667655057,739.7223040756306,769.5825,1131.6538,817.0211259940213,-242.21054
contiguous_block_holdout,3651,1317.36,767.97,1055.8791928104056,750.7968060514752,773.272,1134.2021,819.4858822635306,-236.39331
contiguous_block_holdout,3652,1317.67,805.27,1041.6421916286395,752.6633217117537,785.9565,1135.9028,828.1411235134051,-213.50107
contiguous_block_holdout,3653,1317.98,756.11,1052.9325832603126,798.8734304128656,804.45557,1116.1478,843.2550167319923,-209.67757
contiguous_block_holdout,3654,1318.59,1058.18,1401.7219091779875,804.3593076547667,847.87177,1021.69763,1099.477860105722,-302.24405
contiguous_block_holdout,3655,1318.91,983.5,1168.0723410310477,1058.9681351870727,1067.9087,1134.0986,1115.440207547161,-52.632133
contiguous_block_holdout,3656,1319.21,719.84,1068.1482784797095,1003.5732150023132,1020.2748,1137.3091,1044.0494644690893,-24.098814
contiguous_block_holdout,3657,1319.52,743.49,1059.230510717314,755.0921963484229,771.4408,1109.092,799.8639335688765,-259.36658
contiguous_block_holdout,3658,1319.83,989.29,1019.5523811253757,736.6124343281607,768.15485,1122.2362,802.0932899388523,-217.45909
contiguous_block_holdout,3659,1320.14,822.85,1059.6005923226014,986.9379945140594,983.22186,1130.5139,973.8899981453553,-85.710594
contiguous_block_holdout,3660,1320.44,1046.32,1054.0803235853912,869.5725979198646,888.87836,1118.7614,912.7153180922271,-141.365
contiguous_block_holdout,3661,1320.75,1160.15,1046.1618403125146,1063.9047424634418,1036.4084,1132.072,1064.6173666644434,18.455526
contiguous_block_holdout,3662,1321.06,1305.22,1047.773351664059,1148.1270572630713,1147.9181,1143.132,1168.569852823727,120.7965
contiguous_block_holdout,3663,1321.37,1280.54,1064.945653260316,1288.421898236754,1279.7554,1128.4731,1265.8419545298473,200.8963
contiguous_block_holdout,3664,1321.68,1253.17,1050.6667920048067,1271.4105737514128,1294.4843,1118.6191,1321.6745129520723,271.00772
contiguous_block_holdout,3665,1321.98,1303.64,1052.5975788738315,1258.7072116650263,1242.9062,1127.6482,1239.1977223064487,186.60014
contiguous_block_holdout,3666,1322.29,1204.28,1045.00677791758,1306.3988156299927,1297.8328,1152.7878,1299.4037047974628,254.39693
contiguous_block_holdout,3667,1322.6,1297.36,1033.975700001496,1201.1556590496145,1214.4402,1154.9207,1232.5787731216133,198.60307
contiguous_block_holdout,3668,1322.91,1304.95,1038.6599788482874,1296.2819019225524,1295.6049,1116.0375,1289.0815944488734,250.42162
contiguous_block_holdout,3669,1323.22,1167.53,1041.8624461677032,1303.3893687176017,1305.6447,1098.7488,1301.900226929422,260.03778
contiguous_block_holdout,3670,1323.52,1227.72,1047.9654273833587,1191.7580743176086,1206.3485,1107.3622,1227.1829261626556,179.2175
contiguous_block_holdout,3671,1323.83,1360.18,1039.5481051452925,1202.652054660149,1208.7064,1121.1072,1221.408563519316,181.86046
contiguous_block_holdout,3672,1324.14,1226.9,1046.4457679548755,1372.002613416476,1354.9117,1161.5038,1375.7693458357348,329.32358
contiguous_block_holdout,3673,1324.45,1254.75,1043.1699045755122,1222.5851326535494,1240.425,1192.3646,1254.9496897317622,211.77979
contiguous_block_holdout,3674,1324.75,1281.57,1042.6951388602386,1269.8540088136194,1243.2073,1190.9502,1242.4408053641448,199.74567
contiguous_block_holdout,3675,1325.06,1261.85,1038.9680829776557,1282.7274482224211,1274.8024,1184.2441,1296.5323835147651,257.5643
contiguous_block_holdout,3676,1325.37,1201.38,1046.4830660596208,1279.969693936452,1295.1968,1145.8511,1308.117862202199,261.6348
contiguous_block_holdout,3677,1325.68,1201.94,1054.4383120395992,1198.0545376698983,1216.043,1144.4994,1228.2603945591304,173.82208
contiguous_block_holdout,3678,1325.99,1102.3,1053.2044623315887,1196.6724082289663,1205.3807,1146.6489,1224.4368994653778,171.23244
contiguous_block_holdout,3679,1326.29,1192.77,1052.1192859664334,1103.0228056496794,1125.7899,1131.1473,1133.7304920211209,81.611206
contiguous_block_holdout,3680,1326.6,1196.42,1052.555260266378,1165.7729274116666,1175.57,1133.9877,1193.712257947042,141.157
contiguous_block_holdout,3681,1326.91,1170.36,1050.96749573413,1189.1962889037934,1204.8224,1134.7324,1235.7795837468252,184.81209
contiguous_block_holdout,3682,1327.22,1255.86,1051.9408580768068,1185.2909863787215,1203.6635,1132.8431,1221.5541240680177,169.61327
contiguous_block_holdout,3683,1327.53,1157.26,1045.956152826143,1264.9625537312438,1231.9601,1156.9131,1247.4872807558304,201.53113
contiguous_block_holdout,3684,1327.83,1183.25,1047.6992882638888,1183.618773678835,1192.3047,1159.7338,1200.6687401681856,152.96945
contiguous_block_holdout,3685,1328.14,1199.59,1048.3787648294042,1171.9497743573181,1186.5029,1161.956,1211.1970326516698,162.81827
contiguous_block_holdout,3686,1328.45,1224.0,1051.0160567305568,1179.2473971391203,1191.6898,1176.0225,1214.488789274502,163.47273
contiguous_block_holdout,3687,1328.76,1184.84,1050.2806628695155,1211.4660969922456,1226.8383,1182.9069,1248.1102069368983,197.82954
contiguous_block_holdout,3688,1329.06,1144.91,1050.446499513151,1175.3798105502262,1196.4973,1152.194,1214.4191405043618,163.97264
contiguous_block_holdout,3689,1329.68,1124.64,1033.836603638518,1160.9933612978732,1146.5267,1097.9697,1163.5029854744555,129.66638
contiguous_block_holdout,3690,1329.99,1025.29,1038.672702977273,1115.9754675357601,1137.3066,1100.1595,1137.2378503771754,98.56515
contiguous_block_holdout,3691,1330.3,1127.82,1055.066972911807,1044.0549540828104,1058.7744,1080.8304,1066.8278982047757,11.760925
contiguous_block_holdout,3692,1330.6,1630.18,1055.6284831209896,1095.1183828998235,1115.3679,1141.8434,1124.426441495013,68.79796
contiguous_block_holdout,3693,1330.91,1599.92,1043.8084201493386,1527.0848023300243,1550.769,1102.5165,1553.9736728348855,510.16525
contiguous_block_holdout,3694,1331.22,1686.38,1041.4336094682515,1553.2144014941227,1588.1707,1086.183,1575.8196568315327,534.38605
contiguous_block_holdout,3695,1331.53,1629.08,1036.9206727350622,1569.3391236996638,1506.3511,1073.2455,1536.6076844538122,499.687
contiguous_block_holdout,3696,1331.83,1654.87,1034.227573511911,1551.3885284230353,1594.8528,1095.8346,1590.0130349376923,555.78546
contiguous_block_holdout,3697,1332.14,1590.19,1046.078611257673,1538.6124084647997,1555.7898,1116.5636,1566.699705007673,520.6211
contiguous_block_holdout,3698,1332.45,1660.94,1040.340283364464,1545.823725523226,1594.4746,1096.0917,1578.4409303371203,538.10065
contiguous_block_holdout,3699,1332.76,1592.33,1043.2950010818042,1537.1171988848132,1498.4601,1082.4261,1534.6782103103199,491.3832
contiguous_block_holdout,3700,1333.07,1661.7,1039.3292563725306,1552.7785040167785,1592.5381,1098.6139,1572.7137778569056,533.3845
contiguous_block_holdout,3701,1333.37,1691.69,1037.6933251785124,1532.175475088491,1502.8622,1117.1179,1528.5513268874968,490.858
contiguous_block_holdout,3702,1333.68,1734.23,1056.6199713486308,1575.5685074084945,1539.8423,1122.9725,1556.4861212509745,499.86615
contiguous_block_holdout,3703,1333.99,1734.78,1049.4997748284263,1585.421552118665,1510.5868,1113.6744,1547.9353217034263,498.43555
contiguous_block_holdout,3704,1334.3,1730.58,1054.3829386652314,1590.2007409843663,1565.9382,1099.5625,1573.0216105402314,518.6387
contiguous_block_holdout,3705,1334.61,1737.4,1043.0559901666647,1590.2707370466035,1567.3436,1084.8949,1579.411275811196,536.3553
contiguous_block_holdout,3706,1334.91,1687.21,1046.002554276313,1578.8641890955917,1555.3196,1124.0416,1558.1331084755318,512.13055
contiguous_block_holdout,3707,1335.22,1705.62,1035.7919646533185,1587.093772307209,1591.9395,1151.9146,1591.2416716845685,555.4497
contiguous_block_holdout,3708,1335.53,1630.94,1037.5338764187024,1580.7305985604305,1556.0543,1139.856,1555.621889114015,518.088
contiguous_block_holdout,3709,1335.84,1736.37,1041.187400506266,1550.5905588205385,1594.6351,1142.5402,1585.8235699398597,544.63617
contiguous_block_holdout,3710,1336.14,1679.83,1026.2971173431947,1557.756756351021,1492.3672,1162.9646,1529.9525433685853,503.65543
contiguous_block_holdout,3711,1336.45,1696.65,1050.8472693644321,1586.8124136977526,1598.235,1134.5894,1603.8514807902134,553.0042
contiguous_block_holdout,3712,1336.76,1696.93,1034.7466572471126,1582.5740927414809,1545.9384,1136.408,1561.5664204307063,526.81976
contiguous_block_holdout,3713,1337.06,1715.06,1038.6404844925917,1586.173036275023,1555.7076,1144.8812,1551.7678038285292,513.1273
contiguous_block_holdout,3714,1337.37,1678.79,1042.9670044488405,1584.0804664531154,1553.6107,1136.321,1556.354821831653,513.3878
contiguous_block_holdout,3715,1337.69,1718.51,1046.323025909227,1588.273717853195,1596.5167,1153.3125,1595.750027862352,549.427
contiguous_block_holdout,3716,1338.0,1716.92,1050.9212502132177,1578.9448353608516,1502.7329,1150.263,1544.2774513850927,493.3562
contiguous_block_holdout,3717,1338.31,1663.83,1042.2123980041854,1584.3609941210118,1555.32,1156.57,1564.801143121373,522.58875
contiguous_block_holdout,3718,1338.62,1686.38,1034.4806471293623,1553.3683289184264,1582.2964,1150.4459,1588.9673414652998,554.4867
contiguous_block_holdout,3719,1338.62,1686.38,1034.4806471293623,1584.0867602183353,1549.6088,1159.9014,1561.2709303324873,526.7903
contiguous_block_holdout,3720,1338.92,1704.03,1046.0726184155974,1584.5646749325258,1556.6442,1159.0514,1561.42381470466,515.3512
contiguous_block_holdout,3721,1339.23,993.22,887.359176465842,1358.8730807099357,1173.3812,988.895,1195.2558744638889,307.8967
contiguous_block_holdout,3722,1339.54,1013.22,902.373746206134,1025.8321165888256,1015.8954,918.37317,1090.5310490625793,188.1573
contiguous_block_holdout,3723,1339.85,957.44,931.8766691887903,995.6972064760331,995.0575,905.49023,1030.3337919915248,98.45712
contiguous_block_holdout,3724,1340.16,953.79,930.3076112690344,991.9863420755422,979.40094,932.9378,1028.6811082783117,98.3735
contiguous_block_holdout,3725,1340.46,902.0,931.1686086639977,961.3136685413953,942.7948,922.3456,1005.3351430878258,74.166534
contiguous_block_holdout,3726,1340.77,1031.35,949.8853117263616,907.8579798454423,1021.49805,1066.2329,992.346657398969,42.461346
contiguous_block_holdout,3727,1341.08,1113.61,953.9528619257635,1061.408658506741,1016.228,953.62756,1034.8241464106268,80.871284
contiguous_block_holdout,3728,1341.38,1250.55,918.0838838700085,1100.596043810431,1078.8457,976.03735,1109.1878419998914,191.10396
contiguous_block_holdout,3729,1341.69,1142.02,950.2305372830539,1217.940620001955,1199.8857,885.0428,1189.8276899930147,239.59715
contiguous_block_holdout,3730,1342.0,1194.28,934.4993359010347,1159.7429010050823,1147.3221,970.05695,1182.4917522828705,247.99242
contiguous_block_holdout,3731,1342.31,1257.65,897.2826060513094,1166.4210615375305,1157.7722,972.20624,1164.1619700649812,266.87936
contiguous_block_holdout,3732,1342.62,1257.17,883.4090456747826,1228.6793610856996,1228.0582,973.0003,1198.8619265341576,315.45288
contiguous_block_holdout,3733,1342.92,1226.9,917.4796933908684,1231.6293139638105,1241.4867,898.92236,1242.0601377268058,324.58044
contiguous_block_holdout,3734,1343.23,1218.76,940.3203250007965,1186.684482731458,1191.502,880.71497,1201.5035220222808,261.1832
contiguous_block_holdout,3735,1343.54,1154.09,947.9088136882021,1181.114426119493,1175.9412,892.3169,1182.385803434296,234.47699
contiguous_block_holdout,3736,1343.85,1156.22,938.0258085012438,1169.9240076267934,1166.0585,962.76025,1195.82127969265,257.79547
contiguous_block_holdout,3737,1344.15,1202.69,937.8850852913644,1150.858632529118,1132.1609,884.82355,1162.6165306038642,224.73145
contiguous_block_holdout,3738,1344.46,1255.3,922.5381218242044,1175.6595668929115,1167.9952,965.8404,1176.998723630845,254.4606
contiguous_block_holdout,3739,1344.77,1216.62,911.3027256126992,1235.6113926502485,1213.1705,982.5255,1213.56655007559,302.26382
contiguous_block_holdout,3740,1345.08,1168.56,914.894148724242,1182.6237763147587,1178.46,900.33405,1192.7571553160387,277.863
contiguous_block_holdout,3741,1345.39,1192.21,905.4745272846837,1173.1908483112427,1177.3228,940.9091,1187.2120455952306,281.73752
contiguous_block_holdout,3742,1345.69,1264.75,865.4266074072707,1175.790823844831,1152.5315,985.8145,1136.9477255713332,271.52112
contiguous_block_holdout,3743,1346.0,1246.34,839.9179894144648,1251.9779229365497,1229.6726,929.866,1161.9991356546993,322.08115
contiguous_block_holdout,3744,1346.31,1225.03,901.5098708975852,1211.9071880623114,1214.4769,909.9427,1200.283247362429,298.77338
contiguous_block_holdout,3745,1346.61,1176.98,906.3310320260489,1195.5155767894792,1195.8729,908.7421,1185.7981951119864,279.46716
contiguous_block_holdout,3746,1346.92,1101.55,956.7389904307505,1181.7124442826648,1184.4479,849.79834,1190.4738689707897,233.73488
contiguous_block_holdout,3747,1347.23,1225.86,872.1167716598445,1114.8836816324347,1086.5995,987.4076,1114.8545341110164,242.73776
contiguous_block_holdout,3748,1347.85,910.14,966.886644262099,1122.0939336363313,1025.5314,1040.1301,1016.1873339593647,49.30069
contiguous_block_holdout,3749,1348.15,919.86,967.1790532886286,930.3056290969129,959.524,1052.4569,984.131178837945,16.952126
contiguous_block_holdout,3750,1348.46,905.93,965.836657357002,919.8788948693406,940.8673,1112.9915,941.3691452262647,-24.467512
contiguous_block_holdout,3751,1348.77,891.45,966.5335857957247,908.2287943194318,922.7522,1019.838,929.2222988694551,-37.311287
contiguous_block_holdout,3752,1349.08,899.11,964.5891294607098,890.8427856469053,907.4275,1041.6517,916.0721387990887,-48.51699
contiguous_block_holdout,3753,1349.38,892.76,965.3567256884609,905.8455223867418,909.8783,1009.8233,924.455690379623,-40.901035
contiguous_block_holdout,3754,1349.69,907.8,975.4404596545838,895.4116026528116,900.5649,1123.6444,907.0081629016541,-68.4323
contiguous_block_holdout,3755,1350.0,856.29,964.0753725704072,902.9265476139325,921.452,1090.9141,936.084833019626,-27.99054
contiguous_block_holdout,3756,1350.31,863.87,960.85783408426,897.5158507728662,900.178,1047.4379,918.2274744346018,-42.63036
contiguous_block_holdout,3757,1350.62,890.7,961.461053876829,889.2132674351942,867.6006,965.00745,883.7737751292705,-77.68728
contiguous_block_holdout,3758,1350.92,895.18,935.5390746495684,911.6867126688761,909.1276,940.3063,929.8394544026812,-5.6996202
contiguous_block_holdout,3759,1351.23,927.24,943.4175065176204,890.0524293829101,874.91895,865.2129,906.6831811086848,-36.734325
contiguous_block_holdout,3760,1351.54,944.82,951.4258211250626,917.8849226152819,893.2048,865.18335,918.912973224672,-32.512848
contiguous_block_holdout,3761,1351.85,929.1,948.9921022274206,968.5886216047977,946.19543,886.0483,985.5117212154577,36.51962
contiguous_block_holdout,3762,1352.15,764.79,935.4972247237049,926.2383908670544,940.0244,945.6633,949.4818553084217,13.984631
contiguous_block_holdout,3763,1352.46,919.86,946.2437973119864,738.2439565245656,772.5673,782.80145,774.8934860326896,-171.35031
contiguous_block_holdout,3764,1352.77,1066.04,832.0712762493376,934.0467715293382,906.96844,934.5384,971.1932397503142,139.12196
contiguous_block_holdout,3765,1353.08,955.37,964.7921520167889,1069.7374554942435,1060.9291,1012.30084,1021.8343540126385,57.042202
contiguous_block_holdout,3766,1353.7,1057.62,1019.5878077586416,966.0171500693502,986.271,1127.5293,972.0219775279287,-47.56583
contiguous_block_holdout,3767,1354.01,1062.86,1016.6583465572946,1055.8085409810094,1057.9744,1137.2651,1078.8476013180368,62.189255
contiguous_block_holdout,3768,1354.32,1040.52,1028.4792117648094,1065.3477785136106,1049.8586,1136.1349,1067.6530437045067,39.173832
contiguous_block_holdout,3769,1354.63,1105.75,1019.6419383809298,1070.920729658923,1059.7115,1166.6847,1082.095410518381,62.453472
contiguous_block_holdout,3770,1354.93,1182.49,1017.5155463648257,1045.0719802031876,1107.3298,1165.4606,1146.473386330646,128.95784
contiguous_block_holdout,3771,1355.25,1133.06,1060.5475203574379,1181.6276836986858,1194.858,1177.5149,1193.9867140830238,133.4392
contiguous_block_holdout,3772,1355.55,1036.32,1101.5563621030901,1106.5384669792395,1161.1733,1126.9705,1174.9776801572893,73.42132
contiguous_block_holdout,3773,1355.86,948.82,1038.2650724136781,1074.1618384188114,1077.9697,1124.6488,1101.0870519363832,62.82198
contiguous_block_holdout,3774,1356.17,1071.83,1028.803323553751,979.9792524053277,1001.05524,1112.4313,1017.8458068835239,-10.957517
contiguous_block_holdout,3775,1356.48,985.3,1040.8580925577971,1080.2701944651178,1068.0747,1089.0967,1091.904246580014,51.046154
contiguous_block_holdout,3776,1356.78,1083.14,1061.2087582695199,1008.9152580941912,1026.2384,1079.8207,1031.1319493400765,-30.076809
contiguous_block_holdout,3777,1357.09,1063.14,1019.379316453553,1056.7420651328491,1065.2622,1177.4941,1081.0195027633674,61.640186
contiguous_block_holdout,3778,1357.4,985.09,1018.3352929390298,1066.0279286016987,1080.7056,1135.926,1096.3196374214517,77.984344
contiguous_block_holdout,3779,1357.71,1098.65,1017.3705058366371,1010.4113783431058,1018.8903,1120.8318,1031.9981360704019,14.62763
contiguous_block_holdout,3780,1358.02,1014.53,1009.509548177941,1093.782206965148,1084.5117,1082.9584,1104.590862264855,95.081314
contiguous_block_holdout,3781,1358.32,1010.53,1018.9277857272773,1028.4406235981703,1051.7938,1117.6627,1058.7150858371406,39.7873
contiguous_block_holdout,3782,1358.63,982.68,1010.4361293365438,1004.4845096887861,1003.8958,1110.1128,1018.9771297027547,8.541
contiguous_block_holdout,3783,1358.95,1177.46,1019.4874596306828,1000.0786443034795,1014.8007,1121.7794,1028.9028286644962,9.415369
contiguous_block_holdout,3784,1359.25,1088.1,1016.4322107157438,1171.5007288635618,1154.9623,1096.793,1180.7314050516813,164.2992
contiguous_block_holdout,3785,1359.56,1098.1,1015.0641134593204,1093.3101555202547,1098.6891,1134.7129,1118.1292684886173,103.065155
contiguous_block_holdout,3786,1359.87,1205.59,1010.7102850053817,1116.1618088989449,1103.3854,1111.7828,1138.2353399370222,127.525055
contiguous_block_holdout,3787,1360.18,1072.59,1012.1513545302671,1177.110345785889,1169.0662,1084.15,1205.348604896478,193.19725
contiguous_block_holdout,3788,1360.48,1004.26,1008.0026429233872,1081.368851431678,1113.2466,1074.064,1125.8056824741684,117.80304
contiguous_block_holdout,3789,1360.79,1600.19,977.3738838256013,1062.138214688086,1054.0476,1061.5983,1051.2071205199372,73.83324
contiguous_block_holdout,3790,1361.1,1687.21,1008.4281683636667,1367.6404937726174,1478.1621,1146.0461,1493.1863165570262,484.75815
contiguous_block_holdout,3791,1361.41,1559.99,1010.0539696322984,1556.3920313448632,1494.5603,1156.3558,1531.0422508822985,520.9883
contiguous_block_holdout,3792,1361.71,1571.3,1022.8657154798087,1518.898461706898,1561.8301,1123.5182,1561.4330372571526,538.5673
contiguous_block_holdout,3793,1362.02,1678.52,1036.6740096623819,1525.8766688808357,1546.838,1101.3965,1563.3790877873819,526.7051
contiguous_block_holdout,3794,1362.33,1614.4,1038.5767211126406,1554.7309978891838,1502.5203,1088.7108,1527.8095702337343,489.23285
contiguous_block_holdout,3795,1362.64,1654.04,1023.8271023964214,1530.140799018951,1586.84,1130.7383,1581.1861722206402,557.3591
contiguous_block_holdout,3796,1362.94,1633.56,1016.3374576350144,1500.5392361211832,1497.7673,1146.0261,1532.744623162358,516.40717
contiguous_block_holdout,3797,1363.25,1633.56,1029.735668346373,1525.4925917067792,1587.0842,1142.5038,1576.0109369010604,546.27527
contiguous_block_holdout,3798,1363.56,1683.28,1027.0683133239634,1526.2365272778893,1574.7806,1123.4178,1565.0915066833384,538.0232
contiguous_block_holdout,3799,1363.87,1629.91,1023.2725217814769,1561.9189184298593,1508.688,1140.3323,1531.7650754924143,508.49255
contiguous_block_holdout,3800,1364.18,1679.83,1032.0702385451661,1547.0575407100562,1591.7432,1145.958,1586.6440300490724,554.5738
contiguous_block_holdout,3801,1364.48,1679.28,1034.112815054004,1560.8809475641806,1513.4585,1146.1633,1542.869406850879,508.7566
contiguous_block_holdout,3802,1364.79,1611.5,1031.0745516114844,1579.5365156628575,1554.1884,1131.3516,1567.5755281739844,536.501
contiguous_block_holdout,3803,1364.79,1611.5,1031.0745516114844,1552.1280394879643,1592.0236,1127.1344,1581.6090975099219,550.53455
contiguous_block_holdout,3804,1365.11,1704.51,1032.3073347098891,1420.4259016995866,1559.4622,1049.6099,1570.5004499442641,538.1931
contiguous_block_holdout,3805,1365.41,1768.43,1023.6203665459316,1386.7231904979392,1419.5128,1175.799,1457.2065481865566,433.58618
contiguous_block_holdout,3806,1365.72,1628.32,1036.084622903956,1518.9502521418392,1512.043,1151.8827,1559.3052649937997,523.22064
contiguous_block_holdout,3807,1366.03,1643.84,1038.6226086372144,1549.9932403930575,1587.8949,1125.2819,1579.8156628364331,541.19305
contiguous_block_holdout,3808,1366.34,1716.37,1040.22013444014,1537.9085700847518,1550.5311,1114.8529,1552.6010548502964,512.3809
contiguous_block_holdout,3809,1366.65,1610.47,1034.8334631438918,1572.1477221700027,1500.6467,1152.1776,1541.8102697845168,506.9768
contiguous_block_holdout,3810,1366.96,1687.69,1026.9446077732823,1543.5977145596883,1583.0028,1152.2645,1573.5147982029698,546.5702
contiguous_block_holdout,3811,1367.27,1668.25,1020.5931893892944,1561.089455013489,1495.7476,1168.091,1535.9046517916381,515.31146
contiguous_block_holdout,3812,1367.57,1712.17,1030.0399610592199,1547.363533719,1587.4739,1168.0817,1580.0268385006261,549.9869
contiguous_block_holdout,3813,1367.88,1664.59,1025.7154849563162,1573.2201415028694,1505.0715,1152.7874,1534.2402652297537,508.52478
contiguous_block_holdout,3814,1368.19,1619.64,1033.2115529872835,1543.5682541821536,1589.7565,1152.7004,1587.494878182596,554.2833
contiguous_block_holdout,3815,1368.49,1584.68,1037.3394214414523,1549.1585424117486,1586.4531,1169.0187,1569.5862476133273,532.2468
contiguous_block_holdout,3816,1368.8,1762.64,1035.2693251744136,1554.8730925308957,1586.9445,1158.3306,1578.7468032017573,543.4775
contiguous_block_holdout,3817,1369.11,1714.03,1034.6875185586746,1568.9710867693275,1499.8986,1132.7963,1545.8294252969558,511.1419
contiguous_block_holdout,3818,1369.42,1689.55,1037.9297619110775,1587.2293566511178,1585.3002,1074.7365,1578.4466686493588,540.5169
contiguous_block_holdout,3819,1369.73,1691.14,1040.6663175369067,1581.8380791215134,1580.3995,1104.0103,1572.275509431438,531.6092
contiguous_block_holdout,3820,1370.03,1655.63,1023.6414338344332,1569.7994600174884,1560.3298,1154.1409,1554.6034699672457,530.96204
contiguous_block_holdout,3821,1370.34,1696.38,1048.9978381167507,1542.9654855476194,1587.0974,1057.6272,1589.3695422183132,540.3717
contiguous_block_holdout,3822,1370.65,1616.19,1029.282571791441,1579.2512992857612,1514.8951,1105.9905,1559.145853041441,529.8633
contiguous_block_holdout,3823,1370.96,1659.35,1028.8792670847497,1530.2948758479029,1579.7148,1118.9445,1571.4616645456872,542.5824
contiguous_block_holdout,3824,1371.26,1665.63,1033.5677987331596,1529.7881819081247,1505.5309,1165.5736,1538.6312752956596,505.06348
contiguous_block_holdout,3825,1371.57,1711.41,1023.1069586476674,1538.2959432177774,1549.3202,1165.8269,1565.7502081593861,542.64325
contiguous_block_holdout,3826,1371.88,1702.72,1028.5580930829788,1566.400345829209,1516.2448,1157.0726,1555.149950993135,526.59186
contiguous_block_holdout,3827,1372.19,1680.86,1038.1604710218912,1576.5826003787417,1573.4851,1105.5353,1575.58008772111,537.4196
contiguous_block_holdout,3828,1372.5,1656.18,1023.5867400130112,1578.2744844402678,1581.5599,1174.8612,1588.8019499739487,565.2152
contiguous_block_holdout,3829,1372.8,1683.28,1030.6822478635754,1532.9764640188573,1586.1602,1161.931,1592.278073058888,561.5958
contiguous_block_holdout,3830,1373.11,1686.93,1033.409635067909,1583.4508960018643,1538.0471,1181.1537,1572.8761267671277,539.4665
contiguous_block_holdout,3831,1373.42,1679.55,1027.7742376963715,1581.1404330651778,1563.2572,1178.8083,1577.7491522471528,549.9749
contiguous_block_holdout,3832,1373.73,1666.94,1023.0044914235357,1574.2086875771683,1560.9421,1187.0542,1570.4261222829107,547.42163
contiguous_block_holdout,3833,1374.04,1689.83,1032.329115909033,1542.4355509935924,1572.7307,1179.994,1583.5286398348142,551.1995
contiguous_block_holdout,3834,1374.34,1630.94,1022.9524305008556,1570.5814101629958,1552.6362,1193.4996,1567.1608655594493,544.20844
contiguous_block_holdout,3835,1374.65,1742.64,1026.0207963508433,1546.970434338318,1596.4694,1181.0779,1591.8270097297495,565.8062
contiguous_block_holdout,3836,1374.96,1569.44,1025.9782483837394,1567.6743079451257,1496.7998,1180.4082,1529.2466504833487,503.2684
contiguous_block_holdout,3837,1375.27,1680.86,1023.4394901035008,1525.202493424998,1564.3754,1190.8127,1577.4260623691257,553.9866
contiguous_block_holdout,3838,1375.57,188.85,1034.2525241754354,1558.0899692306716,1487.7732,1149.1528,1539.1333225152791,504.8808
contiguous_block_holdout,3839,1375.88,279.52,1029.965851538831,166.06408053099688,255.68613,1159.2385,438.1437079841435,-591.82214
contiguous_block_holdout,3840,1376.19,332.89,1029.2503161753102,187.9985921190384,196.42087,1136.2462,395.77918580421647,-633.4711
contiguous_block_holdout,3841,1376.49,420.18,1026.8744219440691,207.0366974224387,364.70547,1126.5552,534.4633806843035,-492.41104
contiguous_block_holdout,3842,1376.81,511.61,1038.3356248179966,676.4735604353102,370.76602,1109.838,541.5577317515904,-496.7779
contiguous_block_holdout,3843,1377.12,443.83,1048.1478726989658,668.930968485131,455.17435,1108.6206,663.6172635681064,-384.5306
contiguous_block_holdout,3844,1377.43,256.63,1039.8004681263465,671.2584965174074,393.28784,1106.0698,555.2596966419715,-484.54077
contiguous_block_holdout,3845,1377.74,338.96,1041.0926415919546,204.0696387405188,211.06651,1136.892,398.1830956935171,-642.90955
contiguous_block_holdout,3846,1378.05,338.41,1044.2900574715104,199.77159476421733,364.22745,1123.0453,538.296313575026,-505.99374
contiguous_block_holdout,3847,1378.35,384.95,1061.0393899601663,206.82053552812926,374.28363,1055.3806,551.1172708195413,-509.92212
contiguous_block_holdout,3848,1378.66,519.26,1045.324856319694,253.4841506885707,367.27658,1097.9332,549.9755826380533,-495.34927
contiguous_block_holdout,3849,1378.97,504.78,1042.5485726163033,661.1321605498395,456.8818,1155.5513,669.7654000088814,-372.78317
contiguous_block_holdout,3850,1379.28,447.21,1042.9450651413374,663.74004627817,474.68097,1107.8832,685.3339811569624,-357.61108
contiguous_block_holdout,3851,1379.59,283.73,1042.37434485043,663.4672781853492,399.7634,1155.8982,568.6829386004299,-473.6914
contiguous_block_holdout,3852,1379.9,1529.72,994.4153593131593,217.92045971352724,265.73575,1195.3705,417.84138470378434,-576.574
contiguous_block_holdout,3853,1380.21,1455.05,985.7189768534965,1495.989249475537,1549.1915,1202.1456,1537.6528757792778,551.9339
contiguous_block_holdout,3854,1380.52,1428.02,983.1186237892352,1431.3769226086936,1462.4424,1193.9465,1452.3540363868915,469.2354
contiguous_block_holdout,3855,1380.82,1492.42,981.1368454654374,1343.783172191477,1449.3281,1175.2825,1423.1068466861407,441.97
contiguous_block_holdout,3856,1381.14,1511.32,992.4617843930895,1470.3115016193804,1484.1138,1189.0342,1481.9795151059802,489.51773
contiguous_block_holdout,3857,1381.44,1365.97,984.6608220521517,1508.007353628342,1508.469,1135.0361,1520.4251653138704,535.76434
contiguous_block_holdout,3858,1381.75,1387.27,1019.8405868205484,1371.1976583275077,1389.6956,1179.1396,1390.5422164592203,370.70163
contiguous_block_holdout,3859,1382.06,1442.23,1015.2047429228129,1316.992001908549,1364.2816,1183.8977,1374.2894597196878,359.08472
contiguous_block_holdout,3860,1382.37,1398.03,1015.1668081319708,1338.5455934498136,1417.644,1163.9423,1432.903197292127,417.7364
contiguous_block_holdout,3861,1382.68,1403.06,1019.9688820278667,1350.1330682662162,1376.3849,1149.6294,1374.0508522427103,354.08197
contiguous_block_holdout,3862,1382.98,1412.23,1024.5143422623412,1395.6776332243153,1370.7599,1176.4988,1375.2959279557006,350.7816
contiguous_block_holdout,3863,1383.29,1394.86,1026.0797481765103,1391.3786498456516,1369.7382,1183.1401,1375.120916389401,349.04117
contiguous_block_holdout,3864,1383.6,1465.05,1022.8497421724626,1353.8617436962618,1378.1447,1174.8267,1374.3036606294938,351.45392
contiguous_block_holdout,3865,1383.91,1371.48,1061.1840223791382,1449.1443948547476,1423.9524,1152.0562,1421.6446852209351,360.46066
contiguous_block_holdout,3866,1384.22,1401.48,1042.5611257925984,1409.215833954427,1383.8616,1180.2448,1399.2938528433797,356.73273
contiguous_block_holdout,3867,1384.52,1360.45,1032.7956994686085,1392.521463054953,1351.5177,1169.8828,1370.142958990093,337.34726
contiguous_block_holdout,3868,1384.83,1413.27,1049.1512024251758,1397.7354936392824,1379.1128,1179.2906,1399.6821472493946,350.53094
contiguous_block_holdout,3869,1385.14,1365.69,1033.3136167262633,1409.461208626519,1354.2205,1161.581,1370.9557676051695,337.64215
contiguous_block_holdout,3870,1385.46,1306.33,1058.1151430426057,1400.4407341968438,1392.859,1142.5363,1402.9193422613557,344.8042
contiguous_block_holdout,3871,1385.76,1401.2,956.1493232896539,1242.7217594434699,1230.2188,1096.665,1185.8966224839899,229.7473
contiguous_block_holdout,3872,1386.07,1378.86,989.0446708312422,1322.7999432876825,1357.664,1169.3582,1342.1111686339766,353.0665
contiguous_block_holdout,3873,1386.38,1392.51,976.7750938226961,1301.9805567492183,1338.883,1127.8976,1335.1533592035555,358.37827
contiguous_block_holdout,3874,1386.69,1252.68,972.9931890367037,1274.520881851316,1335.9446,1129.4073,1337.5499822495944,364.5568
contiguous_block_holdout,3875,1386.99,1301.57,1033.840632670155,1267.6548952984833,1274.822,1170.008,1275.2105820109753,241.36995
contiguous_block_holdout,3876,1387.3,1269.78,1014.2245696033606,1290.3864316714344,1299.2993,1171.3917,1291.354330345548,277.12976
contiguous_block_holdout,3877,1387.61,1352.8,1021.3641093032707,1282.7981783661396,1287.6636,1171.3977,1284.5574076431144,263.1933
contiguous_block_holdout,3878,1387.92,1349.14,1016.7444651267585,1367.503214859806,1355.03,1177.4329,1361.5515329978523,344.80707
contiguous_block_holdout,3879,1388.23,1313.64,1018.557393819792,1358.357069016943,1338.3412,1173.9421,1351.7098291225263,333.15244
contiguous_block_holdout,3880,1388.53,1328.11,1025.949596675803,1303.2266410078576,1321.7878,1185.7349,1311.7270930136935,285.7775
contiguous_block_holdout,3881,1388.84,1364.11,1019.4779527310709,1312.189248582814,1332.7526,1151.7142,1329.293657076774,309.8157
contiguous_block_holdout,3882,1389.15,1393.27,1012.7736958757052,1372.957257933959,1368.0383,1191.809,1369.1701802507052,356.39648
contiguous_block_holdout,3883,1389.46,1031.35,1024.7561214585976,1396.8835759034798,1365.8115,1136.7892,1365.797472776957,341.04135
contiguous_block_holdout,3884,1389.77,1002.12,1010.9590556328043,1052.2509476537841,1083.7412,1115.927,1117.547976226066,106.58892
contiguous_block_holdout,3885,1390.07,1062.59,1011.5938227918638,1017.1901448298572,1023.9677,1113.448,1035.4909003522885,23.897078
contiguous_block_holdout,3886,1390.38,837.05,1003.8275502915264,1056.0587935381386,1057.3447,1130.2465,1068.8472265000225,65.01968
contiguous_block_holdout,3887,1390.69,934.07,1008.3310743674522,885.0584516193328,883.04504,1113.4907,895.384266506124,-112.94681
contiguous_block_holdout,3888,1391.0,971.92,1000.3846543184454,923.387972656015,945.8725,1119.0347,939.3073113313849,-61.077343
contiguous_block_holdout,3889,1391.3,953.79,997.8887196944005,971.4873271497811,967.36975,1104.8787,976.67732252338,-21.211397
contiguous_block_holdout,3890,1391.61,940.41,1007.616113527107,958.3488575509933,971.891,1113.7256,982.3991335466383,-25.21698
contiguous_block_holdout,3891,1391.61,940.41,1007.616113527107,935.1191956486142,944.95,1126.2423,952.8930796220777,-54.723034
contiguous_block_holdout,3892,1391.92,1012.39,960.5080105202878,974.6059997292798,965.1574,935.13,963.1830085652555,2.674998
contiguous_block_holdout,3893,1392.23,964.27,974.9394608276095,1006.6321416814515,995.52423,1008.9831,995.6241989867892,20.684738
contiguous_block_holdout,3894,1392.54,977.71,961.193148352633,986.8617976464308,996.4016,964.64923,995.9799105901818,34.786762
contiguous_block_holdout,3895,1392.84,934.07,973.4589768046319,962.8123876187269,968.25494,1032.0099,967.3796063059747,-6.0793705
contiguous_block_holdout,3896,1393.15,904.9,984.435486090849,935.3952322791796,948.2318,1097.217,933.4607966072065,-50.97469
contiguous_block_holdout,3897,1393.46,1002.4,963.1322510114043,918.7197490346717,930.6258,929.55835,931.4617245068877,-31.670527
contiguous_block_holdout,3898,1393.77,988.19,983.0956762042314,994.9928424533784,989.93536,1081.5571,988.9657528605729,5.8700767
contiguous_block_holdout,3899,1394.07,990.33,980.1692627448358,998.7650532919847,1006.85876,1123.1445,994.871137477807,14.701875
contiguous_block_holdout,3900,1394.38,1034.25,968.1348781774246,1004.8785526163009,1001.82245,967.4767,999.1576976964676,31.02282
contiguous_block_holdout,3901,1394.69,1033.15,982.2507014406096,1034.67232776718,1032.4966,1081.9625,1039.291278375424,57.040577
contiguous_block_holdout,3902,1395.0,965.09,967.540235228859,1051.8604609340944,1044.0243,941.61646,1059.4795510247575,91.939316
contiguous_block_holdout,3903,1395.31,987.43,950.0035723870519,990.2580571406854,996.97546,945.62366,1003.7518328850988,53.74826
contiguous_block_holdout,3904,1395.61,904.62,980.4733373552722,981.6745152026838,984.4907,1067.2565,983.4266003996295,2.953263
contiguous_block_holdout,3905,1395.92,870.7,969.8865559713375,927.2287239400181,950.44666,1030.074,948.463774980737,-21.422781
contiguous_block_holdout,3906,1396.23,877.04,970.0730369286723,891.7902133403824,888.42847,1033.0686,895.6932914452739,-74.379745
contiguous_block_holdout,3907,1396.54,943.79,963.6050063704198,879.3654429631201,887.53894,948.7561,886.5003539656346,-77.10465
contiguous_block_holdout,3908,1396.85,943.51,930.5179911579912,971.7786366454155,956.0093,923.391,970.5126582112139,39.994667
contiguous_block_holdout,3909,1397.15,919.1,950.2835410936316,940.3627000570831,941.1333,896.0417,963.3623374803503,13.078796
contiguous_block_holdout,3910,1397.46,876.49,1009.4279133880169,887.5460709999153,937.52045,1105.521,942.4907719695599,-66.93714
contiguous_block_holdout,3911,1397.77,884.15,1009.4466111838105,908.715836736154,910.3516,1095.816,923.9371354758027,-85.509476
contiguous_block_holdout,3912,1398.08,846.02,1010.1611792408736,886.9073120867021,884.7492,1108.1068,907.1600577198775,-103.00112
contiguous_block_holdout,3913,1398.38,878.84,1006.835764788478,891.4628181028526,876.44995,1061.913,901.120074175685,-105.71569
contiguous_block_holdout,3914,1398.69,911.45,1002.2247803233327,889.237986042181,893.6443,1071.6893,901.9894440196217,-100.23534
contiguous_block_holdout,3915,1399.0,965.64,1007.6711824549991,906.0913080953543,912.6609,1082.7917,927.7708376063663,-79.900345
contiguous_block_holdout,3916,1399.31,896.76,1008.2056194490827,973.4787886036353,970.9365,1085.9972,990.686730975572,-17.518888
contiguous_block_holdout,3917,1399.62,917.79,967.4012699373588,943.8655369683333,958.2862,1028.7064,961.3305711992607,-6.0706987
contiguous_block_holdout,3918,1399.93,953.51,968.8374161940035,916.556152198889,925.69635,1053.8492,921.479570887607,-47.357845
contiguous_block_holdout,3919,1400.23,896.76,966.0571289703744,963.1050202257732,965.62866,1011.9123,968.5744481727975,2.5173192
contiguous_block_holdout,3920,1400.54,979.78,963.8962077267629,921.3262147377202,921.26825,959.9943,920.8535441525441,-43.042664
contiguous_block_holdout,3921,1400.85,928.83,959.5290208180496,980.5273391159001,969.66895,971.00256,979.5602784474441,20.031258
contiguous_block_holdout,3922,1401.16,955.85,963.529655635503,931.7227877717155,945.2186,950.71533,940.5947400929005,-22.934916
contiguous_block_holdout,3923,1401.16,955.85,963.529655635503,958.9446290490977,954.27576,966.51587,967.4465004803211,3.9168448
contiguous_block_holdout,3924,1401.47,858.08,968.7734535643502,958.7736811747404,967.4115,1029.3094,970.7633017012521,1.9898481
contiguous_block_holdout,3925,1401.77,833.67,972.3261053727813,898.1518305718708,890.2818,1021.355,887.3501303361602,-84.975975
contiguous_block_holdout,3926,1402.08,919.59,944.4182737673522,857.0719802069118,866.00214,957.8885,857.6909101809264,-86.72736
contiguous_block_holdout,3927,1402.39,924.62,970.8613579967598,914.473918341751,920.1833,995.0163,916.4718774059395,-54.38948
contiguous_block_holdout,3928,1402.7,858.36,964.3951077720652,921.7665189216333,933.039,996.3027,936.8096890708933,-27.585419
contiguous_block_holdout,3929,1403.01,937.24,982.6124892166814,897.1094920061664,891.2081,1065.0406,895.9406218460759,-86.67187
contiguous_block_holdout,3930,1403.31,882.01,984.3711461223955,930.1371016169111,935.6382,1110.2421,944.38291446346,-39.98823
contiguous_block_holdout,3931,1403.62,912.0,970.7019400160723,913.814453168312,930.48145,1070.8475,931.629655317586,-39.072285
contiguous_block_holdout,3932,1403.93,866.49,963.5301930723084,907.965386703723,913.52277,975.31506,920.9856297788514,-42.544563
contiguous_block_holdout,3933,1404.24,965.64,988.3704600653693,892.6304823453055,888.9399,1085.8846,905.659934552674,-82.710526
contiguous_block_holdout,3934,1404.54,778.72,974.4566919082512,988.842279747545,977.8817,1103.0947,974.3437078768123,-0.11298403
contiguous_block_holdout,3935,1404.85,915.17,967.2723774985075,768.6919058773034,786.88873,1009.6613,795.4564442709684,-171.81593
contiguous_block_holdout,3936,1405.16,900.97,972.1794027310856,904.2558724547957,898.36346,1058.5073,896.7164281827457,-75.462975
contiguous_block_holdout,3937,1405.47,895.94,971.9900076616973,906.0996113078987,924.7982,1023.31537,930.3686125506133,-41.621395
contiguous_block_holdout,3938,1405.78,883.04,961.5280060552442,892.4026146280999,902.33545,971.24255,909.7355217717969,-51.792484
contiguous_block_holdout,3939,1406.08,873.87,963.1278001722154,881.3568665331682,888.3097,952.0907,895.9536439832506,-67.17416
contiguous_block_holdout,3940,1406.39,866.77,950.9942418563171,883.4365687363288,881.7131,882.82544,875.9484883773132,-75.04575
contiguous_block_holdout,3941,1406.7,946.41,955.6448848560233,886.637651455386,861.4627,897.9665,864.9424541309256,-90.70243
contiguous_block_holdout,3942,1407.01,848.91,729.3410815401396,1013.1293991161593,952.8266,822.61993,1014.8865222139677,285.54544
contiguous_block_holdout,3943,1407.31,870.22,947.1403665536038,910.1200438960915,898.32153,905.8283,876.5730600350491,-70.56731
contiguous_block_holdout,3944,1407.62,906.76,930.6912522936958,876.1816253633958,870.8887,952.9197,863.5803361560005,-67.110916
contiguous_block_holdout,3945,1407.93,886.21,925.0541350137333,907.9060102968209,901.4904,909.11676,895.7292753945927,-29.32486
contiguous_block_holdout,3946,1408.24,955.85,936.3786651298736,897.2230696415113,895.82385,929.96356,878.6300079033111,-57.748657
contiguous_block_holdout,3947,1408.55,943.03,998.9786203864737,941.4320870526157,957.50385,1068.6615,966.6150797370597,-32.36354
contiguous_block_holdout,3948,1408.85,910.42,986.819080069634,980.9315642864327,973.6292,1079.2513,979.3973977118459,-7.4216824
contiguous_block_holdout,3949,1409.16,927.52,989.2800793383891,918.2975773385658,925.4649,1022.4275,928.8543057177836,-60.425774
