split,source_index,assignment,depth_m
random_within_well,0,train,26.59
random_within_well,1,train,26.9
random_within_well,2,train,27.24
random_within_well,3,train,27.55
random_within_well,4,train,27.85
random_within_well,5,train,28.49
random_within_well,6,train,29.79
random_within_well,7,train,31.24
random_within_well,8,test,32.21
random_within_well,9,train,32.54
random_within_well,10,train,34.55
random_within_well,11,train,34.9
random_within_well,12,train,35.21
random_within_well,13,train,35.53
random_within_well,14,test,35.85
random_within_well,15,test,36.17
random_within_well,16,train,36.48
random_within_well,17,test,37.1
random_within_well,18,train,37.41
random_within_well,19,test,37.74
random_within_well,20,train,38.06
random_within_well,21,train,38.36
random_within_well,22,train,38.67
random_within_well,23,test,39.01
random_within_well,24,train,39.33
random_within_well,25,train,39.66
random_within_well,26,train,40.94
random_within_well,27,train,41.25
random_within_well,28,train,41.55
random_within_well,29,train,41.86
random_within_well,30,train,43.93
random_within_well,31,test,44.93
random_within_well,32,train,45.65
random_within_well,33,test,46.32
random_within_well,34,train,48.04
random_within_well,35,train,48.38
random_within_well,36,train,48.69
random_within_well,37,test,49.01
random_within_well,38,train,49.33
random_within_well,39,train,49.64
random_within_well,40,train,49.96
random_within_well,41,test,50.26
random_within_well,42,train,50.58
random_within_well,43,train,50.88
random_within_well,44,test,51.2
random_within_well,45,test,51.51
random_within_well,46,train,51.82
random_within_well,47,train,52.13
random_within_well,48,train,52.44
random_within_well,49,train,52.74
random_within_well,50,test,53.05
random_within_well,51,test,53.35
random_within_well,52,train,53.67
random_within_well,53,train,53.97
random_within_well,54,train,54.28
random_within_well,55,train,54.6
random_within_well,56,train,54.91
random_within_well,57,train,55.21
random_within_well,58,train,55.53
random_within_well,59,train,55.83
random_within_well,60,train,56.15
random_within_well,61,train,56.46
random_within_well,62,train,56.77
random_within_well,63,test,57.07
random_within_well,64,train,57.38
random_within_well,65,test,57.69
random_within_well,66,train,58.01
random_within_well,67,train,58.31
random_within_well,68,train,58.64
random_within_well,69,train,58.94
random_within_well,70,train,59.25
random_within_well,71,train,59.56
random_within_well,72,train,61.24
random_within_well,73,train,61.56
random_within_well,74,train,61.87
random_within_well,75,test,62.5
random_within_well,76,train,62.81
random_within_well,77,train,63.13
random_within_well,78,train,181.21
random_within_well,79,test,181.52
random_within_well,80,test,181.83
random_within_well,81,train,182.15
random_within_well,82,train,182.46
random_within_well,83,train,182.77
random_within_well,84,test,183.09
random_within_well,85,train,183.4
random_within_well,86,train,183.71
random_within_well,87,train,184.02
random_within_well,88,test,184.33
random_within_well,89,train,184.64
random_within_well,90,train,184.96
random_within_well,91,test,185.27
random_within_well,92,train,185.59
random_within_well,93,test,185.9
random_within_well,94,train,186.21
random_within_well,95,train,186.52
random_within_well,96,test,186.84
random_within_well,97,train,187.15
random_within_well,98,train,187.46
random_within_well,99,train,187.78
random_within_well,100,train,188.1
random_within_well,101,test,188.41
random_within_well,102,test,188.72
random_within_well,103,train,189.04
random_within_well,104,train,189.88
random_within_well,105,train,190.19
random_within_well,106,train,190.5
random_within_well,107,train,190.81
random_within_well,108,train,191.13
random_within_well,109,train,191.44
random_within_well,110,test,191.75
random_within_well,111,train,192.06
random_within_well,112,train,192.37
random_within_well,113,train,192.69
random_within_well,114,train,193.0
random_within_well,115,train,193.31
random_within_well,116,train,193.63
random_within_well,117,train,193.94
random_within_well,118,train,194.25
random_within_well,119,train,194.56
random_within_well,120,train,194.87
random_within_well,121,test,195.18
random_within_well,122,test,195.5
random_within_well,123,train,195.8
random_within_well,124,test,196.11
random_within_well,125,train,196.43
random_within_well,126,train,196.75
random_within_well,127,train,197.06
random_within_well,128,train,197.38
random_within_well,129,train,197.7
random_within_well,130,train,198.0
random_within_well,131,train,198.31
random_within_well,132,test,198.63
random_within_well,133,train,198.94
random_within_well,134,train,199.25
random_within_well,135,test,199.56
random_within_well,136,train,199.88
random_within_well,137,train,200.19
random_within_well,138,train,200.5
random_within_well,139,train,200.81
random_within_well,140,train,201.12
random_within_well,141,train,201.43
random_within_well,142,train,201.74
random_within_well,143,train,202.06
random_within_well,144,test,202.37
random_within_well,145,train,202.68
random_within_well,146,train,202.99
random_within_well,147,train,203.3
random_within_well,148,train,203.62
random_within_well,149,test,203.93
random_within_well,150,train,204.24
random_within_well,151,train,204.56
random_within_well,152,train,204.87
random_within_well,153,train,205.18
random_within_well,154,train,205.49
random_within_well,155,train,205.81
random_within_well,156,test,206.12
random_within_well,157,test,206.44
random_within_well,158,train,206.75
random_within_well,159,train,207.07
random_within_well,160,train,207.38
random_within_well,161,train,207.7
random_within_well,162,train,208.01
random_within_well,163,train,208.32
random_within_well,164,train,208.64
random_within_well,165,train,208.95
random_within_well,166,train,209.26
random_within_well,167,test,209.57
random_within_well,168,test,209.88
random_within_well,169,train,210.19
random_within_well,170,train,210.51
random_within_well,171,train,210.83
random_within_well,172,test,211.14
random_within_well,173,train,211.45
random_within_well,174,train,211.76
random_within_well,175,train,212.07
random_within_well,176,train,212.4
random_within_well,177,test,212.72
random_within_well,178,train,213.03
random_within_well,179,test,213.34
random_within_well,180,train,213.65
random_within_well,181,test,213.97
random_within_well,182,train,214.28
random_within_well,183,train,214.59
random_within_well,184,train,214.9
random_within_well,185,test,215.21
random_within_well,186,train,215.52
random_within_well,187,train,215.84
random_within_well,188,train,216.15
random_within_well,189,train,216.46
random_within_well,190,train,216.77
random_within_well,191,train,217.08
random_within_well,192,train,217.39
random_within_well,193,train,217.7
random_within_well,194,train,218.01
random_within_well,195,train,218.32
random_within_well,196,test,218.63
random_within_well,197,train,218.94
random_within_well,198,test,219.25
random_within_well,199,test,219.56
random_within_well,200,train,219.88
random_within_well,201,train,220.19
random_within_well,202,train,220.5
random_within_well,203,train,220.81
random_within_well,204,train,221.13
random_within_well,205,train,221.44
random_within_well,206,train,221.76
random_within_well,207,train,222.07
random_within_well,208,test,222.39
random_within_well,209,train,222.7
random_within_well,210,train,223.03
random_within_well,211,train,223.33
random_within_well,212,train,223.65
random_within_well,213,train,223.96
random_within_well,214,train,224.27
random_within_well,215,train,224.59
random_within_well,216,test,224.9
random_within_well,217,test,225.21
random_within_well,218,train,225.53
random_within_well,219,train,225.84
random_within_well,220,train,226.15
random_within_well,221,test,226.47
random_within_well,222,train,226.78
random_within_well,223,train,227.09
random_within_well,224,train,227.4
random_within_well,225,train,227.71
random_within_well,226,train,228.02
random_within_well,227,test,228.34
random_within_well,228,test,228.65
random_within_well,229,train,228.96
random_within_well,230,test,229.27
random_within_well,231,test,229.59
random_within_well,232,train,229.9
random_within_well,233,test,230.21
random_within_well,234,train,230.52
random_within_well,235,train,230.83
random_within_well,236,train,231.14
random_within_well,237,train,231.45
random_within_well,238,train,231.76
random_within_well,239,test,232.07
random_within_well,240,test,232.39
random_within_well,241,train,232.69
random_within_well,242,train,233.0
random_within_well,243,train,233.32
random_within_well,244,train,233.63
random_within_well,245,test,233.94
random_within_well,246,train,234.25
random_within_well,247,test,234.57
random_within_well,248,test,234.88
random_within_well,249,train,235.19
random_within_well,250,train,235.51
random_within_well,251,train,235.82
random_within_well,252,train,236.12
random_within_well,253,train,236.43
random_within_well,254,test,236.74
random_within_well,255,train,237.06
random_within_well,256,train,237.37
random_within_well,257,test,237.68
random_within_well,258,train,238.0
random_within_well,259,test,238.31
random_within_well,260,train,238.62
random_within_well,261,train,238.94
random_within_well,262,train,239.25
random_within_well,263,test,239.56
random_within_well,264,train,239.88
random_within_well,265,test,240.18
random_within_well,266,train,240.49
random_within_well,267,train,240.8
random_within_well,268,train,241.12
random_within_well,269,train,241.42
random_within_well,270,train,241.73
random_within_well,271,train,242.04
random_within_well,272,train,242.35
random_within_well,273,train,242.67
random_within_well,274,train,242.98
random_within_well,275,train,243.29
random_within_well,276,train,243.61
random_within_well,277,train,243.92
random_within_well,278,train,244.23
random_within_well,279,test,244.54
random_within_well,280,train,244.85
random_within_well,281,train,245.16
random_within_well,282,train,245.47
random_within_well,283,train,245.78
random_within_well,284,train,246.09
random_within_well,285,train,246.41
random_within_well,286,train,246.72
random_within_well,287,train,247.04
random_within_well,288,train,247.35
random_within_well,289,train,247.65
random_within_well,290,test,247.96
random_within_well,291,test,248.27
random_within_well,292,train,248.59
random_within_well,293,train,248.9
random_within_well,294,train,249.21
random_within_well,295,train,249.52
random_within_well,296,test,249.84
random_within_well,297,test,250.15
random_within_well,298,train,250.46
random_within_well,299,train,250.77
random_within_well,300,train,251.09
random_within_well,301,train,251.4
random_within_well,302,train,251.71
random_within_well,303,test,252.02
random_within_well,304,train,252.34
random_within_well,305,train,252.65
random_within_well,306,train,252.97
random_within_well,307,train,253.28
random_within_well,308,test,253.59
random_within_well,309,train,253.9
random_within_well,310,train,254.21
random_within_well,311,train,254.53
random_within_well,312,train,254.84
random_within_well,313,train,255.15
random_within_well,314,train,255.46
random_within_well,315,test,255.78
random_within_well,316,train,256.1
random_within_well,317,train,256.41
random_within_well,318,test,256.72
random_within_well,319,test,257.03
random_within_well,320,train,257.34
random_within_well,321,test,257.65
random_within_well,322,test,257.97
random_within_well,323,test,258.28
random_within_well,324,test,258.59
random_within_well,325,test,258.9
random_within_well,326,train,259.22
random_within_well,327,train,259.54
random_within_well,328,train,259.85
random_within_well,329,train,260.17
random_within_well,330,train,260.48
random_within_well,331,train,260.8
random_within_well,332,test,261.1
random_within_well,333,test,261.41
random_within_well,334,test,261.73
random_within_well,335,train,262.05
random_within_well,336,train,262.36
random_within_well,337,train,262.67
random_within_well,338,train,262.98
random_within_well,339,train,263.29
random_within_well,340,train,263.6
random_within_well,341,train,263.91
random_within_well,342,train,264.22
random_within_well,343,train,264.54
random_within_well,344,train,264.84
random_within_well,345,train,265.15
random_within_well,346,test,265.46
random_within_well,347,test,265.78
random_within_well,348,train,266.08
random_within_well,349,test,266.39
random_within_well,350,train,266.71
random_within_well,351,test,267.03
random_within_well,352,train,267.34
random_within_well,353,train,267.65
random_within_well,354,test,267.95
random_within_well,355,train,268.26
random_within_well,356,train,268.57
random_within_well,357,train,268.88
random_within_well,358,train,269.2
random_within_well,359,train,269.51
random_within_well,360,train,269.82
random_within_well,361,train,270.14
random_within_well,362,train,270.46
random_within_well,363,train,270.77
random_within_well,364,train,271.08
random_within_well,365,train,271.39
random_within_well,366,train,271.7
random_within_well,367,train,272.01
random_within_well,368,train,272.32
random_within_well,369,train,272.63
random_within_well,370,train,272.94
random_within_well,371,test,273.26
random_within_well,372,train,273.57
random_within_well,373,test,273.88
random_within_well,374,train,274.19
random_within_well,375,train,274.5
random_within_well,376,test,274.82
random_within_well,377,train,275.13
random_within_well,378,test,275.44
random_within_well,379,train,275.75
random_within_well,380,test,276.07
random_within_well,381,test,276.38
random_within_well,382,train,276.7
random_within_well,383,train,277.01
random_within_well,384,train,277.31
random_within_well,385,train,277.63
random_within_well,386,train,277.94
random_within_well,387,train,278.25
random_within_well,388,train,278.57
random_within_well,389,train,278.88
random_within_well,390,train,279.2
random_within_well,391,train,279.51
random_within_well,392,train,279.82
random_within_well,393,test,280.12
random_within_well,394,train,280.44
random_within_well,395,train,280.75
random_within_well,396,train,281.06
random_within_well,397,train,281.38
random_within_well,398,train,281.69
random_within_well,399,train,282.0
random_within_well,400,train,282.32
random_within_well,401,test,282.62
random_within_well,402,train,282.94
random_within_well,403,train,283.25
random_within_well,404,train,283.56
random_within_well,405,train,283.86
random_within_well,406,train,284.18
random_within_well,407,train,284.49
random_within_well,408,test,284.8
random_within_well,409,train,285.11
random_within_well,410,test,285.42
random_within_well,411,train,285.73
random_within_well,412,train,286.04
random_within_well,413,train,286.36
random_within_well,414,test,286.67
random_within_well,415,train,286.98
random_within_well,416,train,287.28
random_within_well,417,train,287.6
random_within_well,418,test,287.91
random_within_well,419,train,288.22
random_within_well,420,test,288.54
random_within_well,421,train,288.85
random_within_well,422,test,289.16
random_within_well,423,train,289.48
random_within_well,424,train,289.79
random_within_well,425,test,290.11
random_within_well,426,test,290.42
random_within_well,427,train,290.74
random_within_well,428,train,291.05
random_within_well,429,train,291.37
random_within_well,430,train,291.69
random_within_well,431,train,292.0
random_within_well,432,test,292.31
random_within_well,433,train,292.63
random_within_well,434,train,292.94
random_within_well,435,test,293.26
random_within_well,436,train,293.57
random_within_well,437,test,293.88
random_within_well,438,train,294.19
random_within_well,439,test,294.5
random_within_well,440,train,294.81
random_within_well,441,train,295.12
random_within_well,442,train,295.43
random_within_well,443,train,295.75
random_within_well,444,train,296.06
random_within_well,445,train,296.37
random_within_well,446,train,296.68
random_within_well,447,test,296.99
random_within_well,448,train,297.3
random_within_well,449,train,297.61
random_within_well,450,train,297.92
random_within_well,451,train,298.24
random_within_well,452,train,298.54
random_within_well,453,test,298.85
random_within_well,454,train,299.16
random_within_well,455,train,299.48
random_within_well,456,train,299.79
random_within_well,457,train,300.1
random_within_well,458,train,300.42
random_within_well,459,train,300.73
random_within_well,460,train,301.04
random_within_well,461,train,301.36
random_within_well,462,test,301.68
random_within_well,463,train,301.99
random_within_well,464,train,302.3
random_within_well,465,test,302.62
random_within_well,466,train,302.93
random_within_well,467,train,303.24
random_within_well,468,test,303.55
random_within_well,469,test,303.86
random_within_well,470,train,304.18
random_within_well,471,train,304.48
random_within_well,472,test,304.79
random_within_well,473,test,305.12
random_within_well,474,train,305.43
random_within_well,475,train,305.75
random_within_well,476,test,306.06
random_within_well,477,train,306.38
random_within_well,478,train,306.69
random_within_well,479,train,307.0
random_within_well,480,train,307.31
random_within_well,481,train,307.63
random_within_well,482,train,307.95
random_within_well,483,train,308.25
random_within_well,484,train,308.57
random_within_well,485,train,308.88
random_within_well,486,test,309.2
random_within_well,487,train,309.51
random_within_well,488,train,309.82
random_within_well,489,train,310.13
random_within_well,490,train,310.45
random_within_well,491,test,310.76
random_within_well,492,train,311.07
random_within_well,493,train,311.39
random_within_well,494,train,311.69
random_within_well,495,train,312.01
random_within_well,496,test,312.33
random_within_well,497,train,312.64
random_within_well,498,train,312.95
random_within_well,499,train,313.27
random_within_well,500,train,313.58
random_within_well,501,test,313.89
random_within_well,502,train,314.21
random_within_well,503,test,314.52
random_within_well,504,train,314.83
random_within_well,505,train,315.14
random_within_well,506,test,315.46
random_within_well,507,train,315.77
random_within_well,508,train,316.08
random_within_well,509,train,316.39
random_within_well,510,train,316.72
random_within_well,511,test,317.03
random_within_well,512,train,317.34
random_within_well,513,train,317.65
random_within_well,514,train,317.96
random_within_well,515,train,318.28
random_within_well,516,train,318.59
random_within_well,517,train,318.9
random_within_well,518,train,319.22
random_within_well,519,train,319.53
random_within_well,520,train,319.85
random_within_well,521,train,320.16
random_within_well,522,train,320.47
random_within_well,523,train,320.79
random_within_well,524,train,321.1
random_within_well,525,train,321.41
random_within_well,526,train,321.72
random_within_well,527,test,322.03
random_within_well,528,train,322.34
random_within_well,529,train,322.65
random_within_well,530,test,322.96
random_within_well,531,train,323.27
random_within_well,532,train,323.59
random_within_well,533,train,323.91
random_within_well,534,test,324.22
random_within_well,535,test,324.53
random_within_well,536,train,324.85
random_within_well,537,train,325.16
random_within_well,538,test,325.47
random_within_well,539,train,325.78
random_within_well,540,train,326.09
random_within_well,541,train,326.4
random_within_well,542,train,326.71
random_within_well,543,test,327.02
random_within_well,544,test,327.33
random_within_well,545,train,327.64
random_within_well,546,train,327.95
random_within_well,547,train,328.27
random_within_well,548,train,328.59
random_within_well,549,test,328.9
random_within_well,550,train,329.21
random_within_well,551,train,329.53
random_within_well,552,train,329.84
random_within_well,553,test,330.16
random_within_well,554,train,330.47
random_within_well,555,test,330.78
random_within_well,556,train,331.1
random_within_well,557,train,331.41
random_within_well,558,train,331.73
random_within_well,559,train,332.05
random_within_well,560,train,332.36
random_within_well,561,test,332.67
random_within_well,562,train,332.98
random_within_well,563,train,333.29
random_within_well,564,train,333.61
random_within_well,565,test,333.94
random_within_well,566,train,334.27
random_within_well,567,train,334.59
random_within_well,568,train,334.93
random_within_well,569,train,335.25
random_within_well,570,train,335.56
random_within_well,571,train,335.87
random_within_well,572,train,336.18
random_within_well,573,train,336.5
random_within_well,574,train,336.81
random_within_well,575,train,337.12
random_within_well,576,test,337.43
random_within_well,577,test,337.76
random_within_well,578,train,338.07
random_within_well,579,train,338.39
random_within_well,580,train,338.71
random_within_well,581,train,339.04
random_within_well,582,train,339.35
random_within_well,583,train,339.67
random_within_well,584,train,339.99
random_within_well,585,test,340.33
random_within_well,586,test,340.66
random_within_well,587,train,341.01
random_within_well,588,train,341.34
random_within_well,589,test,341.65
random_within_well,590,train,341.96
random_within_well,591,train,342.27
random_within_well,592,train,342.58
random_within_well,593,train,342.9
random_within_well,594,train,343.22
random_within_well,595,train,343.53
random_within_well,596,train,343.84
random_within_well,597,train,344.15
random_within_well,598,test,344.47
random_within_well,599,test,344.77
random_within_well,600,train,344.77
random_within_well,601,train,345.08
random_within_well,602,train,345.4
random_within_well,603,train,345.71
random_within_well,604,test,346.03
random_within_well,605,train,346.34
random_within_well,606,train,346.65
random_within_well,607,train,346.96
random_within_well,608,train,347.27
random_within_well,609,train,347.58
random_within_well,610,train,347.91
random_within_well,611,test,348.22
random_within_well,612,train,348.54
random_within_well,613,train,348.85
random_within_well,614,train,349.16
random_within_well,615,train,349.48
random_within_well,616,train,349.79
random_within_well,617,train,350.1
random_within_well,618,train,350.41
random_within_well,619,train,350.73
random_within_well,620,test,351.04
random_within_well,621,train,351.35
random_within_well,622,test,351.66
random_within_well,623,train,351.98
random_within_well,624,train,352.29
random_within_well,625,test,352.61
random_within_well,626,test,352.93
random_within_well,627,train,353.24
random_within_well,628,train,353.55
random_within_well,629,train,353.86
random_within_well,630,train,354.18
random_within_well,631,train,354.49
random_within_well,632,train,354.8
random_within_well,633,train,355.11
random_within_well,634,train,355.43
random_within_well,635,train,355.74
random_within_well,636,train,356.04
random_within_well,637,train,356.35
random_within_well,638,train,356.67
random_within_well,639,train,356.98
random_within_well,640,train,357.29
random_within_well,641,test,357.6
random_within_well,642,train,357.91
random_within_well,643,train,358.23
random_within_well,644,train,358.55
random_within_well,645,train,358.85
random_within_well,646,train,359.16
random_within_well,647,train,359.48
random_within_well,648,train,359.79
random_within_well,649,train,360.1
random_within_well,650,train,360.42
random_within_well,651,train,360.73
random_within_well,652,test,361.04
random_within_well,653,train,361.35
random_within_well,654,test,361.67
random_within_well,655,test,361.98
random_within_well,656,train,362.29
random_within_well,657,train,362.6
random_within_well,658,train,362.91
random_within_well,659,train,363.22
random_within_well,660,train,363.54
random_within_well,661,train,363.84
random_within_well,662,test,364.15
random_within_well,663,train,364.46
random_within_well,664,train,364.77
random_within_well,665,train,365.09
random_within_well,666,train,365.4
random_within_well,667,train,365.71
random_within_well,668,train,366.02
random_within_well,669,train,366.33
random_within_well,670,train,366.64
random_within_well,671,train,366.95
random_within_well,672,test,367.26
random_within_well,673,train,367.57
random_within_well,674,train,367.88
random_within_well,675,train,368.2
random_within_well,676,test,368.51
random_within_well,677,train,368.81
random_within_well,678,train,369.13
random_within_well,679,train,369.45
random_within_well,680,train,369.76
random_within_well,681,test,370.07
random_within_well,682,train,370.39
random_within_well,683,test,370.7
random_within_well,684,train,371.01
random_within_well,685,train,371.32
random_within_well,686,train,371.63
random_within_well,687,train,371.94
random_within_well,688,train,372.26
random_within_well,689,train,372.57
random_within_well,690,train,372.88
random_within_well,691,test,373.19
random_within_well,692,train,373.5
random_within_well,693,train,373.81
random_within_well,694,train,374.12
random_within_well,695,train,374.43
random_within_well,696,test,374.74
random_within_well,697,train,375.05
random_within_well,698,train,375.37
random_within_well,699,train,375.68
random_within_well,700,train,375.99
random_within_well,701,test,376.3
random_within_well,702,train,376.61
random_within_well,703,train,376.92
random_within_well,704,train,377.23
random_within_well,705,test,377.54
random_within_well,706,test,377.85
random_within_well,707,train,378.17
random_within_well,708,train,378.48
random_within_well,709,train,378.8
random_within_well,710,test,379.11
random_within_well,711,train,379.42
random_within_well,712,test,379.73
random_within_well,713,train,380.05
random_within_well,714,train,380.36
random_within_well,715,train,380.67
random_within_well,716,train,380.98
random_within_well,717,train,381.29
random_within_well,718,train,381.6
random_within_well,719,train,381.91
random_within_well,720,train,382.22
random_within_well,721,train,382.54
random_within_well,722,train,382.85
random_within_well,723,train,383.16
random_within_well,724,train,383.47
random_within_well,725,train,383.77
random_within_well,726,train,384.08
random_within_well,727,train,384.4
random_within_well,728,train,384.71
random_within_well,729,train,385.02
random_within_well,730,test,385.33
random_within_well,731,train,385.65
random_within_well,732,train,385.96
random_within_well,733,test,386.28
random_within_well,734,train,386.6
random_within_well,735,train,386.91
random_within_well,736,test,387.22
random_within_well,737,train,387.54
random_within_well,738,train,387.85
random_within_well,739,train,388.16
random_within_well,740,train,388.48
random_within_well,741,train,388.79
random_within_well,742,test,389.1
random_within_well,743,test,389.41
random_within_well,744,train,389.73
random_within_well,745,train,390.04
random_within_well,746,test,390.36
random_within_well,747,test,390.67
random_within_well,748,train,390.98
random_within_well,749,train,391.29
random_within_well,750,train,391.6
random_within_well,751,train,391.91
random_within_well,752,test,392.22
random_within_well,753,train,392.54
random_within_well,754,train,392.85
random_within_well,755,test,393.16
random_within_well,756,test,393.47
random_within_well,757,train,393.79
random_within_well,758,train,394.11
random_within_well,759,train,394.42
random_within_well,760,train,394.73
random_within_well,761,train,395.05
random_within_well,762,train,395.36
random_within_well,763,test,395.67
random_within_well,764,test,395.98
random_within_well,765,train,396.29
random_within_well,766,train,396.6
random_within_well,767,train,396.91
random_within_well,768,train,397.23
random_within_well,769,train,397.54
random_within_well,770,train,397.85
random_within_well,771,train,398.16
random_within_well,772,train,398.47
random_within_well,773,train,398.79
random_within_well,774,train,399.11
random_within_well,775,train,399.41
random_within_well,776,train,399.73
random_within_well,777,train,400.04
random_within_well,778,train,400.35
random_within_well,779,train,400.66
random_within_well,780,train,400.98
random_within_well,781,train,401.29
random_within_well,782,train,401.6
random_within_well,783,test,401.92
random_within_well,784,train,402.23
random_within_well,785,train,402.54
random_within_well,786,train,402.85
random_within_well,787,test,403.16
random_within_well,788,train,403.47
random_within_well,789,train,403.81
random_within_well,790,train,404.12
random_within_well,791,train,404.43
random_within_well,792,train,404.76
random_within_well,793,train,405.08
random_within_well,794,test,405.39
random_within_well,795,train,405.7
random_within_well,796,train,406.02
random_within_well,797,train,406.33
random_within_well,798,train,406.65
random_within_well,799,test,406.96
random_within_well,800,test,407.27
random_within_well,801,train,407.58
random_within_well,802,train,407.89
random_within_well,803,train,408.2
random_within_well,804,train,408.51
random_within_well,805,test,408.83
random_within_well,806,train,409.14
random_within_well,807,test,409.45
random_within_well,808,test,409.8
random_within_well,809,train,410.1
random_within_well,810,test,410.41
random_within_well,811,test,410.74
random_within_well,812,test,411.05
random_within_well,813,train,411.37
random_within_well,814,train,411.68
random_within_well,815,train,412.01
random_within_well,816,train,412.32
random_within_well,817,train,412.63
random_within_well,818,train,412.94
random_within_well,819,train,413.25
random_within_well,820,train,413.56
random_within_well,821,train,413.88
random_within_well,822,train,414.19
random_within_well,823,train,414.5
random_within_well,824,train,414.83
random_within_well,825,train,415.14
random_within_well,826,train,415.45
random_within_well,827,train,415.76
random_within_well,828,test,416.09
random_within_well,829,train,416.41
random_within_well,830,train,416.71
random_within_well,831,train,417.03
random_within_well,832,train,417.34
random_within_well,833,test,417.65
random_within_well,834,test,417.96
random_within_well,835,train,418.28
random_within_well,836,train,418.6
random_within_well,837,train,418.91
random_within_well,838,train,418.91
random_within_well,839,train,419.23
random_within_well,840,train,419.56
random_within_well,841,train,419.86
random_within_well,842,test,420.17
random_within_well,843,train,420.48
random_within_well,844,train,420.8
random_within_well,845,train,421.12
random_within_well,846,train,421.43
random_within_well,847,train,421.74
random_within_well,848,train,422.06
random_within_well,849,train,422.38
random_within_well,850,train,422.69
random_within_well,851,train,423.01
random_within_well,852,train,423.32
random_within_well,853,train,423.63
random_within_well,854,train,423.93
random_within_well,855,train,424.25
random_within_well,856,train,424.56
random_within_well,857,train,424.87
random_within_well,858,train,425.19
random_within_well,859,train,425.5
random_within_well,860,train,425.82
random_within_well,861,train,426.15
random_within_well,862,train,426.47
random_within_well,863,train,426.78
random_within_well,864,test,427.09
random_within_well,865,test,427.4
random_within_well,866,train,427.71
random_within_well,867,train,428.02
random_within_well,868,train,428.33
random_within_well,869,train,428.64
random_within_well,870,train,428.95
random_within_well,871,train,429.27
random_within_well,872,train,429.58
random_within_well,873,train,429.88
random_within_well,874,train,430.2
random_within_well,875,train,430.51
random_within_well,876,train,430.82
random_within_well,877,train,431.13
random_within_well,878,train,431.44
random_within_well,879,test,431.75
random_within_well,880,train,432.06
random_within_well,881,test,432.37
random_within_well,882,train,432.68
random_within_well,883,train,432.99
random_within_well,884,train,433.29
random_within_well,885,train,433.61
random_within_well,886,train,433.92
random_within_well,887,train,434.24
random_within_well,888,train,434.55
random_within_well,889,train,434.86
random_within_well,890,train,435.17
random_within_well,891,train,435.48
random_within_well,892,train,435.79
random_within_well,893,test,436.1
random_within_well,894,train,436.42
random_within_well,895,train,436.73
random_within_well,896,train,437.04
random_within_well,897,train,437.35
random_within_well,898,train,437.66
random_within_well,899,train,437.97
random_within_well,900,train,438.29
random_within_well,901,train,438.6
random_within_well,902,train,438.91
random_within_well,903,train,439.22
random_within_well,904,train,439.53
random_within_well,905,train,439.84
random_within_well,906,train,440.15
random_within_well,907,test,440.46
random_within_well,908,train,440.77
random_within_well,909,train,441.09
random_within_well,910,train,441.39
random_within_well,911,train,441.71
random_within_well,912,train,442.02
random_within_well,913,train,442.33
random_within_well,914,train,442.64
random_within_well,915,train,442.95
random_within_well,916,train,443.26
random_within_well,917,train,443.57
random_within_well,918,train,443.88
random_within_well,919,train,444.19
random_within_well,920,train,444.5
random_within_well,921,train,444.81
random_within_well,922,train,445.12
random_within_well,923,train,445.43
random_within_well,924,train,445.74
random_within_well,925,train,446.05
random_within_well,926,test,446.36
random_within_well,927,train,446.67
random_within_well,928,train,446.98
random_within_well,929,train,447.29
random_within_well,930,train,447.6
random_within_well,931,train,447.91
random_within_well,932,test,448.22
random_within_well,933,train,448.53
random_within_well,934,train,448.84
random_within_well,935,train,449.15
random_within_well,936,train,449.46
random_within_well,937,train,449.77
random_within_well,938,train,450.08
random_within_well,939,train,450.39
random_within_well,940,train,450.7
random_within_well,941,train,451.01
random_within_well,942,train,451.32
random_within_well,943,train,451.63
random_within_well,944,train,451.94
random_within_well,945,train,452.25
random_within_well,946,train,452.57
random_within_well,947,train,452.88
random_within_well,948,train,453.19
random_within_well,949,train,453.5
random_within_well,950,train,453.81
random_within_well,951,train,454.12
random_within_well,952,train,454.43
random_within_well,953,train,454.75
random_within_well,954,train,455.06
random_within_well,955,train,455.37
random_within_well,956,train,455.69
random_within_well,957,test,456.0
random_within_well,958,train,456.32
random_within_well,959,train,456.64
random_within_well,960,test,456.95
random_within_well,961,train,457.26
random_within_well,962,train,457.57
random_within_well,963,train,457.88
random_within_well,964,test,458.19
random_within_well,965,train,458.5
random_within_well,966,train,458.81
random_within_well,967,train,459.13
random_within_well,968,train,459.44
random_within_well,969,test,459.75
random_within_well,970,train,460.06
random_within_well,971,train,460.37
random_within_well,972,train,460.68
random_within_well,973,train,460.99
random_within_well,974,train,461.3
random_within_well,975,train,461.61
random_within_well,976,train,461.61
random_within_well,977,test,461.92
random_within_well,978,train,462.23
random_within_well,979,train,462.54
random_within_well,980,train,462.86
random_within_well,981,train,463.17
random_within_well,982,test,463.48
random_within_well,983,train,463.79
random_within_well,984,train,464.1
random_within_well,985,train,464.41
random_within_well,986,train,464.72
random_within_well,987,train,465.03
random_within_well,988,train,465.34
random_within_well,989,train,465.65
random_within_well,990,train,465.96
random_within_well,991,train,466.27
random_within_well,992,train,466.58
random_within_well,993,train,466.89
random_within_well,994,test,467.21
random_within_well,995,train,467.52
random_within_well,996,test,467.84
random_within_well,997,train,468.15
random_within_well,998,train,468.45
random_within_well,999,train,468.77
random_within_well,1000,train,469.09
random_within_well,1001,train,469.4
random_within_well,1002,test,469.71
random_within_well,1003,train,470.02
random_within_well,1004,train,470.33
random_within_well,1005,test,470.65
random_within_well,1006,train,470.96
random_within_well,1007,train,471.28
random_within_well,1008,train,471.58
random_within_well,1009,train,471.9
random_within_well,1010,test,472.21
random_within_well,1011,train,472.52
random_within_well,1012,train,472.83
random_within_well,1013,train,473.14
random_within_well,1014,train,473.45
random_within_well,1015,train,473.76
random_within_well,1016,train,474.07
random_within_well,1017,train,474.38
random_within_well,1018,test,474.69
random_within_well,1019,train,475.0
random_within_well,1020,train,475.32
random_within_well,1021,train,475.63
random_within_well,1022,test,475.94
random_within_well,1023,train,476.25
random_within_well,1024,train,476.57
random_within_well,1025,train,476.88
random_within_well,1026,train,477.19
random_within_well,1027,test,477.51
random_within_well,1028,train,477.81
random_within_well,1029,train,478.13
random_within_well,1030,train,478.44
random_within_well,1031,train,478.74
random_within_well,1032,test,479.06
random_within_well,1033,train,479.37
random_within_well,1034,test,479.67
random_within_well,1035,train,479.99
random_within_well,1036,train,480.31
random_within_well,1037,train,480.62
random_within_well,1038,test,480.93
random_within_well,1039,test,481.24
random_within_well,1040,train,481.55
random_within_well,1041,train,481.86
random_within_well,1042,test,482.17
random_within_well,1043,train,482.48
random_within_well,1044,test,482.79
random_within_well,1045,train,483.1
random_within_well,1046,test,483.41
random_within_well,1047,test,483.72
random_within_well,1048,train,484.03
random_within_well,1049,test,484.34
random_within_well,1050,train,484.65
random_within_well,1051,train,484.96
random_within_well,1052,train,485.28
random_within_well,1053,train,485.59
random_within_well,1054,train,485.9
random_within_well,1055,train,486.21
random_within_well,1056,test,486.52
random_within_well,1057,test,486.83
random_within_well,1058,train,487.14
random_within_well,1059,train,487.45
random_within_well,1060,train,487.76
random_within_well,1061,train,488.06
random_within_well,1062,train,488.38
random_within_well,1063,train,488.68
random_within_well,1064,train,488.99
random_within_well,1065,train,489.31
random_within_well,1066,train,489.61
random_within_well,1067,train,489.92
random_within_well,1068,train,490.24
random_within_well,1069,train,490.55
random_within_well,1070,train,490.85
random_within_well,1071,train,491.16
random_within_well,1072,train,491.47
random_within_well,1073,test,491.78
random_within_well,1074,test,492.09
random_within_well,1075,test,492.4
random_within_well,1076,train,492.71
random_within_well,1077,train,493.02
random_within_well,1078,train,493.33
random_within_well,1079,test,493.64
random_within_well,1080,train,493.95
random_within_well,1081,train,494.26
random_within_well,1082,train,494.57
random_within_well,1083,train,494.88
random_within_well,1084,test,495.19
random_within_well,1085,train,495.5
random_within_well,1086,train,495.81
random_within_well,1087,train,496.12
random_within_well,1088,train,496.43
random_within_well,1089,train,496.74
random_within_well,1090,test,497.06
random_within_well,1091,train,497.37
random_within_well,1092,test,497.68
random_within_well,1093,train,497.99
random_within_well,1094,train,498.3
random_within_well,1095,train,498.61
random_within_well,1096,train,498.92
random_within_well,1097,test,499.23
random_within_well,1098,train,499.54
random_within_well,1099,train,499.85
random_within_well,1100,train,500.16
random_within_well,1101,test,500.47
random_within_well,1102,train,500.78
random_within_well,1103,test,501.09
random_within_well,1104,train,501.4
random_within_well,1105,train,501.71
random_within_well,1106,train,502.02
random_within_well,1107,train,502.33
random_within_well,1108,test,502.64
random_within_well,1109,train,502.96
random_within_well,1110,train,503.27
random_within_well,1111,train,503.58
random_within_well,1112,train,503.9
random_within_well,1113,train,504.21
random_within_well,1114,train,504.52
random_within_well,1115,test,504.84
random_within_well,1116,train,505.15
random_within_well,1117,train,505.47
random_within_well,1118,train,505.78
random_within_well,1119,test,506.09
random_within_well,1120,train,506.4
random_within_well,1121,train,506.71
random_within_well,1122,train,507.02
random_within_well,1123,train,507.33
random_within_well,1124,train,507.64
random_within_well,1125,train,507.95
random_within_well,1126,train,508.27
random_within_well,1127,train,508.58
random_within_well,1128,train,508.89
random_within_well,1129,test,509.2
random_within_well,1130,train,509.51
random_within_well,1131,train,509.82
random_within_well,1132,train,510.13
random_within_well,1133,train,510.44
random_within_well,1134,train,510.75
random_within_well,1135,train,511.06
random_within_well,1136,train,511.37
random_within_well,1137,train,511.69
random_within_well,1138,train,512.0
random_within_well,1139,train,512.31
random_within_well,1140,train,512.62
random_within_well,1141,train,512.93
random_within_well,1142,train,513.24
random_within_well,1143,train,513.55
random_within_well,1144,test,513.86
random_within_well,1145,train,514.18
random_within_well,1146,train,514.49
random_within_well,1147,train,514.79
random_within_well,1148,train,515.11
random_within_well,1149,test,515.42
random_within_well,1150,train,515.72
random_within_well,1151,train,516.03
random_within_well,1152,train,516.35
random_within_well,1153,test,516.65
random_within_well,1154,train,516.96
random_within_well,1155,train,517.27
random_within_well,1156,train,517.58
random_within_well,1157,train,517.89
random_within_well,1158,test,518.2
random_within_well,1159,train,518.51
random_within_well,1160,train,518.82
random_within_well,1161,test,519.13
random_within_well,1162,train,519.44
random_within_well,1163,test,519.75
random_within_well,1164,train,520.06
random_within_well,1165,train,520.37
random_within_well,1166,train,520.68
random_within_well,1167,train,520.99
random_within_well,1168,train,521.3
random_within_well,1169,train,521.61
random_within_well,1170,train,521.92
random_within_well,1171,train,522.22
random_within_well,1172,train,522.54
random_within_well,1173,train,522.85
random_within_well,1174,test,523.15
random_within_well,1175,test,523.47
random_within_well,1176,test,523.78
random_within_well,1177,train,524.08
random_within_well,1178,train,524.4
random_within_well,1179,train,524.71
random_within_well,1180,train,525.01
random_within_well,1181,test,525.32
random_within_well,1182,train,525.64
random_within_well,1183,test,525.95
random_within_well,1184,train,526.26
random_within_well,1185,train,526.57
random_within_well,1186,train,526.88
random_within_well,1187,train,527.19
random_within_well,1188,test,527.5
random_within_well,1189,train,527.81
random_within_well,1190,train,528.12
random_within_well,1191,train,528.44
random_within_well,1192,test,528.74
random_within_well,1193,test,529.06
random_within_well,1194,train,529.38
random_within_well,1195,test,529.68
random_within_well,1196,train,529.99
random_within_well,1197,test,530.3
random_within_well,1198,train,530.61
random_within_well,1199,test,530.92
random_within_well,1200,train,531.23
random_within_well,1201,train,531.54
random_within_well,1202,train,531.85
random_within_well,1203,train,532.17
random_within_well,1204,train,532.48
random_within_well,1205,train,532.79
random_within_well,1206,train,533.11
random_within_well,1207,train,533.41
random_within_well,1208,train,533.72
random_within_well,1209,train,534.04
random_within_well,1210,train,534.34
random_within_well,1211,train,534.65
random_within_well,1212,test,534.96
random_within_well,1213,train,535.27
random_within_well,1214,train,535.58
random_within_well,1215,test,535.89
random_within_well,1216,train,536.2
random_within_well,1217,train,536.51
random_within_well,1218,train,536.82
random_within_well,1219,test,537.14
random_within_well,1220,train,537.45
random_within_well,1221,test,537.76
random_within_well,1222,train,538.07
random_within_well,1223,test,538.38
random_within_well,1224,train,538.69
random_within_well,1225,test,539.0
random_within_well,1226,train,539.31
random_within_well,1227,train,539.62
random_within_well,1228,train,539.93
random_within_well,1229,train,540.24
random_within_well,1230,train,540.56
random_within_well,1231,train,540.87
random_within_well,1232,train,541.18
random_within_well,1233,train,541.49
random_within_well,1234,train,541.8
random_within_well,1235,test,542.12
random_within_well,1236,train,542.43
random_within_well,1237,train,542.74
random_within_well,1238,train,543.05
random_within_well,1239,train,543.36
random_within_well,1240,train,543.67
random_within_well,1241,train,543.98
random_within_well,1242,test,544.29
random_within_well,1243,train,544.6
random_within_well,1244,test,544.91
random_within_well,1245,train,545.22
random_within_well,1246,train,545.53
random_within_well,1247,train,545.84
random_within_well,1248,train,546.15
random_within_well,1249,train,546.46
random_within_well,1250,train,546.77
random_within_well,1251,train,547.08
random_within_well,1252,train,547.38
random_within_well,1253,test,547.7
random_within_well,1254,train,548.0
random_within_well,1255,train,548.31
random_within_well,1256,train,548.62
random_within_well,1257,train,548.93
random_within_well,1258,train,549.24
random_within_well,1259,train,549.56
random_within_well,1260,train,549.87
random_within_well,1261,test,550.18
random_within_well,1262,train,550.49
random_within_well,1263,test,550.8
random_within_well,1264,train,551.11
random_within_well,1265,train,551.42
random_within_well,1266,train,551.73
random_within_well,1267,train,552.04
random_within_well,1268,test,552.35
random_within_well,1269,train,552.65
random_within_well,1270,train,552.97
random_within_well,1271,train,553.28
random_within_well,1272,test,553.59
random_within_well,1273,train,553.9
random_within_well,1274,train,554.22
random_within_well,1275,train,554.53
random_within_well,1276,train,554.84
random_within_well,1277,train,555.15
random_within_well,1278,train,555.46
random_within_well,1279,train,555.78
random_within_well,1280,train,556.09
random_within_well,1281,train,556.4
random_within_well,1282,train,556.72
random_within_well,1283,train,557.03
random_within_well,1284,train,557.34
random_within_well,1285,train,557.65
random_within_well,1286,train,557.96
random_within_well,1287,train,558.27
random_within_well,1288,train,558.58
random_within_well,1289,train,558.89
random_within_well,1290,train,559.21
random_within_well,1291,train,559.52
random_within_well,1292,train,559.84
random_within_well,1293,train,560.14
random_within_well,1294,train,560.46
random_within_well,1295,train,560.77
random_within_well,1296,train,561.08
random_within_well,1297,test,561.39
random_within_well,1298,train,561.7
random_within_well,1299,train,562.01
random_within_well,1300,train,562.32
random_within_well,1301,train,562.63
random_within_well,1302,train,562.94
random_within_well,1303,train,563.26
random_within_well,1304,train,563.57
random_within_well,1305,train,563.89
random_within_well,1306,train,564.2
random_within_well,1307,train,564.51
random_within_well,1308,train,564.83
random_within_well,1309,train,565.14
random_within_well,1310,train,565.46
random_within_well,1311,train,565.76
random_within_well,1312,train,566.07
random_within_well,1313,train,566.39
random_within_well,1314,train,566.71
random_within_well,1315,test,567.02
random_within_well,1316,train,567.35
random_within_well,1317,train,568.01
random_within_well,1318,train,568.32
random_within_well,1319,train,568.63
random_within_well,1320,train,568.94
random_within_well,1321,test,569.25
random_within_well,1322,train,569.56
random_within_well,1323,test,569.87
random_within_well,1324,train,570.18
random_within_well,1325,train,570.49
random_within_well,1326,train,570.8
random_within_well,1327,train,571.11
random_within_well,1328,test,571.42
random_within_well,1329,train,571.73
random_within_well,1330,test,572.04
random_within_well,1331,train,572.35
random_within_well,1332,train,572.66
random_within_well,1333,train,572.97
random_within_well,1334,train,573.29
random_within_well,1335,test,573.59
random_within_well,1336,train,573.9
random_within_well,1337,train,574.22
random_within_well,1338,train,574.53
random_within_well,1339,test,574.84
random_within_well,1340,test,575.15
random_within_well,1341,train,575.46
random_within_well,1342,train,575.78
random_within_well,1343,train,576.09
random_within_well,1344,train,576.39
random_within_well,1345,train,576.71
random_within_well,1346,train,577.02
random_within_well,1347,train,577.32
random_within_well,1348,train,577.63
random_within_well,1349,train,577.94
random_within_well,1350,train,578.26
random_within_well,1351,train,578.57
random_within_well,1352,test,578.88
random_within_well,1353,train,579.19
random_within_well,1354,test,579.5
random_within_well,1355,train,579.81
random_within_well,1356,train,580.12
random_within_well,1357,test,580.43
random_within_well,1358,train,580.75
random_within_well,1359,train,581.06
random_within_well,1360,test,581.38
random_within_well,1361,train,581.69
random_within_well,1362,test,582.0
random_within_well,1363,train,582.0
random_within_well,1364,train,582.32
random_within_well,1365,train,582.63
random_within_well,1366,train,582.94
random_within_well,1367,train,583.25
random_within_well,1368,train,583.56
random_within_well,1369,train,583.88
random_within_well,1370,test,584.19
random_within_well,1371,test,584.5
random_within_well,1372,train,584.81
random_within_well,1373,train,585.12
random_within_well,1374,test,585.43
random_within_well,1375,test,585.74
random_within_well,1376,train,586.05
random_within_well,1377,train,586.35
random_within_well,1378,train,586.67
random_within_well,1379,train,586.98
random_within_well,1380,train,587.29
random_within_well,1381,train,587.6
random_within_well,1382,train,587.91
random_within_well,1383,train,588.22
random_within_well,1384,train,588.53
random_within_well,1385,test,589.15
random_within_well,1386,train,589.46
random_within_well,1387,train,589.77
random_within_well,1388,train,590.09
random_within_well,1389,train,590.4
random_within_well,1390,train,590.72
random_within_well,1391,train,591.03
random_within_well,1392,train,591.34
random_within_well,1393,test,591.65
random_within_well,1394,train,591.96
random_within_well,1395,train,592.28
random_within_well,1396,train,592.59
random_within_well,1397,test,592.9
random_within_well,1398,train,593.22
random_within_well,1399,train,593.53
random_within_well,1400,test,593.83
random_within_well,1401,train,594.15
random_within_well,1402,train,594.46
random_within_well,1403,train,594.77
random_within_well,1404,train,595.08
random_within_well,1405,test,595.39
random_within_well,1406,test,595.7
random_within_well,1407,test,596.02
random_within_well,1408,train,596.33
random_within_well,1409,train,596.64
random_within_well,1410,test,596.95
random_within_well,1411,test,597.27
random_within_well,1412,test,597.58
random_within_well,1413,train,597.89
random_within_well,1414,train,598.2
random_within_well,1415,train,598.52
random_within_well,1416,test,598.84
random_within_well,1417,train,599.15
random_within_well,1418,train,599.46
random_within_well,1419,test,599.77
random_within_well,1420,test,600.08
random_within_well,1421,test,600.39
random_within_well,1422,train,600.7
random_within_well,1423,train,601.01
random_within_well,1424,train,601.32
random_within_well,1425,test,601.63
random_within_well,1426,test,601.94
random_within_well,1427,train,602.25
random_within_well,1428,train,602.57
random_within_well,1429,train,602.89
random_within_well,1430,train,603.2
random_within_well,1431,train,603.51
random_within_well,1432,train,604.14
random_within_well,1433,test,604.45
random_within_well,1434,train,604.79
random_within_well,1435,train,605.1
random_within_well,1436,test,605.41
random_within_well,1437,train,605.73
random_within_well,1438,train,606.04
random_within_well,1439,train,606.36
random_within_well,1440,train,606.67
random_within_well,1441,train,607.0
random_within_well,1442,train,607.31
random_within_well,1443,train,607.62
random_within_well,1444,train,607.92
random_within_well,1445,train,608.24
random_within_well,1446,test,608.54
random_within_well,1447,train,608.85
random_within_well,1448,train,609.16
random_within_well,1449,train,609.16
random_within_well,1450,train,609.48
random_within_well,1451,train,609.79
random_within_well,1452,test,610.1
random_within_well,1453,train,610.41
random_within_well,1454,test,610.73
random_within_well,1455,train,611.03
random_within_well,1456,train,611.34
random_within_well,1457,train,611.65
random_within_well,1458,train,611.96
random_within_well,1459,train,612.27
random_within_well,1460,train,612.58
random_within_well,1461,train,612.89
random_within_well,1462,train,613.2
random_within_well,1463,train,613.51
random_within_well,1464,train,613.82
random_within_well,1465,train,614.13
random_within_well,1466,train,614.44
random_within_well,1467,test,614.75
random_within_well,1468,test,615.06
random_within_well,1469,train,615.37
random_within_well,1470,train,615.68
random_within_well,1471,test,615.99
random_within_well,1472,train,616.3
random_within_well,1473,train,616.61
random_within_well,1474,train,616.92
random_within_well,1475,train,617.23
random_within_well,1476,train,617.54
random_within_well,1477,test,617.85
random_within_well,1478,train,618.16
random_within_well,1479,train,618.47
random_within_well,1480,test,618.79
random_within_well,1481,train,619.1
random_within_well,1482,train,619.41
random_within_well,1483,test,619.72
random_within_well,1484,train,620.03
random_within_well,1485,test,620.34
random_within_well,1486,train,620.65
random_within_well,1487,test,620.96
random_within_well,1488,test,621.26
random_within_well,1489,train,621.58
random_within_well,1490,train,621.88
random_within_well,1491,train,622.2
random_within_well,1492,train,622.51
random_within_well,1493,train,622.82
random_within_well,1494,train,623.13
random_within_well,1495,train,623.44
random_within_well,1496,train,623.75
random_within_well,1497,train,624.07
random_within_well,1498,train,624.38
random_within_well,1499,test,624.69
random_within_well,1500,train,625.01
random_within_well,1501,test,625.32
random_within_well,1502,train,625.64
random_within_well,1503,train,625.95
random_within_well,1504,train,626.26
random_within_well,1505,train,626.56
random_within_well,1506,train,626.87
random_within_well,1507,test,627.18
random_within_well,1508,train,627.49
random_within_well,1509,test,627.79
random_within_well,1510,train,628.1
random_within_well,1511,train,628.4
random_within_well,1512,test,628.7
random_within_well,1513,train,629.01
random_within_well,1514,test,629.31
random_within_well,1515,train,629.63
random_within_well,1516,train,629.93
random_within_well,1517,train,630.24
random_within_well,1518,train,630.55
random_within_well,1519,train,630.86
random_within_well,1520,train,631.17
random_within_well,1521,train,631.47
random_within_well,1522,train,631.78
random_within_well,1523,train,632.4
random_within_well,1524,train,632.7
random_within_well,1525,train,633.01
random_within_well,1526,train,633.32
random_within_well,1527,train,633.63
random_within_well,1528,train,633.93
random_within_well,1529,train,634.25
random_within_well,1530,train,634.56
random_within_well,1531,train,634.87
random_within_well,1532,train,635.18
random_within_well,1533,train,635.49
random_within_well,1534,train,635.79
random_within_well,1535,test,636.1
random_within_well,1536,test,636.42
random_within_well,1537,train,636.72
random_within_well,1538,train,637.03
random_within_well,1539,train,637.33
random_within_well,1540,train,637.63
random_within_well,1541,train,637.94
random_within_well,1542,train,638.25
random_within_well,1543,test,638.56
random_within_well,1544,test,638.87
random_within_well,1545,test,639.18
random_within_well,1546,train,639.49
random_within_well,1547,train,639.79
random_within_well,1548,train,640.1
random_within_well,1549,train,640.4
random_within_well,1550,test,640.71
random_within_well,1551,train,641.02
random_within_well,1552,train,641.33
random_within_well,1553,test,641.64
random_within_well,1554,test,641.95
random_within_well,1555,train,642.26
random_within_well,1556,train,642.58
random_within_well,1557,test,642.89
random_within_well,1558,test,643.2
random_within_well,1559,test,643.51
random_within_well,1560,train,643.82
random_within_well,1561,train,644.13
random_within_well,1562,test,644.43
random_within_well,1563,train,644.74
random_within_well,1564,train,645.04
random_within_well,1565,train,645.36
random_within_well,1566,test,645.67
random_within_well,1567,train,645.98
random_within_well,1568,train,646.28
random_within_well,1569,test,646.59
random_within_well,1570,train,646.92
random_within_well,1571,train,647.24
random_within_well,1572,train,647.56
random_within_well,1573,train,647.88
random_within_well,1574,train,648.2
random_within_well,1575,train,648.52
random_within_well,1576,train,648.84
random_within_well,1577,train,649.14
random_within_well,1578,test,649.45
random_within_well,1579,train,649.76
random_within_well,1580,train,650.07
random_within_well,1581,train,650.37
random_within_well,1582,train,650.68
random_within_well,1583,train,650.98
random_within_well,1584,train,651.29
random_within_well,1585,train,651.6
random_within_well,1586,train,651.93
random_within_well,1587,train,652.24
random_within_well,1588,train,652.55
random_within_well,1589,train,652.86
random_within_well,1590,train,653.16
random_within_well,1591,train,653.47
random_within_well,1592,train,653.77
random_within_well,1593,test,654.08
random_within_well,1594,train,654.38
random_within_well,1595,test,654.69
random_within_well,1596,train,655.0
random_within_well,1597,train,655.3
random_within_well,1598,train,655.61
random_within_well,1599,test,655.92
random_within_well,1600,test,656.23
random_within_well,1601,train,656.53
random_within_well,1602,train,656.84
random_within_well,1603,train,657.14
random_within_well,1604,train,657.45
random_within_well,1605,train,657.75
random_within_well,1606,test,658.06
random_within_well,1607,train,658.37
random_within_well,1608,test,658.69
random_within_well,1609,train,659.01
random_within_well,1610,train,659.32
random_within_well,1611,test,659.62
random_within_well,1612,train,659.93
random_within_well,1613,train,660.24
random_within_well,1614,train,660.55
random_within_well,1615,train,660.86
random_within_well,1616,train,661.17
random_within_well,1617,test,661.49
random_within_well,1618,test,661.8
random_within_well,1619,train,662.11
random_within_well,1620,test,662.41
random_within_well,1621,train,662.72
random_within_well,1622,train,663.03
random_within_well,1623,test,663.34
random_within_well,1624,train,663.65
random_within_well,1625,train,663.96
random_within_well,1626,train,664.26
random_within_well,1627,train,664.57
random_within_well,1628,train,664.9
random_within_well,1629,train,665.22
random_within_well,1630,train,665.53
random_within_well,1631,train,666.59
random_within_well,1632,test,666.89
random_within_well,1633,train,667.22
random_within_well,1634,test,667.53
random_within_well,1635,train,667.84
random_within_well,1636,train,668.15
random_within_well,1637,train,668.45
random_within_well,1638,train,668.76
random_within_well,1639,train,669.07
random_within_well,1640,train,669.38
random_within_well,1641,train,669.69
random_within_well,1642,train,669.99
random_within_well,1643,train,670.31
random_within_well,1644,train,670.61
random_within_well,1645,train,670.92
random_within_well,1646,train,671.22
random_within_well,1647,train,671.53
random_within_well,1648,train,671.84
random_within_well,1649,train,672.15
random_within_well,1650,test,672.45
random_within_well,1651,train,672.76
random_within_well,1652,test,673.06
random_within_well,1653,train,673.36
random_within_well,1654,train,673.67
random_within_well,1655,train,673.98
random_within_well,1656,train,674.28
random_within_well,1657,test,674.59
random_within_well,1658,train,674.89
random_within_well,1659,train,675.2
random_within_well,1660,train,675.51
random_within_well,1661,train,675.81
random_within_well,1662,test,676.12
random_within_well,1663,train,676.43
random_within_well,1664,train,676.74
random_within_well,1665,train,677.04
random_within_well,1666,train,677.35
random_within_well,1667,train,677.65
random_within_well,1668,train,677.96
random_within_well,1669,test,678.27
random_within_well,1670,test,678.58
random_within_well,1671,test,678.89
random_within_well,1672,test,679.2
random_within_well,1673,train,679.5
random_within_well,1674,train,679.81
random_within_well,1675,train,680.11
random_within_well,1676,train,680.42
random_within_well,1677,train,680.73
random_within_well,1678,train,681.04
random_within_well,1679,train,681.34
random_within_well,1680,train,681.65
random_within_well,1681,train,681.95
random_within_well,1682,train,682.26
random_within_well,1683,train,682.57
random_within_well,1684,train,682.87
random_within_well,1685,train,683.18
random_within_well,1686,train,683.48
random_within_well,1687,train,683.79
random_within_well,1688,train,684.09
random_within_well,1689,train,684.4
random_within_well,1690,train,684.7
random_within_well,1691,train,685.0
random_within_well,1692,train,685.31
random_within_well,1693,train,685.63
random_within_well,1694,test,685.94
random_within_well,1695,test,686.25
random_within_well,1696,train,686.56
random_within_well,1697,train,686.86
random_within_well,1698,train,687.17
random_within_well,1699,test,687.47
random_within_well,1700,train,687.78
random_within_well,1701,train,688.1
random_within_well,1702,train,688.4
random_within_well,1703,train,688.7
random_within_well,1704,train,689.02
random_within_well,1705,train,689.32
random_within_well,1706,test,689.63
random_within_well,1707,train,689.94
random_within_well,1708,train,690.24
random_within_well,1709,train,690.55
random_within_well,1710,train,690.85
random_within_well,1711,train,691.16
random_within_well,1712,train,691.48
random_within_well,1713,train,691.79
random_within_well,1714,train,692.09
random_within_well,1715,train,692.4
random_within_well,1716,train,692.71
random_within_well,1717,train,693.01
random_within_well,1718,train,693.32
random_within_well,1719,train,693.63
random_within_well,1720,test,693.93
random_within_well,1721,test,694.24
random_within_well,1722,train,694.54
random_within_well,1723,train,694.85
random_within_well,1724,train,695.15
random_within_well,1725,train,695.46
random_within_well,1726,test,695.77
random_within_well,1727,train,696.07
random_within_well,1728,test,696.38
random_within_well,1729,test,696.69
random_within_well,1730,test,697.0
random_within_well,1731,train,697.31
random_within_well,1732,train,697.62
random_within_well,1733,train,697.92
random_within_well,1734,train,698.23
random_within_well,1735,train,698.53
random_within_well,1736,train,698.84
random_within_well,1737,train,699.16
random_within_well,1738,train,699.47
random_within_well,1739,train,699.78
random_within_well,1740,test,700.09
random_within_well,1741,test,700.4
random_within_well,1742,train,700.71
random_within_well,1743,test,701.02
random_within_well,1744,train,701.32
random_within_well,1745,train,701.63
random_within_well,1746,train,701.94
random_within_well,1747,test,702.26
random_within_well,1748,train,702.56
random_within_well,1749,train,702.86
random_within_well,1750,train,703.17
random_within_well,1751,train,703.47
random_within_well,1752,train,703.78
random_within_well,1753,train,704.09
random_within_well,1754,test,704.4
random_within_well,1755,test,704.7
random_within_well,1756,test,705.01
random_within_well,1757,train,705.32
random_within_well,1758,train,705.63
random_within_well,1759,train,705.94
random_within_well,1760,test,706.25
random_within_well,1761,train,706.55
random_within_well,1762,train,706.86
random_within_well,1763,train,707.17
random_within_well,1764,train,707.47
random_within_well,1765,train,707.78
random_within_well,1766,train,708.09
random_within_well,1767,train,708.39
random_within_well,1768,test,708.71
random_within_well,1769,train,709.02
random_within_well,1770,train,709.33
random_within_well,1771,train,709.64
random_within_well,1772,train,709.95
random_within_well,1773,test,710.28
random_within_well,1774,train,710.59
random_within_well,1775,train,710.9
random_within_well,1776,train,711.21
random_within_well,1777,train,711.52
random_within_well,1778,train,711.83
random_within_well,1779,train,712.13
random_within_well,1780,train,712.44
random_within_well,1781,train,712.75
random_within_well,1782,test,713.06
random_within_well,1783,train,713.36
random_within_well,1784,train,713.68
random_within_well,1785,train,713.98
random_within_well,1786,train,714.29
random_within_well,1787,train,714.59
random_within_well,1788,train,714.9
random_within_well,1789,test,715.21
random_within_well,1790,train,715.51
random_within_well,1791,train,715.82
random_within_well,1792,train,716.12
random_within_well,1793,train,716.42
random_within_well,1794,train,716.73
random_within_well,1795,train,717.03
random_within_well,1796,train,717.35
random_within_well,1797,train,717.65
random_within_well,1798,train,717.96
random_within_well,1799,train,718.26
random_within_well,1800,train,718.58
random_within_well,1801,train,718.89
random_within_well,1802,train,719.19
random_within_well,1803,test,719.5
random_within_well,1804,train,719.81
random_within_well,1805,train,720.12
random_within_well,1806,train,720.43
random_within_well,1807,test,720.73
random_within_well,1808,train,721.05
random_within_well,1809,train,721.36
random_within_well,1810,train,721.67
random_within_well,1811,train,721.97
random_within_well,1812,train,722.28
random_within_well,1813,train,722.59
random_within_well,1814,train,722.89
random_within_well,1815,train,723.2
random_within_well,1816,train,723.5
random_within_well,1817,train,723.82
random_within_well,1818,train,724.14
random_within_well,1819,train,724.44
random_within_well,1820,test,724.75
random_within_well,1821,train,725.06
random_within_well,1822,train,725.36
random_within_well,1823,train,725.67
random_within_well,1824,train,725.97
random_within_well,1825,train,726.28
random_within_well,1826,train,726.58
random_within_well,1827,train,726.89
random_within_well,1828,train,727.19
random_within_well,1829,train,727.5
random_within_well,1830,train,727.81
random_within_well,1831,test,728.12
random_within_well,1832,test,728.43
random_within_well,1833,train,728.75
random_within_well,1834,train,729.06
random_within_well,1835,test,729.38
random_within_well,1836,train,729.69
random_within_well,1837,train,729.99
random_within_well,1838,train,730.3
random_within_well,1839,test,730.6
random_within_well,1840,train,730.91
random_within_well,1841,train,731.22
random_within_well,1842,train,731.52
random_within_well,1843,train,731.83
random_within_well,1844,train,732.13
random_within_well,1845,train,732.44
random_within_well,1846,train,732.75
random_within_well,1847,train,733.06
random_within_well,1848,train,733.37
random_within_well,1849,train,733.68
random_within_well,1850,train,733.98
random_within_well,1851,train,734.29
random_within_well,1852,train,734.61
random_within_well,1853,train,734.93
random_within_well,1854,train,735.24
random_within_well,1855,train,735.54
random_within_well,1856,train,735.85
random_within_well,1857,train,736.16
random_within_well,1858,test,736.47
random_within_well,1859,test,736.79
random_within_well,1860,test,737.11
random_within_well,1861,train,737.42
random_within_well,1862,test,737.72
random_within_well,1863,train,738.03
random_within_well,1864,train,738.34
random_within_well,1865,train,738.65
random_within_well,1866,train,738.95
random_within_well,1867,train,739.26
random_within_well,1868,train,739.57
random_within_well,1869,test,739.87
random_within_well,1870,test,740.18
random_within_well,1871,test,740.48
random_within_well,1872,train,740.79
random_within_well,1873,train,741.09
random_within_well,1874,train,741.4
random_within_well,1875,train,741.7
random_within_well,1876,train,742.01
random_within_well,1877,train,742.32
random_within_well,1878,train,742.63
random_within_well,1879,test,742.94
random_within_well,1880,train,743.25
random_within_well,1881,train,743.56
random_within_well,1882,test,743.87
random_within_well,1883,test,744.18
random_within_well,1884,train,744.49
random_within_well,1885,train,744.8
random_within_well,1886,train,745.1
random_within_well,1887,train,745.41
random_within_well,1888,test,745.71
random_within_well,1889,train,746.02
random_within_well,1890,train,746.32
random_within_well,1891,test,746.63
random_within_well,1892,train,746.93
random_within_well,1893,test,747.24
random_within_well,1894,train,747.55
random_within_well,1895,train,747.86
random_within_well,1896,train,748.17
random_within_well,1897,test,748.48
random_within_well,1898,train,748.79
random_within_well,1899,train,749.1
random_within_well,1900,train,749.41
random_within_well,1901,train,749.72
random_within_well,1902,test,750.02
random_within_well,1903,train,750.33
random_within_well,1904,train,750.63
random_within_well,1905,train,750.94
random_within_well,1906,train,751.25
random_within_well,1907,train,751.56
random_within_well,1908,train,751.87
random_within_well,1909,train,752.18
random_within_well,1910,train,752.48
random_within_well,1911,train,752.79
random_within_well,1912,train,753.1
random_within_well,1913,train,753.4
random_within_well,1914,train,753.71
random_within_well,1915,train,754.02
random_within_well,1916,train,754.33
random_within_well,1917,train,754.63
random_within_well,1918,train,754.94
random_within_well,1919,test,755.24
random_within_well,1920,train,755.55
random_within_well,1921,test,755.86
random_within_well,1922,test,756.17
random_within_well,1923,train,756.48
random_within_well,1924,train,756.79
random_within_well,1925,train,757.1
random_within_well,1926,test,757.41
random_within_well,1927,train,757.71
random_within_well,1928,train,758.02
random_within_well,1929,train,758.59
random_within_well,1930,train,758.91
random_within_well,1931,train,758.91
random_within_well,1932,train,759.23
random_within_well,1933,train,759.54
random_within_well,1934,train,760.15
random_within_well,1935,train,760.46
random_within_well,1936,train,760.74
random_within_well,1937,train,761.05
random_within_well,1938,train,761.37
random_within_well,1939,train,761.68
random_within_well,1940,train,761.99
random_within_well,1941,test,762.29
random_within_well,1942,train,762.6
random_within_well,1943,train,762.9
random_within_well,1944,train,763.22
random_within_well,1945,test,763.53
random_within_well,1946,train,763.84
random_within_well,1947,train,764.14
random_within_well,1948,train,764.45
random_within_well,1949,train,764.76
random_within_well,1950,train,765.07
random_within_well,1951,train,765.38
random_within_well,1952,train,765.68
random_within_well,1953,train,765.99
random_within_well,1954,train,766.29
random_within_well,1955,train,766.6
random_within_well,1956,train,766.91
random_within_well,1957,train,767.21
random_within_well,1958,train,767.75
random_within_well,1959,train,768.06
random_within_well,1960,train,768.37
random_within_well,1961,train,768.68
random_within_well,1962,train,768.99
random_within_well,1963,test,769.29
random_within_well,1964,test,769.59
random_within_well,1965,test,769.91
random_within_well,1966,test,770.22
random_within_well,1967,train,770.53
random_within_well,1968,train,770.84
random_within_well,1969,train,771.15
random_within_well,1970,train,771.46
random_within_well,1971,test,771.77
random_within_well,1972,train,772.08
random_within_well,1973,train,772.39
random_within_well,1974,train,772.7
random_within_well,1975,train,773.01
random_within_well,1976,train,773.32
random_within_well,1977,train,773.63
random_within_well,1978,train,773.94
random_within_well,1979,train,774.25
random_within_well,1980,train,774.56
random_within_well,1981,train,774.87
random_within_well,1982,train,775.18
random_within_well,1983,train,775.49
random_within_well,1984,train,775.79
random_within_well,1985,train,776.1
random_within_well,1986,train,776.41
random_within_well,1987,train,776.73
random_within_well,1988,train,777.03
random_within_well,1989,train,777.58
random_within_well,1990,train,778.2
random_within_well,1991,train,778.82
random_within_well,1992,test,779.43
random_within_well,1993,train,780.04
random_within_well,1994,train,780.66
random_within_well,1995,train,781.27
random_within_well,1996,train,782.19
random_within_well,1997,train,783.11
random_within_well,1998,train,783.72
random_within_well,1999,train,784.33
random_within_well,2000,train,784.94
random_within_well,2001,train,785.71
random_within_well,2002,train,786.02
random_within_well,2003,train,786.32
random_within_well,2004,test,786.64
random_within_well,2005,train,786.95
random_within_well,2006,train,787.26
random_within_well,2007,train,787.26
random_within_well,2008,train,787.57
random_within_well,2009,train,787.88
random_within_well,2010,train,788.19
random_within_well,2011,train,789.36
random_within_well,2012,train,789.68
random_within_well,2013,train,789.98
random_within_well,2014,train,790.3
random_within_well,2015,train,790.61
random_within_well,2016,train,790.91
random_within_well,2017,train,791.23
random_within_well,2018,train,791.53
random_within_well,2019,train,791.84
random_within_well,2020,train,792.15
random_within_well,2021,train,792.46
random_within_well,2022,train,792.76
random_within_well,2023,train,793.07
random_within_well,2024,test,793.38
random_within_well,2025,train,793.69
random_within_well,2026,train,793.99
random_within_well,2027,train,794.3
random_within_well,2028,train,794.6
random_within_well,2029,train,794.91
random_within_well,2030,train,795.21
random_within_well,2031,train,795.52
random_within_well,2032,train,795.82
random_within_well,2033,train,796.13
random_within_well,2034,train,796.44
random_within_well,2035,train,796.75
random_within_well,2036,train,797.06
random_within_well,2037,train,797.37
random_within_well,2038,train,797.67
random_within_well,2039,train,797.98
random_within_well,2040,train,798.28
random_within_well,2041,train,798.59
random_within_well,2042,test,798.9
random_within_well,2043,train,799.21
random_within_well,2044,train,799.52
random_within_well,2045,test,799.83
random_within_well,2046,train,800.13
random_within_well,2047,train,800.44
random_within_well,2048,train,800.75
random_within_well,2049,train,801.05
random_within_well,2050,train,801.36
random_within_well,2051,train,801.67
random_within_well,2052,train,801.98
random_within_well,2053,test,802.3
random_within_well,2054,train,802.61
random_within_well,2055,train,802.92
random_within_well,2056,train,803.23
random_within_well,2057,test,803.54
random_within_well,2058,train,803.84
random_within_well,2059,train,804.15
random_within_well,2060,train,804.45
random_within_well,2061,train,804.76
random_within_well,2062,train,805.06
random_within_well,2063,train,805.37
random_within_well,2064,train,805.67
random_within_well,2065,train,805.98
random_within_well,2066,train,806.29
random_within_well,2067,train,806.59
random_within_well,2068,train,806.9
random_within_well,2069,train,807.21
random_within_well,2070,train,807.52
random_within_well,2071,train,807.83
random_within_well,2072,train,808.14
random_within_well,2073,train,808.44
random_within_well,2074,train,808.75
random_within_well,2075,train,809.05
random_within_well,2076,train,809.36
random_within_well,2077,train,809.66
random_within_well,2078,train,809.97
random_within_well,2079,train,810.27
random_within_well,2080,train,810.58
random_within_well,2081,train,810.88
random_within_well,2082,train,811.19
random_within_well,2083,train,811.49
random_within_well,2084,train,811.8
random_within_well,2085,train,812.11
random_within_well,2086,train,812.42
random_within_well,2087,train,812.73
random_within_well,2088,train,813.04
random_within_well,2089,train,813.34
random_within_well,2090,train,813.65
random_within_well,2091,train,813.96
random_within_well,2092,train,814.26
random_within_well,2093,train,814.57
random_within_well,2094,test,814.88
random_within_well,2095,test,815.18
random_within_well,2096,train,815.49
random_within_well,2097,train,815.79
random_within_well,2098,test,816.1
random_within_well,2099,train,816.41
random_within_well,2100,train,816.71
random_within_well,2101,train,817.02
random_within_well,2102,train,817.33
random_within_well,2103,train,817.64
random_within_well,2104,train,817.94
random_within_well,2105,train,818.25
random_within_well,2106,train,818.56
random_within_well,2107,test,818.87
random_within_well,2108,train,819.17
random_within_well,2109,train,819.48
random_within_well,2110,train,819.79
random_within_well,2111,train,820.09
random_within_well,2112,test,820.4
random_within_well,2113,train,820.71
random_within_well,2114,test,821.01
random_within_well,2115,test,821.32
random_within_well,2116,train,821.62
random_within_well,2117,test,821.93
random_within_well,2118,train,822.24
random_within_well,2119,test,822.55
random_within_well,2120,train,822.85
random_within_well,2121,train,823.16
random_within_well,2122,train,823.46
random_within_well,2123,train,823.77
random_within_well,2124,test,824.08
random_within_well,2125,train,824.39
random_within_well,2126,train,824.69
random_within_well,2127,train,825.0
random_within_well,2128,train,825.3
random_within_well,2129,train,825.61
random_within_well,2130,train,825.92
random_within_well,2131,test,826.22
random_within_well,2132,test,826.53
random_within_well,2133,test,826.84
random_within_well,2134,train,827.15
random_within_well,2135,train,827.46
random_within_well,2136,train,827.76
random_within_well,2137,train,828.06
random_within_well,2138,test,828.38
random_within_well,2139,train,828.69
random_within_well,2140,train,829.0
random_within_well,2141,train,829.31
random_within_well,2142,train,829.61
random_within_well,2143,train,829.92
random_within_well,2144,train,830.22
random_within_well,2145,train,830.55
random_within_well,2146,train,830.86
random_within_well,2147,train,831.17
random_within_well,2148,train,831.48
random_within_well,2149,train,831.79
random_within_well,2150,train,832.1
random_within_well,2151,train,832.41
random_within_well,2152,train,832.72
random_within_well,2153,test,833.02
random_within_well,2154,test,833.33
random_within_well,2155,test,833.65
random_within_well,2156,train,833.95
random_within_well,2157,train,834.25
random_within_well,2158,train,834.56
random_within_well,2159,train,834.87
random_within_well,2160,train,835.18
random_within_well,2161,train,835.48
random_within_well,2162,train,835.78
random_within_well,2163,train,836.1
random_within_well,2164,test,836.4
random_within_well,2165,train,836.71
random_within_well,2166,test,837.02
random_within_well,2167,test,837.32
random_within_well,2168,test,837.63
random_within_well,2169,train,837.94
random_within_well,2170,train,838.25
random_within_well,2171,train,838.56
random_within_well,2172,train,838.86
random_within_well,2173,test,839.17
random_within_well,2174,train,839.47
random_within_well,2175,train,839.78
random_within_well,2176,train,840.09
random_within_well,2177,test,840.41
random_within_well,2178,train,840.71
random_within_well,2179,train,841.01
random_within_well,2180,train,841.32
random_within_well,2181,test,841.63
random_within_well,2182,train,841.94
random_within_well,2183,test,842.24
random_within_well,2184,train,842.55
random_within_well,2185,test,842.85
random_within_well,2186,train,843.16
random_within_well,2187,train,843.47
random_within_well,2188,train,843.77
random_within_well,2189,train,844.08
random_within_well,2190,train,844.38
random_within_well,2191,test,844.69
random_within_well,2192,train,845.0
random_within_well,2193,train,845.3
random_within_well,2194,train,845.61
random_within_well,2195,train,845.92
random_within_well,2196,train,846.23
random_within_well,2197,test,846.53
random_within_well,2198,train,846.85
random_within_well,2199,train,847.16
random_within_well,2200,train,847.47
random_within_well,2201,train,847.78
random_within_well,2202,test,848.08
random_within_well,2203,train,848.39
random_within_well,2204,train,848.7
random_within_well,2205,train,849.02
random_within_well,2206,train,849.33
random_within_well,2207,train,849.63
random_within_well,2208,train,849.94
random_within_well,2209,train,850.25
random_within_well,2210,train,850.56
random_within_well,2211,train,850.87
random_within_well,2212,train,851.18
random_within_well,2213,train,851.49
random_within_well,2214,train,851.79
random_within_well,2215,train,852.1
random_within_well,2216,train,852.41
random_within_well,2217,train,852.72
random_within_well,2218,train,853.02
random_within_well,2219,train,853.33
random_within_well,2220,train,853.64
random_within_well,2221,train,853.94
random_within_well,2222,train,854.25
random_within_well,2223,train,854.56
random_within_well,2224,train,854.87
random_within_well,2225,test,855.17
random_within_well,2226,train,855.48
random_within_well,2227,test,855.8
random_within_well,2228,test,856.11
random_within_well,2229,train,856.42
random_within_well,2230,train,856.73
random_within_well,2231,train,857.04
random_within_well,2232,train,857.35
random_within_well,2233,test,857.66
random_within_well,2234,train,857.97
random_within_well,2235,train,858.28
random_within_well,2236,train,858.58
random_within_well,2237,train,858.89
random_within_well,2238,train,859.2
random_within_well,2239,train,859.51
random_within_well,2240,train,859.82
random_within_well,2241,train,860.13
random_within_well,2242,train,860.44
random_within_well,2243,train,860.74
random_within_well,2244,train,861.05
random_within_well,2245,test,861.35
random_within_well,2246,train,861.66
random_within_well,2247,train,861.98
random_within_well,2248,train,862.28
random_within_well,2249,train,862.6
random_within_well,2250,train,862.91
random_within_well,2251,train,863.22
random_within_well,2252,test,863.53
random_within_well,2253,train,863.83
random_within_well,2254,test,864.15
random_within_well,2255,train,864.45
random_within_well,2256,train,864.76
random_within_well,2257,train,865.07
random_within_well,2258,train,865.38
random_within_well,2259,train,865.69
random_within_well,2260,train,866.0
random_within_well,2261,train,866.32
random_within_well,2262,train,866.63
random_within_well,2263,train,866.95
random_within_well,2264,train,867.25
random_within_well,2265,train,867.57
random_within_well,2266,train,867.88
random_within_well,2267,train,868.19
random_within_well,2268,test,868.5
random_within_well,2269,train,868.81
random_within_well,2270,train,869.12
random_within_well,2271,test,869.43
random_within_well,2272,test,869.74
random_within_well,2273,test,870.05
random_within_well,2274,train,870.37
random_within_well,2275,train,870.68
random_within_well,2276,train,871.0
random_within_well,2277,train,871.31
random_within_well,2278,train,871.63
random_within_well,2279,train,871.94
random_within_well,2280,train,872.26
random_within_well,2281,train,872.57
random_within_well,2282,train,872.88
random_within_well,2283,test,873.2
random_within_well,2284,train,873.54
random_within_well,2285,train,873.86
random_within_well,2286,train,874.19
random_within_well,2287,test,874.53
random_within_well,2288,train,874.87
random_within_well,2289,train,875.18
random_within_well,2290,train,875.18
random_within_well,2291,test,875.48
random_within_well,2292,train,875.79
random_within_well,2293,train,876.1
random_within_well,2294,train,876.41
random_within_well,2295,train,876.72
random_within_well,2296,train,877.02
random_within_well,2297,train,877.33
random_within_well,2298,train,877.64
random_within_well,2299,test,877.96
random_within_well,2300,train,878.28
random_within_well,2301,train,878.62
random_within_well,2302,train,878.94
random_within_well,2303,train,879.25
random_within_well,2304,test,879.56
random_within_well,2305,train,879.88
random_within_well,2306,test,879.88
random_within_well,2307,train,880.2
random_within_well,2308,train,880.51
random_within_well,2309,train,880.82
random_within_well,2310,train,881.15
random_within_well,2311,train,881.46
random_within_well,2312,test,881.78
random_within_well,2313,train,882.12
random_within_well,2314,train,882.46
random_within_well,2315,train,882.77
random_within_well,2316,test,883.08
random_within_well,2317,test,883.41
random_within_well,2318,train,883.72
random_within_well,2319,train,884.04
random_within_well,2320,train,884.35
random_within_well,2321,train,884.65
random_within_well,2322,train,884.96
random_within_well,2323,test,885.27
random_within_well,2324,train,885.57
random_within_well,2325,train,885.89
random_within_well,2326,train,886.2
random_within_well,2327,train,886.51
random_within_well,2328,train,886.83
random_within_well,2329,train,887.14
random_within_well,2330,train,887.45
random_within_well,2331,train,887.76
random_within_well,2332,train,888.06
random_within_well,2333,test,888.38
random_within_well,2334,train,888.7
random_within_well,2335,train,889.01
random_within_well,2336,train,889.33
random_within_well,2337,train,889.63
random_within_well,2338,test,889.98
random_within_well,2339,train,890.31
random_within_well,2340,train,890.65
random_within_well,2341,train,890.96
random_within_well,2342,train,891.27
random_within_well,2343,train,891.6
random_within_well,2344,train,891.91
random_within_well,2345,test,892.22
random_within_well,2346,test,892.53
random_within_well,2347,train,893.63
random_within_well,2348,test,893.95
random_within_well,2349,train,894.26
random_within_well,2350,test,894.59
random_within_well,2351,train,894.93
random_within_well,2352,train,895.23
random_within_well,2353,train,895.58
random_within_well,2354,train,895.91
random_within_well,2355,train,896.25
random_within_well,2356,train,896.57
random_within_well,2357,train,896.89
random_within_well,2358,train,897.21
random_within_well,2359,train,897.56
random_within_well,2360,train,903.72
random_within_well,2361,train,904.03
random_within_well,2362,train,904.36
random_within_well,2363,train,904.68
random_within_well,2364,test,904.99
random_within_well,2365,train,905.32
random_within_well,2366,test,905.64
random_within_well,2367,train,905.95
random_within_well,2368,train,906.26
random_within_well,2369,train,906.57
random_within_well,2370,test,906.89
random_within_well,2371,train,907.22
random_within_well,2372,train,907.53
random_within_well,2373,train,907.85
random_within_well,2374,train,908.17
random_within_well,2375,train,908.48
random_within_well,2376,train,908.79
random_within_well,2377,train,909.11
random_within_well,2378,train,909.43
random_within_well,2379,train,909.75
random_within_well,2380,train,910.07
random_within_well,2381,train,910.39
random_within_well,2382,train,910.71
random_within_well,2383,train,911.02
random_within_well,2384,train,911.33
random_within_well,2385,train,911.65
random_within_well,2386,train,911.96
random_within_well,2387,test,912.27
random_within_well,2388,train,912.58
random_within_well,2389,test,912.91
random_within_well,2390,train,913.23
random_within_well,2391,train,913.54
random_within_well,2392,test,913.89
random_within_well,2393,train,914.24
random_within_well,2394,train,914.58
random_within_well,2395,train,914.9
random_within_well,2396,train,915.21
random_within_well,2397,train,915.55
random_within_well,2398,test,915.86
random_within_well,2399,test,916.17
random_within_well,2400,train,916.49
random_within_well,2401,train,916.86
random_within_well,2402,test,917.18
random_within_well,2403,train,917.49
random_within_well,2404,train,917.82
random_within_well,2405,test,918.15
random_within_well,2406,train,918.48
random_within_well,2407,test,918.81
random_within_well,2408,train,919.13
random_within_well,2409,train,919.45
random_within_well,2410,train,919.77
random_within_well,2411,train,920.09
random_within_well,2412,train,920.41
random_within_well,2413,train,920.72
random_within_well,2414,train,921.02
random_within_well,2415,train,921.38
random_within_well,2416,train,921.7
random_within_well,2417,test,922.04
random_within_well,2418,train,922.35
random_within_well,2419,train,922.68
random_within_well,2420,train,922.98
random_within_well,2421,train,923.29
random_within_well,2422,train,923.61
random_within_well,2423,train,923.94
random_within_well,2424,train,924.26
random_within_well,2425,train,924.62
random_within_well,2426,train,924.95
random_within_well,2427,train,925.26
random_within_well,2428,train,925.63
random_within_well,2429,train,925.93
random_within_well,2430,train,926.25
random_within_well,2431,test,926.57
random_within_well,2432,train,926.91
random_within_well,2433,train,927.22
random_within_well,2434,train,927.56
random_within_well,2435,train,927.88
random_within_well,2436,train,928.21
random_within_well,2437,train,928.52
random_within_well,2438,train,928.89
random_within_well,2439,train,929.24
random_within_well,2440,train,929.6
random_within_well,2441,test,929.93
random_within_well,2442,train,930.25
random_within_well,2443,train,930.56
random_within_well,2444,train,930.88
random_within_well,2445,test,931.2
random_within_well,2446,test,931.51
random_within_well,2447,test,931.82
random_within_well,2448,train,932.13
random_within_well,2449,train,932.46
random_within_well,2450,train,932.75
random_within_well,2451,train,933.07
random_within_well,2452,train,933.38
random_within_well,2453,train,933.69
random_within_well,2454,train,934.0
random_within_well,2455,train,934.32
random_within_well,2456,train,934.65
random_within_well,2457,train,934.96
random_within_well,2458,train,935.28
random_within_well,2459,train,935.6
random_within_well,2460,train,935.91
random_within_well,2461,train,936.22
random_within_well,2462,train,936.54
random_within_well,2463,train,936.86
random_within_well,2464,train,937.18
random_within_well,2465,test,937.5
random_within_well,2466,train,937.82
random_within_well,2467,train,938.14
random_within_well,2468,train,938.45
random_within_well,2469,train,938.76
random_within_well,2470,train,939.08
random_within_well,2471,train,939.39
random_within_well,2472,train,939.7
random_within_well,2473,train,940.01
random_within_well,2474,train,940.34
random_within_well,2475,train,940.66
random_within_well,2476,train,940.98
random_within_well,2477,test,941.32
random_within_well,2478,train,941.67
random_within_well,2479,train,942.01
random_within_well,2480,train,942.33
random_within_well,2481,train,942.64
random_within_well,2482,train,942.98
random_within_well,2483,train,943.29
random_within_well,2484,train,943.6
random_within_well,2485,train,943.62
random_within_well,2486,test,943.99
random_within_well,2487,train,944.31
random_within_well,2488,test,944.62
random_within_well,2489,train,944.95
random_within_well,2490,train,945.27
random_within_well,2491,train,945.6
random_within_well,2492,train,945.93
random_within_well,2493,train,946.25
random_within_well,2494,train,946.58
random_within_well,2495,train,946.89
random_within_well,2496,train,947.21
random_within_well,2497,train,947.53
random_within_well,2498,train,947.84
random_within_well,2499,test,948.15
random_within_well,2500,train,948.2
random_within_well,2501,train,948.52
random_within_well,2502,train,948.86
random_within_well,2503,train,949.17
random_within_well,2504,train,949.5
random_within_well,2505,test,949.8
random_within_well,2506,train,950.12
random_within_well,2507,train,950.43
random_within_well,2508,train,950.77
random_within_well,2509,train,951.08
random_within_well,2510,test,951.44
random_within_well,2511,train,951.77
random_within_well,2512,train,952.08
random_within_well,2513,train,952.45
random_within_well,2514,train,952.76
random_within_well,2515,test,952.77
random_within_well,2516,train,953.09
random_within_well,2517,test,953.42
random_within_well,2518,train,953.74
random_within_well,2519,test,954.08
random_within_well,2520,train,954.4
random_within_well,2521,test,954.73
random_within_well,2522,test,955.04
random_within_well,2523,train,955.43
random_within_well,2524,train,955.74
random_within_well,2525,train,956.1
random_within_well,2526,test,956.41
random_within_well,2527,train,956.73
random_within_well,2528,train,957.05
random_within_well,2529,train,957.38
random_within_well,2530,train,957.7
random_within_well,2531,train,958.04
random_within_well,2532,train,958.36
random_within_well,2533,train,958.69
random_within_well,2534,train,959.0
random_within_well,2535,train,959.37
random_within_well,2536,train,959.72
random_within_well,2537,train,960.08
random_within_well,2538,train,960.41
random_within_well,2539,train,960.73
random_within_well,2540,test,961.04
random_within_well,2541,train,961.78
random_within_well,2542,train,962.1
random_within_well,2543,train,962.4
random_within_well,2544,train,962.72
random_within_well,2545,train,963.03
random_within_well,2546,train,963.34
random_within_well,2547,train,963.65
random_within_well,2548,test,963.97
random_within_well,2549,test,964.28
random_within_well,2550,train,964.58
random_within_well,2551,train,964.89
random_within_well,2552,test,965.2
random_within_well,2553,train,965.51
random_within_well,2554,train,965.82
random_within_well,2555,train,966.13
random_within_well,2556,train,966.44
random_within_well,2557,train,966.74
random_within_well,2558,train,967.05
random_within_well,2559,train,967.36
random_within_well,2560,train,967.67
random_within_well,2561,train,967.99
random_within_well,2562,train,971.8
random_within_well,2563,train,972.15
random_within_well,2564,train,972.49
random_within_well,2565,train,972.81
random_within_well,2566,train,973.11
random_within_well,2567,train,973.18
random_within_well,2568,train,973.48
random_within_well,2569,train,973.79
random_within_well,2570,test,974.1
random_within_well,2571,test,974.41
random_within_well,2572,test,974.71
random_within_well,2573,train,975.02
random_within_well,2574,train,975.32
random_within_well,2575,test,975.63
random_within_well,2576,test,975.93
random_within_well,2577,test,976.24
random_within_well,2578,test,976.54
random_within_well,2579,test,976.85
random_within_well,2580,train,977.15
random_within_well,2581,train,977.46
random_within_well,2582,test,977.76
random_within_well,2583,train,978.07
random_within_well,2584,test,978.38
random_within_well,2585,train,978.68
random_within_well,2586,test,978.99
random_within_well,2587,train,979.29
random_within_well,2588,train,979.6
random_within_well,2589,test,979.9
random_within_well,2590,train,980.21
random_within_well,2591,train,980.52
random_within_well,2592,train,980.82
random_within_well,2593,train,981.13
random_within_well,2594,test,981.43
random_within_well,2595,train,981.74
random_within_well,2596,train,982.05
random_within_well,2597,train,982.36
random_within_well,2598,train,982.66
random_within_well,2599,train,982.97
random_within_well,2600,train,983.28
random_within_well,2601,train,983.58
random_within_well,2602,train,983.89
random_within_well,2603,train,984.19
random_within_well,2604,train,984.5
random_within_well,2605,train,984.81
random_within_well,2606,train,985.12
random_within_well,2607,train,985.43
random_within_well,2608,train,985.73
random_within_well,2609,test,986.04
random_within_well,2610,train,986.35
random_within_well,2611,train,986.65
random_within_well,2612,train,986.96
random_within_well,2613,train,987.28
random_within_well,2614,train,987.59
random_within_well,2615,test,987.89
random_within_well,2616,train,988.2
random_within_well,2617,test,988.51
random_within_well,2618,test,988.81
random_within_well,2619,test,989.13
random_within_well,2620,train,989.43
random_within_well,2621,train,989.74
random_within_well,2622,train,990.04
random_within_well,2623,test,990.35
random_within_well,2624,train,990.66
random_within_well,2625,train,990.96
random_within_well,2626,train,991.26
random_within_well,2627,train,991.57
random_within_well,2628,train,991.88
random_within_well,2629,test,992.18
random_within_well,2630,train,992.49
random_within_well,2631,train,992.79
random_within_well,2632,train,993.1
random_within_well,2633,train,993.4
random_within_well,2634,train,993.71
random_within_well,2635,train,994.01
random_within_well,2636,train,994.32
random_within_well,2637,train,994.63
random_within_well,2638,test,994.93
random_within_well,2639,train,995.24
random_within_well,2640,train,995.54
random_within_well,2641,train,995.85
random_within_well,2642,test,996.15
random_within_well,2643,train,996.46
random_within_well,2644,test,996.77
random_within_well,2645,train,997.07
random_within_well,2646,train,997.38
random_within_well,2647,test,997.68
random_within_well,2648,train,997.99
random_within_well,2649,train,998.29
random_within_well,2650,test,998.6
random_within_well,2651,train,998.91
random_within_well,2652,train,999.21
random_within_well,2653,test,999.52
random_within_well,2654,test,999.82
random_within_well,2655,train,1000.13
random_within_well,2656,test,1000.44
random_within_well,2657,train,1000.74
random_within_well,2658,train,1001.05
random_within_well,2659,train,1001.35
random_within_well,2660,train,1001.66
random_within_well,2661,train,1001.97
random_within_well,2662,test,1002.74
random_within_well,2663,test,1003.05
random_within_well,2664,train,1003.36
random_within_well,2665,train,1003.66
random_within_well,2666,train,1003.97
random_within_well,2667,train,1004.27
random_within_well,2668,train,1004.58
random_within_well,2669,test,1004.88
random_within_well,2670,train,1005.19
random_within_well,2671,train,1005.49
random_within_well,2672,train,1005.8
random_within_well,2673,test,1006.1
random_within_well,2674,train,1006.41
random_within_well,2675,train,1006.71
random_within_well,2676,test,1007.02
random_within_well,2677,train,1007.32
random_within_well,2678,test,1007.63
random_within_well,2679,train,1007.94
random_within_well,2680,train,1008.24
random_within_well,2681,train,1008.55
random_within_well,2682,train,1008.85
random_within_well,2683,test,1009.16
random_within_well,2684,test,1009.46
random_within_well,2685,train,1009.77
random_within_well,2686,train,1010.07
random_within_well,2687,train,1010.38
random_within_well,2688,train,1010.69
random_within_well,2689,train,1011.0
random_within_well,2690,train,1011.3
random_within_well,2691,train,1011.61
random_within_well,2692,train,1011.91
random_within_well,2693,train,1012.22
random_within_well,2694,train,1012.53
random_within_well,2695,train,1012.84
random_within_well,2696,train,1013.14
random_within_well,2697,test,1013.45
random_within_well,2698,train,1013.75
random_within_well,2699,test,1014.06
random_within_well,2700,train,1014.36
random_within_well,2701,train,1014.67
random_within_well,2702,train,1014.97
random_within_well,2703,train,1015.28
random_within_well,2704,train,1015.58
random_within_well,2705,train,1015.89
random_within_well,2706,train,1016.2
random_within_well,2707,train,1016.51
random_within_well,2708,train,1016.81
random_within_well,2709,train,1017.12
random_within_well,2710,train,1017.42
random_within_well,2711,train,1017.73
random_within_well,2712,train,1018.03
random_within_well,2713,train,1018.34
random_within_well,2714,train,1018.64
random_within_well,2715,test,1018.95
random_within_well,2716,test,1019.26
random_within_well,2717,train,1019.57
random_within_well,2718,test,1019.87
random_within_well,2719,train,1020.18
random_within_well,2720,train,1020.48
random_within_well,2721,train,1020.79
random_within_well,2722,test,1021.09
random_within_well,2723,train,1021.4
random_within_well,2724,train,1021.7
random_within_well,2725,train,1022.01
random_within_well,2726,train,1022.32
random_within_well,2727,train,1022.62
random_within_well,2728,test,1022.93
random_within_well,2729,train,1023.24
random_within_well,2730,train,1023.54
random_within_well,2731,train,1023.85
random_within_well,2732,train,1024.15
random_within_well,2733,train,1024.46
random_within_well,2734,train,1024.76
random_within_well,2735,train,1025.07
random_within_well,2736,train,1025.38
random_within_well,2737,train,1025.69
random_within_well,2738,train,1026.0
random_within_well,2739,train,1026.3
random_within_well,2740,train,1026.61
random_within_well,2741,test,1026.92
random_within_well,2742,test,1027.22
random_within_well,2743,train,1027.53
random_within_well,2744,train,1027.53
random_within_well,2745,train,1027.83
random_within_well,2746,train,1028.14
random_within_well,2747,train,1028.45
random_within_well,2748,train,1028.75
random_within_well,2749,train,1029.06
random_within_well,2750,train,1029.36
random_within_well,2751,train,1029.67
random_within_well,2752,train,1029.97
random_within_well,2753,test,1030.28
random_within_well,2754,test,1030.58
random_within_well,2755,test,1030.89
random_within_well,2756,train,1031.19
random_within_well,2757,train,1031.51
random_within_well,2758,test,1031.81
random_within_well,2759,test,1032.12
random_within_well,2760,train,1032.42
random_within_well,2761,train,1032.73
random_within_well,2762,train,1033.03
random_within_well,2763,test,1033.34
random_within_well,2764,test,1033.65
random_within_well,2765,train,1033.95
random_within_well,2766,train,1034.25
random_within_well,2767,train,1034.56
random_within_well,2768,train,1034.87
random_within_well,2769,train,1035.17
random_within_well,2770,test,1035.48
random_within_well,2771,train,1035.79
random_within_well,2772,train,1036.1
random_within_well,2773,train,1036.4
random_within_well,2774,train,1036.71
random_within_well,2775,test,1037.01
random_within_well,2776,train,1037.32
random_within_well,2777,train,1037.62
random_within_well,2778,train,1037.93
random_within_well,2779,train,1038.23
random_within_well,2780,train,1038.54
random_within_well,2781,train,1038.84
random_within_well,2782,train,1039.15
random_within_well,2783,train,1039.46
random_within_well,2784,train,1039.76
random_within_well,2785,train,1040.07
random_within_well,2786,train,1040.37
random_within_well,2787,test,1040.68
random_within_well,2788,train,1040.98
random_within_well,2789,test,1041.29
random_within_well,2790,train,1041.59
random_within_well,2791,train,1041.9
random_within_well,2792,train,1042.21
random_within_well,2793,train,1042.51
random_within_well,2794,test,1042.82
random_within_well,2795,test,1043.12
random_within_well,2796,train,1043.43
random_within_well,2797,train,1043.74
random_within_well,2798,test,1044.04
random_within_well,2799,train,1044.35
random_within_well,2800,train,1044.65
random_within_well,2801,test,1044.96
random_within_well,2802,test,1045.26
random_within_well,2803,test,1045.57
random_within_well,2804,train,1045.87
random_within_well,2805,train,1046.18
random_within_well,2806,train,1046.49
random_within_well,2807,train,1046.79
random_within_well,2808,train,1047.1
random_within_well,2809,train,1047.4
random_within_well,2810,train,1047.71
random_within_well,2811,train,1048.01
random_within_well,2812,test,1048.32
random_within_well,2813,train,1048.63
random_within_well,2814,train,1048.93
random_within_well,2815,test,1049.23
random_within_well,2816,train,1049.54
random_within_well,2817,train,1049.85
random_within_well,2818,train,1050.15
random_within_well,2819,train,1050.46
random_within_well,2820,test,1050.77
random_within_well,2821,train,1051.07
random_within_well,2822,train,1052.46
random_within_well,2823,train,1052.77
random_within_well,2824,train,1053.08
random_within_well,2825,test,1053.39
random_within_well,2826,train,1053.69
random_within_well,2827,train,1054.0
random_within_well,2828,train,1054.31
random_within_well,2829,train,1054.61
random_within_well,2830,train,1054.92
random_within_well,2831,train,1055.22
random_within_well,2832,train,1055.53
random_within_well,2833,train,1055.84
random_within_well,2834,train,1056.14
random_within_well,2835,test,1056.45
random_within_well,2836,test,1056.75
random_within_well,2837,train,1057.06
random_within_well,2838,train,1057.36
random_within_well,2839,train,1057.67
random_within_well,2840,train,1057.98
random_within_well,2841,train,1058.28
random_within_well,2842,train,1058.59
random_within_well,2843,test,1058.89
random_within_well,2844,train,1059.2
random_within_well,2845,train,1059.5
random_within_well,2846,test,1059.81
random_within_well,2847,test,1060.12
random_within_well,2848,train,1060.42
random_within_well,2849,train,1060.73
random_within_well,2850,test,1061.04
random_within_well,2851,test,1061.34
random_within_well,2852,train,1061.65
random_within_well,2853,train,1061.95
random_within_well,2854,train,1062.26
random_within_well,2855,test,1062.56
random_within_well,2856,train,1062.87
random_within_well,2857,train,1063.18
random_within_well,2858,test,1063.48
random_within_well,2859,train,1063.79
random_within_well,2860,test,1064.4
random_within_well,2861,train,1064.7
random_within_well,2862,test,1065.01
random_within_well,2863,train,1065.32
random_within_well,2864,test,1065.62
random_within_well,2865,train,1065.93
random_within_well,2866,train,1066.23
random_within_well,2867,train,1066.53
random_within_well,2868,train,1066.84
random_within_well,2869,train,1067.15
random_within_well,2870,train,1067.45
random_within_well,2871,train,1067.76
random_within_well,2872,train,1068.06
random_within_well,2873,train,1068.37
random_within_well,2874,test,1068.67
random_within_well,2875,train,1068.98
random_within_well,2876,train,1069.29
random_within_well,2877,train,1069.59
random_within_well,2878,train,1069.9
random_within_well,2879,test,1070.21
random_within_well,2880,test,1070.51
random_within_well,2881,test,1070.82
random_within_well,2882,test,1071.12
random_within_well,2883,train,1071.43
random_within_well,2884,train,1071.73
random_within_well,2885,test,1072.04
random_within_well,2886,train,1072.34
random_within_well,2887,train,1072.65
random_within_well,2888,train,1072.96
random_within_well,2889,train,1073.27
random_within_well,2890,train,1073.57
random_within_well,2891,train,1073.88
random_within_well,2892,train,1074.18
random_within_well,2893,train,1074.49
random_within_well,2894,train,1074.79
random_within_well,2895,test,1075.1
random_within_well,2896,train,1075.4
random_within_well,2897,train,1075.71
random_within_well,2898,train,1076.02
random_within_well,2899,test,1076.32
random_within_well,2900,test,1076.63
random_within_well,2901,train,1076.93
random_within_well,2902,train,1077.24
random_within_well,2903,train,1077.54
random_within_well,2904,train,1077.85
random_within_well,2905,test,1078.16
random_within_well,2906,train,1078.46
random_within_well,2907,train,1080.16
random_within_well,2908,train,1080.46
random_within_well,2909,train,1080.77
random_within_well,2910,train,1081.08
random_within_well,2911,train,1081.39
random_within_well,2912,train,1081.7
random_within_well,2913,train,1082.01
random_within_well,2914,train,1082.31
random_within_well,2915,train,1082.62
random_within_well,2916,train,1082.93
random_within_well,2917,train,1083.23
random_within_well,2918,train,1083.54
random_within_well,2919,train,1083.85
random_within_well,2920,train,1084.15
random_within_well,2921,train,1084.46
random_within_well,2922,train,1084.77
random_within_well,2923,train,1085.07
random_within_well,2924,train,1085.38
random_within_well,2925,test,1085.69
random_within_well,2926,test,1085.99
random_within_well,2927,train,1086.3
random_within_well,2928,train,1086.6
random_within_well,2929,test,1086.91
random_within_well,2930,train,1087.22
random_within_well,2931,train,1087.53
random_within_well,2932,test,1087.83
random_within_well,2933,train,1088.13
random_within_well,2934,test,1088.44
random_within_well,2935,train,1088.75
random_within_well,2936,train,1089.06
random_within_well,2937,train,1089.36
random_within_well,2938,train,1089.67
random_within_well,2939,train,1089.98
random_within_well,2940,train,1090.28
random_within_well,2941,train,1090.59
random_within_well,2942,test,1090.9
random_within_well,2943,train,1091.2
random_within_well,2944,test,1091.51
random_within_well,2945,train,1091.81
random_within_well,2946,train,1092.12
random_within_well,2947,train,1092.42
random_within_well,2948,train,1092.73
random_within_well,2949,test,1093.04
random_within_well,2950,train,1093.34
random_within_well,2951,train,1093.65
random_within_well,2952,train,1093.95
random_within_well,2953,train,1094.26
random_within_well,2954,train,1094.56
random_within_well,2955,train,1094.87
random_within_well,2956,train,1095.17
random_within_well,2957,train,1095.48
random_within_well,2958,train,1095.78
random_within_well,2959,train,1096.09
random_within_well,2960,train,1096.39
random_within_well,2961,train,1096.7
random_within_well,2962,train,1097.01
random_within_well,2963,train,1097.31
random_within_well,2964,train,1097.62
random_within_well,2965,train,1097.92
random_within_well,2966,test,1098.23
random_within_well,2967,train,1098.53
random_within_well,2968,train,1098.84
random_within_well,2969,train,1099.67
random_within_well,2970,test,1099.98
random_within_well,2971,train,1100.28
random_within_well,2972,test,1100.59
random_within_well,2973,train,1100.89
random_within_well,2974,train,1100.89
random_within_well,2975,train,1101.2
random_within_well,2976,train,1101.5
random_within_well,2977,test,1101.81
random_within_well,2978,train,1102.12
random_within_well,2979,train,1102.42
random_within_well,2980,train,1102.72
random_within_well,2981,test,1103.03
random_within_well,2982,train,1103.34
random_within_well,2983,train,1103.64
random_within_well,2984,train,1103.95
random_within_well,2985,train,1104.25
random_within_well,2986,train,1104.56
random_within_well,2987,test,1104.86
random_within_well,2988,train,1105.17
random_within_well,2989,train,1105.48
random_within_well,2990,train,1105.78
random_within_well,2991,train,1106.09
random_within_well,2992,test,1106.39
random_within_well,2993,train,1106.7
random_within_well,2994,train,1107.0
random_within_well,2995,test,1107.31
random_within_well,2996,train,1107.61
random_within_well,2997,train,1107.93
random_within_well,2998,train,1108.23
random_within_well,2999,train,1108.54
random_within_well,3000,train,1108.84
random_within_well,3001,train,1109.15
random_within_well,3002,test,1109.45
random_within_well,3003,test,1109.76
random_within_well,3004,train,1110.07
random_within_well,3005,train,1110.37
random_within_well,3006,train,1110.68
random_within_well,3007,test,1110.98
random_within_well,3008,test,1111.29
random_within_well,3009,train,1111.6
random_within_well,3010,train,1111.9
random_within_well,3011,train,1112.21
random_within_well,3012,test,1112.51
random_within_well,3013,train,1112.82
random_within_well,3014,train,1113.12
random_within_well,3015,train,1113.43
random_within_well,3016,train,1113.73
random_within_well,3017,train,1114.04
random_within_well,3018,train,1114.35
random_within_well,3019,train,1114.65
random_within_well,3020,train,1114.96
random_within_well,3021,train,1115.26
random_within_well,3022,train,1115.57
random_within_well,3023,train,1115.87
random_within_well,3024,train,1116.18
random_within_well,3025,test,1116.49
random_within_well,3026,train,1116.79
random_within_well,3027,train,1117.1
random_within_well,3028,train,1117.4
random_within_well,3029,train,1117.71
random_within_well,3030,train,1118.01
random_within_well,3031,train,1118.32
random_within_well,3032,test,1118.62
random_within_well,3033,train,1118.93
random_within_well,3034,train,1119.24
random_within_well,3035,test,1119.54
random_within_well,3036,train,1119.85
random_within_well,3037,train,1120.16
random_within_well,3038,train,1120.46
random_within_well,3039,train,1120.77
random_within_well,3040,train,1121.08
random_within_well,3041,train,1121.39
random_within_well,3042,train,1121.69
random_within_well,3043,test,1122.0
random_within_well,3044,train,1122.31
random_within_well,3045,test,1122.62
random_within_well,3046,train,1122.92
random_within_well,3047,train,1123.22
random_within_well,3048,train,1123.53
random_within_well,3049,train,1123.84
random_within_well,3050,test,1124.14
random_within_well,3051,train,1124.45
random_within_well,3052,train,1124.76
random_within_well,3053,train,1125.07
random_within_well,3054,train,1125.37
random_within_well,3055,train,1125.68
random_within_well,3056,train,1125.98
random_within_well,3057,train,1126.29
random_within_well,3058,train,1126.59
random_within_well,3059,train,1126.9
random_within_well,3060,train,1127.2
random_within_well,3061,train,1127.51
random_within_well,3062,train,1127.81
random_within_well,3063,train,1128.12
random_within_well,3064,train,1128.42
random_within_well,3065,test,1128.73
random_within_well,3066,test,1129.04
random_within_well,3067,train,1129.34
random_within_well,3068,train,1129.65
random_within_well,3069,train,1129.95
random_within_well,3070,train,1130.26
random_within_well,3071,train,1130.57
random_within_well,3072,train,1130.87
random_within_well,3073,train,1131.18
random_within_well,3074,train,1131.48
random_within_well,3075,test,1131.79
random_within_well,3076,test,1132.09
random_within_well,3077,train,1132.4
random_within_well,3078,test,1132.7
random_within_well,3079,train,1133.01
random_within_well,3080,test,1133.32
random_within_well,3081,train,1133.62
random_within_well,3082,train,1133.93
random_within_well,3083,train,1134.23
random_within_well,3084,train,1134.54
random_within_well,3085,train,1134.84
random_within_well,3086,train,1135.15
random_within_well,3087,train,1135.45
random_within_well,3088,train,1135.76
random_within_well,3089,train,1136.07
random_within_well,3090,test,1136.37
random_within_well,3091,train,1136.67
random_within_well,3092,train,1136.98
random_within_well,3093,train,1137.29
random_within_well,3094,test,1137.59
random_within_well,3095,train,1137.9
random_within_well,3096,train,1138.2
random_within_well,3097,train,1138.52
random_within_well,3098,train,1138.82
random_within_well,3099,train,1139.13
random_within_well,3100,test,1139.43
random_within_well,3101,train,1139.73
random_within_well,3102,train,1140.04
random_within_well,3103,train,1140.35
random_within_well,3104,train,1140.65
random_within_well,3105,train,1140.96
random_within_well,3106,train,1141.26
random_within_well,3107,train,1141.57
random_within_well,3108,train,1141.87
random_within_well,3109,test,1142.18
random_within_well,3110,train,1142.49
random_within_well,3111,train,1142.79
random_within_well,3112,train,1143.1
random_within_well,3113,test,1143.4
random_within_well,3114,test,1143.71
random_within_well,3115,train,1144.01
random_within_well,3116,test,1144.32
random_within_well,3117,train,1144.63
random_within_well,3118,train,1144.93
random_within_well,3119,test,1145.24
random_within_well,3120,train,1145.54
random_within_well,3121,train,1145.85
random_within_well,3122,train,1146.15
random_within_well,3123,test,1146.46
random_within_well,3124,train,1146.77
random_within_well,3125,test,1147.07
random_within_well,3126,test,1147.38
random_within_well,3127,train,1147.68
random_within_well,3128,test,1147.99
random_within_well,3129,test,1148.75
random_within_well,3130,test,1149.08
random_within_well,3131,train,1149.41
random_within_well,3132,test,1149.74
random_within_well,3133,test,1150.05
random_within_well,3134,train,1150.35
random_within_well,3135,train,1150.66
random_within_well,3136,train,1150.97
random_within_well,3137,train,1151.27
random_within_well,3138,train,1151.58
random_within_well,3139,test,1151.88
random_within_well,3140,train,1152.19
random_within_well,3141,train,1152.5
random_within_well,3142,train,1152.8
random_within_well,3143,train,1153.11
random_within_well,3144,train,1153.42
random_within_well,3145,train,1153.72
random_within_well,3146,train,1154.03
random_within_well,3147,train,1154.33
random_within_well,3148,test,1154.64
random_within_well,3149,train,1154.94
random_within_well,3150,test,1155.25
random_within_well,3151,train,1155.55
random_within_well,3152,train,1155.86
random_within_well,3153,test,1156.17
random_within_well,3154,test,1156.47
random_within_well,3155,train,1156.78
random_within_well,3156,train,1157.08
random_within_well,3157,train,1157.39
random_within_well,3158,train,1157.7
random_within_well,3159,train,1158.0
random_within_well,3160,train,1158.31
random_within_well,3161,train,1158.61
random_within_well,3162,test,1158.92
random_within_well,3163,test,1159.22
random_within_well,3164,train,1159.53
random_within_well,3165,test,1159.83
random_within_well,3166,test,1160.14
random_within_well,3167,test,1160.44
random_within_well,3168,train,1160.75
random_within_well,3169,test,1161.06
random_within_well,3170,train,1161.37
random_within_well,3171,train,1161.68
random_within_well,3172,test,1161.98
random_within_well,3173,train,1162.29
random_within_well,3174,train,1162.59
random_within_well,3175,train,1162.9
random_within_well,3176,test,1163.21
random_within_well,3177,train,1163.51
random_within_well,3178,train,1163.82
random_within_well,3179,train,1164.12
random_within_well,3180,train,1164.43
random_within_well,3181,train,1164.73
random_within_well,3182,train,1165.04
random_within_well,3183,train,1165.34
random_within_well,3184,train,1165.65
random_within_well,3185,test,1165.96
random_within_well,3186,train,1166.26
random_within_well,3187,train,1166.57
random_within_well,3188,train,1166.87
random_within_well,3189,train,1167.17
random_within_well,3190,train,1167.48
random_within_well,3191,train,1167.88
random_within_well,3192,train,1168.18
random_within_well,3193,train,1168.49
random_within_well,3194,train,1168.79
random_within_well,3195,train,1169.1
random_within_well,3196,test,1169.4
random_within_well,3197,train,1169.71
random_within_well,3198,train,1170.01
random_within_well,3199,test,1170.32
random_within_well,3200,train,1170.62
random_within_well,3201,train,1170.93
random_within_well,3202,train,1171.23
random_within_well,3203,train,1171.54
random_within_well,3204,train,1171.84
random_within_well,3205,train,1172.15
random_within_well,3206,test,1172.45
random_within_well,3207,test,1172.76
random_within_well,3208,train,1173.07
random_within_well,3209,test,1173.38
random_within_well,3210,train,1173.68
random_within_well,3211,train,1173.99
random_within_well,3212,train,1174.29
random_within_well,3213,test,1174.6
random_within_well,3214,train,1174.9
random_within_well,3215,train,1175.21
random_within_well,3216,train,1175.51
random_within_well,3217,train,1175.82
random_within_well,3218,train,1176.13
random_within_well,3219,train,1176.43
random_within_well,3220,test,1176.74
random_within_well,3221,test,1177.05
random_within_well,3222,train,1177.35
random_within_well,3223,train,1177.66
random_within_well,3224,train,1177.96
random_within_well,3225,train,1178.27
random_within_well,3226,test,1178.57
random_within_well,3227,train,1178.88
random_within_well,3228,train,1179.18
random_within_well,3229,train,1179.49
random_within_well,3230,train,1179.79
random_within_well,3231,test,1180.1
random_within_well,3232,train,1180.41
random_within_well,3233,train,1180.71
random_within_well,3234,train,1181.01
random_within_well,3235,test,1181.32
random_within_well,3236,train,1181.62
random_within_well,3237,test,1181.94
random_within_well,3238,train,1182.24
random_within_well,3239,train,1182.55
random_within_well,3240,test,1182.85
random_within_well,3241,train,1183.16
random_within_well,3242,train,1183.47
random_within_well,3243,train,1183.77
random_within_well,3244,train,1184.07
random_within_well,3245,test,1184.38
random_within_well,3246,train,1184.69
random_within_well,3247,train,1184.99
random_within_well,3248,train,1185.3
random_within_well,3249,train,1185.6
random_within_well,3250,test,1185.91
random_within_well,3251,train,1186.21
random_within_well,3252,test,1186.52
random_within_well,3253,train,1186.83
random_within_well,3254,train,1187.14
random_within_well,3255,train,1187.44
random_within_well,3256,train,1187.75
random_within_well,3257,train,1188.05
random_within_well,3258,train,1188.36
random_within_well,3259,train,1188.67
random_within_well,3260,train,1188.97
random_within_well,3261,train,1189.27
random_within_well,3262,train,1189.58
random_within_well,3263,train,1189.88
random_within_well,3264,test,1190.19
random_within_well,3265,test,1190.5
random_within_well,3266,train,1190.8
random_within_well,3267,train,1191.11
random_within_well,3268,test,1191.41
random_within_well,3269,train,1191.72
random_within_well,3270,test,1192.02
random_within_well,3271,train,1192.33
random_within_well,3272,train,1192.63
random_within_well,3273,train,1192.94
random_within_well,3274,train,1193.24
random_within_well,3275,train,1193.55
random_within_well,3276,train,1193.86
random_within_well,3277,train,1194.16
random_within_well,3278,train,1194.47
random_within_well,3279,test,1194.77
random_within_well,3280,train,1195.08
random_within_well,3281,train,1195.38
random_within_well,3282,train,1195.69
random_within_well,3283,train,1195.99
random_within_well,3284,train,1196.3
random_within_well,3285,train,1196.6
random_within_well,3286,train,1196.92
random_within_well,3287,train,1197.22
random_within_well,3288,test,1197.53
random_within_well,3289,train,1197.84
random_within_well,3290,train,1198.14
random_within_well,3291,train,1198.45
random_within_well,3292,train,1198.76
random_within_well,3293,train,1199.06
random_within_well,3294,train,1199.37
random_within_well,3295,test,1199.67
random_within_well,3296,train,1199.98
random_within_well,3297,train,1200.29
random_within_well,3298,train,1200.59
random_within_well,3299,test,1200.9
random_within_well,3300,train,1201.2
random_within_well,3301,train,1201.51
random_within_well,3302,train,1201.82
random_within_well,3303,train,1202.12
random_within_well,3304,train,1202.43
random_within_well,3305,test,1202.73
random_within_well,3306,test,1203.04
random_within_well,3307,test,1203.35
random_within_well,3308,test,1203.65
random_within_well,3309,test,1203.96
random_within_well,3310,train,1204.26
random_within_well,3311,train,1204.57
random_within_well,3312,train,1204.87
random_within_well,3313,train,1205.18
random_within_well,3314,train,1205.49
random_within_well,3315,train,1205.79
random_within_well,3316,test,1206.1
random_within_well,3317,train,1206.4
random_within_well,3318,train,1206.71
random_within_well,3319,train,1207.02
random_within_well,3320,test,1207.32
random_within_well,3321,train,1207.63
random_within_well,3322,train,1207.93
random_within_well,3323,test,1208.24
random_within_well,3324,train,1208.54
random_within_well,3325,train,1208.85
random_within_well,3326,train,1209.16
random_within_well,3327,train,1209.46
random_within_well,3328,train,1209.77
random_within_well,3329,train,1210.07
random_within_well,3330,train,1210.38
random_within_well,3331,train,1210.68
random_within_well,3332,train,1210.99
random_within_well,3333,train,1211.3
random_within_well,3334,test,1211.6
random_within_well,3335,train,1211.9
random_within_well,3336,train,1212.21
random_within_well,3337,test,1212.51
random_within_well,3338,train,1212.89
random_within_well,3339,train,1213.81
random_within_well,3340,test,1214.11
random_within_well,3341,train,1214.43
random_within_well,3342,train,1214.73
random_within_well,3343,train,1215.04
random_within_well,3344,train,1215.34
random_within_well,3345,train,1215.65
random_within_well,3346,train,1215.95
random_within_well,3347,train,1216.26
random_within_well,3348,train,1216.57
random_within_well,3349,test,1216.87
random_within_well,3350,train,1217.17
random_within_well,3351,train,1217.48
random_within_well,3352,test,1217.78
random_within_well,3353,train,1218.09
random_within_well,3354,train,1218.4
random_within_well,3355,train,1218.7
random_within_well,3356,train,1219.01
random_within_well,3357,test,1219.32
random_within_well,3358,train,1219.62
random_within_well,3359,train,1219.93
random_within_well,3360,train,1220.23
random_within_well,3361,train,1220.54
random_within_well,3362,test,1220.84
random_within_well,3363,train,1221.15
random_within_well,3364,train,1221.46
random_within_well,3365,test,1221.77
random_within_well,3366,train,1222.07
random_within_well,3367,train,1222.38
random_within_well,3368,train,1222.68
random_within_well,3369,train,1222.99
random_within_well,3370,test,1223.41
random_within_well,3371,train,1223.82
random_within_well,3372,train,1224.17
random_within_well,3373,train,1224.48
random_within_well,3374,train,1224.79
random_within_well,3375,train,1225.1
random_within_well,3376,train,1225.41
random_within_well,3377,train,1225.71
random_within_well,3378,train,1226.02
random_within_well,3379,test,1226.32
random_within_well,3380,train,1226.63
random_within_well,3381,train,1226.93
random_within_well,3382,train,1227.24
random_within_well,3383,train,1227.55
random_within_well,3384,train,1227.86
random_within_well,3385,train,1228.16
random_within_well,3386,test,1228.47
random_within_well,3387,train,1228.78
random_within_well,3388,train,1229.08
random_within_well,3389,train,1229.39
random_within_well,3390,train,1229.7
random_within_well,3391,train,1230.0
random_within_well,3392,train,1230.31
random_within_well,3393,test,1230.61
random_within_well,3394,train,1230.92
random_within_well,3395,test,1231.23
random_within_well,3396,train,1231.54
random_within_well,3397,train,1231.84
random_within_well,3398,train,1232.15
random_within_well,3399,test,1232.45
random_within_well,3400,train,1232.76
random_within_well,3401,train,1233.07
random_within_well,3402,test,1233.37
random_within_well,3403,train,1233.68
random_within_well,3404,test,1233.98
random_within_well,3405,test,1234.29
random_within_well,3406,train,1234.59
random_within_well,3407,train,1234.9
random_within_well,3408,train,1235.21
random_within_well,3409,train,1235.51
random_within_well,3410,train,1235.82
random_within_well,3411,train,1236.12
random_within_well,3412,test,1236.43
random_within_well,3413,train,1236.74
random_within_well,3414,test,1237.04
random_within_well,3415,train,1237.35
random_within_well,3416,train,1237.66
random_within_well,3417,train,1237.97
random_within_well,3418,train,1238.27
random_within_well,3419,train,1238.58
random_within_well,3420,train,1238.88
random_within_well,3421,train,1239.19
random_within_well,3422,train,1239.49
random_within_well,3423,train,1239.8
random_within_well,3424,train,1240.1
random_within_well,3425,train,1240.41
random_within_well,3426,train,1240.72
random_within_well,3427,train,1241.03
random_within_well,3428,train,1241.33
random_within_well,3429,test,1241.64
random_within_well,3430,train,1241.94
random_within_well,3431,train,1242.25
random_within_well,3432,train,1242.56
random_within_well,3433,test,1242.86
random_within_well,3434,train,1243.17
random_within_well,3435,train,1243.47
random_within_well,3436,train,1243.78
random_within_well,3437,train,1244.08
random_within_well,3438,test,1244.39
random_within_well,3439,test,1244.69
random_within_well,3440,train,1245.0
random_within_well,3441,train,1245.31
random_within_well,3442,test,1245.61
random_within_well,3443,test,1245.92
random_within_well,3444,train,1246.22
random_within_well,3445,train,1246.53
random_within_well,3446,train,1246.84
random_within_well,3447,train,1247.14
random_within_well,3448,train,1247.45
random_within_well,3449,train,1247.76
random_within_well,3450,train,1248.06
random_within_well,3451,train,1248.37
random_within_well,3452,train,1248.67
random_within_well,3453,train,1248.98
random_within_well,3454,train,1249.29
random_within_well,3455,test,1249.6
random_within_well,3456,train,1249.91
random_within_well,3457,train,1250.21
random_within_well,3458,train,1250.52
random_within_well,3459,train,1250.83
random_within_well,3460,train,1251.14
random_within_well,3461,train,1251.45
random_within_well,3462,train,1251.76
random_within_well,3463,train,1252.32
random_within_well,3464,train,1252.63
random_within_well,3465,train,1253.24
random_within_well,3466,train,1253.54
random_within_well,3467,train,1254.15
random_within_well,3468,train,1254.77
random_within_well,3469,test,1255.07
random_within_well,3470,train,1255.68
random_within_well,3471,train,1255.99
random_within_well,3472,train,1256.3
random_within_well,3473,train,1256.6
random_within_well,3474,train,1256.91
random_within_well,3475,train,1257.22
random_within_well,3476,train,1257.53
random_within_well,3477,train,1257.84
random_within_well,3478,train,1258.15
random_within_well,3479,test,1258.45
random_within_well,3480,train,1258.86
random_within_well,3481,train,1259.17
random_within_well,3482,train,1259.48
random_within_well,3483,test,1259.79
random_within_well,3484,test,1260.1
random_within_well,3485,train,1260.41
random_within_well,3486,train,1260.71
random_within_well,3487,train,1261.02
random_within_well,3488,train,1261.33
random_within_well,3489,train,1261.64
random_within_well,3490,train,1261.94
random_within_well,3491,test,1262.25
random_within_well,3492,test,1262.57
random_within_well,3493,train,1262.87
random_within_well,3494,train,1263.18
random_within_well,3495,train,1263.49
random_within_well,3496,train,1263.8
random_within_well,3497,test,1264.11
random_within_well,3498,train,1264.41
random_within_well,3499,test,1264.72
random_within_well,3500,train,1265.03
random_within_well,3501,test,1265.34
random_within_well,3502,train,1265.64
random_within_well,3503,train,1265.95
random_within_well,3504,test,1266.26
random_within_well,3505,test,1266.57
random_within_well,3506,train,1266.88
random_within_well,3507,train,1267.18
random_within_well,3508,train,1267.5
random_within_well,3509,test,1267.81
random_within_well,3510,train,1268.11
random_within_well,3511,train,1268.42
random_within_well,3512,train,1268.73
random_within_well,3513,train,1269.04
random_within_well,3514,train,1269.34
random_within_well,3515,test,1269.66
random_within_well,3516,test,1269.96
random_within_well,3517,train,1270.27
random_within_well,3518,train,1270.58
random_within_well,3519,train,1270.89
random_within_well,3520,train,1271.19
random_within_well,3521,train,1271.5
random_within_well,3522,train,1271.81
random_within_well,3523,train,1272.12
random_within_well,3524,train,1272.43
random_within_well,3525,train,1272.73
random_within_well,3526,train,1273.04
random_within_well,3527,test,1273.35
random_within_well,3528,test,1273.67
random_within_well,3529,train,1273.97
random_within_well,3530,train,1274.28
random_within_well,3531,train,1274.59
random_within_well,3532,train,1275.21
random_within_well,3533,train,1275.52
random_within_well,3534,train,1275.83
random_within_well,3535,test,1276.14
random_within_well,3536,train,1276.44
random_within_well,3537,train,1276.75
random_within_well,3538,train,1277.06
random_within_well,3539,train,1277.37
random_within_well,3540,train,1277.68
random_within_well,3541,test,1277.99
random_within_well,3542,train,1278.29
random_within_well,3543,train,1278.6
random_within_well,3544,train,1278.91
random_within_well,3545,train,1279.22
random_within_well,3546,train,1279.53
random_within_well,3547,train,1279.84
random_within_well,3548,train,1280.15
random_within_well,3549,train,1280.46
random_within_well,3550,train,1280.77
random_within_well,3551,train,1281.08
random_within_well,3552,train,1281.39
random_within_well,3553,train,1281.7
random_within_well,3554,train,1282.01
random_within_well,3555,train,1282.31
random_within_well,3556,train,1282.62
random_within_well,3557,train,1282.93
random_within_well,3558,train,1283.24
random_within_well,3559,test,1283.54
random_within_well,3560,train,1283.85
random_within_well,3561,train,1284.16
random_within_well,3562,train,1284.47
random_within_well,3563,train,1284.78
random_within_well,3564,train,1285.09
random_within_well,3565,train,1285.39
random_within_well,3566,train,1285.7
random_within_well,3567,train,1286.01
random_within_well,3568,train,1286.32
random_within_well,3569,train,1286.63
random_within_well,3570,train,1286.93
random_within_well,3571,train,1287.24
random_within_well,3572,train,1287.55
random_within_well,3573,test,1290.63
random_within_well,3574,test,1290.94
random_within_well,3575,train,1291.24
random_within_well,3576,train,1291.55
random_within_well,3577,train,1291.86
random_within_well,3578,test,1292.17
random_within_well,3579,train,1292.48
random_within_well,3580,train,1292.79
random_within_well,3581,train,1293.09
random_within_well,3582,train,1293.4
random_within_well,3583,test,1293.71
random_within_well,3584,train,1294.02
random_within_well,3585,train,1294.32
random_within_well,3586,train,1294.63
random_within_well,3587,train,1294.94
random_within_well,3588,train,1295.25
random_within_well,3589,train,1295.86
random_within_well,3590,train,1296.17
random_within_well,3591,train,1296.79
random_within_well,3592,train,1297.72
random_within_well,3593,train,1298.02
random_within_well,3594,train,1298.33
random_within_well,3595,train,1298.64
random_within_well,3596,train,1298.95
random_within_well,3597,train,1299.26
random_within_well,3598,train,1299.56
random_within_well,3599,test,1299.87
random_within_well,3600,train,1300.18
random_within_well,3601,test,1300.49
random_within_well,3602,train,1300.8
random_within_well,3603,train,1301.1
random_within_well,3604,train,1301.41
random_within_well,3605,train,1301.72
random_within_well,3606,train,1302.03
random_within_well,3607,train,1302.33
random_within_well,3608,train,1302.64
random_within_well,3609,train,1302.96
random_within_well,3610,train,1303.26
random_within_well,3611,train,1303.57
random_within_well,3612,test,1303.88
random_within_well,3613,train,1304.19
random_within_well,3614,train,1304.5
random_within_well,3615,train,1304.8
random_within_well,3616,train,1305.11
random_within_well,3617,train,1305.42
random_within_well,3618,train,1305.73
random_within_well,3619,train,1306.03
random_within_well,3620,train,1306.34
random_within_well,3621,train,1306.65
random_within_well,3622,train,1306.96
random_within_well,3623,train,1307.27
random_within_well,3624,train,1307.57
random_within_well,3625,train,1307.88
random_within_well,3626,test,1308.19
random_within_well,3627,train,1309.66
random_within_well,3628,train,1309.97
random_within_well,3629,train,1310.28
random_within_well,3630,test,1310.59
random_within_well,3631,train,1310.89
random_within_well,3632,train,1311.2
random_within_well,3633,train,1311.51
random_within_well,3634,test,1311.82
random_within_well,3635,train,1312.12
random_within_well,3636,train,1312.43
random_within_well,3637,train,1312.74
random_within_well,3638,train,1313.05
random_within_well,3639,train,1313.36
random_within_well,3640,train,1313.66
random_within_well,3641,train,1313.97
random_within_well,3642,train,1314.29
random_within_well,3643,train,1314.9
random_within_well,3644,train,1315.21
random_within_well,3645,train,1315.51
random_within_well,3646,train,1315.82
random_within_well,3647,train,1316.13
random_within_well,3648,train,1316.44
random_within_well,3649,train,1316.74
random_within_well,3650,train,1317.05
random_within_well,3651,train,1317.36
random_within_well,3652,train,1317.67
random_within_well,3653,train,1317.98
random_within_well,3654,train,1318.59
random_within_well,3655,train,1318.91
random_within_well,3656,train,1319.21
random_within_well,3657,train,1319.52
random_within_well,3658,train,1319.83
random_within_well,3659,train,1320.14
random_within_well,3660,train,1320.44
random_within_well,3661,test,1320.75
random_within_well,3662,test,1321.06
random_within_well,3663,train,1321.37
random_within_well,3664,train,1321.68
random_within_well,3665,train,1321.98
random_within_well,3666,train,1322.29
random_within_well,3667,train,1322.6
random_within_well,3668,train,1322.91
random_within_well,3669,train,1323.22
random_within_well,3670,train,1323.52
random_within_well,3671,test,1323.83
random_within_well,3672,train,1324.14
random_within_well,3673,train,1324.45
random_within_well,3674,test,1324.75
random_within_well,3675,train,1325.06
random_within_well,3676,train,1325.37
random_within_well,3677,train,1325.68
random_within_well,3678,train,1325.99
random_within_well,3679,train,1326.29
random_within_well,3680,train,1326.6
random_within_well,3681,train,1326.91
random_within_well,3682,train,1327.22
random_within_well,3683,train,1327.53
random_within_well,3684,test,1327.83
random_within_well,3685,train,1328.14
random_within_well,3686,train,1328.45
random_within_well,3687,train,1328.76
random_within_well,3688,train,1329.06
random_within_well,3689,train,1329.68
random_within_well,3690,train,1329.99
random_within_well,3691,train,1330.3
random_within_well,3692,test,1330.6
random_within_well,3693,train,1330.91
random_within_well,3694,train,1331.22
random_within_well,3695,train,1331.53
random_within_well,3696,train,1331.83
random_within_well,3697,train,1332.14
random_within_well,3698,test,1332.45
random_within_well,3699,train,1332.76
random_within_well,3700,train,1333.07
random_within_well,3701,train,1333.37
random_within_well,3702,train,1333.68
random_within_well,3703,train,1333.99
random_within_well,3704,test,1334.3
random_within_well,3705,test,1334.61
random_within_well,3706,train,1334.91
random_within_well,3707,train,1335.22
random_within_well,3708,test,1335.53
random_within_well,3709,train,1335.84
random_within_well,3710,train,1336.14
random_within_well,3711,test,1336.45
random_within_well,3712,train,1336.76
random_within_well,3713,train,1337.06
random_within_well,3714,train,1337.37
random_within_well,3715,train,1337.69
random_within_well,3716,train,1338.0
random_within_well,3717,train,1338.31
random_within_well,3718,train,1338.62
random_within_well,3719,train,1338.62
random_within_well,3720,test,1338.92
random_within_well,3721,train,1339.23
random_within_well,3722,train,1339.54
random_within_well,3723,train,1339.85
random_within_well,3724,train,1340.16
random_within_well,3725,train,1340.46
random_within_well,3726,train,1340.77
random_within_well,3727,train,1341.08
random_within_well,3728,train,1341.38
random_within_well,3729,train,1341.69
random_within_well,3730,train,1342.0
random_within_well,3731,train,1342.31
random_within_well,3732,train,1342.62
random_within_well,3733,test,1342.92
random_within_well,3734,train,1343.23
random_within_well,3735,train,1343.54
random_within_well,3736,train,1343.85
random_within_well,3737,train,1344.15
random_within_well,3738,train,1344.46
random_within_well,3739,test,1344.77
random_within_well,3740,train,1345.08
random_within_well,3741,train,1345.39
random_within_well,3742,train,1345.69
random_within_well,3743,train,1346.0
random_within_well,3744,train,1346.31
random_within_well,3745,test,1346.61
random_within_well,3746,train,1346.92
random_within_well,3747,train,1347.23
random_within_well,3748,train,1347.85
random_within_well,3749,test,1348.15
random_within_well,3750,train,1348.46
random_within_well,3751,train,1348.77
random_within_well,3752,train,1349.08
random_within_well,3753,train,1349.38
random_within_well,3754,train,1349.69
random_within_well,3755,train,1350.0
random_within_well,3756,train,1350.31
random_within_well,3757,test,1350.62
random_within_well,3758,test,1350.92
random_within_well,3759,train,1351.23
random_within_well,3760,train,1351.54
random_within_well,3761,train,1351.85
random_within_well,3762,train,1352.15
random_within_well,3763,train,1352.46
random_within_well,3764,test,1352.77
random_within_well,3765,train,1353.08
random_within_well,3766,train,1353.7
random_within_well,3767,test,1354.01
random_within_well,3768,train,1354.32
random_within_well,3769,train,1354.63
random_within_well,3770,train,1354.93
random_within_well,3771,train,1355.25
random_within_well,3772,train,1355.55
random_within_well,3773,test,1355.86
random_within_well,3774,test,1356.17
random_within_well,3775,train,1356.48
random_within_well,3776,train,1356.78
random_within_well,3777,train,1357.09
random_within_well,3778,train,1357.4
random_within_well,3779,train,1357.71
random_within_well,3780,test,1358.02
random_within_well,3781,train,1358.32
random_within_well,3782,train,1358.63
random_within_well,3783,train,1358.95
random_within_well,3784,train,1359.25
random_within_well,3785,train,1359.56
random_within_well,3786,train,1359.87
random_within_well,3787,test,1360.18
random_within_well,3788,train,1360.48
random_within_well,3789,train,1360.79
random_within_well,3790,train,1361.1
random_within_well,3791,train,1361.41
random_within_well,3792,train,1361.71
random_within_well,3793,train,1362.02
random_within_well,3794,test,1362.33
random_within_well,3795,test,1362.64
random_within_well,3796,test,1362.94
random_within_well,3797,train,1363.25
random_within_well,3798,train,1363.56
random_within_well,3799,train,1363.87
random_within_well,3800,train,1364.18
random_within_well,3801,test,1364.48
random_within_well,3802,train,1364.79
random_within_well,3803,test,1364.79
random_within_well,3804,train,1365.11
random_within_well,3805,test,1365.41
random_within_well,3806,train,1365.72
random_within_well,3807,test,1366.03
random_within_well,3808,train,1366.34
random_within_well,3809,test,1366.65
random_within_well,3810,train,1366.96
random_within_well,3811,train,1367.27
random_within_well,3812,train,1367.57
random_within_well,3813,train,1367.88
random_within_well,3814,train,1368.19
random_within_well,3815,train,1368.49
random_within_well,3816,train,1368.8
random_within_well,3817,train,1369.11
random_within_well,3818,train,1369.42
random_within_well,3819,train,1369.73
random_within_well,3820,train,1370.03
random_within_well,3821,train,1370.34
random_within_well,3822,test,1370.65
random_within_well,3823,train,1370.96
random_within_well,3824,test,1371.26
random_within_well,3825,train,1371.57
random_within_well,3826,train,1371.88
random_within_well,3827,test,1372.19
random_within_well,3828,train,1372.5
random_within_well,3829,train,1372.8
random_within_well,3830,test,1373.11
random_within_well,3831,train,1373.42
random_within_well,3832,test,1373.73
random_within_well,3833,train,1374.04
random_within_well,3834,train,1374.34
random_within_well,3835,train,1374.65
random_within_well,3836,train,1374.96
random_within_well,3837,train,1375.27
random_within_well,3838,train,1375.57
random_within_well,3839,train,1375.88
random_within_well,3840,train,1376.19
random_within_well,3841,train,1376.49
random_within_well,3842,train,1376.81
random_within_well,3843,train,1377.12
random_within_well,3844,train,1377.43
random_within_well,3845,train,1377.74
random_within_well,3846,test,1378.05
random_within_well,3847,train,1378.35
random_within_well,3848,train,1378.66
random_within_well,3849,test,1378.97
random_within_well,3850,train,1379.28
random_within_well,3851,train,1379.59
random_within_well,3852,train,1379.9
random_within_well,3853,train,1380.21
random_within_well,3854,train,1380.52
random_within_well,3855,test,1380.82
random_within_well,3856,train,1381.14
random_within_well,3857,train,1381.44
random_within_well,3858,train,1381.75
random_within_well,3859,train,1382.06
random_within_well,3860,train,1382.37
random_within_well,3861,train,1382.68
random_within_well,3862,train,1382.98
random_within_well,3863,train,1383.29
random_within_well,3864,train,1383.6
random_within_well,3865,train,1383.91
random_within_well,3866,train,1384.22
random_within_well,3867,train,1384.52
random_within_well,3868,train,1384.83
random_within_well,3869,train,1385.14
random_within_well,3870,test,1385.46
random_within_well,3871,train,1385.76
random_within_well,3872,test,1386.07
random_within_well,3873,train,1386.38
random_within_well,3874,train,1386.69
random_within_well,3875,test,1386.99
random_within_well,3876,train,1387.3
random_within_well,3877,train,1387.61
random_within_well,3878,train,1387.92
random_within_well,3879,test,1388.23
random_within_well,3880,train,1388.53
random_within_well,3881,train,1388.84
random_within_well,3882,train,1389.15
random_within_well,3883,train,1389.46
random_within_well,3884,train,1389.77
random_within_well,3885,train,1390.07
random_within_well,3886,train,1390.38
random_within_well,3887,train,1390.69
random_within_well,3888,train,1391.0
random_within_well,3889,train,1391.3
random_within_well,3890,train,1391.61
random_within_well,3891,train,1391.61
random_within_well,3892,test,1391.92
random_within_well,3893,test,1392.23
random_within_well,3894,train,1392.54
random_within_well,3895,train,1392.84
random_within_well,3896,train,1393.15
random_within_well,3897,train,1393.46
random_within_well,3898,test,1393.77
random_within_well,3899,train,1394.07
random_within_well,3900,train,1394.38
random_within_well,3901,train,1394.69
random_within_well,3902,train,1395.0
random_within_well,3903,train,1395.31
random_within_well,3904,train,1395.61
random_within_well,3905,test,1395.92
random_within_well,3906,train,1396.23
random_within_well,3907,train,1396.54
random_within_well,3908,train,1396.85
random_within_well,3909,test,1397.15
random_within_well,3910,test,1397.46
random_within_well,3911,train,1397.77
random_within_well,3912,train,1398.08
random_within_well,3913,train,1398.38
random_within_well,3914,train,1398.69
random_within_well,3915,train,1399.0
random_within_well,3916,train,1399.31
random_within_well,3917,test,1399.62
random_within_well,3918,train,1399.93
random_within_well,3919,train,1400.23
random_within_well,3920,train,1400.54
random_within_well,3921,train,1400.85
random_within_well,3922,test,1401.16
random_within_well,3923,train,1401.16
random_within_well,3924,train,1401.47
random_within_well,3925,train,1401.77
random_within_well,3926,train,1402.08
random_within_well,3927,train,1402.39
random_within_well,3928,train,1402.7
random_within_well,3929,test,1403.01
random_within_well,3930,train,1403.31
random_within_well,3931,train,1403.62
random_within_well,3932,train,1403.93
random_within_well,3933,test,1404.24
random_within_well,3934,test,1404.54
random_within_well,3935,test,1404.85
random_within_well,3936,train,1405.16
random_within_well,3937,train,1405.47
random_within_well,3938,train,1405.78
random_within_well,3939,train,1406.08
random_within_well,3940,train,1406.39
random_within_well,3941,train,1406.7
random_within_well,3942,train,1407.01
random_within_well,3943,train,1407.31
random_within_well,3944,train,1407.62
random_within_well,3945,train,1407.93
random_within_well,3946,test,1408.24
random_within_well,3947,train,1408.55
random_within_well,3948,train,1408.85
random_within_well,3949,train,1409.16
random_within_well,3950,train,1409.47
random_within_well,3951,test,1409.77
random_within_well,3952,train,1410.08
random_within_well,3953,train,1410.39
random_within_well,3954,train,1410.7
random_within_well,3955,train,1411.01
random_within_well,3956,train,1411.16
random_within_well,3957,train,1411.62
random_within_well,3958,test,1411.93
random_within_well,3959,train,1412.24
random_within_well,3960,train,1412.54
random_within_well,3961,train,1412.85
random_within_well,3962,train,1413.16
random_within_well,3963,train,1413.47
random_within_well,3964,test,1413.78
random_within_well,3965,train,1414.08
random_within_well,3966,train,1414.39
random_within_well,3967,train,1414.7
random_within_well,3968,train,1415.0
random_within_well,3969,train,1415.31
random_within_well,3970,train,1415.62
random_within_well,3971,train,1415.93
random_within_well,3972,train,1415.93
random_within_well,3973,train,1416.24
random_within_well,3974,train,1416.24
random_within_well,3975,test,1416.54
random_within_well,3976,train,1416.85
random_within_well,3977,train,1417.16
random_within_well,3978,train,1417.47
random_within_well,3979,test,1417.78
random_within_well,3980,test,1418.08
random_within_well,3981,train,1423.02
random_within_well,3982,train,1423.33
random_within_well,3983,train,1423.64
random_within_well,3984,test,1423.94
random_within_well,3985,train,1424.25
random_within_well,3986,train,1424.56
random_within_well,3987,train,1424.87
random_within_well,3988,train,1425.18
random_within_well,3989,train,1425.48
random_within_well,3990,train,1425.79
random_within_well,3991,train,1426.1
random_within_well,3992,train,1426.1
random_within_well,3993,train,1426.41
random_within_well,3994,train,1426.71
random_within_well,3995,train,1427.02
random_within_well,3996,test,1427.33
random_within_well,3997,train,1427.64
random_within_well,3998,train,1427.95
random_within_well,3999,train,1428.26
random_within_well,4000,train,1428.57
random_within_well,4001,train,1428.88
random_within_well,4002,train,1429.19
random_within_well,4003,train,1429.49
random_within_well,4004,test,1429.8
random_within_well,4005,train,1430.11
random_within_well,4006,test,1430.42
random_within_well,4007,train,1430.73
random_within_well,4008,train,1431.03
random_within_well,4009,train,1431.34
random_within_well,4010,train,1431.65
random_within_well,4011,train,1441.19
random_within_well,4012,train,1441.5
random_within_well,4013,train,1441.81
random_within_well,4014,train,1442.12
random_within_well,4015,test,1443.35
random_within_well,4016,train,1443.66
random_within_well,4017,train,1443.97
random_within_well,4018,train,1444.27
random_within_well,4019,train,1444.58
random_within_well,4020,train,1444.89
random_within_well,4021,train,1445.2
random_within_well,4022,train,1445.5
random_within_well,4023,train,1445.81
random_within_well,4024,train,1446.12
random_within_well,4025,test,1446.43
random_within_well,4026,train,1446.74
random_within_well,4027,train,1447.66
random_within_well,4028,train,1447.96
random_within_well,4029,train,1448.27
random_within_well,4030,test,1448.58
random_within_well,4031,test,1448.89
random_within_well,4032,test,1449.2
random_within_well,4033,train,1449.5
random_within_well,4034,test,1449.81
random_within_well,4035,train,1450.12
random_within_well,4036,train,1450.43
random_within_well,4037,train,1450.73
random_within_well,4038,train,1451.04
random_within_well,4039,test,1451.66
random_within_well,4040,train,1451.97
random_within_well,4041,train,1452.27
random_within_well,4042,train,1452.58
random_within_well,4043,train,1452.89
random_within_well,4044,train,1453.2
random_within_well,4045,train,1453.92
random_within_well,4046,test,1454.23
random_within_well,4047,test,1454.54
random_within_well,4048,test,1454.84
random_within_well,4049,train,1455.15
random_within_well,4050,test,1455.46
random_within_well,4051,train,1455.77
random_within_well,4052,train,1456.07
random_within_well,4053,train,1456.38
random_within_well,4054,test,1456.69
random_within_well,4055,train,1457.0
random_within_well,4056,train,1457.31
random_within_well,4057,train,1462.26
random_within_well,4058,train,1462.56
random_within_well,4059,train,1462.87
random_within_well,4060,test,1463.18
random_within_well,4061,train,1463.49
random_within_well,4062,train,1463.8
random_within_well,4063,test,1464.11
random_within_well,4064,train,1464.41
random_within_well,4065,train,1464.72
random_within_well,4066,train,1465.03
random_within_well,4067,train,1465.34
random_within_well,4068,train,1465.65
random_within_well,4069,train,1465.96
random_within_well,4070,train,1466.26
random_within_well,4071,test,1466.57
random_within_well,4072,train,1466.88
random_within_well,4073,train,1467.19
random_within_well,4074,train,1467.49
random_within_well,4075,test,1471.19
random_within_well,4076,train,1471.5
random_within_well,4077,train,1472.11
random_within_well,4078,test,1472.42
random_within_well,4079,train,1472.73
random_within_well,4080,train,1473.04
random_within_well,4081,train,1473.34
random_within_well,4082,train,1473.65
random_within_well,4083,train,1473.96
random_within_well,4084,train,1474.27
random_within_well,4085,train,1474.58
random_within_well,4086,train,1474.89
random_within_well,4087,train,1475.2
random_within_well,4088,test,1475.5
random_within_well,4089,train,1475.81
random_within_well,4090,train,1476.12
random_within_well,4091,train,1476.43
random_within_well,4092,train,1482.58
random_within_well,4093,test,1482.89
random_within_well,4094,train,1483.19
random_within_well,4095,train,1483.5
random_within_well,4096,train,1483.81
random_within_well,4097,train,1484.12
random_within_well,4098,train,1484.43
random_within_well,4099,test,1484.73
random_within_well,4100,train,1485.04
random_within_well,4101,train,1485.35
random_within_well,4102,test,1485.66
random_within_well,4103,train,1485.97
random_within_well,4104,train,1489.05
random_within_well,4105,test,1489.36
random_within_well,4106,train,1489.66
random_within_well,4107,train,1489.97
random_within_well,4108,train,1490.28
random_within_well,4109,train,1490.59
random_within_well,4110,train,1490.9
random_within_well,4111,train,1491.2
random_within_well,4112,train,1491.51
random_within_well,4113,train,1491.82
random_within_well,4114,train,1492.13
random_within_well,4115,train,1492.44
random_within_well,4116,train,1492.74
random_within_well,4117,train,1493.05
random_within_well,4118,train,1493.36
random_within_well,4119,test,1493.67
random_within_well,4120,train,1493.97
random_within_well,4121,train,1494.28
random_within_well,4122,train,1494.59
random_within_well,4123,train,1494.9
random_within_well,4124,train,1494.9
random_within_well,4125,test,1495.21
random_within_well,4126,train,1498.31
random_within_well,4127,test,1498.61
random_within_well,4128,test,1500.15
random_within_well,4129,train,1500.46
random_within_well,4130,train,1500.77
random_within_well,4131,train,1501.08
random_within_well,4132,train,1501.39
random_within_well,4133,train,1501.7
random_within_well,4134,train,1502.01
random_within_well,4135,train,1502.32
random_within_well,4136,train,1502.62
random_within_well,4137,train,1502.93
random_within_well,4138,train,1503.55
random_within_well,4139,train,1503.86
random_within_well,4140,test,1504.16
random_within_well,4141,train,1504.47
random_within_well,4142,train,1504.78
random_within_well,4143,train,1505.09
random_within_well,4144,train,1507.85
random_within_well,4145,train,1508.16
random_within_well,4146,train,1508.47
random_within_well,4147,train,1508.78
random_within_well,4148,train,1509.09
random_within_well,4149,train,1509.39
random_within_well,4150,train,1509.7
random_within_well,4151,train,1510.01
random_within_well,4152,train,1510.32
random_within_well,4153,train,1510.62
random_within_well,4154,train,1510.93
random_within_well,4155,test,1511.24
random_within_well,4156,train,1511.55
random_within_well,4157,train,1511.86
random_within_well,4158,train,1512.16
random_within_well,4159,train,1512.47
random_within_well,4160,train,1512.78
random_within_well,4161,train,1513.09
random_within_well,4162,test,1513.4
random_within_well,4163,train,1513.7
random_within_well,4164,train,1514.01
random_within_well,4165,train,1514.32
random_within_well,4166,train,1514.63
random_within_well,4167,train,1517.77
random_within_well,4168,train,1518.07
random_within_well,4169,test,1518.38
random_within_well,4170,train,1518.69
random_within_well,4171,train,1519.0
random_within_well,4172,train,1519.31
random_within_well,4173,train,1519.61
random_within_well,4174,test,1519.92
random_within_well,4175,train,1520.23
random_within_well,4176,train,1520.53
random_within_well,4177,train,1520.84
random_within_well,4178,train,1521.15
random_within_well,4179,train,1521.46
random_within_well,4180,train,1521.76
random_within_well,4181,train,1522.07
random_within_well,4182,train,1522.38
random_within_well,4183,train,1522.69
random_within_well,4184,test,1523.0
random_within_well,4185,train,1523.3
random_within_well,4186,train,1523.61
random_within_well,4187,train,1523.92
random_within_well,4188,train,1524.23
random_within_well,4189,test,1524.54
random_within_well,4190,test,1527.31
random_within_well,4191,train,1527.61
random_within_well,4192,train,1527.92
random_within_well,4193,train,1528.23
random_within_well,4194,test,1528.54
random_within_well,4195,train,1528.85
random_within_well,4196,train,1529.16
random_within_well,4197,train,1529.47
random_within_well,4198,train,1529.77
random_within_well,4199,train,1530.08
random_within_well,4200,train,1530.39
random_within_well,4201,train,1530.7
random_within_well,4202,train,1531.01
random_within_well,4203,train,1531.32
random_within_well,4204,train,1531.62
random_within_well,4205,train,1531.93
random_within_well,4206,train,1532.24
random_within_well,4207,train,1532.55
random_within_well,4208,train,1532.86
random_within_well,4209,train,1533.16
random_within_well,4210,train,1533.47
random_within_well,4211,train,1533.78
random_within_well,4212,train,1537.17
random_within_well,4213,test,1537.47
random_within_well,4214,test,1537.78
random_within_well,4215,test,1538.09
random_within_well,4216,train,1538.39
random_within_well,4217,train,1538.7
random_within_well,4218,train,1539.01
random_within_well,4219,train,1539.32
random_within_well,4220,test,1539.63
random_within_well,4221,train,1539.93
random_within_well,4222,test,1540.24
random_within_well,4223,train,1540.55
random_within_well,4224,train,1540.86
random_within_well,4225,train,1541.16
random_within_well,4226,train,1541.47
random_within_well,4227,train,1541.78
random_within_well,4228,train,1542.09
random_within_well,4229,test,1542.4
random_within_well,4230,train,1542.7
random_within_well,4231,train,1543.01
random_within_well,4232,train,1543.32
random_within_well,4233,train,1543.63
random_within_well,4234,train,1543.94
random_within_well,4235,train,1546.57
random_within_well,4236,test,1546.64
random_within_well,4237,train,1546.94
random_within_well,4238,train,1547.25
random_within_well,4239,train,1547.56
random_within_well,4240,train,1547.87
random_within_well,4241,train,1548.17
random_within_well,4242,train,1548.48
random_within_well,4243,train,1548.79
random_within_well,4244,train,1549.1
random_within_well,4245,test,1549.41
random_within_well,4246,train,1549.71
random_within_well,4247,train,1550.02
random_within_well,4248,train,1550.33
random_within_well,4249,train,1550.64
random_within_well,4250,train,1550.94
random_within_well,4251,train,1551.25
random_within_well,4252,test,1551.56
random_within_well,4253,train,1551.87
random_within_well,4254,train,1552.17
random_within_well,4255,train,1552.48
random_within_well,4256,train,1552.79
random_within_well,4257,train,1553.1
random_within_well,4258,test,1553.41
random_within_well,4259,train,1553.72
random_within_well,4260,train,1554.03
random_within_well,4261,train,1554.33
random_within_well,4262,train,1554.64
random_within_well,4263,train,1554.95
random_within_well,4264,train,1555.26
random_within_well,4265,train,1555.57
random_within_well,4266,train,1555.87
random_within_well,4267,train,1556.18
random_within_well,4268,train,1556.49
random_within_well,4269,test,1556.8
random_within_well,4270,train,1556.8
random_within_well,4271,train,1557.1
random_within_well,4272,train,1557.41
random_within_well,4273,train,1557.72
random_within_well,4274,test,1558.03
random_within_well,4275,test,1558.34
random_within_well,4276,train,1558.64
random_within_well,4277,train,1558.95
random_within_well,4278,train,1559.26
random_within_well,4279,train,1559.57
random_within_well,4280,train,1559.88
random_within_well,4281,train,1560.18
random_within_well,4282,train,1560.49
random_within_well,4283,test,1560.8
random_within_well,4284,train,1561.1
random_within_well,4285,train,1561.41
random_within_well,4286,train,1561.72
random_within_well,4287,test,1562.03
random_within_well,4288,train,1562.33
random_within_well,4289,train,1562.64
random_within_well,4290,train,1562.95
random_within_well,4291,train,1563.26
random_within_well,4292,test,1563.89
random_within_well,4293,train,1564.2
random_within_well,4294,train,1564.5
random_within_well,4295,train,1564.82
random_within_well,4296,train,1565.12
random_within_well,4297,train,1565.43
random_within_well,4298,train,1565.74
random_within_well,4299,train,1566.05
random_within_well,4300,train,1566.35
random_within_well,4301,train,1566.66
random_within_well,4302,train,1566.97
random_within_well,4303,train,1567.28
random_within_well,4304,train,1567.59
random_within_well,4305,test,1567.89
random_within_well,4306,test,1568.2
random_within_well,4307,test,1568.51
random_within_well,4308,test,1568.82
random_within_well,4309,train,1569.13
random_within_well,4310,train,1569.43
random_within_well,4311,train,1569.74
random_within_well,4312,train,1570.05
random_within_well,4313,train,1570.35
random_within_well,4314,train,1570.66
random_within_well,4315,train,1570.97
random_within_well,4316,train,1571.28
random_within_well,4317,train,1571.58
random_within_well,4318,train,1571.89
random_within_well,4319,train,1572.2
random_within_well,4320,train,1572.51
random_within_well,4321,train,1575.28
random_within_well,4322,train,1575.58
random_within_well,4323,test,1575.89
random_within_well,4324,train,1576.2
random_within_well,4325,train,1576.51
random_within_well,4326,train,1576.81
random_within_well,4327,test,1577.12
random_within_well,4328,train,1577.43
random_within_well,4329,test,1577.74
random_within_well,4330,train,1578.05
random_within_well,4331,train,1578.35
random_within_well,4332,test,1578.66
random_within_well,4333,test,1578.97
random_within_well,4334,test,1579.28
random_within_well,4335,train,1579.59
random_within_well,4336,test,1579.89
random_within_well,4337,train,1580.2
random_within_well,4338,train,1580.51
random_within_well,4339,train,1580.81
random_within_well,4340,train,1581.12
random_within_well,4341,train,1581.43
random_within_well,4342,train,1581.74
random_within_well,4343,test,1582.05
random_within_well,4344,train,1582.35
random_within_well,4345,train,1582.66
random_within_well,4346,train,1582.97
random_within_well,4347,train,1583.27
random_within_well,4348,test,1583.58
random_within_well,4349,test,1583.89
random_within_well,4350,test,1584.2
random_within_well,4351,train,1584.5
random_within_well,4352,train,1584.82
random_within_well,4353,train,1585.12
random_within_well,4354,train,1585.43
random_within_well,4355,test,1585.74
random_within_well,4356,train,1586.04
random_within_well,4357,train,1586.35
random_within_well,4358,train,1586.66
random_within_well,4359,train,1586.97
random_within_well,4360,train,1587.28
random_within_well,4361,train,1587.58
random_within_well,4362,train,1587.89
random_within_well,4363,train,1588.2
random_within_well,4364,train,1588.51
random_within_well,4365,train,1588.81
random_within_well,4366,train,1589.12
random_within_well,4367,train,1589.43
random_within_well,4368,train,1589.74
random_within_well,4369,test,1590.05
random_within_well,4370,train,1590.35
random_within_well,4371,test,1590.66
random_within_well,4372,test,1590.97
random_within_well,4373,train,1591.28
random_within_well,4374,train,1591.58
random_within_well,4375,train,1591.89
random_within_well,4376,train,1591.89
random_within_well,4377,train,1592.2
random_within_well,4378,train,1594.04
random_within_well,4379,train,1594.35
random_within_well,4380,train,1594.66
random_within_well,4381,train,1594.96
random_within_well,4382,train,1595.27
random_within_well,4383,train,1595.58
random_within_well,4384,train,1595.89
random_within_well,4385,train,1596.2
random_within_well,4386,test,1596.5
random_within_well,4387,train,1596.81
random_within_well,4388,train,1597.12
random_within_well,4389,train,1597.43
random_within_well,4390,train,1597.74
random_within_well,4391,train,1598.04
random_within_well,4392,train,1598.66
random_within_well,4393,train,1598.66
random_within_well,4394,test,1598.97
random_within_well,4395,train,1599.59
random_within_well,4396,train,1599.89
random_within_well,4397,test,1600.2
random_within_well,4398,train,1600.52
random_within_well,4399,train,1600.82
random_within_well,4400,train,1601.13
random_within_well,4401,test,1601.44
random_within_well,4402,test,1601.75
random_within_well,4403,train,1603.9
random_within_well,4404,train,1604.21
random_within_well,4405,train,1604.51
random_within_well,4406,train,1604.82
random_within_well,4407,train,1605.13
random_within_well,4408,train,1605.44
random_within_well,4409,train,1605.75
random_within_well,4410,train,1606.05
random_within_well,4411,train,1606.36
random_within_well,4412,test,1606.67
random_within_well,4413,train,1606.98
random_within_well,4414,test,1607.28
random_within_well,4415,train,1607.6
random_within_well,4416,train,1607.9
random_within_well,4417,test,1608.21
random_within_well,4418,test,1608.52
random_within_well,4419,train,1608.83
random_within_well,4420,train,1609.13
random_within_well,4421,train,1609.44
random_within_well,4422,train,1609.75
random_within_well,4423,train,1610.05
random_within_well,4424,test,1610.36
random_within_well,4425,train,1610.67
random_within_well,4426,train,1610.98
random_within_well,4427,train,1611.29
random_within_well,4428,test,1611.59
random_within_well,4429,train,1611.9
random_within_well,4430,train,1612.21
random_within_well,4431,train,1612.52
random_within_well,4432,train,1612.83
random_within_well,4433,train,1613.14
random_within_well,4434,test,1613.44
random_within_well,4435,train,1613.75
random_within_well,4436,train,1614.06
random_within_well,4437,train,1614.37
random_within_well,4438,train,1614.68
random_within_well,4439,train,1614.98
random_within_well,4440,train,1615.3
random_within_well,4441,train,1615.6
random_within_well,4442,train,1615.91
random_within_well,4443,train,1616.22
random_within_well,4444,train,1616.53
random_within_well,4445,train,1616.84
random_within_well,4446,train,1617.14
random_within_well,4447,test,1617.45
random_within_well,4448,train,1617.76
random_within_well,4449,train,1618.07
random_within_well,4450,test,1618.38
random_within_well,4451,train,1618.68
random_within_well,4452,train,1618.99
random_within_well,4453,test,1619.3
random_within_well,4454,train,1619.61
random_within_well,4455,train,1619.91
random_within_well,4456,train,1620.22
random_within_well,4457,test,1620.53
random_within_well,4458,test,1620.84
random_within_well,4459,train,1621.15
random_within_well,4460,train,1621.45
random_within_well,4461,train,1621.46
random_within_well,4462,train,1621.77
random_within_well,4463,train,1622.08
random_within_well,4464,test,1622.39
random_within_well,4465,train,1622.7
random_within_well,4466,train,1623.01
random_within_well,4467,test,1623.32
random_within_well,4468,train,1623.62
random_within_well,4469,train,1623.93
random_within_well,4470,train,1624.24
random_within_well,4471,train,1624.55
random_within_well,4472,train,1624.86
random_within_well,4473,train,1625.16
random_within_well,4474,train,1625.47
random_within_well,4475,test,1625.78
random_within_well,4476,train,1626.09
random_within_well,4477,test,1626.39
random_within_well,4478,train,1626.7
random_within_well,4479,test,1627.01
random_within_well,4480,test,1627.31
random_within_well,4481,train,1627.62
random_within_well,4482,test,1627.93
random_within_well,4483,train,1628.24
random_within_well,4484,train,1628.55
random_within_well,4485,train,1628.86
random_within_well,4486,train,1629.17
random_within_well,4487,train,1629.48
random_within_well,4488,train,1629.78
random_within_well,4489,test,1630.09
random_within_well,4490,test,1630.4
random_within_well,4491,train,1630.71
random_within_well,4492,train,1631.01
random_within_well,4493,train,1631.32
random_within_well,4494,train,1631.63
random_within_well,4495,train,1631.94
random_within_well,4496,train,1632.25
random_within_well,4497,train,1632.55
random_within_well,4498,train,1632.86
random_within_well,4499,train,1633.17
random_within_well,4500,train,1633.48
random_within_well,4501,train,1633.78
random_within_well,4502,train,1634.09
random_within_well,4503,test,1634.4
random_within_well,4504,test,1634.71
random_within_well,4505,train,1635.02
random_within_well,4506,train,1635.32
random_within_well,4507,train,1635.63
random_within_well,4508,train,1635.94
random_within_well,4509,train,1636.25
random_within_well,4510,train,1636.56
random_within_well,4511,test,1636.87
random_within_well,4512,train,1637.17
random_within_well,4513,train,1637.48
random_within_well,4514,train,1637.79
random_within_well,4515,test,1638.1
random_within_well,4516,train,1638.41
random_within_well,4517,train,1638.71
random_within_well,4518,train,1639.02
random_within_well,4519,train,1639.33
random_within_well,4520,train,1639.64
random_within_well,4521,train,1639.95
random_within_well,4522,train,1640.25
random_within_well,4523,train,1643.03
random_within_well,4524,train,1643.34
random_within_well,4525,train,1643.65
random_within_well,4526,train,1643.96
random_within_well,4527,train,1644.26
random_within_well,4528,test,1644.57
random_within_well,4529,test,1644.89
random_within_well,4530,train,1645.19
random_within_well,4531,train,1645.5
random_within_well,4532,train,1645.81
random_within_well,4533,train,1646.12
random_within_well,4534,train,1646.42
random_within_well,4535,train,1646.73
random_within_well,4536,test,1647.04
random_within_well,4537,train,1647.35
random_within_well,4538,train,1647.66
random_within_well,4539,train,1647.97
random_within_well,4540,train,1648.28
random_within_well,4541,train,1648.59
random_within_well,4542,train,1648.89
random_within_well,4543,train,1649.2
random_within_well,4544,train,1649.51
random_within_well,4545,test,1649.82
random_within_well,4546,train,1650.12
random_within_well,4547,train,1650.43
random_within_well,4548,train,1657.84
random_within_well,4549,train,1658.14
random_within_well,4550,train,1658.45
random_within_well,4551,train,1658.76
random_within_well,4552,test,1659.07
random_within_well,4553,train,1659.38
random_within_well,4554,train,1659.69
random_within_well,4555,train,1660.61
random_within_well,4556,train,1660.92
random_within_well,4557,test,1661.23
random_within_well,4558,train,1661.54
random_within_well,4559,train,1661.84
random_within_well,4560,train,1662.15
random_within_well,4561,train,1662.46
random_within_well,4562,test,1662.77
random_within_well,4563,train,1663.08
random_within_well,4564,train,1663.39
random_within_well,4565,train,1663.69
random_within_well,4566,train,1664.0
random_within_well,4567,train,1664.31
random_within_well,4568,train,1664.62
random_within_well,4569,train,1664.93
random_within_well,4570,train,1665.23
random_within_well,4571,train,1665.54
random_within_well,4572,train,1665.85
random_within_well,4573,train,1666.16
random_within_well,4574,train,1666.46
random_within_well,4575,train,1666.77
random_within_well,4576,train,1667.08
random_within_well,4577,train,1667.39
random_within_well,4578,train,1667.7
random_within_well,4579,train,1668.01
random_within_well,4580,train,1668.31
random_within_well,4581,train,1668.62
random_within_well,4582,train,1668.93
random_within_well,4583,train,1669.24
random_within_well,4584,train,1669.56
random_within_well,4585,train,1669.87
random_within_well,4586,test,1670.18
random_within_well,4587,test,1670.49
random_within_well,4588,train,1670.8
random_within_well,4589,train,1671.1
random_within_well,4590,test,1671.41
random_within_well,4591,train,1671.72
random_within_well,4592,train,1672.04
random_within_well,4593,test,1672.34
random_within_well,4594,train,1672.65
random_within_well,4595,test,1672.96
random_within_well,4596,train,1673.27
random_within_well,4597,test,1673.58
random_within_well,4598,train,1673.88
random_within_well,4599,train,1674.19
random_within_well,4600,train,1674.5
random_within_well,4601,train,1674.81
random_within_well,4602,train,1675.11
random_within_well,4603,train,1675.42
random_within_well,4604,train,1675.73
random_within_well,4605,train,1676.06
random_within_well,4606,train,1676.36
random_within_well,4607,train,1676.67
random_within_well,4608,train,1676.98
random_within_well,4609,train,1677.29
random_within_well,4610,train,1677.6
random_within_well,4611,train,1677.91
random_within_well,4612,train,1678.21
random_within_well,4613,train,1678.52
random_within_well,4614,train,1678.83
random_within_well,4615,train,1679.14
random_within_well,4616,train,1679.45
random_within_well,4617,train,1679.75
random_within_well,4618,test,1680.06
random_within_well,4619,train,1680.37
random_within_well,4620,train,1680.68
random_within_well,4621,train,1680.98
random_within_well,4622,train,1681.29
random_within_well,4623,train,1681.6
random_within_well,4624,train,1681.91
random_within_well,4625,train,1682.22
random_within_well,4626,train,1682.53
random_within_well,4627,train,1682.83
random_within_well,4628,train,1683.14
random_within_well,4629,train,1683.45
random_within_well,4630,train,1683.76
random_within_well,4631,test,1684.07
random_within_well,4632,train,1684.37
random_within_well,4633,train,1684.37
random_within_well,4634,train,1684.68
random_within_well,4635,train,1684.99
random_within_well,4636,train,1685.3
random_within_well,4637,train,1685.6
random_within_well,4638,test,1685.92
random_within_well,4639,train,1686.23
random_within_well,4640,train,1686.54
random_within_well,4641,train,1686.85
random_within_well,4642,train,1687.16
random_within_well,4643,train,1687.47
random_within_well,4644,train,1687.78
random_within_well,4645,test,1688.08
random_within_well,4646,train,1688.39
random_within_well,4647,train,1688.72
random_within_well,4648,train,1689.03
random_within_well,4649,train,1689.34
random_within_well,4650,train,1689.67
random_within_well,4651,train,1689.98
random_within_well,4652,train,1690.29
random_within_well,4653,train,1690.6
random_within_well,4654,train,1690.91
random_within_well,4655,train,1691.22
random_within_well,4656,test,1691.52
random_within_well,4657,train,1691.83
random_within_well,4658,train,1692.16
random_within_well,4659,train,1692.48
random_within_well,4660,train,1692.8
random_within_well,4661,train,1693.11
random_within_well,4662,train,1693.41
random_within_well,4663,train,1693.72
random_within_well,4664,train,1694.03
random_within_well,4665,train,1694.34
random_within_well,4666,test,1694.65
random_within_well,4667,train,1694.96
random_within_well,4668,train,1695.26
random_within_well,4669,train,1695.57
random_within_well,4670,train,1695.88
random_within_well,4671,train,1696.19
random_within_well,4672,train,1696.5
random_within_well,4673,train,1696.81
random_within_well,4674,train,1697.12
random_within_well,4675,train,1697.42
random_within_well,4676,test,1697.73
random_within_well,4677,train,1698.04
random_within_well,4678,train,1698.35
random_within_well,4679,test,1698.66
random_within_well,4680,test,1698.97
random_within_well,4681,train,1699.27
random_within_well,4682,train,1699.58
random_within_well,4683,train,1699.89
random_within_well,4684,train,1700.2
random_within_well,4685,train,1700.51
random_within_well,4686,train,1700.81
random_within_well,4687,test,1701.12
random_within_well,4688,train,1701.43
random_within_well,4689,train,1701.74
random_within_well,4690,train,1702.05
random_within_well,4691,train,1702.36
random_within_well,4692,test,1702.66
random_within_well,4693,test,1702.97
random_within_well,4694,train,1703.29
random_within_well,4695,test,1703.6
random_within_well,4696,test,1703.91
random_within_well,4697,train,1704.22
random_within_well,4698,train,1704.53
random_within_well,4699,train,1704.83
random_within_well,4700,train,1705.14
random_within_well,4701,test,1705.45
random_within_well,4702,train,1705.76
random_within_well,4703,train,1706.11
random_within_well,4704,test,1706.42
random_within_well,4705,train,1706.72
random_within_well,4706,train,1707.03
random_within_well,4707,train,1707.34
random_within_well,4708,train,1707.65
random_within_well,4709,test,1707.96
random_within_well,4710,train,1708.27
random_within_well,4711,train,1708.57
random_within_well,4712,train,1708.88
random_within_well,4713,test,1709.19
random_within_well,4714,train,1709.5
random_within_well,4715,train,1709.8
random_within_well,4716,test,1710.11
random_within_well,4717,train,1710.42
random_within_well,4718,train,1710.73
random_within_well,4719,train,1710.73
random_within_well,4720,train,1711.04
random_within_well,4721,train,1711.34
random_within_well,4722,train,1711.65
random_within_well,4723,train,1711.96
random_within_well,4724,train,1712.27
random_within_well,4725,train,1712.58
random_within_well,4726,test,1712.89
random_within_well,4727,test,1713.19
random_within_well,4728,train,1713.5
random_within_well,4729,train,1713.81
random_within_well,4730,test,1714.14
random_within_well,4731,test,1714.44
random_within_well,4732,test,1714.75
random_within_well,4733,test,1715.08
random_within_well,4734,train,1715.39
random_within_well,4735,train,1715.69
random_within_well,4736,train,1716.0
random_within_well,4737,train,1716.31
random_within_well,4738,train,1716.62
random_within_well,4739,train,1716.93
random_within_well,4740,test,1717.24
random_within_well,4741,train,1717.55
random_within_well,4742,train,1717.86
random_within_well,4743,test,1718.17
random_within_well,4744,train,1718.48
random_within_well,4745,train,1718.79
random_within_well,4746,test,1719.1
random_within_well,4747,train,1719.41
random_within_well,4748,train,1719.71
random_within_well,4749,train,1720.02
random_within_well,4750,test,1720.33
random_within_well,4751,train,1720.64
random_within_well,4752,train,1720.94
random_within_well,4753,train,1721.26
random_within_well,4754,train,1721.57
random_within_well,4755,train,1721.87
random_within_well,4756,test,1722.18
random_within_well,4757,train,1722.49
random_within_well,4758,test,1722.79
random_within_well,4759,train,1723.1
random_within_well,4760,train,1723.41
random_within_well,4761,train,1723.72
random_within_well,4762,train,1724.03
random_within_well,4763,train,1724.34
random_within_well,4764,train,1724.65
random_within_well,4765,train,1724.97
random_within_well,4766,test,1725.28
random_within_well,4767,train,1725.58
random_within_well,4768,train,1725.89
random_within_well,4769,train,1726.2
random_within_well,4770,train,1726.51
random_within_well,4771,train,1726.81
random_within_well,4772,test,1727.12
random_within_well,4773,train,1727.43
random_within_well,4774,train,1727.74
random_within_well,4775,train,1728.05
random_within_well,4776,train,1728.35
random_within_well,4777,train,1728.66
random_within_well,4778,train,1728.97
random_within_well,4779,train,1729.28
random_within_well,4780,train,1729.59
random_within_well,4781,train,1729.89
random_within_well,4782,train,1730.2
random_within_well,4783,train,1730.51
random_within_well,4784,train,1730.82
random_within_well,4785,train,1731.12
random_within_well,4786,train,1731.43
random_within_well,4787,test,1731.74
random_within_well,4788,train,1732.05
random_within_well,4789,test,1732.36
random_within_well,4790,train,1732.66
random_within_well,4791,train,1732.97
random_within_well,4792,train,1733.28
random_within_well,4793,test,1733.59
random_within_well,4794,train,1733.94
random_within_well,4795,train,1734.25
random_within_well,4796,train,1734.56
random_within_well,4797,train,1734.86
random_within_well,4798,train,1735.17
random_within_well,4799,train,1735.48
random_within_well,4800,train,1735.79
random_within_well,4801,train,1736.1
random_within_well,4802,train,1736.4
random_within_well,4803,train,1736.71
random_within_well,4804,train,1737.02
random_within_well,4805,train,1737.34
random_within_well,4806,train,1737.64
random_within_well,4807,train,1737.95
random_within_well,4808,train,1738.26
random_within_well,4809,train,1738.57
random_within_well,4810,test,1738.88
random_within_well,4811,train,1739.18
random_within_well,4812,train,1739.49
random_within_well,4813,train,1739.8
random_within_well,4814,test,1740.11
random_within_well,4815,train,1740.42
random_within_well,4816,train,1740.73
random_within_well,4817,test,1741.04
random_within_well,4818,train,1741.35
random_within_well,4819,test,1741.65
random_within_well,4820,train,1741.96
random_within_well,4821,train,1742.27
random_within_well,4822,train,1742.58
random_within_well,4823,train,1742.89
random_within_well,4824,train,1743.19
random_within_well,4825,train,1743.5
random_within_well,4826,train,1743.81
random_within_well,4827,train,1744.12
random_within_well,4828,train,1744.43
random_within_well,4829,train,1744.73
random_within_well,4830,train,1745.04
random_within_well,4831,train,1745.35
random_within_well,4832,test,1745.66
random_within_well,4833,train,1745.97
random_within_well,4834,test,1746.28
random_within_well,4835,train,1746.58
random_within_well,4836,train,1746.89
random_within_well,4837,test,1747.2
random_within_well,4838,train,1747.51
random_within_well,4839,test,1747.82
random_within_well,4840,train,1748.13
random_within_well,4841,train,1748.43
random_within_well,4842,train,1748.74
random_within_well,4843,train,1749.05
random_within_well,4844,train,1749.35
random_within_well,4845,test,1749.68
random_within_well,4846,train,1749.99
random_within_well,4847,train,1750.31
random_within_well,4848,train,1750.62
random_within_well,4849,train,1750.94
random_within_well,4850,train,1751.25
random_within_well,4851,train,1751.55
random_within_well,4852,train,1751.86
random_within_well,4853,train,1752.17
random_within_well,4854,train,1752.48
random_within_well,4855,test,1752.79
random_within_well,4856,test,1753.1
random_within_well,4857,train,1753.41
random_within_well,4858,train,1753.73
random_within_well,4859,train,1754.03
random_within_well,4860,train,1754.34
random_within_well,4861,train,1754.65
random_within_well,4862,train,1754.96
random_within_well,4863,train,1755.26
random_within_well,4864,train,1755.57
random_within_well,4865,train,1755.88
random_within_well,4866,train,1756.19
random_within_well,4867,train,1756.49
random_within_well,4868,train,1756.81
random_within_well,4869,train,1757.11
random_within_well,4870,train,1757.43
random_within_well,4871,train,1757.74
random_within_well,4872,train,1758.04
random_within_well,4873,train,1758.35
random_within_well,4874,test,1758.66
random_within_well,4875,train,1758.96
random_within_well,4876,train,1759.27
random_within_well,4877,train,1759.58
random_within_well,4878,train,1759.89
random_within_well,4879,train,1760.2
random_within_well,4880,train,1760.5
random_within_well,4881,test,1760.81
random_within_well,4882,train,1761.12
random_within_well,4883,test,1761.43
random_within_well,4884,train,1761.73
random_within_well,4885,train,1762.04
random_within_well,4886,train,1762.35
random_within_well,4887,train,1762.66
random_within_well,4888,train,1762.97
random_within_well,4889,train,1763.27
random_within_well,4890,test,1763.58
random_within_well,4891,train,1763.89
random_within_well,4892,train,1764.19
random_within_well,4893,train,1764.5
random_within_well,4894,test,1764.81
random_within_well,4895,train,1764.81
random_within_well,4896,train,1765.12
random_within_well,4897,train,1765.43
random_within_well,4898,train,1765.73
random_within_well,4899,test,1766.05
random_within_well,4900,train,1766.35
random_within_well,4901,train,1766.66
random_within_well,4902,test,1766.97
random_within_well,4903,test,1767.28
random_within_well,4904,train,1767.58
random_within_well,4905,test,1767.89
random_within_well,4906,train,1768.2
random_within_well,4907,train,1768.51
random_within_well,4908,train,1768.81
random_within_well,4909,train,1769.12
random_within_well,4910,train,1769.43
random_within_well,4911,train,1769.74
random_within_well,4912,test,1770.05
random_within_well,4913,train,1770.35
random_within_well,4914,test,1770.66
random_within_well,4915,train,1770.97
random_within_well,4916,train,1771.28
random_within_well,4917,train,1771.58
random_within_well,4918,train,1771.89
random_within_well,4919,train,1772.2
random_within_well,4920,train,1772.51
random_within_well,4921,train,1772.81
random_within_well,4922,test,1773.12
random_within_well,4923,train,1773.43
random_within_well,4924,train,1773.74
random_within_well,4925,train,1774.04
random_within_well,4926,train,1774.35
random_within_well,4927,train,1774.66
random_within_well,4928,test,1774.97
random_within_well,4929,train,1775.28
random_within_well,4930,train,1775.58
random_within_well,4931,train,1775.89
random_within_well,4932,test,1776.2
random_within_well,4933,train,1776.51
random_within_well,4934,train,1776.81
random_within_well,4935,train,1777.12
random_within_well,4936,train,1777.43
random_within_well,4937,test,1777.74
random_within_well,4938,train,1778.05
random_within_well,4939,test,1778.36
random_within_well,4940,train,1778.67
random_within_well,4941,train,1778.97
random_within_well,4942,train,1779.28
random_within_well,4943,train,1779.59
random_within_well,4944,train,1779.9
random_within_well,4945,train,1780.2
random_within_well,4946,train,1780.51
random_within_well,4947,test,1780.82
random_within_well,4948,train,1781.13
random_within_well,4949,train,1781.44
random_within_well,4950,train,1781.74
random_within_well,4951,train,1782.05
random_within_well,4952,test,1782.36
random_within_well,4953,train,1782.66
random_within_well,4954,test,1782.97
random_within_well,4955,test,1783.28
random_within_well,4956,train,1783.59
random_within_well,4957,train,1783.9
random_within_well,4958,train,1784.2
random_within_well,4959,train,1784.51
random_within_well,4960,train,1784.82
random_within_well,4961,train,1785.13
random_within_well,4962,train,1785.43
random_within_well,4963,train,1785.74
random_within_well,4964,train,1786.05
random_within_well,4965,train,1786.36
random_within_well,4966,train,1786.67
random_within_well,4967,train,1786.97
random_within_well,4968,train,1787.28
random_within_well,4969,train,1787.59
random_within_well,4970,train,1787.9
random_within_well,4971,train,1788.2
random_within_well,4972,train,1788.51
random_within_well,4973,train,1788.82
random_within_well,4974,train,1789.13
random_within_well,4975,train,1789.43
random_within_well,4976,train,1789.74
random_within_well,4977,train,1790.05
random_within_well,4978,train,1790.36
random_within_well,4979,train,1790.66
random_within_well,4980,train,1790.97
random_within_well,4981,train,1791.28
random_within_well,4982,test,1791.59
random_within_well,4983,train,1791.9
random_within_well,4984,train,1792.2
random_within_well,4985,train,1792.51
random_within_well,4986,train,1792.82
random_within_well,4987,train,1793.13
random_within_well,4988,test,1793.43
random_within_well,4989,train,1793.74
random_within_well,4990,test,1794.05
random_within_well,4991,train,1794.36
random_within_well,4992,train,1794.66
random_within_well,4993,test,1794.97
random_within_well,4994,train,1795.28
random_within_well,4995,train,1795.59
random_within_well,4996,train,1795.89
random_within_well,4997,train,1796.2
random_within_well,4998,train,1796.51
random_within_well,4999,train,1796.82
random_within_well,5000,train,1797.13
random_within_well,5001,train,1797.44
random_within_well,5002,train,1797.74
random_within_well,5003,train,1798.05
random_within_well,5004,train,1798.36
random_within_well,5005,train,1798.67
random_within_well,5006,train,1798.98
random_within_well,5007,train,1799.28
random_within_well,5008,train,1799.59
random_within_well,5009,train,1799.9
random_within_well,5010,train,1800.2
random_within_well,5011,train,1800.51
random_within_well,5012,train,1800.82
random_within_well,5013,train,1801.13
random_within_well,5014,test,1801.44
random_within_well,5015,train,1801.74
random_within_well,5016,train,1802.05
random_within_well,5017,train,1802.36
random_within_well,5018,test,1802.67
random_within_well,5019,train,1802.97
random_within_well,5020,train,1803.28
random_within_well,5021,train,1803.59
random_within_well,5022,test,1803.9
random_within_well,5023,train,1804.21
random_within_well,5024,train,1804.51
random_within_well,5025,train,1804.82
random_within_well,5026,train,1805.13
random_within_well,5027,train,1805.44
random_within_well,5028,train,1805.75
random_within_well,5029,train,1806.06
random_within_well,5030,train,1806.36
random_within_well,5031,train,1806.67
random_within_well,5032,train,1806.98
random_within_well,5033,train,1807.28
random_within_well,5034,train,1807.59
random_within_well,5035,test,1807.9
random_within_well,5036,train,1808.21
random_within_well,5037,train,1808.52
random_within_well,5038,train,1808.82
random_within_well,5039,train,1809.13
random_within_well,5040,train,1809.44
random_within_well,5041,train,1809.75
random_within_well,5042,train,1810.05
random_within_well,5043,train,1810.36
random_within_well,5044,train,1810.67
random_within_well,5045,train,1810.98
random_within_well,5046,train,1811.29
random_within_well,5047,test,1811.59
random_within_well,5048,test,1811.9
random_within_well,5049,train,1812.21
random_within_well,5050,train,1812.52
random_within_well,5051,train,1812.83
random_within_well,5052,train,1813.13
random_within_well,5053,train,1813.44
random_within_well,5054,test,1813.75
random_within_well,5055,test,1814.05
random_within_well,5056,train,1814.36
random_within_well,5057,train,1814.67
random_within_well,5058,train,1814.98
random_within_well,5059,train,1815.28
random_within_well,5060,train,1815.59
random_within_well,5061,train,1815.9
random_within_well,5062,train,1816.21
random_within_well,5063,train,1816.52
random_within_well,5064,train,1816.83
random_within_well,5065,train,1817.14
random_within_well,5066,test,1817.44
random_within_well,5067,train,1817.75
random_within_well,5068,train,1818.06
random_within_well,5069,train,1818.36
random_within_well,5070,train,1818.67
random_within_well,5071,test,1818.98
random_within_well,5072,train,1819.29
random_within_well,5073,train,1819.59
random_within_well,5074,train,1819.9
random_within_well,5075,test,1820.21
random_within_well,5076,train,1820.52
random_within_well,5077,train,1820.83
random_within_well,5078,train,1821.13
random_within_well,5079,train,1821.44
random_within_well,5080,train,1821.75
random_within_well,5081,train,1822.06
random_within_well,5082,test,1822.37
random_within_well,5083,train,1822.67
random_within_well,5084,train,1822.98
random_within_well,5085,train,1823.29
random_within_well,5086,train,1823.6
random_within_well,5087,train,1823.9
random_within_well,5088,train,1824.21
random_within_well,5089,train,1824.52
random_within_well,5090,train,1824.83
random_within_well,5091,train,1825.14
random_within_well,5092,train,1825.44
random_within_well,5093,train,1825.75
random_within_well,5094,test,1826.06
random_within_well,5095,train,1826.37
random_within_well,5096,test,1826.67
random_within_well,5097,test,1826.98
random_within_well,5098,train,1827.29
random_within_well,5099,train,1827.6
random_within_well,5100,train,1827.91
random_within_well,5101,train,1828.21
random_within_well,5102,train,1828.52
random_within_well,5103,test,1828.83
random_within_well,5104,train,1829.14
random_within_well,5105,train,1829.45
random_within_well,5106,train,1829.75
random_within_well,5107,test,1830.06
random_within_well,5108,train,1830.37
random_within_well,5109,train,1830.67
random_within_well,5110,train,1830.98
random_within_well,5111,test,1831.29
random_within_well,5112,train,1831.6
random_within_well,5113,train,1831.9
random_within_well,5114,test,1832.21
random_within_well,5115,train,1832.52
random_within_well,5116,train,1832.83
random_within_well,5117,train,1833.14
random_within_well,5118,train,1833.44
random_within_well,5119,train,1833.75
random_within_well,5120,test,1834.06
random_within_well,5121,train,1834.37
random_within_well,5122,train,1834.67
random_within_well,5123,train,1834.98
random_within_well,5124,train,1835.29
random_within_well,5125,train,1835.6
random_within_well,5126,train,1835.9
random_within_well,5127,train,1836.21
random_within_well,5128,train,1836.52
random_within_well,5129,test,1836.83
random_within_well,5130,train,1837.14
random_within_well,5131,train,1837.44
random_within_well,5132,train,1837.75
random_within_well,5133,train,1838.06
random_within_well,5134,train,1838.37
random_within_well,5135,train,1838.67
random_within_well,5136,train,1838.98
random_within_well,5137,test,1839.29
random_within_well,5138,train,1839.6
random_within_well,5139,train,1839.9
random_within_well,5140,test,1840.21
random_within_well,5141,train,1840.52
random_within_well,5142,train,1840.83
random_within_well,5143,train,1841.13
random_within_well,5144,train,1841.44
random_within_well,5145,train,1841.75
random_within_well,5146,test,1842.06
random_within_well,5147,train,1842.37
random_within_well,5148,test,1842.67
random_within_well,5149,train,1842.98
random_within_well,5150,train,1843.29
random_within_well,5151,test,1843.6
random_within_well,5152,test,1843.9
random_within_well,5153,test,1844.21
random_within_well,5154,train,1844.52
random_within_well,5155,test,1844.83
random_within_well,5156,test,1845.14
random_within_well,5157,train,1845.44
random_within_well,5158,test,1845.75
random_within_well,5159,train,1846.06
random_within_well,5160,train,1846.37
random_within_well,5161,train,1846.67
random_within_well,5162,train,1846.98
random_within_well,5163,train,1847.29
random_within_well,5164,train,1847.6
random_within_well,5165,train,1847.91
random_within_well,5166,train,1848.21
random_within_well,5167,train,1848.52
random_within_well,5168,train,1848.83
random_within_well,5169,train,1849.14
random_within_well,5170,train,1849.45
random_within_well,5171,test,1849.75
random_within_well,5172,train,1850.06
random_within_well,5173,train,1850.37
random_within_well,5174,train,1850.67
random_within_well,5175,train,1850.98
random_within_well,5176,train,1851.29
random_within_well,5177,train,1851.6
random_within_well,5178,test,1851.91
random_within_well,5179,test,1852.21
random_within_well,5180,train,1852.52
random_within_well,5181,train,1852.83
random_within_well,5182,train,1853.14
random_within_well,5183,train,1853.44
random_within_well,5184,train,1853.75
random_within_well,5185,train,1854.07
random_within_well,5186,train,1854.37
random_within_well,5187,test,1854.68
random_within_well,5188,train,1854.99
random_within_well,5189,train,1855.3
random_within_well,5190,train,1855.6
random_within_well,5191,train,1855.91
random_within_well,5192,train,1856.22
random_within_well,5193,train,1856.53
random_within_well,5194,train,1856.84
random_within_well,5195,train,1857.14
random_within_well,5196,train,1857.45
random_within_well,5197,train,1857.76
random_within_well,5198,test,1858.06
random_within_well,5199,train,1858.37
random_within_well,5200,train,1858.68
random_within_well,5201,train,1858.99
random_within_well,5202,train,1859.3
random_within_well,5203,train,1859.6
random_within_well,5204,train,1859.91
random_within_well,5205,test,1860.22
random_within_well,5206,train,1860.53
random_within_well,5207,train,1860.84
random_within_well,5208,test,1861.14
random_within_well,5209,train,1861.45
random_within_well,5210,train,1861.76
random_within_well,5211,train,1862.07
random_within_well,5212,train,1862.37
random_within_well,5213,test,1862.68
random_within_well,5214,train,1862.99
random_within_well,5215,train,1863.3
random_within_well,5216,train,1863.61
random_within_well,5217,test,1863.91
random_within_well,5218,train,1864.22
random_within_well,5219,train,1864.53
random_within_well,5220,test,1864.84
random_within_well,5221,train,1865.14
random_within_well,5222,train,1865.46
random_within_well,5223,train,1865.76
random_within_well,5224,train,1866.07
random_within_well,5225,train,1866.38
random_within_well,5226,train,1866.68
random_within_well,5227,train,1866.99
random_within_well,5228,train,1867.3
random_within_well,5229,train,1867.3
random_within_well,5230,train,1867.61
random_within_well,5231,train,1867.92
random_within_well,5232,train,1868.22
random_within_well,5233,train,1868.53
random_within_well,5234,train,1868.84
random_within_well,5235,train,1869.15
random_within_well,5236,train,1869.45
random_within_well,5237,train,1869.76
random_within_well,5238,train,1870.07
random_within_well,5239,train,1870.38
random_within_well,5240,train,1870.69
random_within_well,5241,train,1870.99
random_within_well,5242,train,1871.3
random_within_well,5243,test,1871.61
random_within_well,5244,train,1871.91
random_within_well,5245,train,1872.22
random_within_well,5246,train,1872.53
random_within_well,5247,train,1872.84
random_within_well,5248,train,1873.15
random_within_well,5249,train,1873.45
random_within_well,5250,train,1873.74
random_within_well,5251,train,1874.05
random_within_well,5252,train,1874.35
random_within_well,5253,test,1874.66
random_within_well,5254,train,1874.97
random_within_well,5255,train,1875.12
random_within_well,5256,train,1875.74
random_within_well,5257,train,1876.04
random_within_well,5258,train,1876.35
random_within_well,5259,test,1876.66
random_within_well,5260,test,1876.97
random_within_well,5261,train,1877.28
random_within_well,5262,train,1877.58
random_within_well,5263,test,1877.89
random_within_well,5264,train,1878.2
random_within_well,5265,test,1878.51
random_within_well,5266,train,1878.81
random_within_well,5267,train,1879.12
random_within_well,5268,train,1879.43
random_within_well,5269,train,1879.74
random_within_well,5270,train,1880.05
random_within_well,5271,test,1880.36
random_within_well,5272,test,1880.66
random_within_well,5273,train,1880.97
random_within_well,5274,train,1881.28
random_within_well,5275,train,1881.59
random_within_well,5276,train,1881.9
random_within_well,5277,train,1882.2
random_within_well,5278,train,1882.51
random_within_well,5279,train,1882.82
random_within_well,5280,train,1883.13
random_within_well,5281,train,1883.43
random_within_well,5282,train,1883.74
random_within_well,5283,train,1884.05
random_within_well,5284,test,1884.36
random_within_well,5285,train,1884.67
random_within_well,5286,train,1884.97
random_within_well,5287,train,1885.28
random_within_well,5288,train,1885.59
random_within_well,5289,train,1885.9
random_within_well,5290,train,1886.21
random_within_well,5291,train,1886.51
random_within_well,5292,test,1886.82
random_within_well,5293,train,1887.13
random_within_well,5294,test,1887.44
random_within_well,5295,train,1887.75
random_within_well,5296,train,1888.06
random_within_well,5297,test,1888.36
random_within_well,5298,train,1888.67
random_within_well,5299,train,1888.98
random_within_well,5300,train,1889.29
random_within_well,5301,train,1889.6
random_within_well,5302,train,1889.91
random_within_well,5303,train,1890.21
random_within_well,5304,train,1890.52
random_within_well,5305,train,1890.83
random_within_well,5306,train,1891.13
random_within_well,5307,train,1891.44
random_within_well,5308,train,1891.76
random_within_well,5309,train,1892.07
random_within_well,5310,train,1892.37
random_within_well,5311,train,1892.68
random_within_well,5312,train,1892.99
random_within_well,5313,test,1893.29
random_within_well,5314,train,1893.6
random_within_well,5315,train,1893.91
random_within_well,5316,test,1894.22
random_within_well,5317,train,1894.53
random_within_well,5318,train,1894.83
random_within_well,5319,train,1895.15
random_within_well,5320,train,1895.46
random_within_well,5321,test,1895.76
random_within_well,5322,train,1896.07
random_within_well,5323,train,1896.38
random_within_well,5324,train,1896.69
random_within_well,5325,test,1896.99
random_within_well,5326,train,1897.3
random_within_well,5327,train,1897.61
random_within_well,5328,train,1897.92
random_within_well,5329,train,1898.23
random_within_well,5330,train,1898.54
random_within_well,5331,train,1898.84
random_within_well,5332,train,1899.15
random_within_well,5333,train,1899.46
random_within_well,5334,train,1899.77
random_within_well,5335,train,1900.08
random_within_well,5336,train,1900.38
random_within_well,5337,train,1900.69
random_within_well,5338,train,1901.0
random_within_well,5339,test,1901.31
random_within_well,5340,train,1901.62
random_within_well,5341,train,1901.93
random_within_well,5342,train,1902.23
random_within_well,5343,test,1902.54
random_within_well,5344,train,1902.85
random_within_well,5345,train,1903.15
random_within_well,5346,train,1903.46
random_within_well,5347,train,1903.77
random_within_well,5348,train,1904.08
random_within_well,5349,train,1904.39
random_within_well,5350,train,1904.7
random_within_well,5351,test,1905.0
random_within_well,5352,train,1905.31
random_within_well,5353,train,1905.62
random_within_well,5354,train,1905.93
random_within_well,5355,test,1906.25
random_within_well,5356,train,1906.55
random_within_well,5357,train,1906.86
random_within_well,5358,train,1907.17
random_within_well,5359,test,1907.48
random_within_well,5360,train,1907.78
random_within_well,5361,train,1908.09
random_within_well,5362,train,1908.4
random_within_well,5363,train,1908.71
random_within_well,5364,train,1909.02
random_within_well,5365,test,1909.33
random_within_well,5366,train,1909.63
random_within_well,5367,train,1909.94
random_within_well,5368,test,1910.26
random_within_well,5369,train,1910.56
random_within_well,5370,train,1910.87
random_within_well,5371,train,1911.18
random_within_well,5372,train,1911.49
random_within_well,5373,train,1911.8
random_within_well,5374,train,1912.1
random_within_well,5375,train,1912.41
random_within_well,5376,train,1912.72
random_within_well,5377,train,1913.03
random_within_well,5378,train,1913.33
random_within_well,5379,train,1913.64
random_within_well,5380,test,1913.95
random_within_well,5381,test,1914.26
random_within_well,5382,train,1914.57
random_within_well,5383,train,1914.87
random_within_well,5384,train,1915.18
random_within_well,5385,test,1915.49
random_within_well,5386,test,1915.8
random_within_well,5387,train,1916.1
random_within_well,5388,train,1916.41
random_within_well,5389,test,1916.72
random_within_well,5390,train,1917.03
random_within_well,5391,train,1917.34
random_within_well,5392,train,1917.64
random_within_well,5393,train,1917.95
random_within_well,5394,train,1918.26
random_within_well,5395,test,1918.57
random_within_well,5396,test,1918.88
random_within_well,5397,train,1919.18
random_within_well,5398,train,1919.49
random_within_well,5399,test,1919.8
random_within_well,5400,train,1920.11
random_within_well,5401,train,1920.41
random_within_well,5402,train,1920.72
random_within_well,5403,test,1921.03
random_within_well,5404,train,1921.34
random_within_well,5405,train,1921.65
random_within_well,5406,train,1921.95
random_within_well,5407,test,1922.26
random_within_well,5408,train,1922.57
random_within_well,5409,train,1922.88
random_within_well,5410,train,1923.19
random_within_well,5411,train,1923.49
random_within_well,5412,train,1923.8
random_within_well,5413,train,1924.11
random_within_well,5414,train,1924.42
random_within_well,5415,train,1924.73
random_within_well,5416,test,1925.04
random_within_well,5417,train,1925.34
random_within_well,5418,train,1925.65
random_within_well,5419,test,1925.96
random_within_well,5420,test,1926.27
random_within_well,5421,train,1926.57
random_within_well,5422,train,1926.88
random_within_well,5423,train,1927.19
random_within_well,5424,train,1927.5
random_within_well,5425,test,1927.81
random_within_well,5426,train,1928.11
random_within_well,5427,test,1928.42
random_within_well,5428,train,1928.73
random_within_well,5429,test,1929.04
random_within_well,5430,train,1929.34
random_within_well,5431,train,1929.65
random_within_well,5432,train,1929.96
random_within_well,5433,train,1930.27
random_within_well,5434,train,1930.58
random_within_well,5435,train,1930.89
random_within_well,5436,train,1931.2
random_within_well,5437,train,1931.51
random_within_well,5438,train,1931.81
random_within_well,5439,train,1932.12
random_within_well,5440,train,1932.43
random_within_well,5441,train,1932.74
random_within_well,5442,train,1933.04
random_within_well,5443,train,1933.35
random_within_well,5444,test,1933.66
random_within_well,5445,train,1933.97
random_within_well,5446,train,1934.28
random_within_well,5447,train,1934.58
random_within_well,5448,train,1934.89
random_within_well,5449,train,1935.2
random_within_well,5450,train,1935.51
random_within_well,5451,test,1935.82
random_within_well,5452,test,1936.12
random_within_well,5453,train,1936.43
random_within_well,5454,train,1936.74
random_within_well,5455,train,1937.04
random_within_well,5456,train,1937.35
random_within_well,5457,train,1937.66
random_within_well,5458,test,1937.97
random_within_well,5459,test,1938.27
random_within_well,5460,test,1938.58
random_within_well,5461,test,1938.89
random_within_well,5462,test,1939.2
random_within_well,5463,train,1939.51
random_within_well,5464,train,1939.81
random_within_well,5465,train,1940.12
random_within_well,5466,train,1940.43
random_within_well,5467,train,1940.74
random_within_well,5468,train,1941.05
random_within_well,5469,train,1941.36
random_within_well,5470,train,1941.66
random_within_well,5471,train,1941.97
random_within_well,5472,train,1942.28
random_within_well,5473,train,1942.59
random_within_well,5474,train,1942.9
random_within_well,5475,test,1943.21
random_within_well,5476,train,1943.52
random_within_well,5477,test,1943.83
random_within_well,5478,train,1944.14
random_within_well,5479,train,1944.44
random_within_well,5480,test,1944.76
random_within_well,5481,test,1945.07
random_within_well,5482,train,1945.37
random_within_well,5483,train,1945.68
random_within_well,5484,train,1945.99
random_within_well,5485,test,1946.3
random_within_well,5486,train,1946.6
random_within_well,5487,train,1946.91
random_within_well,5488,train,1947.22
random_within_well,5489,train,1947.53
random_within_well,5490,train,1947.84
random_within_well,5491,train,1948.14
random_within_well,5492,train,1948.45
random_within_well,5493,train,1948.76
random_within_well,5494,train,1949.07
random_within_well,5495,test,1949.38
random_within_well,5496,train,1949.69
random_within_well,5497,train,1950.0
random_within_well,5498,train,1950.31
random_within_well,5499,train,1950.62
random_within_well,5500,train,1950.93
random_within_well,5501,train,1951.24
random_within_well,5502,train,1951.55
random_within_well,5503,test,1951.85
random_within_well,5504,train,1952.16
random_within_well,5505,train,1952.47
random_within_well,5506,train,1952.78
random_within_well,5507,test,1953.08
random_within_well,5508,train,1953.39
random_within_well,5509,train,1953.7
random_within_well,5510,train,1954.01
random_within_well,5511,train,1954.33
random_within_well,5512,train,1954.64
random_within_well,5513,test,1954.95
random_within_well,5514,train,1955.26
random_within_well,5515,train,1955.57
random_within_well,5516,train,1955.87
random_within_well,5517,test,1956.18
random_within_well,5518,test,1956.49
random_within_well,5519,test,1956.8
random_within_well,5520,train,1957.1
random_within_well,5521,train,1957.41
random_within_well,5522,train,1957.72
random_within_well,5523,train,1958.03
random_within_well,5524,train,1958.34
random_within_well,5525,test,1958.65
random_within_well,5526,train,1958.96
random_within_well,5527,test,1959.27
random_within_well,5528,test,1959.58
random_within_well,5529,train,1959.89
random_within_well,5530,train,1960.2
random_within_well,5531,train,1960.5
random_within_well,5532,train,1960.81
random_within_well,5533,test,1961.12
random_within_well,5534,train,1961.43
random_within_well,5535,train,1961.73
random_within_well,5536,train,1962.04
random_within_well,5537,test,1962.35
random_within_well,5538,train,1962.66
random_within_well,5539,train,1962.97
random_within_well,5540,test,1963.27
random_within_well,5541,train,1963.58
random_within_well,5542,train,1963.89
random_within_well,5543,test,1964.19
random_within_well,5544,train,1964.5
random_within_well,5545,train,1964.81
random_within_well,5546,train,1965.12
random_within_well,5547,train,1965.43
random_within_well,5548,train,1965.74
random_within_well,5549,train,1966.04
random_within_well,5550,train,1966.35
random_within_well,5551,train,1966.66
random_within_well,5552,train,1966.96
random_within_well,5553,train,1967.27
random_within_well,5554,train,1967.58
random_within_well,5555,train,1967.89
random_within_well,5556,train,1968.2
random_within_well,5557,train,1968.51
random_within_well,5558,train,1968.81
random_within_well,5559,test,1969.12
random_within_well,5560,train,1969.43
random_within_well,5561,train,1969.74
random_within_well,5562,test,1970.05
random_within_well,5563,test,1970.35
random_within_well,5564,train,1970.66
random_within_well,5565,train,1970.97
random_within_well,5566,train,1971.28
random_within_well,5567,train,1971.58
random_within_well,5568,test,1971.89
random_within_well,5569,train,1972.2
random_within_well,5570,train,1972.51
random_within_well,5571,train,1972.82
random_within_well,5572,train,1973.12
random_within_well,5573,train,1973.43
random_within_well,5574,train,1973.74
random_within_well,5575,train,1974.05
random_within_well,5576,test,1974.36
random_within_well,5577,train,1974.66
random_within_well,5578,train,1974.97
random_within_well,5579,train,1975.28
random_within_well,5580,train,1975.59
random_within_well,5581,train,1975.89
random_within_well,5582,train,1976.2
random_within_well,5583,test,1976.51
random_within_well,5584,test,1976.82
random_within_well,5585,train,1977.13
random_within_well,5586,train,1977.43
random_within_well,5587,train,1977.74
random_within_well,5588,train,1978.05
random_within_well,5589,train,1978.36
random_within_well,5590,test,1978.67
random_within_well,5591,train,1978.97
random_within_well,5592,train,1979.28
random_within_well,5593,train,1979.59
random_within_well,5594,train,1979.9
random_within_well,5595,train,1980.21
random_within_well,5596,train,1980.52
random_within_well,5597,test,1980.83
random_within_well,5598,train,1981.13
random_within_well,5599,test,1981.44
random_within_well,5600,train,1981.75
random_within_well,5601,test,1982.06
random_within_well,5602,train,1982.37
random_within_well,5603,train,1982.68
random_within_well,5604,train,1983.0
random_within_well,5605,train,1983.3
random_within_well,5606,train,1983.61
random_within_well,5607,train,1983.92
random_within_well,5608,train,1984.23
random_within_well,5609,train,1984.54
random_within_well,5610,train,1984.84
random_within_well,5611,train,1985.15
random_within_well,5612,train,1985.46
random_within_well,5613,train,1985.77
random_within_well,5614,test,1986.07
random_within_well,5615,train,1986.38
random_within_well,5616,train,1986.69
random_within_well,5617,train,1987.0
random_within_well,5618,train,1987.31
random_within_well,5619,train,1987.62
random_within_well,5620,train,1987.92
random_within_well,5621,train,1988.24
random_within_well,5622,train,1988.54
random_within_well,5623,train,1988.85
random_within_well,5624,train,1989.16
random_within_well,5625,train,1989.47
random_within_well,5626,test,1989.77
random_within_well,5627,test,1990.08
random_within_well,5628,train,1990.39
random_within_well,5629,train,1990.7
random_within_well,5630,train,1991.01
random_within_well,5631,train,1991.32
random_within_well,5632,train,1991.62
random_within_well,5633,train,1991.93
random_within_well,5634,train,1992.24
random_within_well,5635,train,1992.55
random_within_well,5636,test,1992.86
random_within_well,5637,test,1993.17
random_within_well,5638,train,1993.48
random_within_well,5639,train,1993.79
random_within_well,5640,train,1994.09
random_within_well,5641,train,1994.4
random_within_well,5642,train,1994.71
random_within_well,5643,train,1995.02
random_within_well,5644,train,1995.32
random_within_well,5645,train,1995.63
random_within_well,5646,train,1995.94
random_within_well,5647,train,1996.25
random_within_well,5648,train,1996.56
random_within_well,5649,test,1996.86
random_within_well,5650,test,1997.17
random_within_well,5651,train,1997.48
random_within_well,5652,train,1997.79
random_within_well,5653,train,1998.1
random_within_well,5654,train,1998.41
random_within_well,5655,train,1998.71
random_within_well,5656,train,1999.02
random_within_well,5657,test,1999.33
random_within_well,5658,test,1999.64
random_within_well,5659,train,1999.95
random_within_well,5660,train,2000.25
random_within_well,5661,train,2000.56
random_within_well,5662,train,2000.87
random_within_well,5663,test,2001.18
random_within_well,5664,train,2001.48
random_within_well,5665,train,2001.79
random_within_well,5666,train,2002.1
random_within_well,5667,train,2002.41
random_within_well,5668,train,2002.72
random_within_well,5669,test,2003.02
random_within_well,5670,test,2003.33
random_within_well,5671,test,2003.64
random_within_well,5672,train,2003.95
random_within_well,5673,test,2004.26
random_within_well,5674,train,2004.57
random_within_well,5675,train,2004.88
random_within_well,5676,test,2005.18
random_within_well,5677,test,2005.49
random_within_well,5678,test,2005.8
random_within_well,5679,train,2006.11
random_within_well,5680,train,2006.42
random_within_well,5681,test,2006.73
random_within_well,5682,train,2007.04
random_within_well,5683,test,2007.35
random_within_well,5684,train,2007.65
random_within_well,5685,train,2007.96
random_within_well,5686,train,2008.27
random_within_well,5687,train,2008.58
random_within_well,5688,train,2008.89
random_within_well,5689,train,2009.2
random_within_well,5690,train,2009.5
random_within_well,5691,train,2009.81
random_within_well,5692,train,2010.12
random_within_well,5693,train,2010.43
random_within_well,5694,train,2010.73
random_within_well,5695,test,2011.04
random_within_well,5696,train,2011.35
random_within_well,5697,test,2011.65
random_within_well,5698,test,2011.96
random_within_well,5699,train,2012.27
random_within_well,5700,train,2012.58
random_within_well,5701,test,2012.89
random_within_well,5702,train,2013.19
random_within_well,5703,train,2013.5
random_within_well,5704,train,2013.81
random_within_well,5705,test,2014.12
random_within_well,5706,train,2014.43
random_within_well,5707,train,2014.73
random_within_well,5708,train,2015.04
random_within_well,5709,train,2015.35
random_within_well,5710,test,2015.66
random_within_well,5711,train,2015.96
random_within_well,5712,train,2016.27
random_within_well,5713,train,2016.58
random_within_well,5714,train,2016.89
random_within_well,5715,train,2017.19
random_within_well,5716,train,2017.5
random_within_well,5717,train,2017.81
random_within_well,5718,train,2018.12
random_within_well,5719,train,2018.43
random_within_well,5720,train,2018.74
random_within_well,5721,train,2019.04
random_within_well,5722,train,2019.35
random_within_well,5723,test,2019.66
random_within_well,5724,train,2019.97
random_within_well,5725,train,2020.27
random_within_well,5726,train,2020.58
random_within_well,5727,train,2020.89
random_within_well,5728,train,2021.2
random_within_well,5729,train,2021.51
random_within_well,5730,train,2021.81
random_within_well,5731,train,2022.12
random_within_well,5732,train,2022.43
random_within_well,5733,test,2022.74
random_within_well,5734,train,2023.04
random_within_well,5735,train,2023.35
random_within_well,5736,train,2023.66
random_within_well,5737,train,2023.97
random_within_well,5738,test,2024.28
random_within_well,5739,train,2024.58
random_within_well,5740,test,2024.89
random_within_well,5741,test,2025.2
random_within_well,5742,train,2025.51
random_within_well,5743,train,2025.82
random_within_well,5744,train,2026.12
random_within_well,5745,train,2026.43
random_within_well,5746,train,2026.74
random_within_well,5747,train,2027.05
random_within_well,5748,train,2027.35
random_within_well,5749,train,2027.66
random_within_well,5750,train,2027.97
random_within_well,5751,train,2028.28
random_within_well,5752,train,2028.59
random_within_well,5753,train,2028.89
random_within_well,5754,train,2029.2
random_within_well,5755,train,2029.51
random_within_well,5756,train,2029.81
random_within_well,5757,train,2030.12
random_within_well,5758,test,2030.43
random_within_well,5759,train,2030.74
random_within_well,5760,train,2031.05
random_within_well,5761,train,2031.35
random_within_well,5762,test,2031.66
random_within_well,5763,train,2031.97
random_within_well,5764,test,2032.28
random_within_well,5765,test,2032.58
random_within_well,5766,train,2032.89
random_within_well,5767,train,2033.2
random_within_well,5768,train,2033.51
random_within_well,5769,train,2033.82
random_within_well,5770,test,2034.12
random_within_well,5771,test,2034.43
random_within_well,5772,train,2034.74
random_within_well,5773,test,2035.05
random_within_well,5774,test,2035.36
random_within_well,5775,train,2035.66
random_within_well,5776,train,2035.97
random_within_well,5777,train,2036.28
random_within_well,5778,train,2036.59
random_within_well,5779,train,2036.89
random_within_well,5780,train,2037.2
random_within_well,5781,train,2037.51
random_within_well,5782,train,2037.82
random_within_well,5783,train,2038.13
random_within_well,5784,train,2038.43
random_within_well,5785,train,2038.74
random_within_well,5786,test,2039.05
random_within_well,5787,train,2039.36
random_within_well,5788,test,2039.66
random_within_well,5789,train,2039.97
random_within_well,5790,test,2040.28
random_within_well,5791,train,2040.59
random_within_well,5792,test,2040.9
random_within_well,5793,test,2041.2
random_within_well,5794,train,2041.51
random_within_well,5795,train,2041.82
random_within_well,5796,train,2042.12
random_within_well,5797,train,2042.43
random_within_well,5798,test,2042.74
random_within_well,5799,train,2043.05
random_within_well,5800,train,2043.36
random_within_well,5801,train,2043.66
random_within_well,5802,train,2043.97
random_within_well,5803,train,2044.28
random_within_well,5804,train,2044.59
random_within_well,5805,train,2044.89
random_within_well,5806,train,2045.2
random_within_well,5807,train,2045.52
random_within_well,5808,train,2045.84
random_within_well,5809,test,2046.15
random_within_well,5810,train,2046.46
random_within_well,5811,test,2046.76
random_within_well,5812,test,2047.07
random_within_well,5813,test,2047.38
random_within_well,5814,train,2047.69
random_within_well,5815,train,2047.99
random_within_well,5816,train,2048.3
random_within_well,5817,train,2048.61
random_within_well,5818,test,2048.91
random_within_well,5819,train,2049.22
random_within_well,5820,train,2049.53
random_within_well,5821,train,2049.84
random_within_well,5822,train,2050.15
random_within_well,5823,train,2050.45
random_within_well,5824,train,2050.76
random_within_well,5825,train,2051.07
random_within_well,5826,test,2051.38
random_within_well,5827,train,2051.69
random_within_well,5828,test,2051.99
random_within_well,5829,test,2052.3
random_within_well,5830,train,2052.61
random_within_well,5831,train,2052.92
random_within_well,5832,test,2053.22
random_within_well,5833,train,2053.53
random_within_well,5834,train,2053.84
random_within_well,5835,test,2054.15
random_within_well,5836,test,2054.45
random_within_well,5837,train,2054.76
random_within_well,5838,test,2055.07
random_within_well,5839,train,2055.38
random_within_well,5840,train,2055.68
random_within_well,5841,train,2055.99
random_within_well,5842,train,2056.3
random_within_well,5843,test,2056.6
random_within_well,5844,test,2056.91
random_within_well,5845,train,2057.22
random_within_well,5846,train,2057.53
random_within_well,5847,train,2057.84
random_within_well,5848,test,2058.14
random_within_well,5849,train,2058.45
random_within_well,5850,train,2058.76
random_within_well,5851,test,2059.07
random_within_well,5852,train,2059.38
random_within_well,5853,test,2059.68
random_within_well,5854,train,2059.99
random_within_well,5855,train,2060.3
random_within_well,5856,train,2060.6
random_within_well,5857,test,2060.91
random_within_well,5858,train,2061.22
random_within_well,5859,train,2061.53
random_within_well,5860,train,2061.83
random_within_well,5861,train,2062.14
random_within_well,5862,train,2062.45
random_within_well,5863,test,2062.76
random_within_well,5864,train,2063.07
random_within_well,5865,train,2063.37
random_within_well,5866,train,2063.68
random_within_well,5867,train,2063.99
random_within_well,5868,train,2064.3
random_within_well,5869,train,2064.6
random_within_well,5870,train,2064.91
random_within_well,5871,train,2065.22
random_within_well,5872,train,2065.53
random_within_well,5873,train,2065.83
random_within_well,5874,train,2066.14
random_within_well,5875,train,2066.45
random_within_well,5876,train,2066.76
random_within_well,5877,train,2067.06
random_within_well,5878,train,2067.37
random_within_well,5879,train,2067.68
random_within_well,5880,train,2067.99
random_within_well,5881,train,2068.3
random_within_well,5882,train,2068.6
random_within_well,5883,train,2068.91
random_within_well,5884,train,2069.22
random_within_well,5885,train,2069.52
random_within_well,5886,train,2069.83
random_within_well,5887,train,2070.14
random_within_well,5888,train,2070.45
random_within_well,5889,train,2070.76
random_within_well,5890,train,2071.06
random_within_well,5891,train,2071.37
random_within_well,5892,train,2071.68
random_within_well,5893,train,2071.99
random_within_well,5894,train,2072.54
random_within_well,5895,train,2072.61
random_within_well,5896,train,2072.92
random_within_well,5897,train,2073.22
random_within_well,5898,train,2073.53
random_within_well,5899,train,2073.84
random_within_well,5900,train,2074.15
random_within_well,5901,train,2074.46
random_within_well,5902,train,2074.76
random_within_well,5903,train,2075.07
random_within_well,5904,train,2075.38
random_within_well,5905,train,2075.69
random_within_well,5906,train,2076.0
random_within_well,5907,train,2076.31
random_within_well,5908,train,2076.62
random_within_well,5909,train,2076.93
random_within_well,5910,test,2077.24
random_within_well,5911,train,2077.54
random_within_well,5912,train,2077.85
random_within_well,5913,test,2078.16
random_within_well,5914,train,2078.47
random_within_well,5915,train,2078.77
random_within_well,5916,train,2079.08
random_within_well,5917,train,2079.39
random_within_well,5918,test,2082.52
random_within_well,5919,train,2082.83
random_within_well,5920,train,2083.13
random_within_well,5921,test,2083.44
random_within_well,5922,train,2083.75
random_within_well,5923,train,2084.06
random_within_well,5924,train,2084.36
random_within_well,5925,train,2084.67
random_within_well,5926,test,2084.98
random_within_well,5927,train,2085.29
random_within_well,5928,train,2085.6
random_within_well,5929,train,2085.9
random_within_well,5930,test,2086.21
random_within_well,5931,train,2086.52
random_within_well,5932,train,2086.82
random_within_well,5933,train,2087.13
random_within_well,5934,test,2087.44
random_within_well,5935,train,2087.75
random_within_well,5936,train,2088.06
random_within_well,5937,train,2088.36
random_within_well,5938,train,2088.67
random_within_well,5939,train,2088.98
random_within_well,5940,train,2089.29
random_within_well,5941,train,2089.59
random_within_well,5942,train,2089.9
random_within_well,5943,test,2090.21
random_within_well,5944,train,2090.52
random_within_well,5945,train,2090.83
random_within_well,5946,train,2091.13
random_within_well,5947,test,2091.44
random_within_well,5948,train,2091.75
random_within_well,5949,train,2092.06
random_within_well,5950,test,2092.36
random_within_well,5951,test,2092.67
random_within_well,5952,train,2092.98
random_within_well,5953,test,2093.29
random_within_well,5954,train,2093.59
random_within_well,5955,train,2096.99
random_within_well,5956,train,2097.3
random_within_well,5957,train,2097.6
random_within_well,5958,train,2097.91
random_within_well,5959,train,2098.22
random_within_well,5960,train,2098.52
random_within_well,5961,train,2098.83
random_within_well,5962,test,2099.14
random_within_well,5963,train,2099.45
random_within_well,5964,train,2099.76
random_within_well,5965,train,2100.06
random_within_well,5966,test,2100.37
random_within_well,5967,test,2100.68
random_within_well,5968,train,2100.99
random_within_well,5969,test,2101.3
random_within_well,5970,train,2101.6
random_within_well,5971,train,2101.91
random_within_well,5972,train,2102.22
random_within_well,5973,train,2102.53
random_within_well,5974,train,2102.83
random_within_well,5975,train,2103.14
random_within_well,5976,test,2103.84
random_within_well,5977,train,2107.56
random_within_well,5978,test,2107.87
random_within_well,5979,test,2108.17
random_within_well,5980,train,2108.48
random_within_well,5981,train,2108.79
random_within_well,5982,test,2109.1
random_within_well,5983,train,2109.41
random_within_well,5984,train,2109.71
random_within_well,5985,train,2110.02
random_within_well,5986,train,2110.33
random_within_well,5987,train,2110.64
random_within_well,5988,train,2110.94
random_within_well,5989,train,2111.25
random_within_well,5990,train,2111.56
random_within_well,5991,train,2111.87
random_within_well,5992,train,2112.17
random_within_well,5993,test,2112.48
random_within_well,5994,train,2112.79
random_within_well,5995,train,2113.1
random_within_well,5996,train,2113.4
random_within_well,5997,train,2113.71
random_within_well,5998,train,2114.02
random_within_well,5999,train,2114.33
random_within_well,6000,train,2114.64
random_within_well,6001,train,2114.94
random_within_well,6002,train,2115.25
random_within_well,6003,test,2115.56
random_within_well,6004,train,2119.3
random_within_well,6005,test,2119.6
random_within_well,6006,train,2119.91
random_within_well,6007,test,2120.22
random_within_well,6008,train,2120.53
random_within_well,6009,train,2120.84
random_within_well,6010,train,2121.14
random_within_well,6011,train,2121.45
random_within_well,6012,train,2121.76
random_within_well,6013,train,2122.07
random_within_well,6014,train,2122.38
random_within_well,6015,train,2122.69
random_within_well,6016,train,2122.99
random_within_well,6017,train,2123.3
random_within_well,6018,train,2123.3
random_within_well,6019,train,2123.61
random_within_well,6020,train,2123.92
random_within_well,6021,test,2124.23
random_within_well,6022,test,2124.54
random_within_well,6023,train,2124.84
random_within_well,6024,train,2125.15
random_within_well,6025,train,2125.46
random_within_well,6026,train,2125.77
random_within_well,6027,test,2126.07
random_within_well,6028,train,2126.38
random_within_well,6029,train,2126.69
random_within_well,6030,train,2127.0
random_within_well,6031,train,2127.31
random_within_well,6032,train,2127.61
random_within_well,6033,train,2127.92
random_within_well,6034,train,2128.23
random_within_well,6035,train,2128.53
random_within_well,6036,train,2128.84
random_within_well,6037,train,2129.15
random_within_well,6038,test,2129.46
random_within_well,6039,train,2129.77
random_within_well,6040,test,2130.07
random_within_well,6041,train,2130.38
random_within_well,6042,train,2130.69
random_within_well,6043,train,2131.0
random_within_well,6044,train,2131.3
random_within_well,6045,train,2131.61
random_within_well,6046,test,2131.92
random_within_well,6047,train,2132.23
random_within_well,6048,train,2132.54
random_within_well,6049,train,2132.84
random_within_well,6050,train,2133.15
random_within_well,6051,train,2133.46
random_within_well,6052,train,2133.77
random_within_well,6053,train,2134.07
random_within_well,6054,train,2134.38
random_within_well,6055,train,2134.69
random_within_well,6056,train,2135.0
random_within_well,6057,train,2135.31
random_within_well,6058,train,2135.61
random_within_well,6059,test,2135.92
random_within_well,6060,train,2136.23
random_within_well,6061,train,2136.54
random_within_well,6062,train,2136.84
random_within_well,6063,train,2137.15
random_within_well,6064,train,2137.46
random_within_well,6065,train,2137.77
random_within_well,6066,test,2138.07
random_within_well,6067,train,2138.38
random_within_well,6068,train,2138.69
random_within_well,6069,train,2139.0
random_within_well,6070,train,2139.0
random_within_well,6071,train,2139.31
random_within_well,6072,test,2139.61
random_within_well,6073,train,2139.92
random_within_well,6074,test,2140.23
random_within_well,6075,train,2140.54
random_within_well,6076,test,2140.84
random_within_well,6077,test,2141.15
random_within_well,6078,train,2141.46
random_within_well,6079,train,2141.77
random_within_well,6080,train,2142.08
random_within_well,6081,train,2142.38
random_within_well,6082,train,2142.69
random_within_well,6083,train,2143.0
random_within_well,6084,test,2143.3
random_within_well,6085,train,2143.61
random_within_well,6086,test,2143.92
random_within_well,6087,train,2144.23
random_within_well,6088,train,2144.54
random_within_well,6089,test,2144.84
random_within_well,6090,train,2145.36
random_within_well,6091,train,2145.67
random_within_well,6092,train,2145.98
random_within_well,6093,train,2146.28
random_within_well,6094,train,2146.59
random_within_well,6095,train,2146.9
random_within_well,6096,test,2147.21
random_within_well,6097,test,2147.52
random_within_well,6098,test,2147.83
random_within_well,6099,train,2148.14
random_within_well,6100,train,2148.45
random_within_well,6101,train,2148.75
random_within_well,6102,train,2149.06
random_within_well,6103,train,2149.37
random_within_well,6104,train,2149.68
random_within_well,6105,train,2149.98
random_within_well,6106,train,2150.29
random_within_well,6107,test,2150.6
random_within_well,6108,test,2150.91
random_within_well,6109,train,2151.22
random_within_well,6110,train,2151.52
random_within_well,6111,train,2151.83
random_within_well,6112,train,2152.14
random_within_well,6113,train,2152.44
random_within_well,6114,test,2152.75
random_within_well,6115,test,2153.06
random_within_well,6116,train,2153.37
random_within_well,6117,train,2153.68
random_within_well,6118,test,2153.98
random_within_well,6119,test,2154.29
random_within_well,6120,train,2154.6
random_within_well,6121,train,2154.91
random_within_well,6122,train,2155.21
random_within_well,6123,train,2155.52
random_within_well,6124,train,2155.83
random_within_well,6125,train,2156.14
random_within_well,6126,train,2156.45
random_within_well,6127,train,2156.75
random_within_well,6128,train,2157.06
random_within_well,6129,test,2157.37
random_within_well,6130,train,2157.68
random_within_well,6131,test,2157.99
random_within_well,6132,train,2158.29
random_within_well,6133,train,2158.6
random_within_well,6134,test,2158.91
random_within_well,6135,train,2159.22
random_within_well,6136,train,2159.52
random_within_well,6137,train,2159.83
random_within_well,6138,test,2160.14
random_within_well,6139,test,2160.45
random_within_well,6140,train,2160.76
random_within_well,6141,train,2161.07
random_within_well,6142,train,2161.37
random_within_well,6143,train,2161.69
random_within_well,6144,test,2162.0
random_within_well,6145,train,2162.31
random_within_well,6146,train,2162.62
random_within_well,6147,train,2162.92
random_within_well,6148,train,2163.23
random_within_well,6149,train,2163.54
random_within_well,6150,train,2163.84
random_within_well,6151,test,2164.15
random_within_well,6152,train,2164.46
random_within_well,6153,train,2164.77
random_within_well,6154,train,2165.07
random_within_well,6155,train,2165.38
random_within_well,6156,train,2165.69
random_within_well,6157,test,2166.0
random_within_well,6158,train,2166.31
random_within_well,6159,train,2166.62
random_within_well,6160,test,2166.93
random_within_well,6161,train,2167.24
random_within_well,6162,test,2167.54
random_within_well,6163,test,2167.85
random_within_well,6164,train,2168.16
random_within_well,6165,train,2168.48
random_within_well,6166,train,2168.8
random_within_well,6167,train,2169.11
random_within_well,6168,train,2169.42
random_within_well,6169,train,2169.73
random_within_well,6170,train,2170.04
random_within_well,6171,test,2170.34
random_within_well,6172,train,2170.65
random_within_well,6173,test,2170.96
random_within_well,6174,train,2171.26
random_within_well,6175,train,2171.57
random_within_well,6176,train,2171.88
random_within_well,6177,train,2172.19
random_within_well,6178,train,2172.5
random_within_well,6179,test,2172.8
random_within_well,6180,train,2173.11
random_within_well,6181,train,2173.42
random_within_well,6182,test,2173.73
random_within_well,6183,train,2174.04
random_within_well,6184,train,2174.34
random_within_well,6185,train,2174.65
random_within_well,6186,train,2174.96
random_within_well,6187,train,2175.27
random_within_well,6188,test,2175.57
random_within_well,6189,test,2175.88
random_within_well,6190,test,2176.19
random_within_well,6191,train,2176.5
random_within_well,6192,train,2176.81
random_within_well,6193,train,2177.11
random_within_well,6194,train,2177.42
random_within_well,6195,train,2177.73
random_within_well,6196,train,2178.04
random_within_well,6197,train,2178.35
random_within_well,6198,train,2178.65
random_within_well,6199,test,2178.96
random_within_well,6200,train,2179.27
random_within_well,6201,train,2179.57
random_within_well,6202,train,2179.57
random_within_well,6203,test,2179.88
random_within_well,6204,train,2180.19
random_within_well,6205,test,2180.5
random_within_well,6206,train,2180.8
random_within_well,6207,train,2181.11
random_within_well,6208,train,2181.42
random_within_well,6209,train,2181.73
random_within_well,6210,train,2182.04
random_within_well,6211,train,2182.34
random_within_well,6212,train,2182.65
random_within_well,6213,train,2182.96
random_within_well,6214,train,2183.27
random_within_well,6215,train,2183.58
random_within_well,6216,train,2183.88
random_within_well,6217,train,2184.2
random_within_well,6218,train,2184.5
random_within_well,6219,train,2184.81
random_within_well,6220,train,2185.12
random_within_well,6221,train,2185.43
random_within_well,6222,train,2185.74
random_within_well,6223,train,2186.04
random_within_well,6224,train,2186.35
random_within_well,6225,train,2186.66
random_within_well,6226,train,2186.97
random_within_well,6227,train,2187.28
random_within_well,6228,test,2187.58
random_within_well,6229,train,2187.89
random_within_well,6230,train,2188.2
random_within_well,6231,train,2188.5
random_within_well,6232,test,2188.81
random_within_well,6233,train,2189.12
random_within_well,6234,test,2189.43
random_within_well,6235,train,2189.73
random_within_well,6236,train,2190.05
random_within_well,6237,test,2190.35
random_within_well,6238,train,2190.66
random_within_well,6239,train,2190.97
random_within_well,6240,train,2191.28
random_within_well,6241,train,2191.59
random_within_well,6242,train,2191.9
random_within_well,6243,train,2192.21
random_within_well,6244,train,2192.51
random_within_well,6245,train,2192.82
random_within_well,6246,train,2193.13
random_within_well,6247,train,2193.44
random_within_well,6248,train,2193.75
random_within_well,6249,train,2194.05
random_within_well,6250,test,2194.45
random_within_well,6251,train,2194.98
random_within_well,6252,test,2195.29
random_within_well,6253,train,2195.6
random_within_well,6254,train,2195.9
random_within_well,6255,train,2196.21
random_within_well,6256,train,2196.52
random_within_well,6257,test,2196.83
random_within_well,6258,train,2197.14
random_within_well,6259,train,2197.45
random_within_well,6260,test,2197.75
random_within_well,6261,train,2198.06
random_within_well,6262,train,2198.37
random_within_well,6263,train,2198.68
random_within_well,6264,train,2198.99
random_within_well,6265,train,2199.29
random_within_well,6266,train,2199.6
random_within_well,6267,train,2199.91
random_within_well,6268,train,2200.22
random_within_well,6269,train,2200.52
random_within_well,6270,train,2200.83
random_within_well,6271,train,2201.14
random_within_well,6272,train,2201.45
random_within_well,6273,train,2201.76
random_within_well,6274,train,2202.06
random_within_well,6275,test,2202.37
random_within_well,6276,train,2202.68
random_within_well,6277,train,2202.99
random_within_well,6278,train,2203.29
random_within_well,6279,train,2203.6
random_within_well,6280,train,2203.91
random_within_well,6281,train,2204.22
random_within_well,6282,train,2204.53
random_within_well,6283,train,2204.84
random_within_well,6284,test,2205.15
random_within_well,6285,train,2205.46
random_within_well,6286,train,2205.76
random_within_well,6287,train,2206.07
random_within_well,6288,test,2206.38
random_within_well,6289,train,2206.69
random_within_well,6290,train,2206.99
random_within_well,6291,train,2207.3
random_within_well,6292,test,2207.61
random_within_well,6293,train,2207.92
random_within_well,6294,train,2208.23
random_within_well,6295,test,2208.53
random_within_well,6296,train,2208.84
random_within_well,6297,train,2209.15
random_within_well,6298,train,2209.46
random_within_well,6299,train,2209.77
random_within_well,6300,train,2210.07
random_within_well,6301,train,2210.38
random_within_well,6302,test,2210.69
random_within_well,6303,train,2211.0
random_within_well,6304,train,2211.3
random_within_well,6305,train,2211.61
random_within_well,6306,train,2211.92
random_within_well,6307,train,2212.23
random_within_well,6308,train,2212.54
random_within_well,6309,train,2212.84
random_within_well,6310,train,2213.15
random_within_well,6311,train,2213.46
random_within_well,6312,test,2213.77
random_within_well,6313,train,2214.07
random_within_well,6314,train,2214.38
random_within_well,6315,test,2214.69
random_within_well,6316,train,2215.0
random_within_well,6317,train,2215.31
random_within_well,6318,train,2215.61
random_within_well,6319,train,2215.92
random_within_well,6320,train,2216.23
random_within_well,6321,train,2216.53
random_within_well,6322,test,2216.84
random_within_well,6323,test,2217.15
random_within_well,6324,train,2217.46
random_within_well,6325,train,2217.77
random_within_well,6326,train,2218.07
random_within_well,6327,train,2218.38
random_within_well,6328,train,2218.69
random_within_well,6329,test,2219.0
random_within_well,6330,train,2219.31
random_within_well,6331,train,2219.61
random_within_well,6332,train,2219.92
random_within_well,6333,train,2220.23
random_within_well,6334,train,2220.54
random_within_well,6335,test,2220.84
random_within_well,6336,train,2221.15
random_within_well,6337,test,2221.46
random_within_well,6338,train,2221.77
random_within_well,6339,train,2222.08
random_within_well,6340,train,2222.38
random_within_well,6341,test,2222.69
random_within_well,6342,test,2223.0
random_within_well,6343,train,2223.31
random_within_well,6344,train,2223.61
random_within_well,6345,test,2223.92
random_within_well,6346,train,2224.23
random_within_well,6347,train,2224.54
random_within_well,6348,train,2224.85
random_within_well,6349,train,2225.15
random_within_well,6350,train,2225.46
random_within_well,6351,train,2225.77
random_within_well,6352,train,2226.07
random_within_well,6353,train,2226.38
random_within_well,6354,train,2226.69
random_within_well,6355,train,2227.0
random_within_well,6356,train,2227.31
random_within_well,6357,train,2227.61
random_within_well,6358,train,2227.92
random_within_well,6359,test,2228.23
random_within_well,6360,train,2228.54
random_within_well,6361,train,2228.85
random_within_well,6362,test,2229.16
random_within_well,6363,train,2229.47
random_within_well,6364,train,2229.77
random_within_well,6365,train,2230.09
random_within_well,6366,train,2230.4
random_within_well,6367,train,2230.71
random_within_well,6368,train,2231.01
random_within_well,6369,train,2231.33
random_within_well,6370,train,2231.63
random_within_well,6371,train,2231.94
random_within_well,6372,train,2232.25
random_within_well,6373,train,2232.56
random_within_well,6374,train,2232.86
random_within_well,6375,train,2233.17
random_within_well,6376,train,2233.49
random_within_well,6377,train,2233.82
random_within_well,6378,train,2234.14
random_within_well,6379,train,2234.44
random_within_well,6380,train,2234.75
random_within_well,6381,train,2235.06
random_within_well,6382,train,2235.37
random_within_well,6383,test,2235.68
random_within_well,6384,train,2235.99
random_within_well,6385,test,2236.29
random_within_well,6386,train,2236.6
random_within_well,6387,train,2236.91
random_within_well,6388,train,2237.22
random_within_well,6389,train,2237.53
random_within_well,6390,train,2237.83
random_within_well,6391,test,2238.14
random_within_well,6392,train,2238.45
random_within_well,6393,test,2238.76
random_within_well,6394,train,2239.06
random_within_well,6395,train,2239.37
random_within_well,6396,train,2239.68
random_within_well,6397,train,2239.99
random_within_well,6398,test,2240.3
random_within_well,6399,train,2240.6
random_within_well,6400,train,2240.91
random_within_well,6401,train,2241.22
random_within_well,6402,train,2241.53
random_within_well,6403,train,2241.83
random_within_well,6404,train,2242.14
random_within_well,6405,train,2242.45
random_within_well,6406,train,2242.76
random_within_well,6407,train,2243.07
random_within_well,6408,train,2243.37
random_within_well,6409,train,2243.68
random_within_well,6410,train,2243.99
random_within_well,6411,train,2244.29
random_within_well,6412,train,2244.6
random_within_well,6413,train,2244.91
random_within_well,6414,train,2245.22
random_within_well,6415,train,2245.53
random_within_well,6416,test,2245.83
random_within_well,6417,train,2246.14
random_within_well,6418,test,2246.45
random_within_well,6419,train,2246.76
random_within_well,6420,train,2247.06
random_within_well,6421,train,2247.37
random_within_well,6422,train,2247.68
random_within_well,6423,test,2247.99
random_within_well,6424,test,2248.3
random_within_well,6425,train,2248.6
random_within_well,6426,train,2248.91
random_within_well,6427,train,2249.22
random_within_well,6428,train,2249.53
random_within_well,6429,test,2249.84
random_within_well,6430,test,2250.14
random_within_well,6431,train,2250.45
random_within_well,6432,train,2250.76
random_within_well,6433,train,2251.06
random_within_well,6434,train,2251.37
random_within_well,6435,train,2251.68
random_within_well,6436,train,2251.99
random_within_well,6437,train,2252.3
random_within_well,6438,test,2252.6
random_within_well,6439,train,2252.91
random_within_well,6440,test,2253.22
random_within_well,6441,train,2253.52
random_within_well,6442,train,2253.83
random_within_well,6443,train,2254.14
random_within_well,6444,test,2254.45
random_within_well,6445,test,2254.75
random_within_well,6446,train,2255.06
random_within_well,6447,train,2255.37
random_within_well,6448,train,2255.68
random_within_well,6449,train,2255.99
random_within_well,6450,train,2256.29
random_within_well,6451,train,2256.6
random_within_well,6452,train,2256.91
random_within_well,6453,train,2257.22
random_within_well,6454,train,2257.53
random_within_well,6455,train,2257.83
random_within_well,6456,train,2258.14
random_within_well,6457,train,2258.45
random_within_well,6458,train,2258.76
random_within_well,6459,train,2259.06
random_within_well,6460,train,2259.37
random_within_well,6461,test,2259.68
random_within_well,6462,train,2259.99
random_within_well,6463,train,2260.3
random_within_well,6464,test,2260.6
random_within_well,6465,train,2260.91
random_within_well,6466,train,2261.22
random_within_well,6467,test,2261.53
random_within_well,6468,train,2261.83
random_within_well,6469,test,2262.14
random_within_well,6470,test,2262.45
random_within_well,6471,test,2262.76
random_within_well,6472,test,2263.07
random_within_well,6473,train,2263.37
random_within_well,6474,train,2263.68
random_within_well,6475,train,2263.99
random_within_well,6476,train,2264.29
random_within_well,6477,train,2264.6
random_within_well,6478,train,2264.91
random_within_well,6479,train,2265.22
random_within_well,6480,train,2265.53
random_within_well,6481,train,2265.84
random_within_well,6482,train,2266.14
random_within_well,6483,train,2266.45
random_within_well,6484,train,2266.76
random_within_well,6485,train,2267.06
random_within_well,6486,test,2267.37
random_within_well,6487,train,2267.68
random_within_well,6488,train,2267.85
random_within_well,6489,train,2267.99
random_within_well,6490,train,2268.3
random_within_well,6491,train,2268.6
random_within_well,6492,test,2268.91
random_within_well,6493,train,2269.22
random_within_well,6494,train,2269.53
random_within_well,6495,train,2269.84
random_within_well,6496,train,2270.14
random_within_well,6497,train,2270.45
random_within_well,6498,train,2270.76
random_within_well,6499,train,2271.07
random_within_well,6500,train,2271.38
random_within_well,6501,test,2271.68
random_within_well,6502,train,2271.99
random_within_well,6503,train,2272.3
random_within_well,6504,train,2272.61
random_within_well,6505,train,2272.92
random_within_well,6506,train,2273.22
random_within_well,6507,test,2273.53
random_within_well,6508,train,2273.84
random_within_well,6509,train,2274.15
random_within_well,6510,train,2274.46
random_within_well,6511,train,2274.76
random_within_well,6512,train,2275.07
random_within_well,6513,train,2275.38
random_within_well,6514,test,2275.69
random_within_well,6515,train,2276.0
random_within_well,6516,train,2276.3
random_within_well,6517,train,2276.61
random_within_well,6518,train,2276.92
random_within_well,6519,train,2277.22
random_within_well,6520,test,2277.53
random_within_well,6521,train,2277.84
random_within_well,6522,train,2278.15
random_within_well,6523,train,2278.45
random_within_well,6524,train,2278.76
random_within_well,6525,train,2279.07
random_within_well,6526,train,2279.38
random_within_well,6527,train,2279.69
random_within_well,6528,train,2280.0
random_within_well,6529,test,2280.3
random_within_well,6530,train,2280.61
random_within_well,6531,train,2280.92
random_within_well,6532,test,2281.23
random_within_well,6533,test,2281.54
random_within_well,6534,train,2281.84
random_within_well,6535,test,2282.15
random_within_well,6536,train,2282.46
random_within_well,6537,train,2282.77
random_within_well,6538,train,2283.08
random_within_well,6539,train,2283.38
random_within_well,6540,train,2283.69
random_within_well,6541,test,2284.0
random_within_well,6542,train,2284.31
random_within_well,6543,train,2284.61
random_within_well,6544,train,2284.92
random_within_well,6545,test,2285.23
random_within_well,6546,train,2285.54
random_within_well,6547,train,2285.85
random_within_well,6548,test,2286.15
random_within_well,6549,train,2286.46
random_within_well,6550,train,2286.77
random_within_well,6551,train,2287.08
random_within_well,6552,test,2287.38
random_within_well,6553,train,2287.69
random_within_well,6554,train,2288.0
random_within_well,6555,test,2288.31
random_within_well,6556,train,2288.62
random_within_well,6557,train,2288.92
random_within_well,6558,train,2289.23
random_within_well,6559,train,2289.54
random_within_well,6560,train,2289.85
random_within_well,6561,train,2290.16
random_within_well,6562,train,2290.47
random_within_well,6563,train,2290.78
random_within_well,6564,test,2291.09
random_within_well,6565,train,2291.39
random_within_well,6566,train,2291.7
random_within_well,6567,train,2292.01
random_within_well,6568,train,2292.32
random_within_well,6569,train,2292.62
random_within_well,6570,train,2292.93
random_within_well,6571,train,2293.24
random_within_well,6572,test,2293.55
random_within_well,6573,train,2293.85
random_within_well,6574,train,2294.16
random_within_well,6575,test,2294.47
random_within_well,6576,train,2294.78
random_within_well,6577,train,2295.09
random_within_well,6578,train,2295.4
random_within_well,6579,train,2295.71
random_within_well,6580,train,2296.01
random_within_well,6581,train,2296.32
random_within_well,6582,train,2296.63
random_within_well,6583,train,2296.94
depth_holdout,0,train,26.59
depth_holdout,1,train,26.9
depth_holdout,2,train,27.24
depth_holdout,3,train,27.55
depth_holdout,4,train,27.85
depth_holdout,5,train,28.49
depth_holdout,6,train,29.79
depth_holdout,7,train,31.24
depth_holdout,8,train,32.21
depth_holdout,9,train,32.54
depth_holdout,10,train,34.55
depth_holdout,11,train,34.9
depth_holdout,12,train,35.21
depth_holdout,13,train,35.53
depth_holdout,14,train,35.85
depth_holdout,15,train,36.17
depth_holdout,16,train,36.48
depth_holdout,17,train,37.1
depth_holdout,18,train,37.41
depth_holdout,19,train,37.74
depth_holdout,20,train,38.06
depth_holdout,21,train,38.36
depth_holdout,22,train,38.67
depth_holdout,23,train,39.01
depth_holdout,24,train,39.33
depth_holdout,25,train,39.66
depth_holdout,26,train,40.94
depth_holdout,27,train,41.25
depth_holdout,28,train,41.55
depth_holdout,29,train,41.86
depth_holdout,30,train,43.93
depth_holdout,31,train,44.93
depth_holdout,32,train,45.65
depth_holdout,33,train,46.32
depth_holdout,34,train,48.04
depth_holdout,35,train,48.38
depth_holdout,36,train,48.69
depth_holdout,37,train,49.01
depth_holdout,38,train,49.33
depth_holdout,39,train,49.64
depth_holdout,40,train,49.96
depth_holdout,41,train,50.26
depth_holdout,42,train,50.58
depth_holdout,43,train,50.88
depth_holdout,44,train,51.2
depth_holdout,45,train,51.51
depth_holdout,46,train,51.82
depth_holdout,47,train,52.13
depth_holdout,48,train,52.44
depth_holdout,49,train,52.74
depth_holdout,50,train,53.05
depth_holdout,51,train,53.35
depth_holdout,52,train,53.67
depth_holdout,53,train,53.97
depth_holdout,54,train,54.28
depth_holdout,55,train,54.6
depth_holdout,56,train,54.91
depth_holdout,57,train,55.21
depth_holdout,58,train,55.53
depth_holdout,59,train,55.83
depth_holdout,60,train,56.15
depth_holdout,61,train,56.46
depth_holdout,62,train,56.77
depth_holdout,63,train,57.07
depth_holdout,64,train,57.38
depth_holdout,65,train,57.69
depth_holdout,66,train,58.01
depth_holdout,67,train,58.31
depth_holdout,68,train,58.64
depth_holdout,69,train,58.94
depth_holdout,70,train,59.25
depth_holdout,71,train,59.56
depth_holdout,72,train,61.24
depth_holdout,73,train,61.56
depth_holdout,74,train,61.87
depth_holdout,75,train,62.5
depth_holdout,76,train,62.81
depth_holdout,77,train,63.13
depth_holdout,78,train,181.21
depth_holdout,79,train,181.52
depth_holdout,80,train,181.83
depth_holdout,81,train,182.15
depth_holdout,82,train,182.46
depth_holdout,83,train,182.77
depth_holdout,84,train,183.09
depth_holdout,85,train,183.4
depth_holdout,86,train,183.71
depth_holdout,87,train,184.02
depth_holdout,88,train,184.33
depth_holdout,89,train,184.64
depth_holdout,90,train,184.96
depth_holdout,91,train,185.27
depth_holdout,92,train,185.59
depth_holdout,93,train,185.9
depth_holdout,94,train,186.21
depth_holdout,95,train,186.52
depth_holdout,96,train,186.84
depth_holdout,97,train,187.15
depth_holdout,98,train,187.46
depth_holdout,99,train,187.78
depth_holdout,100,train,188.1
depth_holdout,101,train,188.41
depth_holdout,102,train,188.72
depth_holdout,103,train,189.04
depth_holdout,104,train,189.88
depth_holdout,105,train,190.19
depth_holdout,106,train,190.5
depth_holdout,107,train,190.81
depth_holdout,108,train,191.13
depth_holdout,109,train,191.44
depth_holdout,110,train,191.75
depth_holdout,111,train,192.06
depth_holdout,112,train,192.37
depth_holdout,113,train,192.69
depth_holdout,114,train,193.0
depth_holdout,115,train,193.31
depth_holdout,116,train,193.63
depth_holdout,117,train,193.94
depth_holdout,118,train,194.25
depth_holdout,119,train,194.56
depth_holdout,120,train,194.87
depth_holdout,121,train,195.18
depth_holdout,122,train,195.5
depth_holdout,123,train,195.8
depth_holdout,124,train,196.11
depth_holdout,125,train,196.43
depth_holdout,126,train,196.75
depth_holdout,127,train,197.06
depth_holdout,128,train,197.38
depth_holdout,129,train,197.7
depth_holdout,130,train,198.0
depth_holdout,131,train,198.31
depth_holdout,132,train,198.63
depth_holdout,133,train,198.94
depth_holdout,134,train,199.25
depth_holdout,135,train,199.56
depth_holdout,136,train,199.88
depth_holdout,137,train,200.19
depth_holdout,138,train,200.5
depth_holdout,139,train,200.81
depth_holdout,140,train,201.12
depth_holdout,141,train,201.43
depth_holdout,142,train,201.74
depth_holdout,143,train,202.06
depth_holdout,144,train,202.37
depth_holdout,145,train,202.68
depth_holdout,146,train,202.99
depth_holdout,147,train,203.3
depth_holdout,148,train,203.62
depth_holdout,149,train,203.93
depth_holdout,150,train,204.24
depth_holdout,151,train,204.56
depth_holdout,152,train,204.87
depth_holdout,153,train,205.18
depth_holdout,154,train,205.49
depth_holdout,155,train,205.81
depth_holdout,156,train,206.12
depth_holdout,157,train,206.44
depth_holdout,158,train,206.75
depth_holdout,159,train,207.07
depth_holdout,160,train,207.38
depth_holdout,161,train,207.7
depth_holdout,162,train,208.01
depth_holdout,163,train,208.32
depth_holdout,164,train,208.64
depth_holdout,165,train,208.95
depth_holdout,166,train,209.26
depth_holdout,167,train,209.57
depth_holdout,168,train,209.88
depth_holdout,169,train,210.19
depth_holdout,170,train,210.51
depth_holdout,171,train,210.83
depth_holdout,172,train,211.14
depth_holdout,173,train,211.45
depth_holdout,174,train,211.76
depth_holdout,175,train,212.07
depth_holdout,176,train,212.4
depth_holdout,177,train,212.72
depth_holdout,178,train,213.03
depth_holdout,179,train,213.34
depth_holdout,180,train,213.65
depth_holdout,181,train,213.97
depth_holdout,182,train,214.28
depth_holdout,183,train,214.59
depth_holdout,184,train,214.9
depth_holdout,185,train,215.21
depth_holdout,186,train,215.52
depth_holdout,187,train,215.84
depth_holdout,188,train,216.15
depth_holdout,189,train,216.46
depth_holdout,190,train,216.77
depth_holdout,191,train,217.08
depth_holdout,192,train,217.39
depth_holdout,193,train,217.7
depth_holdout,194,train,218.01
depth_holdout,195,train,218.32
depth_holdout,196,train,218.63
depth_holdout,197,train,218.94
depth_holdout,198,train,219.25
depth_holdout,199,train,219.56
depth_holdout,200,train,219.88
depth_holdout,201,train,220.19
depth_holdout,202,train,220.5
depth_holdout,203,train,220.81
depth_holdout,204,train,221.13
depth_holdout,205,train,221.44
depth_holdout,206,train,221.76
depth_holdout,207,train,222.07
depth_holdout,208,train,222.39
depth_holdout,209,train,222.7
depth_holdout,210,train,223.03
depth_holdout,211,train,223.33
depth_holdout,212,train,223.65
depth_holdout,213,train,223.96
depth_holdout,214,train,224.27
depth_holdout,215,train,224.59
depth_holdout,216,train,224.9
depth_holdout,217,train,225.21
depth_holdout,218,train,225.53
depth_holdout,219,train,225.84
depth_holdout,220,train,226.15
depth_holdout,221,train,226.47
depth_holdout,222,train,226.78
depth_holdout,223,train,227.09
depth_holdout,224,train,227.4
depth_holdout,225,train,227.71
depth_holdout,226,train,228.02
depth_holdout,227,train,228.34
depth_holdout,228,train,228.65
depth_holdout,229,train,228.96
depth_holdout,230,train,229.27
depth_holdout,231,train,229.59
depth_holdout,232,train,229.9
depth_holdout,233,train,230.21
depth_holdout,234,train,230.52
depth_holdout,235,train,230.83
depth_holdout,236,train,231.14
depth_holdout,237,train,231.45
depth_holdout,238,train,231.76
depth_holdout,239,train,232.07
depth_holdout,240,train,232.39
depth_holdout,241,train,232.69
depth_holdout,242,train,233.0
depth_holdout,243,train,233.32
depth_holdout,244,train,233.63
depth_holdout,245,train,233.94
depth_holdout,246,train,234.25
depth_holdout,247,train,234.57
depth_holdout,248,train,234.88
depth_holdout,249,train,235.19
depth_holdout,250,train,235.51
depth_holdout,251,train,235.82
depth_holdout,252,train,236.12
depth_holdout,253,train,236.43
depth_holdout,254,train,236.74
depth_holdout,255,train,237.06
depth_holdout,256,train,237.37
depth_holdout,257,train,237.68
depth_holdout,258,train,238.0
depth_holdout,259,train,238.31
depth_holdout,260,train,238.62
depth_holdout,261,train,238.94
depth_holdout,262,train,239.25
depth_holdout,263,train,239.56
depth_holdout,264,train,239.88
depth_holdout,265,train,240.18
depth_holdout,266,train,240.49
depth_holdout,267,train,240.8
depth_holdout,268,train,241.12
depth_holdout,269,train,241.42
depth_holdout,270,train,241.73
depth_holdout,271,train,242.04
depth_holdout,272,train,242.35
depth_holdout,273,train,242.67
depth_holdout,274,train,242.98
depth_holdout,275,train,243.29
depth_holdout,276,train,243.61
depth_holdout,277,train,243.92
depth_holdout,278,train,244.23
depth_holdout,279,train,244.54
depth_holdout,280,train,244.85
depth_holdout,281,train,245.16
depth_holdout,282,train,245.47
depth_holdout,283,train,245.78
depth_holdout,284,train,246.09
depth_holdout,285,train,246.41
depth_holdout,286,train,246.72
depth_holdout,287,train,247.04
depth_holdout,288,train,247.35
depth_holdout,289,train,247.65
depth_holdout,290,train,247.96
depth_holdout,291,train,248.27
depth_holdout,292,train,248.59
depth_holdout,293,train,248.9
depth_holdout,294,train,249.21
depth_holdout,295,train,249.52
depth_holdout,296,train,249.84
depth_holdout,297,train,250.15
depth_holdout,298,train,250.46
depth_holdout,299,train,250.77
depth_holdout,300,train,251.09
depth_holdout,301,train,251.4
depth_holdout,302,train,251.71
depth_holdout,303,train,252.02
depth_holdout,304,train,252.34
depth_holdout,305,train,252.65
depth_holdout,306,train,252.97
depth_holdout,307,train,253.28
depth_holdout,308,train,253.59
depth_holdout,309,train,253.9
depth_holdout,310,train,254.21
depth_holdout,311,train,254.53
depth_holdout,312,train,254.84
depth_holdout,313,train,255.15
depth_holdout,314,train,255.46
depth_holdout,315,train,255.78
depth_holdout,316,train,256.1
depth_holdout,317,train,256.41
depth_holdout,318,train,256.72
depth_holdout,319,train,257.03
depth_holdout,320,train,257.34
depth_holdout,321,train,257.65
depth_holdout,322,train,257.97
depth_holdout,323,train,258.28
depth_holdout,324,train,258.59
depth_holdout,325,train,258.9
depth_holdout,326,train,259.22
depth_holdout,327,train,259.54
depth_holdout,328,train,259.85
depth_holdout,329,train,260.17
depth_holdout,330,train,260.48
depth_holdout,331,train,260.8
depth_holdout,332,train,261.1
depth_holdout,333,train,261.41
depth_holdout,334,train,261.73
depth_holdout,335,train,262.05
depth_holdout,336,train,262.36
depth_holdout,337,train,262.67
depth_holdout,338,train,262.98
depth_holdout,339,train,263.29
depth_holdout,340,train,263.6
depth_holdout,341,train,263.91
depth_holdout,342,train,264.22
depth_holdout,343,train,264.54
depth_holdout,344,train,264.84
depth_holdout,345,train,265.15
depth_holdout,346,train,265.46
depth_holdout,347,train,265.78
depth_holdout,348,train,266.08
depth_holdout,349,train,266.39
depth_holdout,350,train,266.71
depth_holdout,351,train,267.03
depth_holdout,352,train,267.34
depth_holdout,353,train,267.65
depth_holdout,354,train,267.95
depth_holdout,355,train,268.26
depth_holdout,356,train,268.57
depth_holdout,357,train,268.88
depth_holdout,358,train,269.2
depth_holdout,359,train,269.51
depth_holdout,360,train,269.82
depth_holdout,361,train,270.14
depth_holdout,362,train,270.46
depth_holdout,363,train,270.77
depth_holdout,364,train,271.08
depth_holdout,365,train,271.39
depth_holdout,366,train,271.7
depth_holdout,367,train,272.01
depth_holdout,368,train,272.32
depth_holdout,369,train,272.63
depth_holdout,370,train,272.94
depth_holdout,371,train,273.26
depth_holdout,372,train,273.57
depth_holdout,373,train,273.88
depth_holdout,374,train,274.19
depth_holdout,375,train,274.5
depth_holdout,376,train,274.82
depth_holdout,377,train,275.13
depth_holdout,378,train,275.44
depth_holdout,379,train,275.75
depth_holdout,380,train,276.07
depth_holdout,381,train,276.38
depth_holdout,382,train,276.7
depth_holdout,383,train,277.01
depth_holdout,384,train,277.31
depth_holdout,385,train,277.63
depth_holdout,386,train,277.94
depth_holdout,387,train,278.25
depth_holdout,388,train,278.57
depth_holdout,389,train,278.88
depth_holdout,390,train,279.2
depth_holdout,391,train,279.51
depth_holdout,392,train,279.82
depth_holdout,393,train,280.12
depth_holdout,394,train,280.44
depth_holdout,395,train,280.75
depth_holdout,396,train,281.06
depth_holdout,397,train,281.38
depth_holdout,398,train,281.69
depth_holdout,399,train,282.0
depth_holdout,400,train,282.32
depth_holdout,401,train,282.62
depth_holdout,402,train,282.94
depth_holdout,403,train,283.25
depth_holdout,404,train,283.56
depth_holdout,405,train,283.86
depth_holdout,406,train,284.18
depth_holdout,407,train,284.49
depth_holdout,408,train,284.8
depth_holdout,409,train,285.11
depth_holdout,410,train,285.42
depth_holdout,411,train,285.73
depth_holdout,412,train,286.04
depth_holdout,413,train,286.36
depth_holdout,414,train,286.67
depth_holdout,415,train,286.98
depth_holdout,416,train,287.28
depth_holdout,417,train,287.6
depth_holdout,418,train,287.91
depth_holdout,419,train,288.22
depth_holdout,420,train,288.54
depth_holdout,421,train,288.85
depth_holdout,422,train,289.16
depth_holdout,423,train,289.48
depth_holdout,424,train,289.79
depth_holdout,425,train,290.11
depth_holdout,426,train,290.42
depth_holdout,427,train,290.74
depth_holdout,428,train,291.05
depth_holdout,429,train,291.37
depth_holdout,430,train,291.69
depth_holdout,431,train,292.0
depth_holdout,432,train,292.31
depth_holdout,433,train,292.63
depth_holdout,434,train,292.94
depth_holdout,435,train,293.26
depth_holdout,436,train,293.57
depth_holdout,437,train,293.88
depth_holdout,438,train,294.19
depth_holdout,439,train,294.5
depth_holdout,440,train,294.81
depth_holdout,441,train,295.12
depth_holdout,442,train,295.43
depth_holdout,443,train,295.75
depth_holdout,444,train,296.06
depth_holdout,445,train,296.37
depth_holdout,446,train,296.68
depth_holdout,447,train,296.99
depth_holdout,448,train,297.3
depth_holdout,449,train,297.61
depth_holdout,450,train,297.92
depth_holdout,451,train,298.24
depth_holdout,452,train,298.54
depth_holdout,453,train,298.85
depth_holdout,454,train,299.16
depth_holdout,455,train,299.48
depth_holdout,456,train,299.79
depth_holdout,457,train,300.1
depth_holdout,458,train,300.42
depth_holdout,459,train,300.73
depth_holdout,460,train,301.04
depth_holdout,461,train,301.36
depth_holdout,462,train,301.68
depth_holdout,463,train,301.99
depth_holdout,464,train,302.3
depth_holdout,465,train,302.62
depth_holdout,466,train,302.93
depth_holdout,467,train,303.24
depth_holdout,468,train,303.55
depth_holdout,469,train,303.86
depth_holdout,470,train,304.18
depth_holdout,471,train,304.48
depth_holdout,472,train,304.79
depth_holdout,473,train,305.12
depth_holdout,474,train,305.43
depth_holdout,475,train,305.75
depth_holdout,476,train,306.06
depth_holdout,477,train,306.38
depth_holdout,478,train,306.69
depth_holdout,479,train,307.0
depth_holdout,480,train,307.31
depth_holdout,481,train,307.63
depth_holdout,482,train,307.95
depth_holdout,483,train,308.25
depth_holdout,484,train,308.57
depth_holdout,485,train,308.88
depth_holdout,486,train,309.2
depth_holdout,487,train,309.51
depth_holdout,488,train,309.82
depth_holdout,489,train,310.13
depth_holdout,490,train,310.45
depth_holdout,491,train,310.76
depth_holdout,492,train,311.07
depth_holdout,493,train,311.39
depth_holdout,494,train,311.69
depth_holdout,495,train,312.01
depth_holdout,496,train,312.33
depth_holdout,497,train,312.64
depth_holdout,498,train,312.95
depth_holdout,499,train,313.27
depth_holdout,500,train,313.58
depth_holdout,501,train,313.89
depth_holdout,502,train,314.21
depth_holdout,503,train,314.52
depth_holdout,504,train,314.83
depth_holdout,505,train,315.14
depth_holdout,506,train,315.46
depth_holdout,507,train,315.77
depth_holdout,508,train,316.08
depth_holdout,509,train,316.39
depth_holdout,510,train,316.72
depth_holdout,511,train,317.03
depth_holdout,512,train,317.34
depth_holdout,513,train,317.65
depth_holdout,514,train,317.96
depth_holdout,515,train,318.28
depth_holdout,516,train,318.59
depth_holdout,517,train,318.9
depth_holdout,518,train,319.22
depth_holdout,519,train,319.53
depth_holdout,520,train,319.85
depth_holdout,521,train,320.16
depth_holdout,522,train,320.47
depth_holdout,523,train,320.79
depth_holdout,524,train,321.1
depth_holdout,525,train,321.41
depth_holdout,526,train,321.72
depth_holdout,527,train,322.03
depth_holdout,528,train,322.34
depth_holdout,529,train,322.65
depth_holdout,530,train,322.96
depth_holdout,531,train,323.27
depth_holdout,532,train,323.59
depth_holdout,533,train,323.91
depth_holdout,534,train,324.22
depth_holdout,535,train,324.53
depth_holdout,536,train,324.85
depth_holdout,537,train,325.16
depth_holdout,538,train,325.47
depth_holdout,539,train,325.78
depth_holdout,540,train,326.09
depth_holdout,541,train,326.4
depth_holdout,542,train,326.71
depth_holdout,543,train,327.02
depth_holdout,544,train,327.33
depth_holdout,545,train,327.64
depth_holdout,546,train,327.95
depth_holdout,547,train,328.27
depth_holdout,548,train,328.59
depth_holdout,549,train,328.9
depth_holdout,550,train,329.21
depth_holdout,551,train,329.53
depth_holdout,552,train,329.84
depth_holdout,553,train,330.16
depth_holdout,554,train,330.47
depth_holdout,555,train,330.78
depth_holdout,556,train,331.1
depth_holdout,557,train,331.41
depth_holdout,558,train,331.73
depth_holdout,559,train,332.05
depth_holdout,560,train,332.36
depth_holdout,561,train,332.67
depth_holdout,562,train,332.98
depth_holdout,563,train,333.29
depth_holdout,564,train,333.61
depth_holdout,565,train,333.94
depth_holdout,566,train,334.27
depth_holdout,567,train,334.59
depth_holdout,568,train,334.93
depth_holdout,569,train,335.25
depth_holdout,570,train,335.56
depth_holdout,571,train,335.87
depth_holdout,572,train,336.18
depth_holdout,573,train,336.5
depth_holdout,574,train,336.81
depth_holdout,575,train,337.12
depth_holdout,576,train,337.43
depth_holdout,577,train,337.76
depth_holdout,578,train,338.07
depth_holdout,579,train,338.39
depth_holdout,580,train,338.71
depth_holdout,581,train,339.04
depth_holdout,582,train,339.35
depth_holdout,583,train,339.67
depth_holdout,584,train,339.99
depth_holdout,585,train,340.33
depth_holdout,586,train,340.66
depth_holdout,587,train,341.01
depth_holdout,588,train,341.34
depth_holdout,589,train,341.65
depth_holdout,590,train,341.96
depth_holdout,591,train,342.27
depth_holdout,592,train,342.58
depth_holdout,593,train,342.9
depth_holdout,594,train,343.22
depth_holdout,595,train,343.53
depth_holdout,596,train,343.84
depth_holdout,597,train,344.15
depth_holdout,598,train,344.47
depth_holdout,599,train,344.77
depth_holdout,600,train,344.77
depth_holdout,601,train,345.08
depth_holdout,602,train,345.4
depth_holdout,603,train,345.71
depth_holdout,604,train,346.03
depth_holdout,605,train,346.34
depth_holdout,606,train,346.65
depth_holdout,607,train,346.96
depth_holdout,608,train,347.27
depth_holdout,609,train,347.58
depth_holdout,610,train,347.91
depth_holdout,611,train,348.22
depth_holdout,612,train,348.54
depth_holdout,613,train,348.85
depth_holdout,614,train,349.16
depth_holdout,615,train,349.48
depth_holdout,616,train,349.79
depth_holdout,617,train,350.1
depth_holdout,618,train,350.41
depth_holdout,619,train,350.73
depth_holdout,620,train,351.04
depth_holdout,621,train,351.35
depth_holdout,622,train,351.66
depth_holdout,623,train,351.98
depth_holdout,624,train,352.29
depth_holdout,625,train,352.61
depth_holdout,626,train,352.93
depth_holdout,627,train,353.24
depth_holdout,628,train,353.55
depth_holdout,629,train,353.86
depth_holdout,630,train,354.18
depth_holdout,631,train,354.49
depth_holdout,632,train,354.8
depth_holdout,633,train,355.11
depth_holdout,634,train,355.43
depth_holdout,635,train,355.74
depth_holdout,636,train,356.04
depth_holdout,637,train,356.35
depth_holdout,638,train,356.67
depth_holdout,639,train,356.98
depth_holdout,640,train,357.29
depth_holdout,641,train,357.6
depth_holdout,642,train,357.91
depth_holdout,643,train,358.23
depth_holdout,644,train,358.55
depth_holdout,645,train,358.85
depth_holdout,646,train,359.16
depth_holdout,647,train,359.48
depth_holdout,648,train,359.79
depth_holdout,649,train,360.1
depth_holdout,650,train,360.42
depth_holdout,651,train,360.73
depth_holdout,652,train,361.04
depth_holdout,653,train,361.35
depth_holdout,654,train,361.67
depth_holdout,655,train,361.98
depth_holdout,656,train,362.29
depth_holdout,657,train,362.6
depth_holdout,658,train,362.91
depth_holdout,659,train,363.22
depth_holdout,660,train,363.54
depth_holdout,661,train,363.84
depth_holdout,662,train,364.15
depth_holdout,663,train,364.46
depth_holdout,664,train,364.77
depth_holdout,665,train,365.09
depth_holdout,666,train,365.4
depth_holdout,667,train,365.71
depth_holdout,668,train,366.02
depth_holdout,669,train,366.33
depth_holdout,670,train,366.64
depth_holdout,671,train,366.95
depth_holdout,672,train,367.26
depth_holdout,673,train,367.57
depth_holdout,674,train,367.88
depth_holdout,675,train,368.2
depth_holdout,676,train,368.51
depth_holdout,677,train,368.81
depth_holdout,678,train,369.13
depth_holdout,679,train,369.45
depth_holdout,680,train,369.76
depth_holdout,681,train,370.07
depth_holdout,682,train,370.39
depth_holdout,683,train,370.7
depth_holdout,684,train,371.01
depth_holdout,685,train,371.32
depth_holdout,686,train,371.63
depth_holdout,687,train,371.94
depth_holdout,688,train,372.26
depth_holdout,689,train,372.57
depth_holdout,690,train,372.88
depth_holdout,691,train,373.19
depth_holdout,692,train,373.5
depth_holdout,693,train,373.81
depth_holdout,694,train,374.12
depth_holdout,695,train,374.43
depth_holdout,696,train,374.74
depth_holdout,697,train,375.05
depth_holdout,698,train,375.37
depth_holdout,699,train,375.68
depth_holdout,700,train,375.99
depth_holdout,701,train,376.3
depth_holdout,702,train,376.61
depth_holdout,703,train,376.92
depth_holdout,704,train,377.23
depth_holdout,705,train,377.54
depth_holdout,706,train,377.85
depth_holdout,707,train,378.17
depth_holdout,708,train,378.48
depth_holdout,709,train,378.8
depth_holdout,710,train,379.11
depth_holdout,711,train,379.42
depth_holdout,712,train,379.73
depth_holdout,713,train,380.05
depth_holdout,714,train,380.36
depth_holdout,715,train,380.67
depth_holdout,716,train,380.98
depth_holdout,717,train,381.29
depth_holdout,718,train,381.6
depth_holdout,719,train,381.91
depth_holdout,720,train,382.22
depth_holdout,721,train,382.54
depth_holdout,722,train,382.85
depth_holdout,723,train,383.16
depth_holdout,724,train,383.47
depth_holdout,725,train,383.77
depth_holdout,726,train,384.08
depth_holdout,727,train,384.4
depth_holdout,728,train,384.71
depth_holdout,729,train,385.02
depth_holdout,730,train,385.33
depth_holdout,731,train,385.65
depth_holdout,732,train,385.96
depth_holdout,733,train,386.28
depth_holdout,734,train,386.6
depth_holdout,735,train,386.91
depth_holdout,736,train,387.22
depth_holdout,737,train,387.54
depth_holdout,738,train,387.85
depth_holdout,739,train,388.16
depth_holdout,740,train,388.48
depth_holdout,741,train,388.79
depth_holdout,742,train,389.1
depth_holdout,743,train,389.41
depth_holdout,744,train,389.73
depth_holdout,745,train,390.04
depth_holdout,746,train,390.36
depth_holdout,747,train,390.67
depth_holdout,748,train,390.98
depth_holdout,749,train,391.29
depth_holdout,750,train,391.6
depth_holdout,751,train,391.91
depth_holdout,752,train,392.22
depth_holdout,753,train,392.54
depth_holdout,754,train,392.85
depth_holdout,755,train,393.16
depth_holdout,756,train,393.47
depth_holdout,757,train,393.79
depth_holdout,758,train,394.11
depth_holdout,759,train,394.42
depth_holdout,760,train,394.73
depth_holdout,761,train,395.05
depth_holdout,762,train,395.36
depth_holdout,763,train,395.67
depth_holdout,764,train,395.98
depth_holdout,765,train,396.29
depth_holdout,766,train,396.6
depth_holdout,767,train,396.91
depth_holdout,768,train,397.23
depth_holdout,769,train,397.54
depth_holdout,770,train,397.85
depth_holdout,771,train,398.16
depth_holdout,772,train,398.47
depth_holdout,773,train,398.79
depth_holdout,774,train,399.11
depth_holdout,775,train,399.41
depth_holdout,776,train,399.73
depth_holdout,777,train,400.04
depth_holdout,778,train,400.35
depth_holdout,779,train,400.66
depth_holdout,780,train,400.98
depth_holdout,781,train,401.29
depth_holdout,782,train,401.6
depth_holdout,783,train,401.92
depth_holdout,784,train,402.23
depth_holdout,785,train,402.54
depth_holdout,786,train,402.85
depth_holdout,787,train,403.16
depth_holdout,788,train,403.47
depth_holdout,789,train,403.81
depth_holdout,790,train,404.12
depth_holdout,791,train,404.43
depth_holdout,792,train,404.76
depth_holdout,793,train,405.08
depth_holdout,794,train,405.39
depth_holdout,795,train,405.7
depth_holdout,796,train,406.02
depth_holdout,797,train,406.33
depth_holdout,798,train,406.65
depth_holdout,799,train,406.96
depth_holdout,800,train,407.27
depth_holdout,801,train,407.58
depth_holdout,802,train,407.89
depth_holdout,803,train,408.2
depth_holdout,804,train,408.51
depth_holdout,805,train,408.83
depth_holdout,806,train,409.14
depth_holdout,807,train,409.45
depth_holdout,808,train,409.8
depth_holdout,809,train,410.1
depth_holdout,810,train,410.41
depth_holdout,811,train,410.74
depth_holdout,812,train,411.05
depth_holdout,813,train,411.37
depth_holdout,814,train,411.68
depth_holdout,815,train,412.01
depth_holdout,816,train,412.32
depth_holdout,817,train,412.63
depth_holdout,818,train,412.94
depth_holdout,819,train,413.25
depth_holdout,820,train,413.56
depth_holdout,821,train,413.88
depth_holdout,822,train,414.19
depth_holdout,823,train,414.5
depth_holdout,824,train,414.83
depth_holdout,825,train,415.14
depth_holdout,826,train,415.45
depth_holdout,827,train,415.76
depth_holdout,828,train,416.09
depth_holdout,829,train,416.41
depth_holdout,830,train,416.71
depth_holdout,831,train,417.03
depth_holdout,832,train,417.34
depth_holdout,833,train,417.65
depth_holdout,834,train,417.96
depth_holdout,835,train,418.28
depth_holdout,836,train,418.6
depth_holdout,837,train,418.91
depth_holdout,838,train,418.91
depth_holdout,839,train,419.23
depth_holdout,840,train,419.56
depth_holdout,841,train,419.86
depth_holdout,842,train,420.17
depth_holdout,843,train,420.48
depth_holdout,844,train,420.8
depth_holdout,845,train,421.12
depth_holdout,846,train,421.43
depth_holdout,847,train,421.74
depth_holdout,848,train,422.06
depth_holdout,849,train,422.38
depth_holdout,850,train,422.69
depth_holdout,851,train,423.01
depth_holdout,852,train,423.32
depth_holdout,853,train,423.63
depth_holdout,854,train,423.93
depth_holdout,855,train,424.25
depth_holdout,856,train,424.56
depth_holdout,857,train,424.87
depth_holdout,858,train,425.19
depth_holdout,859,train,425.5
depth_holdout,860,train,425.82
depth_holdout,861,train,426.15
depth_holdout,862,train,426.47
depth_holdout,863,train,426.78
depth_holdout,864,train,427.09
depth_holdout,865,train,427.4
depth_holdout,866,train,427.71
depth_holdout,867,train,428.02
depth_holdout,868,train,428.33
depth_holdout,869,train,428.64
depth_holdout,870,train,428.95
depth_holdout,871,train,429.27
depth_holdout,872,train,429.58
depth_holdout,873,train,429.88
depth_holdout,874,train,430.2
depth_holdout,875,train,430.51
depth_holdout,876,train,430.82
depth_holdout,877,train,431.13
depth_holdout,878,train,431.44
depth_holdout,879,train,431.75
depth_holdout,880,train,432.06
depth_holdout,881,train,432.37
depth_holdout,882,train,432.68
depth_holdout,883,train,432.99
depth_holdout,884,train,433.29
depth_holdout,885,train,433.61
depth_holdout,886,train,433.92
depth_holdout,887,train,434.24
depth_holdout,888,train,434.55
depth_holdout,889,train,434.86
depth_holdout,890,train,435.17
depth_holdout,891,train,435.48
depth_holdout,892,train,435.79
depth_holdout,893,train,436.1
depth_holdout,894,train,436.42
depth_holdout,895,train,436.73
depth_holdout,896,train,437.04
depth_holdout,897,train,437.35
depth_holdout,898,train,437.66
depth_holdout,899,train,437.97
depth_holdout,900,train,438.29
depth_holdout,901,train,438.6
depth_holdout,902,train,438.91
depth_holdout,903,train,439.22
depth_holdout,904,train,439.53
depth_holdout,905,train,439.84
depth_holdout,906,train,440.15
depth_holdout,907,train,440.46
depth_holdout,908,train,440.77
depth_holdout,909,train,441.09
depth_holdout,910,train,441.39
depth_holdout,911,train,441.71
depth_holdout,912,train,442.02
depth_holdout,913,train,442.33
depth_holdout,914,train,442.64
depth_holdout,915,train,442.95
depth_holdout,916,train,443.26
depth_holdout,917,train,443.57
depth_holdout,918,train,443.88
depth_holdout,919,train,444.19
depth_holdout,920,train,444.5
depth_holdout,921,train,444.81
depth_holdout,922,train,445.12
depth_holdout,923,train,445.43
depth_holdout,924,train,445.74
depth_holdout,925,train,446.05
depth_holdout,926,train,446.36
depth_holdout,927,train,446.67
depth_holdout,928,train,446.98
depth_holdout,929,train,447.29
depth_holdout,930,train,447.6
depth_holdout,931,train,447.91
depth_holdout,932,train,448.22
depth_holdout,933,train,448.53
depth_holdout,934,train,448.84
depth_holdout,935,train,449.15
depth_holdout,936,train,449.46
depth_holdout,937,train,449.77
depth_holdout,938,train,450.08
depth_holdout,939,train,450.39
depth_holdout,940,train,450.7
depth_holdout,941,train,451.01
depth_holdout,942,train,451.32
depth_holdout,943,train,451.63
depth_holdout,944,train,451.94
depth_holdout,945,train,452.25
depth_holdout,946,train,452.57
depth_holdout,947,train,452.88
depth_holdout,948,train,453.19
depth_holdout,949,train,453.5
depth_holdout,950,train,453.81
depth_holdout,951,train,454.12
depth_holdout,952,train,454.43
depth_holdout,953,train,454.75
depth_holdout,954,train,455.06
depth_holdout,955,train,455.37
depth_holdout,956,train,455.69
depth_holdout,957,train,456.0
depth_holdout,958,train,456.32
depth_holdout,959,train,456.64
depth_holdout,960,train,456.95
depth_holdout,961,train,457.26
depth_holdout,962,train,457.57
depth_holdout,963,train,457.88
depth_holdout,964,train,458.19
depth_holdout,965,train,458.5
depth_holdout,966,train,458.81
depth_holdout,967,train,459.13
depth_holdout,968,train,459.44
depth_holdout,969,train,459.75
depth_holdout,970,train,460.06
depth_holdout,971,train,460.37
depth_holdout,972,train,460.68
depth_holdout,973,train,460.99
depth_holdout,974,train,461.3
depth_holdout,975,train,461.61
depth_holdout,976,train,461.61
depth_holdout,977,train,461.92
depth_holdout,978,train,462.23
depth_holdout,979,train,462.54
depth_holdout,980,train,462.86
depth_holdout,981,train,463.17
depth_holdout,982,train,463.48
depth_holdout,983,train,463.79
depth_holdout,984,train,464.1
depth_holdout,985,train,464.41
depth_holdout,986,train,464.72
depth_holdout,987,train,465.03
depth_holdout,988,train,465.34
depth_holdout,989,train,465.65
depth_holdout,990,train,465.96
depth_holdout,991,train,466.27
depth_holdout,992,train,466.58
depth_holdout,993,train,466.89
depth_holdout,994,train,467.21
depth_holdout,995,train,467.52
depth_holdout,996,train,467.84
depth_holdout,997,train,468.15
depth_holdout,998,train,468.45
depth_holdout,999,train,468.77
depth_holdout,1000,train,469.09
depth_holdout,1001,train,469.4
depth_holdout,1002,train,469.71
depth_holdout,1003,train,470.02
depth_holdout,1004,train,470.33
depth_holdout,1005,train,470.65
depth_holdout,1006,train,470.96
depth_holdout,1007,train,471.28
depth_holdout,1008,train,471.58
depth_holdout,1009,train,471.9
depth_holdout,1010,train,472.21
depth_holdout,1011,train,472.52
depth_holdout,1012,train,472.83
depth_holdout,1013,train,473.14
depth_holdout,1014,train,473.45
depth_holdout,1015,train,473.76
depth_holdout,1016,train,474.07
depth_holdout,1017,train,474.38
depth_holdout,1018,train,474.69
depth_holdout,1019,train,475.0
depth_holdout,1020,train,475.32
depth_holdout,1021,train,475.63
depth_holdout,1022,train,475.94
depth_holdout,1023,train,476.25
depth_holdout,1024,train,476.57
depth_holdout,1025,train,476.88
depth_holdout,1026,train,477.19
depth_holdout,1027,train,477.51
depth_holdout,1028,train,477.81
depth_holdout,1029,train,478.13
depth_holdout,1030,train,478.44
depth_holdout,1031,train,478.74
depth_holdout,1032,train,479.06
depth_holdout,1033,train,479.37
depth_holdout,1034,train,479.67
depth_holdout,1035,train,479.99
depth_holdout,1036,train,480.31
depth_holdout,1037,train,480.62
depth_holdout,1038,train,480.93
depth_holdout,1039,train,481.24
depth_holdout,1040,train,481.55
depth_holdout,1041,train,481.86
depth_holdout,1042,train,482.17
depth_holdout,1043,train,482.48
depth_holdout,1044,train,482.79
depth_holdout,1045,train,483.1
depth_holdout,1046,train,483.41
depth_holdout,1047,train,483.72
depth_holdout,1048,train,484.03
depth_holdout,1049,train,484.34
depth_holdout,1050,train,484.65
depth_holdout,1051,train,484.96
depth_holdout,1052,train,485.28
depth_holdout,1053,train,485.59
depth_holdout,1054,train,485.9
depth_holdout,1055,train,486.21
depth_holdout,1056,train,486.52
depth_holdout,1057,train,486.83
depth_holdout,1058,train,487.14
depth_holdout,1059,train,487.45
depth_holdout,1060,train,487.76
depth_holdout,1061,train,488.06
depth_holdout,1062,train,488.38
depth_holdout,1063,train,488.68
depth_holdout,1064,train,488.99
depth_holdout,1065,train,489.31
depth_holdout,1066,train,489.61
depth_holdout,1067,train,489.92
depth_holdout,1068,train,490.24
depth_holdout,1069,train,490.55
depth_holdout,1070,train,490.85
depth_holdout,1071,train,491.16
depth_holdout,1072,train,491.47
depth_holdout,1073,train,491.78
depth_holdout,1074,train,492.09
depth_holdout,1075,train,492.4
depth_holdout,1076,train,492.71
depth_holdout,1077,train,493.02
depth_holdout,1078,train,493.33
depth_holdout,1079,train,493.64
depth_holdout,1080,train,493.95
depth_holdout,1081,train,494.26
depth_holdout,1082,train,494.57
depth_holdout,1083,train,494.88
depth_holdout,1084,train,495.19
depth_holdout,1085,train,495.5
depth_holdout,1086,train,495.81
depth_holdout,1087,train,496.12
depth_holdout,1088,train,496.43
depth_holdout,1089,train,496.74
depth_holdout,1090,train,497.06
depth_holdout,1091,train,497.37
depth_holdout,1092,train,497.68
depth_holdout,1093,train,497.99
depth_holdout,1094,train,498.3
depth_holdout,1095,train,498.61
depth_holdout,1096,train,498.92
depth_holdout,1097,train,499.23
depth_holdout,1098,train,499.54
depth_holdout,1099,train,499.85
depth_holdout,1100,train,500.16
depth_holdout,1101,train,500.47
depth_holdout,1102,train,500.78
depth_holdout,1103,train,501.09
depth_holdout,1104,train,501.4
depth_holdout,1105,train,501.71
depth_holdout,1106,train,502.02
depth_holdout,1107,train,502.33
depth_holdout,1108,train,502.64
depth_holdout,1109,train,502.96
depth_holdout,1110,train,503.27
depth_holdout,1111,train,503.58
depth_holdout,1112,train,503.9
depth_holdout,1113,train,504.21
depth_holdout,1114,train,504.52
depth_holdout,1115,train,504.84
depth_holdout,1116,train,505.15
depth_holdout,1117,train,505.47
depth_holdout,1118,train,505.78
depth_holdout,1119,train,506.09
depth_holdout,1120,train,506.4
depth_holdout,1121,train,506.71
depth_holdout,1122,train,507.02
depth_holdout,1123,train,507.33
depth_holdout,1124,train,507.64
depth_holdout,1125,train,507.95
depth_holdout,1126,train,508.27
depth_holdout,1127,train,508.58
depth_holdout,1128,train,508.89
depth_holdout,1129,train,509.2
depth_holdout,1130,train,509.51
depth_holdout,1131,train,509.82
depth_holdout,1132,train,510.13
depth_holdout,1133,train,510.44
depth_holdout,1134,train,510.75
depth_holdout,1135,train,511.06
depth_holdout,1136,train,511.37
depth_holdout,1137,train,511.69
depth_holdout,1138,train,512.0
depth_holdout,1139,train,512.31
depth_holdout,1140,train,512.62
depth_holdout,1141,train,512.93
depth_holdout,1142,train,513.24
depth_holdout,1143,train,513.55
depth_holdout,1144,train,513.86
depth_holdout,1145,train,514.18
depth_holdout,1146,train,514.49
depth_holdout,1147,train,514.79
depth_holdout,1148,train,515.11
depth_holdout,1149,train,515.42
depth_holdout,1150,train,515.72
depth_holdout,1151,train,516.03
depth_holdout,1152,train,516.35
depth_holdout,1153,train,516.65
depth_holdout,1154,train,516.96
depth_holdout,1155,train,517.27
depth_holdout,1156,train,517.58
depth_holdout,1157,train,517.89
depth_holdout,1158,train,518.2
depth_holdout,1159,train,518.51
depth_holdout,1160,train,518.82
depth_holdout,1161,train,519.13
depth_holdout,1162,train,519.44
depth_holdout,1163,train,519.75
depth_holdout,1164,train,520.06
depth_holdout,1165,train,520.37
depth_holdout,1166,train,520.68
depth_holdout,1167,train,520.99
depth_holdout,1168,train,521.3
depth_holdout,1169,train,521.61
depth_holdout,1170,train,521.92
depth_holdout,1171,train,522.22
depth_holdout,1172,train,522.54
depth_holdout,1173,train,522.85
depth_holdout,1174,train,523.15
depth_holdout,1175,train,523.47
depth_holdout,1176,train,523.78
depth_holdout,1177,train,524.08
depth_holdout,1178,train,524.4
depth_holdout,1179,train,524.71
depth_holdout,1180,train,525.01
depth_holdout,1181,train,525.32
depth_holdout,1182,train,525.64
depth_holdout,1183,train,525.95
depth_holdout,1184,train,526.26
depth_holdout,1185,train,526.57
depth_holdout,1186,train,526.88
depth_holdout,1187,train,527.19
depth_holdout,1188,train,527.5
depth_holdout,1189,train,527.81
depth_holdout,1190,train,528.12
depth_holdout,1191,train,528.44
depth_holdout,1192,train,528.74
depth_holdout,1193,train,529.06
depth_holdout,1194,train,529.38
depth_holdout,1195,train,529.68
depth_holdout,1196,train,529.99
depth_holdout,1197,train,530.3
depth_holdout,1198,train,530.61
depth_holdout,1199,train,530.92
depth_holdout,1200,train,531.23
depth_holdout,1201,train,531.54
depth_holdout,1202,train,531.85
depth_holdout,1203,train,532.17
depth_holdout,1204,train,532.48
depth_holdout,1205,train,532.79
depth_holdout,1206,train,533.11
depth_holdout,1207,train,533.41
depth_holdout,1208,train,533.72
depth_holdout,1209,train,534.04
depth_holdout,1210,train,534.34
depth_holdout,1211,train,534.65
depth_holdout,1212,train,534.96
depth_holdout,1213,train,535.27
depth_holdout,1214,train,535.58
depth_holdout,1215,train,535.89
depth_holdout,1216,train,536.2
depth_holdout,1217,train,536.51
depth_holdout,1218,train,536.82
depth_holdout,1219,train,537.14
depth_holdout,1220,train,537.45
depth_holdout,1221,train,537.76
depth_holdout,1222,train,538.07
depth_holdout,1223,train,538.38
depth_holdout,1224,train,538.69
depth_holdout,1225,train,539.0
depth_holdout,1226,train,539.31
depth_holdout,1227,train,539.62
depth_holdout,1228,train,539.93
depth_holdout,1229,train,540.24
depth_holdout,1230,train,540.56
depth_holdout,1231,train,540.87
depth_holdout,1232,train,541.18
depth_holdout,1233,train,541.49
depth_holdout,1234,train,541.8
depth_holdout,1235,train,542.12
depth_holdout,1236,train,542.43
depth_holdout,1237,train,542.74
depth_holdout,1238,train,543.05
depth_holdout,1239,train,543.36
depth_holdout,1240,train,543.67
depth_holdout,1241,train,543.98
depth_holdout,1242,train,544.29
depth_holdout,1243,train,544.6
depth_holdout,1244,train,544.91
depth_holdout,1245,train,545.22
depth_holdout,1246,train,545.53
depth_holdout,1247,train,545.84
depth_holdout,1248,train,546.15
depth_holdout,1249,train,546.46
depth_holdout,1250,train,546.77
depth_holdout,1251,train,547.08
depth_holdout,1252,train,547.38
depth_holdout,1253,train,547.7
depth_holdout,1254,train,548.0
depth_holdout,1255,train,548.31
depth_holdout,1256,train,548.62
depth_holdout,1257,train,548.93
depth_holdout,1258,train,549.24
depth_holdout,1259,train,549.56
depth_holdout,1260,train,549.87
depth_holdout,1261,train,550.18
depth_holdout,1262,train,550.49
depth_holdout,1263,train,550.8
depth_holdout,1264,train,551.11
depth_holdout,1265,train,551.42
depth_holdout,1266,train,551.73
depth_holdout,1267,train,552.04
depth_holdout,1268,train,552.35
depth_holdout,1269,train,552.65
depth_holdout,1270,train,552.97
depth_holdout,1271,train,553.28
depth_holdout,1272,train,553.59
depth_holdout,1273,train,553.9
depth_holdout,1274,train,554.22
depth_holdout,1275,train,554.53
depth_holdout,1276,train,554.84
depth_holdout,1277,train,555.15
depth_holdout,1278,train,555.46
depth_holdout,1279,train,555.78
depth_holdout,1280,train,556.09
depth_holdout,1281,train,556.4
depth_holdout,1282,train,556.72
depth_holdout,1283,train,557.03
depth_holdout,1284,train,557.34
depth_holdout,1285,train,557.65
depth_holdout,1286,train,557.96
depth_holdout,1287,train,558.27
depth_holdout,1288,train,558.58
depth_holdout,1289,train,558.89
depth_holdout,1290,train,559.21
depth_holdout,1291,train,559.52
depth_holdout,1292,train,559.84
depth_holdout,1293,train,560.14
depth_holdout,1294,train,560.46
depth_holdout,1295,train,560.77
depth_holdout,1296,train,561.08
depth_holdout,1297,train,561.39
depth_holdout,1298,train,561.7
depth_holdout,1299,train,562.01
depth_holdout,1300,train,562.32
depth_holdout,1301,train,562.63
depth_holdout,1302,train,562.94
depth_holdout,1303,train,563.26
depth_holdout,1304,train,563.57
depth_holdout,1305,train,563.89
depth_holdout,1306,train,564.2
depth_holdout,1307,train,564.51
depth_holdout,1308,train,564.83
depth_holdout,1309,train,565.14
depth_holdout,1310,train,565.46
depth_holdout,1311,train,565.76
depth_holdout,1312,train,566.07
depth_holdout,1313,train,566.39
depth_holdout,1314,train,566.71
depth_holdout,1315,train,567.02
depth_holdout,1316,train,567.35
depth_holdout,1317,train,568.01
depth_holdout,1318,train,568.32
depth_holdout,1319,train,568.63
depth_holdout,1320,train,568.94
depth_holdout,1321,train,569.25
depth_holdout,1322,train,569.56
depth_holdout,1323,train,569.87
depth_holdout,1324,train,570.18
depth_holdout,1325,train,570.49
depth_holdout,1326,train,570.8
depth_holdout,1327,train,571.11
depth_holdout,1328,train,571.42
depth_holdout,1329,train,571.73
depth_holdout,1330,train,572.04
depth_holdout,1331,train,572.35
depth_holdout,1332,train,572.66
depth_holdout,1333,train,572.97
depth_holdout,1334,train,573.29
depth_holdout,1335,train,573.59
depth_holdout,1336,train,573.9
depth_holdout,1337,train,574.22
depth_holdout,1338,train,574.53
depth_holdout,1339,train,574.84
depth_holdout,1340,train,575.15
depth_holdout,1341,train,575.46
depth_holdout,1342,train,575.78
depth_holdout,1343,train,576.09
depth_holdout,1344,train,576.39
depth_holdout,1345,train,576.71
depth_holdout,1346,train,577.02
depth_holdout,1347,train,577.32
depth_holdout,1348,train,577.63
depth_holdout,1349,train,577.94
depth_holdout,1350,train,578.26
depth_holdout,1351,train,578.57
depth_holdout,1352,train,578.88
depth_holdout,1353,train,579.19
depth_holdout,1354,train,579.5
depth_holdout,1355,train,579.81
depth_holdout,1356,train,580.12
depth_holdout,1357,train,580.43
depth_holdout,1358,train,580.75
depth_holdout,1359,train,581.06
depth_holdout,1360,train,581.38
depth_holdout,1361,train,581.69
depth_holdout,1362,train,582.0
depth_holdout,1363,train,582.0
depth_holdout,1364,train,582.32
depth_holdout,1365,train,582.63
depth_holdout,1366,train,582.94
depth_holdout,1367,train,583.25
depth_holdout,1368,train,583.56
depth_holdout,1369,train,583.88
depth_holdout,1370,train,584.19
depth_holdout,1371,train,584.5
depth_holdout,1372,train,584.81
depth_holdout,1373,train,585.12
depth_holdout,1374,train,585.43
depth_holdout,1375,train,585.74
depth_holdout,1376,train,586.05
depth_holdout,1377,train,586.35
depth_holdout,1378,train,586.67
depth_holdout,1379,train,586.98
depth_holdout,1380,train,587.29
depth_holdout,1381,train,587.6
depth_holdout,1382,train,587.91
depth_holdout,1383,train,588.22
depth_holdout,1384,train,588.53
depth_holdout,1385,train,589.15
depth_holdout,1386,train,589.46
depth_holdout,1387,train,589.77
depth_holdout,1388,train,590.09
depth_holdout,1389,train,590.4
depth_holdout,1390,train,590.72
depth_holdout,1391,train,591.03
depth_holdout,1392,train,591.34
depth_holdout,1393,train,591.65
depth_holdout,1394,train,591.96
depth_holdout,1395,train,592.28
depth_holdout,1396,train,592.59
depth_holdout,1397,train,592.9
depth_holdout,1398,train,593.22
depth_holdout,1399,train,593.53
depth_holdout,1400,train,593.83
depth_holdout,1401,train,594.15
depth_holdout,1402,train,594.46
depth_holdout,1403,train,594.77
depth_holdout,1404,train,595.08
depth_holdout,1405,train,595.39
depth_holdout,1406,train,595.7
depth_holdout,1407,train,596.02
depth_holdout,1408,train,596.33
depth_holdout,1409,train,596.64
depth_holdout,1410,train,596.95
depth_holdout,1411,train,597.27
depth_holdout,1412,train,597.58
depth_holdout,1413,train,597.89
depth_holdout,1414,train,598.2
depth_holdout,1415,train,598.52
depth_holdout,1416,train,598.84
depth_holdout,1417,train,599.15
depth_holdout,1418,train,599.46
depth_holdout,1419,train,599.77
depth_holdout,1420,train,600.08
depth_holdout,1421,train,600.39
depth_holdout,1422,train,600.7
depth_holdout,1423,train,601.01
depth_holdout,1424,train,601.32
depth_holdout,1425,train,601.63
depth_holdout,1426,train,601.94
depth_holdout,1427,train,602.25
depth_holdout,1428,train,602.57
depth_holdout,1429,train,602.89
depth_holdout,1430,train,603.2
depth_holdout,1431,train,603.51
depth_holdout,1432,train,604.14
depth_holdout,1433,train,604.45
depth_holdout,1434,train,604.79
depth_holdout,1435,train,605.1
depth_holdout,1436,train,605.41
depth_holdout,1437,train,605.73
depth_holdout,1438,train,606.04
depth_holdout,1439,train,606.36
depth_holdout,1440,train,606.67
depth_holdout,1441,train,607.0
depth_holdout,1442,train,607.31
depth_holdout,1443,train,607.62
depth_holdout,1444,train,607.92
depth_holdout,1445,train,608.24
depth_holdout,1446,train,608.54
depth_holdout,1447,train,608.85
depth_holdout,1448,train,609.16
depth_holdout,1449,train,609.16
depth_holdout,1450,train,609.48
depth_holdout,1451,train,609.79
depth_holdout,1452,train,610.1
depth_holdout,1453,train,610.41
depth_holdout,1454,train,610.73
depth_holdout,1455,train,611.03
depth_holdout,1456,train,611.34
depth_holdout,1457,train,611.65
depth_holdout,1458,train,611.96
depth_holdout,1459,train,612.27
depth_holdout,1460,train,612.58
depth_holdout,1461,train,612.89
depth_holdout,1462,train,613.2
depth_holdout,1463,train,613.51
depth_holdout,1464,train,613.82
depth_holdout,1465,train,614.13
depth_holdout,1466,train,614.44
depth_holdout,1467,train,614.75
depth_holdout,1468,train,615.06
depth_holdout,1469,train,615.37
depth_holdout,1470,train,615.68
depth_holdout,1471,train,615.99
depth_holdout,1472,train,616.3
depth_holdout,1473,train,616.61
depth_holdout,1474,train,616.92
depth_holdout,1475,train,617.23
depth_holdout,1476,train,617.54
depth_holdout,1477,train,617.85
depth_holdout,1478,train,618.16
depth_holdout,1479,train,618.47
depth_holdout,1480,train,618.79
depth_holdout,1481,train,619.1
depth_holdout,1482,train,619.41
depth_holdout,1483,train,619.72
depth_holdout,1484,train,620.03
depth_holdout,1485,train,620.34
depth_holdout,1486,train,620.65
depth_holdout,1487,train,620.96
depth_holdout,1488,train,621.26
depth_holdout,1489,train,621.58
depth_holdout,1490,train,621.88
depth_holdout,1491,train,622.2
depth_holdout,1492,train,622.51
depth_holdout,1493,train,622.82
depth_holdout,1494,train,623.13
depth_holdout,1495,train,623.44
depth_holdout,1496,train,623.75
depth_holdout,1497,train,624.07
depth_holdout,1498,train,624.38
depth_holdout,1499,train,624.69
depth_holdout,1500,train,625.01
depth_holdout,1501,train,625.32
depth_holdout,1502,train,625.64
depth_holdout,1503,train,625.95
depth_holdout,1504,train,626.26
depth_holdout,1505,train,626.56
depth_holdout,1506,train,626.87
depth_holdout,1507,train,627.18
depth_holdout,1508,train,627.49
depth_holdout,1509,train,627.79
depth_holdout,1510,train,628.1
depth_holdout,1511,train,628.4
depth_holdout,1512,train,628.7
depth_holdout,1513,train,629.01
depth_holdout,1514,train,629.31
depth_holdout,1515,train,629.63
depth_holdout,1516,train,629.93
depth_holdout,1517,train,630.24
depth_holdout,1518,train,630.55
depth_holdout,1519,train,630.86
depth_holdout,1520,train,631.17
depth_holdout,1521,train,631.47
depth_holdout,1522,train,631.78
depth_holdout,1523,train,632.4
depth_holdout,1524,train,632.7
depth_holdout,1525,train,633.01
depth_holdout,1526,train,633.32
depth_holdout,1527,train,633.63
depth_holdout,1528,train,633.93
depth_holdout,1529,train,634.25
depth_holdout,1530,train,634.56
depth_holdout,1531,train,634.87
depth_holdout,1532,train,635.18
depth_holdout,1533,train,635.49
depth_holdout,1534,train,635.79
depth_holdout,1535,train,636.1
depth_holdout,1536,train,636.42
depth_holdout,1537,train,636.72
depth_holdout,1538,train,637.03
depth_holdout,1539,train,637.33
depth_holdout,1540,train,637.63
depth_holdout,1541,train,637.94
depth_holdout,1542,train,638.25
depth_holdout,1543,train,638.56
depth_holdout,1544,train,638.87
depth_holdout,1545,train,639.18
depth_holdout,1546,train,639.49
depth_holdout,1547,train,639.79
depth_holdout,1548,train,640.1
depth_holdout,1549,train,640.4
depth_holdout,1550,train,640.71
depth_holdout,1551,train,641.02
depth_holdout,1552,train,641.33
depth_holdout,1553,train,641.64
depth_holdout,1554,train,641.95
depth_holdout,1555,train,642.26
depth_holdout,1556,train,642.58
depth_holdout,1557,train,642.89
depth_holdout,1558,train,643.2
depth_holdout,1559,train,643.51
depth_holdout,1560,train,643.82
depth_holdout,1561,train,644.13
depth_holdout,1562,train,644.43
depth_holdout,1563,train,644.74
depth_holdout,1564,train,645.04
depth_holdout,1565,train,645.36
depth_holdout,1566,train,645.67
depth_holdout,1567,train,645.98
depth_holdout,1568,train,646.28
depth_holdout,1569,train,646.59
depth_holdout,1570,train,646.92
depth_holdout,1571,train,647.24
depth_holdout,1572,train,647.56
depth_holdout,1573,train,647.88
depth_holdout,1574,train,648.2
depth_holdout,1575,train,648.52
depth_holdout,1576,train,648.84
depth_holdout,1577,train,649.14
depth_holdout,1578,train,649.45
depth_holdout,1579,train,649.76
depth_holdout,1580,train,650.07
depth_holdout,1581,train,650.37
depth_holdout,1582,train,650.68
depth_holdout,1583,train,650.98
depth_holdout,1584,train,651.29
depth_holdout,1585,train,651.6
depth_holdout,1586,train,651.93
depth_holdout,1587,train,652.24
depth_holdout,1588,train,652.55
depth_holdout,1589,train,652.86
depth_holdout,1590,train,653.16
depth_holdout,1591,train,653.47
depth_holdout,1592,train,653.77
depth_holdout,1593,train,654.08
depth_holdout,1594,train,654.38
depth_holdout,1595,train,654.69
depth_holdout,1596,train,655.0
depth_holdout,1597,train,655.3
depth_holdout,1598,train,655.61
depth_holdout,1599,train,655.92
depth_holdout,1600,train,656.23
depth_holdout,1601,train,656.53
depth_holdout,1602,train,656.84
depth_holdout,1603,train,657.14
depth_holdout,1604,train,657.45
depth_holdout,1605,train,657.75
depth_holdout,1606,train,658.06
depth_holdout,1607,train,658.37
depth_holdout,1608,train,658.69
depth_holdout,1609,train,659.01
depth_holdout,1610,train,659.32
depth_holdout,1611,train,659.62
depth_holdout,1612,train,659.93
depth_holdout,1613,train,660.24
depth_holdout,1614,train,660.55
depth_holdout,1615,train,660.86
depth_holdout,1616,train,661.17
depth_holdout,1617,train,661.49
depth_holdout,1618,train,661.8
depth_holdout,1619,train,662.11
depth_holdout,1620,train,662.41
depth_holdout,1621,train,662.72
depth_holdout,1622,train,663.03
depth_holdout,1623,train,663.34
depth_holdout,1624,train,663.65
depth_holdout,1625,train,663.96
depth_holdout,1626,train,664.26
depth_holdout,1627,train,664.57
depth_holdout,1628,train,664.9
depth_holdout,1629,train,665.22
depth_holdout,1630,train,665.53
depth_holdout,1631,train,666.59
depth_holdout,1632,train,666.89
depth_holdout,1633,train,667.22
depth_holdout,1634,train,667.53
depth_holdout,1635,train,667.84
depth_holdout,1636,train,668.15
depth_holdout,1637,train,668.45
depth_holdout,1638,train,668.76
depth_holdout,1639,train,669.07
depth_holdout,1640,train,669.38
depth_holdout,1641,train,669.69
depth_holdout,1642,train,669.99
depth_holdout,1643,train,670.31
depth_holdout,1644,train,670.61
depth_holdout,1645,train,670.92
depth_holdout,1646,train,671.22
depth_holdout,1647,train,671.53
depth_holdout,1648,train,671.84
depth_holdout,1649,train,672.15
depth_holdout,1650,train,672.45
depth_holdout,1651,train,672.76
depth_holdout,1652,train,673.06
depth_holdout,1653,train,673.36
depth_holdout,1654,train,673.67
depth_holdout,1655,train,673.98
depth_holdout,1656,train,674.28
depth_holdout,1657,train,674.59
depth_holdout,1658,train,674.89
depth_holdout,1659,train,675.2
depth_holdout,1660,train,675.51
depth_holdout,1661,train,675.81
depth_holdout,1662,train,676.12
depth_holdout,1663,train,676.43
depth_holdout,1664,train,676.74
depth_holdout,1665,train,677.04
depth_holdout,1666,train,677.35
depth_holdout,1667,train,677.65
depth_holdout,1668,train,677.96
depth_holdout,1669,train,678.27
depth_holdout,1670,train,678.58
depth_holdout,1671,train,678.89
depth_holdout,1672,train,679.2
depth_holdout,1673,train,679.5
depth_holdout,1674,train,679.81
depth_holdout,1675,train,680.11
depth_holdout,1676,train,680.42
depth_holdout,1677,train,680.73
depth_holdout,1678,train,681.04
depth_holdout,1679,train,681.34
depth_holdout,1680,train,681.65
depth_holdout,1681,train,681.95
depth_holdout,1682,train,682.26
depth_holdout,1683,train,682.57
depth_holdout,1684,train,682.87
depth_holdout,1685,train,683.18
depth_holdout,1686,train,683.48
depth_holdout,1687,train,683.79
depth_holdout,1688,train,684.09
depth_holdout,1689,train,684.4
depth_holdout,1690,train,684.7
depth_holdout,1691,train,685.0
depth_holdout,1692,train,685.31
depth_holdout,1693,train,685.63
depth_holdout,1694,train,685.94
depth_holdout,1695,train,686.25
depth_holdout,1696,train,686.56
depth_holdout,1697,train,686.86
depth_holdout,1698,train,687.17
depth_holdout,1699,train,687.47
depth_holdout,1700,train,687.78
depth_holdout,1701,train,688.1
depth_holdout,1702,train,688.4
depth_holdout,1703,train,688.7
depth_holdout,1704,train,689.02
depth_holdout,1705,train,689.32
depth_holdout,1706,train,689.63
depth_holdout,1707,train,689.94
depth_holdout,1708,train,690.24
depth_holdout,1709,train,690.55
depth_holdout,1710,train,690.85
depth_holdout,1711,train,691.16
depth_holdout,1712,train,691.48
depth_holdout,1713,train,691.79
depth_holdout,1714,train,692.09
depth_holdout,1715,train,692.4
depth_holdout,1716,train,692.71
depth_holdout,1717,train,693.01
depth_holdout,1718,train,693.32
depth_holdout,1719,train,693.63
depth_holdout,1720,train,693.93
depth_holdout,1721,train,694.24
depth_holdout,1722,train,694.54
depth_holdout,1723,train,694.85
depth_holdout,1724,train,695.15
depth_holdout,1725,train,695.46
depth_holdout,1726,train,695.77
depth_holdout,1727,train,696.07
depth_holdout,1728,train,696.38
depth_holdout,1729,train,696.69
depth_holdout,1730,train,697.0
depth_holdout,1731,train,697.31
depth_holdout,1732,train,697.62
depth_holdout,1733,train,697.92
depth_holdout,1734,train,698.23
depth_holdout,1735,train,698.53
depth_holdout,1736,train,698.84
depth_holdout,1737,train,699.16
depth_holdout,1738,train,699.47
depth_holdout,1739,train,699.78
depth_holdout,1740,train,700.09
depth_holdout,1741,train,700.4
depth_holdout,1742,train,700.71
depth_holdout,1743,train,701.02
depth_holdout,1744,train,701.32
depth_holdout,1745,train,701.63
depth_holdout,1746,train,701.94
depth_holdout,1747,train,702.26
depth_holdout,1748,train,702.56
depth_holdout,1749,train,702.86
depth_holdout,1750,train,703.17
depth_holdout,1751,train,703.47
depth_holdout,1752,train,703.78
depth_holdout,1753,train,704.09
depth_holdout,1754,train,704.4
depth_holdout,1755,train,704.7
depth_holdout,1756,train,705.01
depth_holdout,1757,train,705.32
depth_holdout,1758,train,705.63
depth_holdout,1759,train,705.94
depth_holdout,1760,train,706.25
depth_holdout,1761,train,706.55
depth_holdout,1762,train,706.86
depth_holdout,1763,train,707.17
depth_holdout,1764,train,707.47
depth_holdout,1765,train,707.78
depth_holdout,1766,train,708.09
depth_holdout,1767,train,708.39
depth_holdout,1768,train,708.71
depth_holdout,1769,train,709.02
depth_holdout,1770,train,709.33
depth_holdout,1771,train,709.64
depth_holdout,1772,train,709.95
depth_holdout,1773,train,710.28
depth_holdout,1774,train,710.59
depth_holdout,1775,train,710.9
depth_holdout,1776,train,711.21
depth_holdout,1777,train,711.52
depth_holdout,1778,train,711.83
depth_holdout,1779,train,712.13
depth_holdout,1780,train,712.44
depth_holdout,1781,train,712.75
depth_holdout,1782,train,713.06
depth_holdout,1783,train,713.36
depth_holdout,1784,train,713.68
depth_holdout,1785,train,713.98
depth_holdout,1786,train,714.29
depth_holdout,1787,train,714.59
depth_holdout,1788,train,714.9
depth_holdout,1789,train,715.21
depth_holdout,1790,train,715.51
depth_holdout,1791,train,715.82
depth_holdout,1792,train,716.12
depth_holdout,1793,train,716.42
depth_holdout,1794,train,716.73
depth_holdout,1795,train,717.03
depth_holdout,1796,train,717.35
depth_holdout,1797,train,717.65
depth_holdout,1798,train,717.96
depth_holdout,1799,train,718.26
depth_holdout,1800,train,718.58
depth_holdout,1801,train,718.89
depth_holdout,1802,train,719.19
depth_holdout,1803,train,719.5
depth_holdout,1804,train,719.81
depth_holdout,1805,train,720.12
depth_holdout,1806,train,720.43
depth_holdout,1807,train,720.73
depth_holdout,1808,train,721.05
depth_holdout,1809,train,721.36
depth_holdout,1810,train,721.67
depth_holdout,1811,train,721.97
depth_holdout,1812,train,722.28
depth_holdout,1813,train,722.59
depth_holdout,1814,train,722.89
depth_holdout,1815,train,723.2
depth_holdout,1816,train,723.5
depth_holdout,1817,train,723.82
depth_holdout,1818,train,724.14
depth_holdout,1819,train,724.44
depth_holdout,1820,train,724.75
depth_holdout,1821,train,725.06
depth_holdout,1822,train,725.36
depth_holdout,1823,train,725.67
depth_holdout,1824,train,725.97
depth_holdout,1825,train,726.28
depth_holdout,1826,train,726.58
depth_holdout,1827,train,726.89
depth_holdout,1828,train,727.19
depth_holdout,1829,train,727.5
depth_holdout,1830,train,727.81
depth_holdout,1831,train,728.12
depth_holdout,1832,train,728.43
depth_holdout,1833,train,728.75
depth_holdout,1834,train,729.06
depth_holdout,1835,train,729.38
depth_holdout,1836,train,729.69
depth_holdout,1837,train,729.99
depth_holdout,1838,train,730.3
depth_holdout,1839,train,730.6
depth_holdout,1840,train,730.91
depth_holdout,1841,train,731.22
depth_holdout,1842,train,731.52
depth_holdout,1843,train,731.83
depth_holdout,1844,train,732.13
depth_holdout,1845,train,732.44
depth_holdout,1846,train,732.75
depth_holdout,1847,train,733.06
depth_holdout,1848,train,733.37
depth_holdout,1849,train,733.68
depth_holdout,1850,train,733.98
depth_holdout,1851,train,734.29
depth_holdout,1852,train,734.61
depth_holdout,1853,train,734.93
depth_holdout,1854,train,735.24
depth_holdout,1855,train,735.54
depth_holdout,1856,train,735.85
depth_holdout,1857,train,736.16
depth_holdout,1858,train,736.47
depth_holdout,1859,train,736.79
depth_holdout,1860,train,737.11
depth_holdout,1861,train,737.42
depth_holdout,1862,train,737.72
depth_holdout,1863,train,738.03
depth_holdout,1864,train,738.34
depth_holdout,1865,train,738.65
depth_holdout,1866,train,738.95
depth_holdout,1867,train,739.26
depth_holdout,1868,train,739.57
depth_holdout,1869,train,739.87
depth_holdout,1870,train,740.18
depth_holdout,1871,train,740.48
depth_holdout,1872,train,740.79
depth_holdout,1873,train,741.09
depth_holdout,1874,train,741.4
depth_holdout,1875,train,741.7
depth_holdout,1876,train,742.01
depth_holdout,1877,train,742.32
depth_holdout,1878,train,742.63
depth_holdout,1879,train,742.94
depth_holdout,1880,train,743.25
depth_holdout,1881,train,743.56
depth_holdout,1882,train,743.87
depth_holdout,1883,train,744.18
depth_holdout,1884,train,744.49
depth_holdout,1885,train,744.8
depth_holdout,1886,train,745.1
depth_holdout,1887,train,745.41
depth_holdout,1888,train,745.71
depth_holdout,1889,train,746.02
depth_holdout,1890,train,746.32
depth_holdout,1891,train,746.63
depth_holdout,1892,train,746.93
depth_holdout,1893,train,747.24
depth_holdout,1894,train,747.55
depth_holdout,1895,train,747.86
depth_holdout,1896,train,748.17
depth_holdout,1897,train,748.48
depth_holdout,1898,train,748.79
depth_holdout,1899,train,749.1
depth_holdout,1900,train,749.41
depth_holdout,1901,train,749.72
depth_holdout,1902,train,750.02
depth_holdout,1903,train,750.33
depth_holdout,1904,train,750.63
depth_holdout,1905,train,750.94
depth_holdout,1906,train,751.25
depth_holdout,1907,train,751.56
depth_holdout,1908,train,751.87
depth_holdout,1909,train,752.18
depth_holdout,1910,train,752.48
depth_holdout,1911,train,752.79
depth_holdout,1912,train,753.1
depth_holdout,1913,train,753.4
depth_holdout,1914,train,753.71
depth_holdout,1915,train,754.02
depth_holdout,1916,train,754.33
depth_holdout,1917,train,754.63
depth_holdout,1918,train,754.94
depth_holdout,1919,train,755.24
depth_holdout,1920,train,755.55
depth_holdout,1921,train,755.86
depth_holdout,1922,train,756.17
depth_holdout,1923,train,756.48
depth_holdout,1924,train,756.79
depth_holdout,1925,train,757.1
depth_holdout,1926,train,757.41
depth_holdout,1927,train,757.71
depth_holdout,1928,train,758.02
depth_holdout,1929,train,758.59
depth_holdout,1930,train,758.91
depth_holdout,1931,train,758.91
depth_holdout,1932,train,759.23
depth_holdout,1933,train,759.54
depth_holdout,1934,train,760.15
depth_holdout,1935,train,760.46
depth_holdout,1936,train,760.74
depth_holdout,1937,train,761.05
depth_holdout,1938,train,761.37
depth_holdout,1939,train,761.68
depth_holdout,1940,train,761.99
depth_holdout,1941,train,762.29
depth_holdout,1942,train,762.6
depth_holdout,1943,train,762.9
depth_holdout,1944,train,763.22
depth_holdout,1945,train,763.53
depth_holdout,1946,train,763.84
depth_holdout,1947,train,764.14
depth_holdout,1948,train,764.45
depth_holdout,1949,train,764.76
depth_holdout,1950,train,765.07
depth_holdout,1951,train,765.38
depth_holdout,1952,train,765.68
depth_holdout,1953,train,765.99
depth_holdout,1954,train,766.29
depth_holdout,1955,train,766.6
depth_holdout,1956,train,766.91
depth_holdout,1957,train,767.21
depth_holdout,1958,train,767.75
depth_holdout,1959,train,768.06
depth_holdout,1960,train,768.37
depth_holdout,1961,train,768.68
depth_holdout,1962,train,768.99
depth_holdout,1963,train,769.29
depth_holdout,1964,train,769.59
depth_holdout,1965,train,769.91
depth_holdout,1966,train,770.22
depth_holdout,1967,train,770.53
depth_holdout,1968,train,770.84
depth_holdout,1969,train,771.15
depth_holdout,1970,train,771.46
depth_holdout,1971,train,771.77
depth_holdout,1972,train,772.08
depth_holdout,1973,train,772.39
depth_holdout,1974,train,772.7
depth_holdout,1975,train,773.01
depth_holdout,1976,train,773.32
depth_holdout,1977,train,773.63
depth_holdout,1978,train,773.94
depth_holdout,1979,train,774.25
depth_holdout,1980,train,774.56
depth_holdout,1981,train,774.87
depth_holdout,1982,train,775.18
depth_holdout,1983,train,775.49
depth_holdout,1984,train,775.79
depth_holdout,1985,train,776.1
depth_holdout,1986,train,776.41
depth_holdout,1987,train,776.73
depth_holdout,1988,train,777.03
depth_holdout,1989,train,777.58
depth_holdout,1990,train,778.2
depth_holdout,1991,train,778.82
depth_holdout,1992,train,779.43
depth_holdout,1993,train,780.04
depth_holdout,1994,train,780.66
depth_holdout,1995,train,781.27
depth_holdout,1996,train,782.19
depth_holdout,1997,train,783.11
depth_holdout,1998,train,783.72
depth_holdout,1999,train,784.33
depth_holdout,2000,train,784.94
depth_holdout,2001,train,785.71
depth_holdout,2002,train,786.02
depth_holdout,2003,train,786.32
depth_holdout,2004,train,786.64
depth_holdout,2005,train,786.95
depth_holdout,2006,train,787.26
depth_holdout,2007,train,787.26
depth_holdout,2008,train,787.57
depth_holdout,2009,train,787.88
depth_holdout,2010,train,788.19
depth_holdout,2011,train,789.36
depth_holdout,2012,train,789.68
depth_holdout,2013,train,789.98
depth_holdout,2014,train,790.3
depth_holdout,2015,train,790.61
depth_holdout,2016,train,790.91
depth_holdout,2017,train,791.23
depth_holdout,2018,train,791.53
depth_holdout,2019,train,791.84
depth_holdout,2020,train,792.15
depth_holdout,2021,train,792.46
depth_holdout,2022,train,792.76
depth_holdout,2023,train,793.07
depth_holdout,2024,train,793.38
depth_holdout,2025,train,793.69
depth_holdout,2026,train,793.99
depth_holdout,2027,train,794.3
depth_holdout,2028,train,794.6
depth_holdout,2029,train,794.91
depth_holdout,2030,train,795.21
depth_holdout,2031,train,795.52
depth_holdout,2032,train,795.82
depth_holdout,2033,train,796.13
depth_holdout,2034,train,796.44
depth_holdout,2035,train,796.75
depth_holdout,2036,train,797.06
depth_holdout,2037,train,797.37
depth_holdout,2038,train,797.67
depth_holdout,2039,train,797.98
depth_holdout,2040,train,798.28
depth_holdout,2041,train,798.59
depth_holdout,2042,train,798.9
depth_holdout,2043,train,799.21
depth_holdout,2044,train,799.52
depth_holdout,2045,train,799.83
depth_holdout,2046,train,800.13
depth_holdout,2047,train,800.44
depth_holdout,2048,train,800.75
depth_holdout,2049,train,801.05
depth_holdout,2050,train,801.36
depth_holdout,2051,train,801.67
depth_holdout,2052,train,801.98
depth_holdout,2053,train,802.3
depth_holdout,2054,train,802.61
depth_holdout,2055,train,802.92
depth_holdout,2056,train,803.23
depth_holdout,2057,train,803.54
depth_holdout,2058,train,803.84
depth_holdout,2059,train,804.15
depth_holdout,2060,train,804.45
depth_holdout,2061,train,804.76
depth_holdout,2062,train,805.06
depth_holdout,2063,train,805.37
depth_holdout,2064,train,805.67
depth_holdout,2065,train,805.98
depth_holdout,2066,train,806.29
depth_holdout,2067,train,806.59
depth_holdout,2068,train,806.9
depth_holdout,2069,train,807.21
depth_holdout,2070,train,807.52
depth_holdout,2071,train,807.83
depth_holdout,2072,train,808.14
depth_holdout,2073,train,808.44
depth_holdout,2074,train,808.75
depth_holdout,2075,train,809.05
depth_holdout,2076,train,809.36
depth_holdout,2077,train,809.66
depth_holdout,2078,train,809.97
depth_holdout,2079,train,810.27
depth_holdout,2080,train,810.58
depth_holdout,2081,train,810.88
depth_holdout,2082,train,811.19
depth_holdout,2083,train,811.49
depth_holdout,2084,train,811.8
depth_holdout,2085,train,812.11
depth_holdout,2086,train,812.42
depth_holdout,2087,train,812.73
depth_holdout,2088,train,813.04
depth_holdout,2089,train,813.34
depth_holdout,2090,train,813.65
depth_holdout,2091,train,813.96
depth_holdout,2092,train,814.26
depth_holdout,2093,train,814.57
depth_holdout,2094,train,814.88
depth_holdout,2095,train,815.18
depth_holdout,2096,train,815.49
depth_holdout,2097,train,815.79
depth_holdout,2098,train,816.1
depth_holdout,2099,train,816.41
depth_holdout,2100,train,816.71
depth_holdout,2101,train,817.02
depth_holdout,2102,train,817.33
depth_holdout,2103,train,817.64
depth_holdout,2104,train,817.94
depth_holdout,2105,train,818.25
depth_holdout,2106,train,818.56
depth_holdout,2107,train,818.87
depth_holdout,2108,train,819.17
depth_holdout,2109,train,819.48
depth_holdout,2110,train,819.79
depth_holdout,2111,train,820.09
depth_holdout,2112,train,820.4
depth_holdout,2113,train,820.71
depth_holdout,2114,train,821.01
depth_holdout,2115,train,821.32
depth_holdout,2116,train,821.62
depth_holdout,2117,train,821.93
depth_holdout,2118,train,822.24
depth_holdout,2119,train,822.55
depth_holdout,2120,train,822.85
depth_holdout,2121,train,823.16
depth_holdout,2122,train,823.46
depth_holdout,2123,train,823.77
depth_holdout,2124,train,824.08
depth_holdout,2125,train,824.39
depth_holdout,2126,train,824.69
depth_holdout,2127,train,825.0
depth_holdout,2128,train,825.3
depth_holdout,2129,train,825.61
depth_holdout,2130,train,825.92
depth_holdout,2131,train,826.22
depth_holdout,2132,train,826.53
depth_holdout,2133,train,826.84
depth_holdout,2134,train,827.15
depth_holdout,2135,train,827.46
depth_holdout,2136,train,827.76
depth_holdout,2137,train,828.06
depth_holdout,2138,train,828.38
depth_holdout,2139,train,828.69
depth_holdout,2140,train,829.0
depth_holdout,2141,train,829.31
depth_holdout,2142,train,829.61
depth_holdout,2143,train,829.92
depth_holdout,2144,train,830.22
depth_holdout,2145,train,830.55
depth_holdout,2146,train,830.86
depth_holdout,2147,train,831.17
depth_holdout,2148,train,831.48
depth_holdout,2149,train,831.79
depth_holdout,2150,train,832.1
depth_holdout,2151,train,832.41
depth_holdout,2152,train,832.72
depth_holdout,2153,train,833.02
depth_holdout,2154,train,833.33
depth_holdout,2155,train,833.65
depth_holdout,2156,train,833.95
depth_holdout,2157,train,834.25
depth_holdout,2158,train,834.56
depth_holdout,2159,train,834.87
depth_holdout,2160,train,835.18
depth_holdout,2161,train,835.48
depth_holdout,2162,train,835.78
depth_holdout,2163,train,836.1
depth_holdout,2164,train,836.4
depth_holdout,2165,train,836.71
depth_holdout,2166,train,837.02
depth_holdout,2167,train,837.32
depth_holdout,2168,train,837.63
depth_holdout,2169,train,837.94
depth_holdout,2170,train,838.25
depth_holdout,2171,train,838.56
depth_holdout,2172,train,838.86
depth_holdout,2173,train,839.17
depth_holdout,2174,train,839.47
depth_holdout,2175,train,839.78
depth_holdout,2176,train,840.09
depth_holdout,2177,train,840.41
depth_holdout,2178,train,840.71
depth_holdout,2179,train,841.01
depth_holdout,2180,train,841.32
depth_holdout,2181,train,841.63
depth_holdout,2182,train,841.94
depth_holdout,2183,train,842.24
depth_holdout,2184,train,842.55
depth_holdout,2185,train,842.85
depth_holdout,2186,train,843.16
depth_holdout,2187,train,843.47
depth_holdout,2188,train,843.77
depth_holdout,2189,train,844.08
depth_holdout,2190,train,844.38
depth_holdout,2191,train,844.69
depth_holdout,2192,train,845.0
depth_holdout,2193,train,845.3
depth_holdout,2194,train,845.61
depth_holdout,2195,train,845.92
depth_holdout,2196,train,846.23
depth_holdout,2197,train,846.53
depth_holdout,2198,train,846.85
depth_holdout,2199,train,847.16
depth_holdout,2200,train,847.47
depth_holdout,2201,train,847.78
depth_holdout,2202,train,848.08
depth_holdout,2203,train,848.39
depth_holdout,2204,train,848.7
depth_holdout,2205,train,849.02
depth_holdout,2206,train,849.33
depth_holdout,2207,train,849.63
depth_holdout,2208,train,849.94
depth_holdout,2209,train,850.25
depth_holdout,2210,train,850.56
depth_holdout,2211,train,850.87
depth_holdout,2212,train,851.18
depth_holdout,2213,train,851.49
depth_holdout,2214,train,851.79
depth_holdout,2215,train,852.1
depth_holdout,2216,train,852.41
depth_holdout,2217,train,852.72
depth_holdout,2218,train,853.02
depth_holdout,2219,train,853.33
depth_holdout,2220,train,853.64
depth_holdout,2221,train,853.94
depth_holdout,2222,train,854.25
depth_holdout,2223,train,854.56
depth_holdout,2224,train,854.87
depth_holdout,2225,train,855.17
depth_holdout,2226,train,855.48
depth_holdout,2227,train,855.8
depth_holdout,2228,train,856.11
depth_holdout,2229,train,856.42
depth_holdout,2230,train,856.73
depth_holdout,2231,train,857.04
depth_holdout,2232,train,857.35
depth_holdout,2233,train,857.66
depth_holdout,2234,train,857.97
depth_holdout,2235,train,858.28
depth_holdout,2236,train,858.58
depth_holdout,2237,train,858.89
depth_holdout,2238,train,859.2
depth_holdout,2239,train,859.51
depth_holdout,2240,train,859.82
depth_holdout,2241,train,860.13
depth_holdout,2242,train,860.44
depth_holdout,2243,train,860.74
depth_holdout,2244,train,861.05
depth_holdout,2245,train,861.35
depth_holdout,2246,train,861.66
depth_holdout,2247,train,861.98
depth_holdout,2248,train,862.28
depth_holdout,2249,train,862.6
depth_holdout,2250,train,862.91
depth_holdout,2251,train,863.22
depth_holdout,2252,train,863.53
depth_holdout,2253,train,863.83
depth_holdout,2254,train,864.15
depth_holdout,2255,train,864.45
depth_holdout,2256,train,864.76
depth_holdout,2257,train,865.07
depth_holdout,2258,train,865.38
depth_holdout,2259,train,865.69
depth_holdout,2260,train,866.0
depth_holdout,2261,train,866.32
depth_holdout,2262,train,866.63
depth_holdout,2263,train,866.95
depth_holdout,2264,train,867.25
depth_holdout,2265,train,867.57
depth_holdout,2266,train,867.88
depth_holdout,2267,train,868.19
depth_holdout,2268,train,868.5
depth_holdout,2269,train,868.81
depth_holdout,2270,train,869.12
depth_holdout,2271,train,869.43
depth_holdout,2272,train,869.74
depth_holdout,2273,train,870.05
depth_holdout,2274,train,870.37
depth_holdout,2275,train,870.68
depth_holdout,2276,train,871.0
depth_holdout,2277,train,871.31
depth_holdout,2278,train,871.63
depth_holdout,2279,train,871.94
depth_holdout,2280,train,872.26
depth_holdout,2281,train,872.57
depth_holdout,2282,train,872.88
depth_holdout,2283,train,873.2
depth_holdout,2284,train,873.54
depth_holdout,2285,train,873.86
depth_holdout,2286,train,874.19
depth_holdout,2287,train,874.53
depth_holdout,2288,train,874.87
depth_holdout,2289,train,875.18
depth_holdout,2290,train,875.18
depth_holdout,2291,train,875.48
depth_holdout,2292,train,875.79
depth_holdout,2293,train,876.1
depth_holdout,2294,train,876.41
depth_holdout,2295,train,876.72
depth_holdout,2296,train,877.02
depth_holdout,2297,train,877.33
depth_holdout,2298,train,877.64
depth_holdout,2299,train,877.96
depth_holdout,2300,train,878.28
depth_holdout,2301,train,878.62
depth_holdout,2302,train,878.94
depth_holdout,2303,train,879.25
depth_holdout,2304,train,879.56
depth_holdout,2305,train,879.88
depth_holdout,2306,train,879.88
depth_holdout,2307,train,880.2
depth_holdout,2308,train,880.51
depth_holdout,2309,train,880.82
depth_holdout,2310,train,881.15
depth_holdout,2311,train,881.46
depth_holdout,2312,train,881.78
depth_holdout,2313,train,882.12
depth_holdout,2314,train,882.46
depth_holdout,2315,train,882.77
depth_holdout,2316,train,883.08
depth_holdout,2317,train,883.41
depth_holdout,2318,train,883.72
depth_holdout,2319,train,884.04
depth_holdout,2320,train,884.35
depth_holdout,2321,train,884.65
depth_holdout,2322,train,884.96
depth_holdout,2323,train,885.27
depth_holdout,2324,train,885.57
depth_holdout,2325,train,885.89
depth_holdout,2326,train,886.2
depth_holdout,2327,train,886.51
depth_holdout,2328,train,886.83
depth_holdout,2329,train,887.14
depth_holdout,2330,train,887.45
depth_holdout,2331,train,887.76
depth_holdout,2332,train,888.06
depth_holdout,2333,train,888.38
depth_holdout,2334,train,888.7
depth_holdout,2335,train,889.01
depth_holdout,2336,train,889.33
depth_holdout,2337,train,889.63
depth_holdout,2338,train,889.98
depth_holdout,2339,train,890.31
depth_holdout,2340,train,890.65
depth_holdout,2341,train,890.96
depth_holdout,2342,train,891.27
depth_holdout,2343,train,891.6
depth_holdout,2344,train,891.91
depth_holdout,2345,train,892.22
depth_holdout,2346,train,892.53
depth_holdout,2347,train,893.63
depth_holdout,2348,train,893.95
depth_holdout,2349,train,894.26
depth_holdout,2350,train,894.59
depth_holdout,2351,train,894.93
depth_holdout,2352,train,895.23
depth_holdout,2353,train,895.58
depth_holdout,2354,train,895.91
depth_holdout,2355,train,896.25
depth_holdout,2356,train,896.57
depth_holdout,2357,train,896.89
depth_holdout,2358,train,897.21
depth_holdout,2359,train,897.56
depth_holdout,2360,train,903.72
depth_holdout,2361,train,904.03
depth_holdout,2362,train,904.36
depth_holdout,2363,train,904.68
depth_holdout,2364,train,904.99
depth_holdout,2365,train,905.32
depth_holdout,2366,train,905.64
depth_holdout,2367,train,905.95
depth_holdout,2368,train,906.26
depth_holdout,2369,train,906.57
depth_holdout,2370,train,906.89
depth_holdout,2371,train,907.22
depth_holdout,2372,train,907.53
depth_holdout,2373,train,907.85
depth_holdout,2374,train,908.17
depth_holdout,2375,train,908.48
depth_holdout,2376,train,908.79
depth_holdout,2377,train,909.11
depth_holdout,2378,train,909.43
depth_holdout,2379,train,909.75
depth_holdout,2380,train,910.07
depth_holdout,2381,train,910.39
depth_holdout,2382,train,910.71
depth_holdout,2383,train,911.02
depth_holdout,2384,train,911.33
depth_holdout,2385,train,911.65
depth_holdout,2386,train,911.96
depth_holdout,2387,train,912.27
depth_holdout,2388,train,912.58
depth_holdout,2389,train,912.91
depth_holdout,2390,train,913.23
depth_holdout,2391,train,913.54
depth_holdout,2392,train,913.89
depth_holdout,2393,train,914.24
depth_holdout,2394,train,914.58
depth_holdout,2395,train,914.9
depth_holdout,2396,train,915.21
depth_holdout,2397,train,915.55
depth_holdout,2398,train,915.86
depth_holdout,2399,train,916.17
depth_holdout,2400,train,916.49
depth_holdout,2401,train,916.86
depth_holdout,2402,train,917.18
depth_holdout,2403,train,917.49
depth_holdout,2404,train,917.82
depth_holdout,2405,train,918.15
depth_holdout,2406,train,918.48
depth_holdout,2407,train,918.81
depth_holdout,2408,train,919.13
depth_holdout,2409,train,919.45
depth_holdout,2410,train,919.77
depth_holdout,2411,train,920.09
depth_holdout,2412,train,920.41
depth_holdout,2413,train,920.72
depth_holdout,2414,train,921.02
depth_holdout,2415,train,921.38
depth_holdout,2416,train,921.7
depth_holdout,2417,train,922.04
depth_holdout,2418,train,922.35
depth_holdout,2419,train,922.68
depth_holdout,2420,train,922.98
depth_holdout,2421,train,923.29
depth_holdout,2422,train,923.61
depth_holdout,2423,train,923.94
depth_holdout,2424,train,924.26
depth_holdout,2425,train,924.62
depth_holdout,2426,train,924.95
depth_holdout,2427,train,925.26
depth_holdout,2428,train,925.63
depth_holdout,2429,train,925.93
depth_holdout,2430,train,926.25
depth_holdout,2431,train,926.57
depth_holdout,2432,train,926.91
depth_holdout,2433,train,927.22
depth_holdout,2434,train,927.56
depth_holdout,2435,train,927.88
depth_holdout,2436,train,928.21
depth_holdout,2437,train,928.52
depth_holdout,2438,train,928.89
depth_holdout,2439,train,929.24
depth_holdout,2440,train,929.6
depth_holdout,2441,train,929.93
depth_holdout,2442,train,930.25
depth_holdout,2443,train,930.56
depth_holdout,2444,train,930.88
depth_holdout,2445,train,931.2
depth_holdout,2446,train,931.51
depth_holdout,2447,train,931.82
depth_holdout,2448,train,932.13
depth_holdout,2449,train,932.46
depth_holdout,2450,train,932.75
depth_holdout,2451,train,933.07
depth_holdout,2452,train,933.38
depth_holdout,2453,train,933.69
depth_holdout,2454,train,934.0
depth_holdout,2455,train,934.32
depth_holdout,2456,train,934.65
depth_holdout,2457,train,934.96
depth_holdout,2458,train,935.28
depth_holdout,2459,train,935.6
depth_holdout,2460,train,935.91
depth_holdout,2461,train,936.22
depth_holdout,2462,train,936.54
depth_holdout,2463,train,936.86
depth_holdout,2464,train,937.18
depth_holdout,2465,train,937.5
depth_holdout,2466,train,937.82
depth_holdout,2467,train,938.14
depth_holdout,2468,train,938.45
depth_holdout,2469,train,938.76
depth_holdout,2470,train,939.08
depth_holdout,2471,train,939.39
depth_holdout,2472,train,939.7
depth_holdout,2473,train,940.01
depth_holdout,2474,train,940.34
depth_holdout,2475,train,940.66
depth_holdout,2476,train,940.98
depth_holdout,2477,train,941.32
depth_holdout,2478,train,941.67
depth_holdout,2479,train,942.01
depth_holdout,2480,train,942.33
depth_holdout,2481,train,942.64
depth_holdout,2482,train,942.98
depth_holdout,2483,train,943.29
depth_holdout,2484,train,943.6
depth_holdout,2485,train,943.62
depth_holdout,2486,train,943.99
depth_holdout,2487,train,944.31
depth_holdout,2488,train,944.62
depth_holdout,2489,train,944.95
depth_holdout,2490,train,945.27
depth_holdout,2491,train,945.6
depth_holdout,2492,train,945.93
depth_holdout,2493,train,946.25
depth_holdout,2494,train,946.58
depth_holdout,2495,train,946.89
depth_holdout,2496,train,947.21
depth_holdout,2497,train,947.53
depth_holdout,2498,train,947.84
depth_holdout,2499,train,948.15
depth_holdout,2500,train,948.2
depth_holdout,2501,train,948.52
depth_holdout,2502,train,948.86
depth_holdout,2503,train,949.17
depth_holdout,2504,train,949.5
depth_holdout,2505,train,949.8
depth_holdout,2506,train,950.12
depth_holdout,2507,train,950.43
depth_holdout,2508,train,950.77
depth_holdout,2509,train,951.08
depth_holdout,2510,train,951.44
depth_holdout,2511,train,951.77
depth_holdout,2512,train,952.08
depth_holdout,2513,train,952.45
depth_holdout,2514,train,952.76
depth_holdout,2515,train,952.77
depth_holdout,2516,train,953.09
depth_holdout,2517,train,953.42
depth_holdout,2518,train,953.74
depth_holdout,2519,train,954.08
depth_holdout,2520,train,954.4
depth_holdout,2521,train,954.73
depth_holdout,2522,train,955.04
depth_holdout,2523,train,955.43
depth_holdout,2524,train,955.74
depth_holdout,2525,train,956.1
depth_holdout,2526,train,956.41
depth_holdout,2527,train,956.73
depth_holdout,2528,train,957.05
depth_holdout,2529,train,957.38
depth_holdout,2530,train,957.7
depth_holdout,2531,train,958.04
depth_holdout,2532,train,958.36
depth_holdout,2533,train,958.69
depth_holdout,2534,train,959.0
depth_holdout,2535,train,959.37
depth_holdout,2536,train,959.72
depth_holdout,2537,train,960.08
depth_holdout,2538,train,960.41
depth_holdout,2539,train,960.73
depth_holdout,2540,train,961.04
depth_holdout,2541,train,961.78
depth_holdout,2542,train,962.1
depth_holdout,2543,train,962.4
depth_holdout,2544,train,962.72
depth_holdout,2545,train,963.03
depth_holdout,2546,train,963.34
depth_holdout,2547,train,963.65
depth_holdout,2548,train,963.97
depth_holdout,2549,train,964.28
depth_holdout,2550,train,964.58
depth_holdout,2551,train,964.89
depth_holdout,2552,train,965.2
depth_holdout,2553,train,965.51
depth_holdout,2554,train,965.82
depth_holdout,2555,train,966.13
depth_holdout,2556,train,966.44
depth_holdout,2557,train,966.74
depth_holdout,2558,train,967.05
depth_holdout,2559,train,967.36
depth_holdout,2560,train,967.67
depth_holdout,2561,train,967.99
depth_holdout,2562,train,971.8
depth_holdout,2563,train,972.15
depth_holdout,2564,train,972.49
depth_holdout,2565,train,972.81
depth_holdout,2566,train,973.11
depth_holdout,2567,train,973.18
depth_holdout,2568,train,973.48
depth_holdout,2569,train,973.79
depth_holdout,2570,train,974.1
depth_holdout,2571,train,974.41
depth_holdout,2572,train,974.71
depth_holdout,2573,train,975.02
depth_holdout,2574,train,975.32
depth_holdout,2575,train,975.63
depth_holdout,2576,train,975.93
depth_holdout,2577,train,976.24
depth_holdout,2578,train,976.54
depth_holdout,2579,train,976.85
depth_holdout,2580,train,977.15
depth_holdout,2581,train,977.46
depth_holdout,2582,train,977.76
depth_holdout,2583,train,978.07
depth_holdout,2584,train,978.38
depth_holdout,2585,train,978.68
depth_holdout,2586,train,978.99
depth_holdout,2587,train,979.29
depth_holdout,2588,train,979.6
depth_holdout,2589,train,979.9
depth_holdout,2590,train,980.21
depth_holdout,2591,train,980.52
depth_holdout,2592,train,980.82
depth_holdout,2593,train,981.13
depth_holdout,2594,train,981.43
depth_holdout,2595,train,981.74
depth_holdout,2596,train,982.05
depth_holdout,2597,train,982.36
depth_holdout,2598,train,982.66
depth_holdout,2599,train,982.97
depth_holdout,2600,train,983.28
depth_holdout,2601,train,983.58
depth_holdout,2602,train,983.89
depth_holdout,2603,train,984.19
depth_holdout,2604,train,984.5
depth_holdout,2605,train,984.81
depth_holdout,2606,train,985.12
depth_holdout,2607,train,985.43
depth_holdout,2608,train,985.73
depth_holdout,2609,train,986.04
depth_holdout,2610,train,986.35
depth_holdout,2611,train,986.65
depth_holdout,2612,train,986.96
depth_holdout,2613,train,987.28
depth_holdout,2614,train,987.59
depth_holdout,2615,train,987.89
depth_holdout,2616,train,988.2
depth_holdout,2617,train,988.51
depth_holdout,2618,train,988.81
depth_holdout,2619,train,989.13
depth_holdout,2620,train,989.43
depth_holdout,2621,train,989.74
depth_holdout,2622,train,990.04
depth_holdout,2623,train,990.35
depth_holdout,2624,train,990.66
depth_holdout,2625,train,990.96
depth_holdout,2626,train,991.26
depth_holdout,2627,train,991.57
depth_holdout,2628,train,991.88
depth_holdout,2629,train,992.18
depth_holdout,2630,train,992.49
depth_holdout,2631,train,992.79
depth_holdout,2632,train,993.1
depth_holdout,2633,train,993.4
depth_holdout,2634,train,993.71
depth_holdout,2635,train,994.01
depth_holdout,2636,train,994.32
depth_holdout,2637,train,994.63
depth_holdout,2638,train,994.93
depth_holdout,2639,train,995.24
depth_holdout,2640,train,995.54
depth_holdout,2641,train,995.85
depth_holdout,2642,train,996.15
depth_holdout,2643,train,996.46
depth_holdout,2644,train,996.77
depth_holdout,2645,train,997.07
depth_holdout,2646,train,997.38
depth_holdout,2647,train,997.68
depth_holdout,2648,train,997.99
depth_holdout,2649,train,998.29
depth_holdout,2650,train,998.6
depth_holdout,2651,train,998.91
depth_holdout,2652,train,999.21
depth_holdout,2653,train,999.52
depth_holdout,2654,train,999.82
depth_holdout,2655,train,1000.13
depth_holdout,2656,train,1000.44
depth_holdout,2657,train,1000.74
depth_holdout,2658,train,1001.05
depth_holdout,2659,train,1001.35
depth_holdout,2660,train,1001.66
depth_holdout,2661,train,1001.97
depth_holdout,2662,train,1002.74
depth_holdout,2663,train,1003.05
depth_holdout,2664,train,1003.36
depth_holdout,2665,train,1003.66
depth_holdout,2666,train,1003.97
depth_holdout,2667,train,1004.27
depth_holdout,2668,train,1004.58
depth_holdout,2669,train,1004.88
depth_holdout,2670,train,1005.19
depth_holdout,2671,train,1005.49
depth_holdout,2672,train,1005.8
depth_holdout,2673,train,1006.1
depth_holdout,2674,train,1006.41
depth_holdout,2675,train,1006.71
depth_holdout,2676,train,1007.02
depth_holdout,2677,train,1007.32
depth_holdout,2678,train,1007.63
depth_holdout,2679,train,1007.94
depth_holdout,2680,train,1008.24
depth_holdout,2681,train,1008.55
depth_holdout,2682,train,1008.85
depth_holdout,2683,train,1009.16
depth_holdout,2684,train,1009.46
depth_holdout,2685,train,1009.77
depth_holdout,2686,train,1010.07
depth_holdout,2687,train,1010.38
depth_holdout,2688,train,1010.69
depth_holdout,2689,train,1011.0
depth_holdout,2690,train,1011.3
depth_holdout,2691,train,1011.61
depth_holdout,2692,train,1011.91
depth_holdout,2693,train,1012.22
depth_holdout,2694,train,1012.53
depth_holdout,2695,train,1012.84
depth_holdout,2696,train,1013.14
depth_holdout,2697,train,1013.45
depth_holdout,2698,train,1013.75
depth_holdout,2699,train,1014.06
depth_holdout,2700,train,1014.36
depth_holdout,2701,train,1014.67
depth_holdout,2702,train,1014.97
depth_holdout,2703,train,1015.28
depth_holdout,2704,train,1015.58
depth_holdout,2705,train,1015.89
depth_holdout,2706,train,1016.2
depth_holdout,2707,train,1016.51
depth_holdout,2708,train,1016.81
depth_holdout,2709,train,1017.12
depth_holdout,2710,train,1017.42
depth_holdout,2711,train,1017.73
depth_holdout,2712,train,1018.03
depth_holdout,2713,train,1018.34
depth_holdout,2714,train,1018.64
depth_holdout,2715,train,1018.95
depth_holdout,2716,train,1019.26
depth_holdout,2717,train,1019.57
depth_holdout,2718,train,1019.87
depth_holdout,2719,train,1020.18
depth_holdout,2720,train,1020.48
depth_holdout,2721,train,1020.79
depth_holdout,2722,train,1021.09
depth_holdout,2723,train,1021.4
depth_holdout,2724,train,1021.7
depth_holdout,2725,train,1022.01
depth_holdout,2726,train,1022.32
depth_holdout,2727,train,1022.62
depth_holdout,2728,train,1022.93
depth_holdout,2729,train,1023.24
depth_holdout,2730,train,1023.54
depth_holdout,2731,train,1023.85
depth_holdout,2732,train,1024.15
depth_holdout,2733,train,1024.46
depth_holdout,2734,train,1024.76
depth_holdout,2735,train,1025.07
depth_holdout,2736,train,1025.38
depth_holdout,2737,train,1025.69
depth_holdout,2738,train,1026.0
depth_holdout,2739,train,1026.3
depth_holdout,2740,train,1026.61
depth_holdout,2741,train,1026.92
depth_holdout,2742,train,1027.22
depth_holdout,2743,train,1027.53
depth_holdout,2744,train,1027.53
depth_holdout,2745,train,1027.83
depth_holdout,2746,train,1028.14
depth_holdout,2747,train,1028.45
depth_holdout,2748,train,1028.75
depth_holdout,2749,train,1029.06
depth_holdout,2750,train,1029.36
depth_holdout,2751,train,1029.67
depth_holdout,2752,train,1029.97
depth_holdout,2753,train,1030.28
depth_holdout,2754,train,1030.58
depth_holdout,2755,train,1030.89
depth_holdout,2756,train,1031.19
depth_holdout,2757,train,1031.51
depth_holdout,2758,train,1031.81
depth_holdout,2759,train,1032.12
depth_holdout,2760,train,1032.42
depth_holdout,2761,train,1032.73
depth_holdout,2762,train,1033.03
depth_holdout,2763,train,1033.34
depth_holdout,2764,train,1033.65
depth_holdout,2765,train,1033.95
depth_holdout,2766,train,1034.25
depth_holdout,2767,train,1034.56
depth_holdout,2768,train,1034.87
depth_holdout,2769,train,1035.17
depth_holdout,2770,train,1035.48
depth_holdout,2771,train,1035.79
depth_holdout,2772,train,1036.1
depth_holdout,2773,train,1036.4
depth_holdout,2774,train,1036.71
depth_holdout,2775,train,1037.01
depth_holdout,2776,train,1037.32
depth_holdout,2777,train,1037.62
depth_holdout,2778,train,1037.93
depth_holdout,2779,train,1038.23
depth_holdout,2780,train,1038.54
depth_holdout,2781,train,1038.84
depth_holdout,2782,train,1039.15
depth_holdout,2783,train,1039.46
depth_holdout,2784,train,1039.76
depth_holdout,2785,train,1040.07
depth_holdout,2786,train,1040.37
depth_holdout,2787,train,1040.68
depth_holdout,2788,train,1040.98
depth_holdout,2789,train,1041.29
depth_holdout,2790,train,1041.59
depth_holdout,2791,train,1041.9
depth_holdout,2792,train,1042.21
depth_holdout,2793,train,1042.51
depth_holdout,2794,train,1042.82
depth_holdout,2795,train,1043.12
depth_holdout,2796,train,1043.43
depth_holdout,2797,train,1043.74
depth_holdout,2798,train,1044.04
depth_holdout,2799,train,1044.35
depth_holdout,2800,train,1044.65
depth_holdout,2801,train,1044.96
depth_holdout,2802,train,1045.26
depth_holdout,2803,train,1045.57
depth_holdout,2804,train,1045.87
depth_holdout,2805,train,1046.18
depth_holdout,2806,train,1046.49
depth_holdout,2807,train,1046.79
depth_holdout,2808,train,1047.1
depth_holdout,2809,train,1047.4
depth_holdout,2810,train,1047.71
depth_holdout,2811,train,1048.01
depth_holdout,2812,train,1048.32
depth_holdout,2813,train,1048.63
depth_holdout,2814,train,1048.93
depth_holdout,2815,train,1049.23
depth_holdout,2816,train,1049.54
depth_holdout,2817,train,1049.85
depth_holdout,2818,train,1050.15
depth_holdout,2819,train,1050.46
depth_holdout,2820,train,1050.77
depth_holdout,2821,train,1051.07
depth_holdout,2822,train,1052.46
depth_holdout,2823,train,1052.77
depth_holdout,2824,train,1053.08
depth_holdout,2825,train,1053.39
depth_holdout,2826,train,1053.69
depth_holdout,2827,train,1054.0
depth_holdout,2828,train,1054.31
depth_holdout,2829,train,1054.61
depth_holdout,2830,train,1054.92
depth_holdout,2831,train,1055.22
depth_holdout,2832,train,1055.53
depth_holdout,2833,train,1055.84
depth_holdout,2834,train,1056.14
depth_holdout,2835,train,1056.45
depth_holdout,2836,train,1056.75
depth_holdout,2837,train,1057.06
depth_holdout,2838,train,1057.36
depth_holdout,2839,train,1057.67
depth_holdout,2840,train,1057.98
depth_holdout,2841,train,1058.28
depth_holdout,2842,train,1058.59
depth_holdout,2843,train,1058.89
depth_holdout,2844,train,1059.2
depth_holdout,2845,train,1059.5
depth_holdout,2846,train,1059.81
depth_holdout,2847,train,1060.12
depth_holdout,2848,train,1060.42
depth_holdout,2849,train,1060.73
depth_holdout,2850,train,1061.04
depth_holdout,2851,train,1061.34
depth_holdout,2852,train,1061.65
depth_holdout,2853,train,1061.95
depth_holdout,2854,train,1062.26
depth_holdout,2855,train,1062.56
depth_holdout,2856,train,1062.87
depth_holdout,2857,train,1063.18
depth_holdout,2858,train,1063.48
depth_holdout,2859,train,1063.79
depth_holdout,2860,train,1064.4
depth_holdout,2861,train,1064.7
depth_holdout,2862,train,1065.01
depth_holdout,2863,train,1065.32
depth_holdout,2864,train,1065.62
depth_holdout,2865,train,1065.93
depth_holdout,2866,train,1066.23
depth_holdout,2867,train,1066.53
depth_holdout,2868,train,1066.84
depth_holdout,2869,train,1067.15
depth_holdout,2870,train,1067.45
depth_holdout,2871,train,1067.76
depth_holdout,2872,train,1068.06
depth_holdout,2873,train,1068.37
depth_holdout,2874,train,1068.67
depth_holdout,2875,train,1068.98
depth_holdout,2876,train,1069.29
depth_holdout,2877,train,1069.59
depth_holdout,2878,train,1069.9
depth_holdout,2879,train,1070.21
depth_holdout,2880,train,1070.51
depth_holdout,2881,train,1070.82
depth_holdout,2882,train,1071.12
depth_holdout,2883,train,1071.43
depth_holdout,2884,train,1071.73
depth_holdout,2885,train,1072.04
depth_holdout,2886,train,1072.34
depth_holdout,2887,train,1072.65
depth_holdout,2888,train,1072.96
depth_holdout,2889,train,1073.27
depth_holdout,2890,train,1073.57
depth_holdout,2891,train,1073.88
depth_holdout,2892,train,1074.18
depth_holdout,2893,train,1074.49
depth_holdout,2894,train,1074.79
depth_holdout,2895,train,1075.1
depth_holdout,2896,train,1075.4
depth_holdout,2897,train,1075.71
depth_holdout,2898,train,1076.02
depth_holdout,2899,train,1076.32
depth_holdout,2900,train,1076.63
depth_holdout,2901,train,1076.93
depth_holdout,2902,train,1077.24
depth_holdout,2903,train,1077.54
depth_holdout,2904,train,1077.85
depth_holdout,2905,train,1078.16
depth_holdout,2906,train,1078.46
depth_holdout,2907,train,1080.16
depth_holdout,2908,train,1080.46
depth_holdout,2909,train,1080.77
depth_holdout,2910,train,1081.08
depth_holdout,2911,train,1081.39
depth_holdout,2912,train,1081.7
depth_holdout,2913,train,1082.01
depth_holdout,2914,train,1082.31
depth_holdout,2915,train,1082.62
depth_holdout,2916,train,1082.93
depth_holdout,2917,train,1083.23
depth_holdout,2918,train,1083.54
depth_holdout,2919,train,1083.85
depth_holdout,2920,train,1084.15
depth_holdout,2921,train,1084.46
depth_holdout,2922,train,1084.77
depth_holdout,2923,train,1085.07
depth_holdout,2924,train,1085.38
depth_holdout,2925,train,1085.69
depth_holdout,2926,train,1085.99
depth_holdout,2927,train,1086.3
depth_holdout,2928,train,1086.6
depth_holdout,2929,train,1086.91
depth_holdout,2930,train,1087.22
depth_holdout,2931,train,1087.53
depth_holdout,2932,train,1087.83
depth_holdout,2933,train,1088.13
depth_holdout,2934,train,1088.44
depth_holdout,2935,train,1088.75
depth_holdout,2936,train,1089.06
depth_holdout,2937,train,1089.36
depth_holdout,2938,train,1089.67
depth_holdout,2939,train,1089.98
depth_holdout,2940,train,1090.28
depth_holdout,2941,train,1090.59
depth_holdout,2942,train,1090.9
depth_holdout,2943,train,1091.2
depth_holdout,2944,train,1091.51
depth_holdout,2945,train,1091.81
depth_holdout,2946,train,1092.12
depth_holdout,2947,train,1092.42
depth_holdout,2948,train,1092.73
depth_holdout,2949,train,1093.04
depth_holdout,2950,train,1093.34
depth_holdout,2951,train,1093.65
depth_holdout,2952,train,1093.95
depth_holdout,2953,train,1094.26
depth_holdout,2954,train,1094.56
depth_holdout,2955,train,1094.87
depth_holdout,2956,train,1095.17
depth_holdout,2957,train,1095.48
depth_holdout,2958,train,1095.78
depth_holdout,2959,train,1096.09
depth_holdout,2960,train,1096.39
depth_holdout,2961,train,1096.7
depth_holdout,2962,train,1097.01
depth_holdout,2963,train,1097.31
depth_holdout,2964,train,1097.62
depth_holdout,2965,train,1097.92
depth_holdout,2966,train,1098.23
depth_holdout,2967,train,1098.53
depth_holdout,2968,train,1098.84
depth_holdout,2969,train,1099.67
depth_holdout,2970,train,1099.98
depth_holdout,2971,train,1100.28
depth_holdout,2972,train,1100.59
depth_holdout,2973,train,1100.89
depth_holdout,2974,train,1100.89
depth_holdout,2975,train,1101.2
depth_holdout,2976,train,1101.5
depth_holdout,2977,train,1101.81
depth_holdout,2978,train,1102.12
depth_holdout,2979,train,1102.42
depth_holdout,2980,train,1102.72
depth_holdout,2981,train,1103.03
depth_holdout,2982,train,1103.34
depth_holdout,2983,train,1103.64
depth_holdout,2984,train,1103.95
depth_holdout,2985,train,1104.25
depth_holdout,2986,train,1104.56
depth_holdout,2987,train,1104.86
depth_holdout,2988,train,1105.17
depth_holdout,2989,train,1105.48
depth_holdout,2990,train,1105.78
depth_holdout,2991,train,1106.09
depth_holdout,2992,train,1106.39
depth_holdout,2993,train,1106.7
depth_holdout,2994,train,1107.0
depth_holdout,2995,train,1107.31
depth_holdout,2996,train,1107.61
depth_holdout,2997,train,1107.93
depth_holdout,2998,train,1108.23
depth_holdout,2999,train,1108.54
depth_holdout,3000,train,1108.84
depth_holdout,3001,train,1109.15
depth_holdout,3002,train,1109.45
depth_holdout,3003,train,1109.76
depth_holdout,3004,train,1110.07
depth_holdout,3005,train,1110.37
depth_holdout,3006,train,1110.68
depth_holdout,3007,train,1110.98
depth_holdout,3008,train,1111.29
depth_holdout,3009,train,1111.6
depth_holdout,3010,train,1111.9
depth_holdout,3011,train,1112.21
depth_holdout,3012,train,1112.51
depth_holdout,3013,train,1112.82
depth_holdout,3014,train,1113.12
depth_holdout,3015,train,1113.43
depth_holdout,3016,train,1113.73
depth_holdout,3017,train,1114.04
depth_holdout,3018,train,1114.35
depth_holdout,3019,train,1114.65
depth_holdout,3020,train,1114.96
depth_holdout,3021,train,1115.26
depth_holdout,3022,train,1115.57
depth_holdout,3023,train,1115.87
depth_holdout,3024,train,1116.18
depth_holdout,3025,train,1116.49
depth_holdout,3026,train,1116.79
depth_holdout,3027,train,1117.1
depth_holdout,3028,train,1117.4
depth_holdout,3029,train,1117.71
depth_holdout,3030,train,1118.01
depth_holdout,3031,train,1118.32
depth_holdout,3032,train,1118.62
depth_holdout,3033,train,1118.93
depth_holdout,3034,train,1119.24
depth_holdout,3035,train,1119.54
depth_holdout,3036,train,1119.85
depth_holdout,3037,train,1120.16
depth_holdout,3038,train,1120.46
depth_holdout,3039,train,1120.77
depth_holdout,3040,train,1121.08
depth_holdout,3041,train,1121.39
depth_holdout,3042,train,1121.69
depth_holdout,3043,train,1122.0
depth_holdout,3044,train,1122.31
depth_holdout,3045,train,1122.62
depth_holdout,3046,train,1122.92
depth_holdout,3047,train,1123.22
depth_holdout,3048,train,1123.53
depth_holdout,3049,train,1123.84
depth_holdout,3050,train,1124.14
depth_holdout,3051,train,1124.45
depth_holdout,3052,train,1124.76
depth_holdout,3053,train,1125.07
depth_holdout,3054,train,1125.37
depth_holdout,3055,train,1125.68
depth_holdout,3056,train,1125.98
depth_holdout,3057,train,1126.29
depth_holdout,3058,train,1126.59
depth_holdout,3059,train,1126.9
depth_holdout,3060,train,1127.2
depth_holdout,3061,train,1127.51
depth_holdout,3062,train,1127.81
depth_holdout,3063,train,1128.12
depth_holdout,3064,train,1128.42
depth_holdout,3065,train,1128.73
depth_holdout,3066,train,1129.04
depth_holdout,3067,train,1129.34
depth_holdout,3068,train,1129.65
depth_holdout,3069,train,1129.95
depth_holdout,3070,train,1130.26
depth_holdout,3071,train,1130.57
depth_holdout,3072,train,1130.87
depth_holdout,3073,train,1131.18
depth_holdout,3074,train,1131.48
depth_holdout,3075,train,1131.79
depth_holdout,3076,train,1132.09
depth_holdout,3077,train,1132.4
depth_holdout,3078,train,1132.7
depth_holdout,3079,train,1133.01
depth_holdout,3080,train,1133.32
depth_holdout,3081,train,1133.62
depth_holdout,3082,train,1133.93
depth_holdout,3083,train,1134.23
depth_holdout,3084,train,1134.54
depth_holdout,3085,train,1134.84
depth_holdout,3086,train,1135.15
depth_holdout,3087,train,1135.45
depth_holdout,3088,train,1135.76
depth_holdout,3089,train,1136.07
depth_holdout,3090,train,1136.37
depth_holdout,3091,train,1136.67
depth_holdout,3092,train,1136.98
depth_holdout,3093,train,1137.29
depth_holdout,3094,train,1137.59
depth_holdout,3095,train,1137.9
depth_holdout,3096,train,1138.2
depth_holdout,3097,train,1138.52
depth_holdout,3098,train,1138.82
depth_holdout,3099,train,1139.13
depth_holdout,3100,train,1139.43
depth_holdout,3101,train,1139.73
depth_holdout,3102,train,1140.04
depth_holdout,3103,train,1140.35
depth_holdout,3104,train,1140.65
depth_holdout,3105,train,1140.96
depth_holdout,3106,train,1141.26
depth_holdout,3107,train,1141.57
depth_holdout,3108,train,1141.87
depth_holdout,3109,train,1142.18
depth_holdout,3110,train,1142.49
depth_holdout,3111,train,1142.79
depth_holdout,3112,train,1143.1
depth_holdout,3113,train,1143.4
depth_holdout,3114,train,1143.71
depth_holdout,3115,train,1144.01
depth_holdout,3116,train,1144.32
depth_holdout,3117,train,1144.63
depth_holdout,3118,train,1144.93
depth_holdout,3119,train,1145.24
depth_holdout,3120,train,1145.54
depth_holdout,3121,train,1145.85
depth_holdout,3122,train,1146.15
depth_holdout,3123,train,1146.46
depth_holdout,3124,train,1146.77
depth_holdout,3125,train,1147.07
depth_holdout,3126,train,1147.38
depth_holdout,3127,train,1147.68
depth_holdout,3128,train,1147.99
depth_holdout,3129,train,1148.75
depth_holdout,3130,train,1149.08
depth_holdout,3131,train,1149.41
depth_holdout,3132,train,1149.74
depth_holdout,3133,train,1150.05
depth_holdout,3134,train,1150.35
depth_holdout,3135,train,1150.66
depth_holdout,3136,train,1150.97
depth_holdout,3137,train,1151.27
depth_holdout,3138,train,1151.58
depth_holdout,3139,train,1151.88
depth_holdout,3140,train,1152.19
depth_holdout,3141,train,1152.5
depth_holdout,3142,train,1152.8
depth_holdout,3143,train,1153.11
depth_holdout,3144,train,1153.42
depth_holdout,3145,train,1153.72
depth_holdout,3146,train,1154.03
depth_holdout,3147,train,1154.33
depth_holdout,3148,train,1154.64
depth_holdout,3149,train,1154.94
depth_holdout,3150,train,1155.25
depth_holdout,3151,train,1155.55
depth_holdout,3152,train,1155.86
depth_holdout,3153,train,1156.17
depth_holdout,3154,train,1156.47
depth_holdout,3155,train,1156.78
depth_holdout,3156,train,1157.08
depth_holdout,3157,train,1157.39
depth_holdout,3158,train,1157.7
depth_holdout,3159,train,1158.0
depth_holdout,3160,train,1158.31
depth_holdout,3161,train,1158.61
depth_holdout,3162,train,1158.92
depth_holdout,3163,train,1159.22
depth_holdout,3164,train,1159.53
depth_holdout,3165,train,1159.83
depth_holdout,3166,train,1160.14
depth_holdout,3167,train,1160.44
depth_holdout,3168,train,1160.75
depth_holdout,3169,train,1161.06
depth_holdout,3170,train,1161.37
depth_holdout,3171,train,1161.68
depth_holdout,3172,train,1161.98
depth_holdout,3173,train,1162.29
depth_holdout,3174,train,1162.59
depth_holdout,3175,train,1162.9
depth_holdout,3176,train,1163.21
depth_holdout,3177,train,1163.51
depth_holdout,3178,train,1163.82
depth_holdout,3179,train,1164.12
depth_holdout,3180,train,1164.43
depth_holdout,3181,train,1164.73
depth_holdout,3182,train,1165.04
depth_holdout,3183,train,1165.34
depth_holdout,3184,train,1165.65
depth_holdout,3185,train,1165.96
depth_holdout,3186,train,1166.26
depth_holdout,3187,train,1166.57
depth_holdout,3188,train,1166.87
depth_holdout,3189,train,1167.17
depth_holdout,3190,train,1167.48
depth_holdout,3191,train,1167.88
depth_holdout,3192,train,1168.18
depth_holdout,3193,train,1168.49
depth_holdout,3194,train,1168.79
depth_holdout,3195,train,1169.1
depth_holdout,3196,train,1169.4
depth_holdout,3197,train,1169.71
depth_holdout,3198,train,1170.01
depth_holdout,3199,train,1170.32
depth_holdout,3200,train,1170.62
depth_holdout,3201,train,1170.93
depth_holdout,3202,train,1171.23
depth_holdout,3203,train,1171.54
depth_holdout,3204,train,1171.84
depth_holdout,3205,train,1172.15
depth_holdout,3206,train,1172.45
depth_holdout,3207,train,1172.76
depth_holdout,3208,train,1173.07
depth_holdout,3209,train,1173.38
depth_holdout,3210,train,1173.68
depth_holdout,3211,train,1173.99
depth_holdout,3212,train,1174.29
depth_holdout,3213,train,1174.6
depth_holdout,3214,train,1174.9
depth_holdout,3215,train,1175.21
depth_holdout,3216,train,1175.51
depth_holdout,3217,train,1175.82
depth_holdout,3218,train,1176.13
depth_holdout,3219,train,1176.43
depth_holdout,3220,train,1176.74
depth_holdout,3221,train,1177.05
depth_holdout,3222,train,1177.35
depth_holdout,3223,train,1177.66
depth_holdout,3224,train,1177.96
depth_holdout,3225,train,1178.27
depth_holdout,3226,train,1178.57
depth_holdout,3227,train,1178.88
depth_holdout,3228,train,1179.18
depth_holdout,3229,train,1179.49
depth_holdout,3230,train,1179.79
depth_holdout,3231,train,1180.1
depth_holdout,3232,train,1180.41
depth_holdout,3233,train,1180.71
depth_holdout,3234,train,1181.01
depth_holdout,3235,train,1181.32
depth_holdout,3236,train,1181.62
depth_holdout,3237,train,1181.94
depth_holdout,3238,train,1182.24
depth_holdout,3239,train,1182.55
depth_holdout,3240,train,1182.85
depth_holdout,3241,train,1183.16
depth_holdout,3242,train,1183.47
depth_holdout,3243,train,1183.77
depth_holdout,3244,train,1184.07
depth_holdout,3245,train,1184.38
depth_holdout,3246,train,1184.69
depth_holdout,3247,train,1184.99
depth_holdout,3248,train,1185.3
depth_holdout,3249,train,1185.6
depth_holdout,3250,train,1185.91
depth_holdout,3251,train,1186.21
depth_holdout,3252,train,1186.52
depth_holdout,3253,train,1186.83
depth_holdout,3254,train,1187.14
depth_holdout,3255,train,1187.44
depth_holdout,3256,train,1187.75
depth_holdout,3257,train,1188.05
depth_holdout,3258,train,1188.36
depth_holdout,3259,train,1188.67
depth_holdout,3260,train,1188.97
depth_holdout,3261,train,1189.27
depth_holdout,3262,train,1189.58
depth_holdout,3263,train,1189.88
depth_holdout,3264,train,1190.19
depth_holdout,3265,train,1190.5
depth_holdout,3266,train,1190.8
depth_holdout,3267,train,1191.11
depth_holdout,3268,train,1191.41
depth_holdout,3269,train,1191.72
depth_holdout,3270,train,1192.02
depth_holdout,3271,train,1192.33
depth_holdout,3272,train,1192.63
depth_holdout,3273,train,1192.94
depth_holdout,3274,train,1193.24
depth_holdout,3275,train,1193.55
depth_holdout,3276,train,1193.86
depth_holdout,3277,train,1194.16
depth_holdout,3278,train,1194.47
depth_holdout,3279,train,1194.77
depth_holdout,3280,train,1195.08
depth_holdout,3281,train,1195.38
depth_holdout,3282,train,1195.69
depth_holdout,3283,train,1195.99
depth_holdout,3284,train,1196.3
depth_holdout,3285,train,1196.6
depth_holdout,3286,train,1196.92
depth_holdout,3287,train,1197.22
depth_holdout,3288,train,1197.53
depth_holdout,3289,train,1197.84
depth_holdout,3290,train,1198.14
depth_holdout,3291,train,1198.45
depth_holdout,3292,train,1198.76
depth_holdout,3293,train,1199.06
depth_holdout,3294,train,1199.37
depth_holdout,3295,train,1199.67
depth_holdout,3296,train,1199.98
depth_holdout,3297,train,1200.29
depth_holdout,3298,train,1200.59
depth_holdout,3299,train,1200.9
depth_holdout,3300,train,1201.2
depth_holdout,3301,train,1201.51
depth_holdout,3302,train,1201.82
depth_holdout,3303,train,1202.12
depth_holdout,3304,train,1202.43
depth_holdout,3305,train,1202.73
depth_holdout,3306,train,1203.04
depth_holdout,3307,train,1203.35
depth_holdout,3308,train,1203.65
depth_holdout,3309,train,1203.96
depth_holdout,3310,train,1204.26
depth_holdout,3311,train,1204.57
depth_holdout,3312,train,1204.87
depth_holdout,3313,train,1205.18
depth_holdout,3314,train,1205.49
depth_holdout,3315,train,1205.79
depth_holdout,3316,train,1206.1
depth_holdout,3317,train,1206.4
depth_holdout,3318,train,1206.71
depth_holdout,3319,train,1207.02
depth_holdout,3320,train,1207.32
depth_holdout,3321,train,1207.63
depth_holdout,3322,train,1207.93
depth_holdout,3323,train,1208.24
depth_holdout,3324,train,1208.54
depth_holdout,3325,train,1208.85
depth_holdout,3326,train,1209.16
depth_holdout,3327,train,1209.46
depth_holdout,3328,train,1209.77
depth_holdout,3329,train,1210.07
depth_holdout,3330,train,1210.38
depth_holdout,3331,train,1210.68
depth_holdout,3332,train,1210.99
depth_holdout,3333,train,1211.3
depth_holdout,3334,train,1211.6
depth_holdout,3335,train,1211.9
depth_holdout,3336,train,1212.21
depth_holdout,3337,train,1212.51
depth_holdout,3338,train,1212.89
depth_holdout,3339,train,1213.81
depth_holdout,3340,train,1214.11
depth_holdout,3341,train,1214.43
depth_holdout,3342,train,1214.73
depth_holdout,3343,train,1215.04
depth_holdout,3344,train,1215.34
depth_holdout,3345,train,1215.65
depth_holdout,3346,train,1215.95
depth_holdout,3347,train,1216.26
depth_holdout,3348,train,1216.57
depth_holdout,3349,train,1216.87
depth_holdout,3350,train,1217.17
depth_holdout,3351,train,1217.48
depth_holdout,3352,train,1217.78
depth_holdout,3353,train,1218.09
depth_holdout,3354,train,1218.4
depth_holdout,3355,train,1218.7
depth_holdout,3356,train,1219.01
depth_holdout,3357,train,1219.32
depth_holdout,3358,train,1219.62
depth_holdout,3359,train,1219.93
depth_holdout,3360,train,1220.23
depth_holdout,3361,train,1220.54
depth_holdout,3362,train,1220.84
depth_holdout,3363,train,1221.15
depth_holdout,3364,train,1221.46
depth_holdout,3365,train,1221.77
depth_holdout,3366,train,1222.07
depth_holdout,3367,train,1222.38
depth_holdout,3368,train,1222.68
depth_holdout,3369,train,1222.99
depth_holdout,3370,train,1223.41
depth_holdout,3371,train,1223.82
depth_holdout,3372,train,1224.17
depth_holdout,3373,train,1224.48
depth_holdout,3374,train,1224.79
depth_holdout,3375,train,1225.1
depth_holdout,3376,train,1225.41
depth_holdout,3377,train,1225.71
depth_holdout,3378,train,1226.02
depth_holdout,3379,train,1226.32
depth_holdout,3380,train,1226.63
depth_holdout,3381,train,1226.93
depth_holdout,3382,train,1227.24
depth_holdout,3383,train,1227.55
depth_holdout,3384,train,1227.86
depth_holdout,3385,train,1228.16
depth_holdout,3386,train,1228.47
depth_holdout,3387,train,1228.78
depth_holdout,3388,train,1229.08
depth_holdout,3389,train,1229.39
depth_holdout,3390,train,1229.7
depth_holdout,3391,train,1230.0
depth_holdout,3392,train,1230.31
depth_holdout,3393,train,1230.61
depth_holdout,3394,train,1230.92
depth_holdout,3395,train,1231.23
depth_holdout,3396,train,1231.54
depth_holdout,3397,train,1231.84
depth_holdout,3398,train,1232.15
depth_holdout,3399,train,1232.45
depth_holdout,3400,train,1232.76
depth_holdout,3401,train,1233.07
depth_holdout,3402,train,1233.37
depth_holdout,3403,train,1233.68
depth_holdout,3404,train,1233.98
depth_holdout,3405,train,1234.29
depth_holdout,3406,train,1234.59
depth_holdout,3407,train,1234.9
depth_holdout,3408,train,1235.21
depth_holdout,3409,train,1235.51
depth_holdout,3410,train,1235.82
depth_holdout,3411,train,1236.12
depth_holdout,3412,train,1236.43
depth_holdout,3413,train,1236.74
depth_holdout,3414,train,1237.04
depth_holdout,3415,train,1237.35
depth_holdout,3416,train,1237.66
depth_holdout,3417,train,1237.97
depth_holdout,3418,train,1238.27
depth_holdout,3419,train,1238.58
depth_holdout,3420,train,1238.88
depth_holdout,3421,train,1239.19
depth_holdout,3422,train,1239.49
depth_holdout,3423,train,1239.8
depth_holdout,3424,train,1240.1
depth_holdout,3425,train,1240.41
depth_holdout,3426,train,1240.72
depth_holdout,3427,train,1241.03
depth_holdout,3428,train,1241.33
depth_holdout,3429,train,1241.64
depth_holdout,3430,train,1241.94
depth_holdout,3431,train,1242.25
depth_holdout,3432,train,1242.56
depth_holdout,3433,train,1242.86
depth_holdout,3434,train,1243.17
depth_holdout,3435,train,1243.47
depth_holdout,3436,train,1243.78
depth_holdout,3437,train,1244.08
depth_holdout,3438,train,1244.39
depth_holdout,3439,train,1244.69
depth_holdout,3440,train,1245.0
depth_holdout,3441,train,1245.31
depth_holdout,3442,train,1245.61
depth_holdout,3443,train,1245.92
depth_holdout,3444,train,1246.22
depth_holdout,3445,train,1246.53
depth_holdout,3446,train,1246.84
depth_holdout,3447,train,1247.14
depth_holdout,3448,train,1247.45
depth_holdout,3449,train,1247.76
depth_holdout,3450,train,1248.06
depth_holdout,3451,train,1248.37
depth_holdout,3452,train,1248.67
depth_holdout,3453,train,1248.98
depth_holdout,3454,train,1249.29
depth_holdout,3455,train,1249.6
depth_holdout,3456,train,1249.91
depth_holdout,3457,train,1250.21
depth_holdout,3458,train,1250.52
depth_holdout,3459,train,1250.83
depth_holdout,3460,train,1251.14
depth_holdout,3461,train,1251.45
depth_holdout,3462,train,1251.76
depth_holdout,3463,train,1252.32
depth_holdout,3464,train,1252.63
depth_holdout,3465,train,1253.24
depth_holdout,3466,train,1253.54
depth_holdout,3467,train,1254.15
depth_holdout,3468,train,1254.77
depth_holdout,3469,train,1255.07
depth_holdout,3470,train,1255.68
depth_holdout,3471,train,1255.99
depth_holdout,3472,train,1256.3
depth_holdout,3473,train,1256.6
depth_holdout,3474,train,1256.91
depth_holdout,3475,train,1257.22
depth_holdout,3476,train,1257.53
depth_holdout,3477,train,1257.84
depth_holdout,3478,train,1258.15
depth_holdout,3479,train,1258.45
depth_holdout,3480,train,1258.86
depth_holdout,3481,train,1259.17
depth_holdout,3482,train,1259.48
depth_holdout,3483,train,1259.79
depth_holdout,3484,train,1260.1
depth_holdout,3485,train,1260.41
depth_holdout,3486,train,1260.71
depth_holdout,3487,train,1261.02
depth_holdout,3488,train,1261.33
depth_holdout,3489,train,1261.64
depth_holdout,3490,train,1261.94
depth_holdout,3491,train,1262.25
depth_holdout,3492,train,1262.57
depth_holdout,3493,train,1262.87
depth_holdout,3494,train,1263.18
depth_holdout,3495,train,1263.49
depth_holdout,3496,train,1263.8
depth_holdout,3497,train,1264.11
depth_holdout,3498,train,1264.41
depth_holdout,3499,train,1264.72
depth_holdout,3500,train,1265.03
depth_holdout,3501,train,1265.34
depth_holdout,3502,train,1265.64
depth_holdout,3503,train,1265.95
depth_holdout,3504,train,1266.26
depth_holdout,3505,train,1266.57
depth_holdout,3506,train,1266.88
depth_holdout,3507,train,1267.18
depth_holdout,3508,train,1267.5
depth_holdout,3509,train,1267.81
depth_holdout,3510,train,1268.11
depth_holdout,3511,train,1268.42
depth_holdout,3512,train,1268.73
depth_holdout,3513,train,1269.04
depth_holdout,3514,train,1269.34
depth_holdout,3515,train,1269.66
depth_holdout,3516,train,1269.96
depth_holdout,3517,train,1270.27
depth_holdout,3518,train,1270.58
depth_holdout,3519,train,1270.89
depth_holdout,3520,train,1271.19
depth_holdout,3521,train,1271.5
depth_holdout,3522,train,1271.81
depth_holdout,3523,train,1272.12
depth_holdout,3524,train,1272.43
depth_holdout,3525,train,1272.73
depth_holdout,3526,train,1273.04
depth_holdout,3527,train,1273.35
depth_holdout,3528,train,1273.67
depth_holdout,3529,train,1273.97
depth_holdout,3530,train,1274.28
depth_holdout,3531,train,1274.59
depth_holdout,3532,train,1275.21
depth_holdout,3533,train,1275.52
depth_holdout,3534,train,1275.83
depth_holdout,3535,train,1276.14
depth_holdout,3536,train,1276.44
depth_holdout,3537,train,1276.75
depth_holdout,3538,train,1277.06
depth_holdout,3539,train,1277.37
depth_holdout,3540,train,1277.68
depth_holdout,3541,train,1277.99
depth_holdout,3542,train,1278.29
depth_holdout,3543,train,1278.6
depth_holdout,3544,train,1278.91
depth_holdout,3545,train,1279.22
depth_holdout,3546,train,1279.53
depth_holdout,3547,train,1279.84
depth_holdout,3548,train,1280.15
depth_holdout,3549,train,1280.46
depth_holdout,3550,train,1280.77
depth_holdout,3551,train,1281.08
depth_holdout,3552,train,1281.39
depth_holdout,3553,train,1281.7
depth_holdout,3554,train,1282.01
depth_holdout,3555,train,1282.31
depth_holdout,3556,train,1282.62
depth_holdout,3557,train,1282.93
depth_holdout,3558,train,1283.24
depth_holdout,3559,train,1283.54
depth_holdout,3560,train,1283.85
depth_holdout,3561,train,1284.16
depth_holdout,3562,train,1284.47
depth_holdout,3563,train,1284.78
depth_holdout,3564,train,1285.09
depth_holdout,3565,train,1285.39
depth_holdout,3566,train,1285.7
depth_holdout,3567,train,1286.01
depth_holdout,3568,train,1286.32
depth_holdout,3569,train,1286.63
depth_holdout,3570,train,1286.93
depth_holdout,3571,train,1287.24
depth_holdout,3572,train,1287.55
depth_holdout,3573,train,1290.63
depth_holdout,3574,train,1290.94
depth_holdout,3575,train,1291.24
depth_holdout,3576,train,1291.55
depth_holdout,3577,train,1291.86
depth_holdout,3578,train,1292.17
depth_holdout,3579,train,1292.48
depth_holdout,3580,train,1292.79
depth_holdout,3581,train,1293.09
depth_holdout,3582,train,1293.4
depth_holdout,3583,train,1293.71
depth_holdout,3584,train,1294.02
depth_holdout,3585,train,1294.32
depth_holdout,3586,train,1294.63
depth_holdout,3587,train,1294.94
depth_holdout,3588,train,1295.25
depth_holdout,3589,train,1295.86
depth_holdout,3590,train,1296.17
depth_holdout,3591,train,1296.79
depth_holdout,3592,train,1297.72
depth_holdout,3593,train,1298.02
depth_holdout,3594,train,1298.33
depth_holdout,3595,train,1298.64
depth_holdout,3596,train,1298.95
depth_holdout,3597,train,1299.26
depth_holdout,3598,train,1299.56
depth_holdout,3599,train,1299.87
depth_holdout,3600,train,1300.18
depth_holdout,3601,train,1300.49
depth_holdout,3602,train,1300.8
depth_holdout,3603,train,1301.1
depth_holdout,3604,train,1301.41
depth_holdout,3605,train,1301.72
depth_holdout,3606,train,1302.03
depth_holdout,3607,train,1302.33
depth_holdout,3608,train,1302.64
depth_holdout,3609,train,1302.96
depth_holdout,3610,train,1303.26
depth_holdout,3611,train,1303.57
depth_holdout,3612,train,1303.88
depth_holdout,3613,train,1304.19
depth_holdout,3614,train,1304.5
depth_holdout,3615,train,1304.8
depth_holdout,3616,train,1305.11
depth_holdout,3617,train,1305.42
depth_holdout,3618,train,1305.73
depth_holdout,3619,train,1306.03
depth_holdout,3620,train,1306.34
depth_holdout,3621,train,1306.65
depth_holdout,3622,train,1306.96
depth_holdout,3623,train,1307.27
depth_holdout,3624,train,1307.57
depth_holdout,3625,train,1307.88
depth_holdout,3626,train,1308.19
depth_holdout,3627,train,1309.66
depth_holdout,3628,train,1309.97
depth_holdout,3629,train,1310.28
depth_holdout,3630,train,1310.59
depth_holdout,3631,train,1310.89
depth_holdout,3632,train,1311.2
depth_holdout,3633,train,1311.51
depth_holdout,3634,train,1311.82
depth_holdout,3635,train,1312.12
depth_holdout,3636,train,1312.43
depth_holdout,3637,train,1312.74
depth_holdout,3638,train,1313.05
depth_holdout,3639,train,1313.36
depth_holdout,3640,train,1313.66
depth_holdout,3641,train,1313.97
depth_holdout,3642,train,1314.29
depth_holdout,3643,train,1314.9
depth_holdout,3644,train,1315.21
depth_holdout,3645,train,1315.51
depth_holdout,3646,train,1315.82
depth_holdout,3647,train,1316.13
depth_holdout,3648,train,1316.44
depth_holdout,3649,train,1316.74
depth_holdout,3650,train,1317.05
depth_holdout,3651,train,1317.36
depth_holdout,3652,train,1317.67
depth_holdout,3653,train,1317.98
depth_holdout,3654,train,1318.59
depth_holdout,3655,train,1318.91
depth_holdout,3656,train,1319.21
depth_holdout,3657,train,1319.52
depth_holdout,3658,train,1319.83
depth_holdout,3659,train,1320.14
depth_holdout,3660,train,1320.44
depth_holdout,3661,train,1320.75
depth_holdout,3662,train,1321.06
depth_holdout,3663,train,1321.37
depth_holdout,3664,train,1321.68
depth_holdout,3665,train,1321.98
depth_holdout,3666,train,1322.29
depth_holdout,3667,train,1322.6
depth_holdout,3668,train,1322.91
depth_holdout,3669,train,1323.22
depth_holdout,3670,train,1323.52
depth_holdout,3671,train,1323.83
depth_holdout,3672,train,1324.14
depth_holdout,3673,train,1324.45
depth_holdout,3674,train,1324.75
depth_holdout,3675,train,1325.06
depth_holdout,3676,train,1325.37
depth_holdout,3677,train,1325.68
depth_holdout,3678,train,1325.99
depth_holdout,3679,train,1326.29
depth_holdout,3680,train,1326.6
depth_holdout,3681,train,1326.91
depth_holdout,3682,train,1327.22
depth_holdout,3683,train,1327.53
depth_holdout,3684,train,1327.83
depth_holdout,3685,train,1328.14
depth_holdout,3686,train,1328.45
depth_holdout,3687,train,1328.76
depth_holdout,3688,train,1329.06
depth_holdout,3689,train,1329.68
depth_holdout,3690,train,1329.99
depth_holdout,3691,train,1330.3
depth_holdout,3692,train,1330.6
depth_holdout,3693,train,1330.91
depth_holdout,3694,train,1331.22
depth_holdout,3695,train,1331.53
depth_holdout,3696,train,1331.83
depth_holdout,3697,train,1332.14
depth_holdout,3698,train,1332.45
depth_holdout,3699,train,1332.76
depth_holdout,3700,train,1333.07
depth_holdout,3701,train,1333.37
depth_holdout,3702,train,1333.68
depth_holdout,3703,train,1333.99
depth_holdout,3704,train,1334.3
depth_holdout,3705,train,1334.61
depth_holdout,3706,train,1334.91
depth_holdout,3707,train,1335.22
depth_holdout,3708,train,1335.53
depth_holdout,3709,train,1335.84
depth_holdout,3710,train,1336.14
depth_holdout,3711,train,1336.45
depth_holdout,3712,train,1336.76
depth_holdout,3713,train,1337.06
depth_holdout,3714,train,1337.37
depth_holdout,3715,train,1337.69
depth_holdout,3716,train,1338.0
depth_holdout,3717,train,1338.31
depth_holdout,3718,train,1338.62
depth_holdout,3719,train,1338.62
depth_holdout,3720,train,1338.92
depth_holdout,3721,train,1339.23
depth_holdout,3722,train,1339.54
depth_holdout,3723,train,1339.85
depth_holdout,3724,train,1340.16
depth_holdout,3725,train,1340.46
depth_holdout,3726,train,1340.77
depth_holdout,3727,train,1341.08
depth_holdout,3728,train,1341.38
depth_holdout,3729,train,1341.69
depth_holdout,3730,train,1342.0
depth_holdout,3731,train,1342.31
depth_holdout,3732,train,1342.62
depth_holdout,3733,train,1342.92
depth_holdout,3734,train,1343.23
depth_holdout,3735,train,1343.54
depth_holdout,3736,train,1343.85
depth_holdout,3737,train,1344.15
depth_holdout,3738,train,1344.46
depth_holdout,3739,train,1344.77
depth_holdout,3740,train,1345.08
depth_holdout,3741,train,1345.39
depth_holdout,3742,train,1345.69
depth_holdout,3743,train,1346.0
depth_holdout,3744,train,1346.31
depth_holdout,3745,train,1346.61
depth_holdout,3746,train,1346.92
depth_holdout,3747,train,1347.23
depth_holdout,3748,train,1347.85
depth_holdout,3749,train,1348.15
depth_holdout,3750,train,1348.46
depth_holdout,3751,train,1348.77
depth_holdout,3752,train,1349.08
depth_holdout,3753,train,1349.38
depth_holdout,3754,train,1349.69
depth_holdout,3755,train,1350.0
depth_holdout,3756,train,1350.31
depth_holdout,3757,train,1350.62
depth_holdout,3758,train,1350.92
depth_holdout,3759,train,1351.23
depth_holdout,3760,train,1351.54
depth_holdout,3761,train,1351.85
depth_holdout,3762,train,1352.15
depth_holdout,3763,train,1352.46
depth_holdout,3764,train,1352.77
depth_holdout,3765,train,1353.08
depth_holdout,3766,train,1353.7
depth_holdout,3767,train,1354.01
depth_holdout,3768,train,1354.32
depth_holdout,3769,train,1354.63
depth_holdout,3770,train,1354.93
depth_holdout,3771,train,1355.25
depth_holdout,3772,train,1355.55
depth_holdout,3773,train,1355.86
depth_holdout,3774,train,1356.17
depth_holdout,3775,train,1356.48
depth_holdout,3776,train,1356.78
depth_holdout,3777,train,1357.09
depth_holdout,3778,train,1357.4
depth_holdout,3779,train,1357.71
depth_holdout,3780,train,1358.02
depth_holdout,3781,train,1358.32
depth_holdout,3782,train,1358.63
depth_holdout,3783,train,1358.95
depth_holdout,3784,train,1359.25
depth_holdout,3785,train,1359.56
depth_holdout,3786,train,1359.87
depth_holdout,3787,train,1360.18
depth_holdout,3788,train,1360.48
depth_holdout,3789,train,1360.79
depth_holdout,3790,train,1361.1
depth_holdout,3791,train,1361.41
depth_holdout,3792,train,1361.71
depth_holdout,3793,train,1362.02
depth_holdout,3794,train,1362.33
depth_holdout,3795,train,1362.64
depth_holdout,3796,train,1362.94
depth_holdout,3797,train,1363.25
depth_holdout,3798,train,1363.56
depth_holdout,3799,train,1363.87
depth_holdout,3800,train,1364.18
depth_holdout,3801,train,1364.48
depth_holdout,3802,train,1364.79
depth_holdout,3803,train,1364.79
depth_holdout,3804,train,1365.11
depth_holdout,3805,train,1365.41
depth_holdout,3806,train,1365.72
depth_holdout,3807,train,1366.03
depth_holdout,3808,train,1366.34
depth_holdout,3809,train,1366.65
depth_holdout,3810,train,1366.96
depth_holdout,3811,train,1367.27
depth_holdout,3812,train,1367.57
depth_holdout,3813,train,1367.88
depth_holdout,3814,train,1368.19
depth_holdout,3815,train,1368.49
depth_holdout,3816,train,1368.8
depth_holdout,3817,train,1369.11
depth_holdout,3818,train,1369.42
depth_holdout,3819,train,1369.73
depth_holdout,3820,train,1370.03
depth_holdout,3821,train,1370.34
depth_holdout,3822,train,1370.65
depth_holdout,3823,train,1370.96
depth_holdout,3824,train,1371.26
depth_holdout,3825,train,1371.57
depth_holdout,3826,train,1371.88
depth_holdout,3827,train,1372.19
depth_holdout,3828,train,1372.5
depth_holdout,3829,train,1372.8
depth_holdout,3830,train,1373.11
depth_holdout,3831,train,1373.42
depth_holdout,3832,train,1373.73
depth_holdout,3833,train,1374.04
depth_holdout,3834,train,1374.34
depth_holdout,3835,train,1374.65
depth_holdout,3836,train,1374.96
depth_holdout,3837,train,1375.27
depth_holdout,3838,train,1375.57
depth_holdout,3839,train,1375.88
depth_holdout,3840,train,1376.19
depth_holdout,3841,train,1376.49
depth_holdout,3842,train,1376.81
depth_holdout,3843,train,1377.12
depth_holdout,3844,train,1377.43
depth_holdout,3845,train,1377.74
depth_holdout,3846,train,1378.05
depth_holdout,3847,train,1378.35
depth_holdout,3848,train,1378.66
depth_holdout,3849,train,1378.97
depth_holdout,3850,train,1379.28
depth_holdout,3851,train,1379.59
depth_holdout,3852,train,1379.9
depth_holdout,3853,train,1380.21
depth_holdout,3854,train,1380.52
depth_holdout,3855,train,1380.82
depth_holdout,3856,train,1381.14
depth_holdout,3857,train,1381.44
depth_holdout,3858,train,1381.75
depth_holdout,3859,train,1382.06
depth_holdout,3860,train,1382.37
depth_holdout,3861,train,1382.68
depth_holdout,3862,train,1382.98
depth_holdout,3863,train,1383.29
depth_holdout,3864,train,1383.6
depth_holdout,3865,train,1383.91
depth_holdout,3866,train,1384.22
depth_holdout,3867,train,1384.52
depth_holdout,3868,train,1384.83
depth_holdout,3869,train,1385.14
depth_holdout,3870,train,1385.46
depth_holdout,3871,train,1385.76
depth_holdout,3872,train,1386.07
depth_holdout,3873,train,1386.38
depth_holdout,3874,train,1386.69
depth_holdout,3875,train,1386.99
depth_holdout,3876,train,1387.3
depth_holdout,3877,train,1387.61
depth_holdout,3878,train,1387.92
depth_holdout,3879,train,1388.23
depth_holdout,3880,train,1388.53
depth_holdout,3881,train,1388.84
depth_holdout,3882,train,1389.15
depth_holdout,3883,train,1389.46
depth_holdout,3884,train,1389.77
depth_holdout,3885,train,1390.07
depth_holdout,3886,train,1390.38
depth_holdout,3887,train,1390.69
depth_holdout,3888,train,1391.0
depth_holdout,3889,train,1391.3
depth_holdout,3890,train,1391.61
depth_holdout,3891,train,1391.61
depth_holdout,3892,train,1391.92
depth_holdout,3893,train,1392.23
depth_holdout,3894,train,1392.54
depth_holdout,3895,train,1392.84
depth_holdout,3896,train,1393.15
depth_holdout,3897,train,1393.46
depth_holdout,3898,train,1393.77
depth_holdout,3899,train,1394.07
depth_holdout,3900,train,1394.38
depth_holdout,3901,train,1394.69
depth_holdout,3902,train,1395.0
depth_holdout,3903,train,1395.31
depth_holdout,3904,train,1395.61
depth_holdout,3905,train,1395.92
depth_holdout,3906,train,1396.23
depth_holdout,3907,train,1396.54
depth_holdout,3908,train,1396.85
depth_holdout,3909,train,1397.15
depth_holdout,3910,train,1397.46
depth_holdout,3911,train,1397.77
depth_holdout,3912,train,1398.08
depth_holdout,3913,train,1398.38
depth_holdout,3914,train,1398.69
depth_holdout,3915,train,1399.0
depth_holdout,3916,train,1399.31
depth_holdout,3917,train,1399.62
depth_holdout,3918,train,1399.93
depth_holdout,3919,train,1400.23
depth_holdout,3920,train,1400.54
depth_holdout,3921,train,1400.85
depth_holdout,3922,train,1401.16
depth_holdout,3923,train,1401.16
depth_holdout,3924,train,1401.47
depth_holdout,3925,train,1401.77
depth_holdout,3926,train,1402.08
depth_holdout,3927,train,1402.39
depth_holdout,3928,train,1402.7
depth_holdout,3929,train,1403.01
depth_holdout,3930,train,1403.31
depth_holdout,3931,train,1403.62
depth_holdout,3932,train,1403.93
depth_holdout,3933,train,1404.24
depth_holdout,3934,train,1404.54
depth_holdout,3935,train,1404.85
depth_holdout,3936,train,1405.16
depth_holdout,3937,train,1405.47
depth_holdout,3938,train,1405.78
depth_holdout,3939,train,1406.08
depth_holdout,3940,train,1406.39
depth_holdout,3941,train,1406.7
depth_holdout,3942,train,1407.01
depth_holdout,3943,train,1407.31
depth_holdout,3944,train,1407.62
depth_holdout,3945,train,1407.93
depth_holdout,3946,train,1408.24
depth_holdout,3947,train,1408.55
depth_holdout,3948,train,1408.85
depth_holdout,3949,train,1409.16
depth_holdout,3950,train,1409.47
depth_holdout,3951,train,1409.77
depth_holdout,3952,train,1410.08
depth_holdout,3953,train,1410.39
depth_holdout,3954,train,1410.7
depth_holdout,3955,train,1411.01
depth_holdout,3956,train,1411.16
depth_holdout,3957,train,1411.62
depth_holdout,3958,train,1411.93
depth_holdout,3959,train,1412.24
depth_holdout,3960,train,1412.54
depth_holdout,3961,train,1412.85
depth_holdout,3962,train,1413.16
depth_holdout,3963,train,1413.47
depth_holdout,3964,train,1413.78
depth_holdout,3965,train,1414.08
depth_holdout,3966,train,1414.39
depth_holdout,3967,train,1414.7
depth_holdout,3968,train,1415.0
depth_holdout,3969,train,1415.31
depth_holdout,3970,train,1415.62
depth_holdout,3971,train,1415.93
depth_holdout,3972,train,1415.93
depth_holdout,3973,train,1416.24
depth_holdout,3974,train,1416.24
depth_holdout,3975,train,1416.54
depth_holdout,3976,train,1416.85
depth_holdout,3977,train,1417.16
depth_holdout,3978,train,1417.47
depth_holdout,3979,train,1417.78
depth_holdout,3980,train,1418.08
depth_holdout,3981,train,1423.02
depth_holdout,3982,train,1423.33
depth_holdout,3983,train,1423.64
depth_holdout,3984,train,1423.94
depth_holdout,3985,train,1424.25
depth_holdout,3986,train,1424.56
depth_holdout,3987,train,1424.87
depth_holdout,3988,train,1425.18
depth_holdout,3989,train,1425.48
depth_holdout,3990,train,1425.79
depth_holdout,3991,train,1426.1
depth_holdout,3992,train,1426.1
depth_holdout,3993,train,1426.41
depth_holdout,3994,train,1426.71
depth_holdout,3995,train,1427.02
depth_holdout,3996,train,1427.33
depth_holdout,3997,train,1427.64
depth_holdout,3998,train,1427.95
depth_holdout,3999,train,1428.26
depth_holdout,4000,train,1428.57
depth_holdout,4001,train,1428.88
depth_holdout,4002,train,1429.19
depth_holdout,4003,train,1429.49
depth_holdout,4004,train,1429.8
depth_holdout,4005,train,1430.11
depth_holdout,4006,train,1430.42
depth_holdout,4007,train,1430.73
depth_holdout,4008,train,1431.03
depth_holdout,4009,train,1431.34
depth_holdout,4010,train,1431.65
depth_holdout,4011,train,1441.19
depth_holdout,4012,train,1441.5
depth_holdout,4013,train,1441.81
depth_holdout,4014,train,1442.12
depth_holdout,4015,train,1443.35
depth_holdout,4016,train,1443.66
depth_holdout,4017,train,1443.97
depth_holdout,4018,train,1444.27
depth_holdout,4019,train,1444.58
depth_holdout,4020,train,1444.89
depth_holdout,4021,train,1445.2
depth_holdout,4022,train,1445.5
depth_holdout,4023,train,1445.81
depth_holdout,4024,train,1446.12
depth_holdout,4025,train,1446.43
depth_holdout,4026,train,1446.74
depth_holdout,4027,train,1447.66
depth_holdout,4028,train,1447.96
depth_holdout,4029,train,1448.27
depth_holdout,4030,train,1448.58
depth_holdout,4031,train,1448.89
depth_holdout,4032,train,1449.2
depth_holdout,4033,train,1449.5
depth_holdout,4034,train,1449.81
depth_holdout,4035,train,1450.12
depth_holdout,4036,train,1450.43
depth_holdout,4037,train,1450.73
depth_holdout,4038,train,1451.04
depth_holdout,4039,train,1451.66
depth_holdout,4040,train,1451.97
depth_holdout,4041,train,1452.27
depth_holdout,4042,train,1452.58
depth_holdout,4043,train,1452.89
depth_holdout,4044,train,1453.2
depth_holdout,4045,train,1453.92
depth_holdout,4046,train,1454.23
depth_holdout,4047,train,1454.54
depth_holdout,4048,train,1454.84
depth_holdout,4049,train,1455.15
depth_holdout,4050,train,1455.46
depth_holdout,4051,train,1455.77
depth_holdout,4052,train,1456.07
depth_holdout,4053,train,1456.38
depth_holdout,4054,train,1456.69
depth_holdout,4055,train,1457.0
depth_holdout,4056,train,1457.31
depth_holdout,4057,train,1462.26
depth_holdout,4058,train,1462.56
depth_holdout,4059,train,1462.87
depth_holdout,4060,train,1463.18
depth_holdout,4061,train,1463.49
depth_holdout,4062,train,1463.8
depth_holdout,4063,train,1464.11
depth_holdout,4064,train,1464.41
depth_holdout,4065,train,1464.72
depth_holdout,4066,train,1465.03
depth_holdout,4067,train,1465.34
depth_holdout,4068,train,1465.65
depth_holdout,4069,train,1465.96
depth_holdout,4070,train,1466.26
depth_holdout,4071,train,1466.57
depth_holdout,4072,train,1466.88
depth_holdout,4073,train,1467.19
depth_holdout,4074,train,1467.49
depth_holdout,4075,train,1471.19
depth_holdout,4076,train,1471.5
depth_holdout,4077,train,1472.11
depth_holdout,4078,train,1472.42
depth_holdout,4079,train,1472.73
depth_holdout,4080,train,1473.04
depth_holdout,4081,train,1473.34
depth_holdout,4082,train,1473.65
depth_holdout,4083,train,1473.96
depth_holdout,4084,train,1474.27
depth_holdout,4085,train,1474.58
depth_holdout,4086,train,1474.89
depth_holdout,4087,train,1475.2
depth_holdout,4088,train,1475.5
depth_holdout,4089,train,1475.81
depth_holdout,4090,train,1476.12
depth_holdout,4091,train,1476.43
depth_holdout,4092,train,1482.58
depth_holdout,4093,train,1482.89
depth_holdout,4094,train,1483.19
depth_holdout,4095,train,1483.5
depth_holdout,4096,train,1483.81
depth_holdout,4097,train,1484.12
depth_holdout,4098,train,1484.43
depth_holdout,4099,train,1484.73
depth_holdout,4100,train,1485.04
depth_holdout,4101,train,1485.35
depth_holdout,4102,train,1485.66
depth_holdout,4103,train,1485.97
depth_holdout,4104,train,1489.05
depth_holdout,4105,train,1489.36
depth_holdout,4106,train,1489.66
depth_holdout,4107,train,1489.97
depth_holdout,4108,train,1490.28
depth_holdout,4109,train,1490.59
depth_holdout,4110,train,1490.9
depth_holdout,4111,train,1491.2
depth_holdout,4112,train,1491.51
depth_holdout,4113,train,1491.82
depth_holdout,4114,train,1492.13
depth_holdout,4115,train,1492.44
depth_holdout,4116,train,1492.74
depth_holdout,4117,train,1493.05
depth_holdout,4118,train,1493.36
depth_holdout,4119,train,1493.67
depth_holdout,4120,train,1493.97
depth_holdout,4121,train,1494.28
depth_holdout,4122,train,1494.59
depth_holdout,4123,train,1494.9
depth_holdout,4124,train,1494.9
depth_holdout,4125,train,1495.21
depth_holdout,4126,train,1498.31
depth_holdout,4127,train,1498.61
depth_holdout,4128,train,1500.15
depth_holdout,4129,train,1500.46
depth_holdout,4130,train,1500.77
depth_holdout,4131,train,1501.08
depth_holdout,4132,train,1501.39
depth_holdout,4133,train,1501.7
depth_holdout,4134,train,1502.01
depth_holdout,4135,train,1502.32
depth_holdout,4136,train,1502.62
depth_holdout,4137,train,1502.93
depth_holdout,4138,train,1503.55
depth_holdout,4139,train,1503.86
depth_holdout,4140,train,1504.16
depth_holdout,4141,train,1504.47
depth_holdout,4142,train,1504.78
depth_holdout,4143,train,1505.09
depth_holdout,4144,train,1507.85
depth_holdout,4145,train,1508.16
depth_holdout,4146,train,1508.47
depth_holdout,4147,train,1508.78
depth_holdout,4148,train,1509.09
depth_holdout,4149,train,1509.39
depth_holdout,4150,train,1509.7
depth_holdout,4151,train,1510.01
depth_holdout,4152,train,1510.32
depth_holdout,4153,train,1510.62
depth_holdout,4154,train,1510.93
depth_holdout,4155,train,1511.24
depth_holdout,4156,train,1511.55
depth_holdout,4157,train,1511.86
depth_holdout,4158,train,1512.16
depth_holdout,4159,train,1512.47
depth_holdout,4160,train,1512.78
depth_holdout,4161,train,1513.09
depth_holdout,4162,train,1513.4
depth_holdout,4163,train,1513.7
depth_holdout,4164,train,1514.01
depth_holdout,4165,train,1514.32
depth_holdout,4166,train,1514.63
depth_holdout,4167,train,1517.77
depth_holdout,4168,train,1518.07
depth_holdout,4169,train,1518.38
depth_holdout,4170,train,1518.69
depth_holdout,4171,train,1519.0
depth_holdout,4172,train,1519.31
depth_holdout,4173,train,1519.61
depth_holdout,4174,train,1519.92
depth_holdout,4175,train,1520.23
depth_holdout,4176,train,1520.53
depth_holdout,4177,train,1520.84
depth_holdout,4178,train,1521.15
depth_holdout,4179,train,1521.46
depth_holdout,4180,train,1521.76
depth_holdout,4181,train,1522.07
depth_holdout,4182,train,1522.38
depth_holdout,4183,train,1522.69
depth_holdout,4184,train,1523.0
depth_holdout,4185,train,1523.3
depth_holdout,4186,train,1523.61
depth_holdout,4187,train,1523.92
depth_holdout,4188,train,1524.23
depth_holdout,4189,train,1524.54
depth_holdout,4190,train,1527.31
depth_holdout,4191,train,1527.61
depth_holdout,4192,train,1527.92
depth_holdout,4193,train,1528.23
depth_holdout,4194,train,1528.54
depth_holdout,4195,train,1528.85
depth_holdout,4196,train,1529.16
depth_holdout,4197,train,1529.47
depth_holdout,4198,train,1529.77
depth_holdout,4199,train,1530.08
depth_holdout,4200,train,1530.39
depth_holdout,4201,train,1530.7
depth_holdout,4202,train,1531.01
depth_holdout,4203,train,1531.32
depth_holdout,4204,train,1531.62
depth_holdout,4205,train,1531.93
depth_holdout,4206,train,1532.24
depth_holdout,4207,train,1532.55
depth_holdout,4208,train,1532.86
depth_holdout,4209,train,1533.16
depth_holdout,4210,train,1533.47
depth_holdout,4211,train,1533.78
depth_holdout,4212,train,1537.17
depth_holdout,4213,train,1537.47
depth_holdout,4214,train,1537.78
depth_holdout,4215,train,1538.09
depth_holdout,4216,train,1538.39
depth_holdout,4217,train,1538.7
depth_holdout,4218,train,1539.01
depth_holdout,4219,train,1539.32
depth_holdout,4220,train,1539.63
depth_holdout,4221,train,1539.93
depth_holdout,4222,train,1540.24
depth_holdout,4223,train,1540.55
depth_holdout,4224,train,1540.86
depth_holdout,4225,train,1541.16
depth_holdout,4226,train,1541.47
depth_holdout,4227,train,1541.78
depth_holdout,4228,train,1542.09
depth_holdout,4229,train,1542.4
depth_holdout,4230,train,1542.7
depth_holdout,4231,train,1543.01
depth_holdout,4232,train,1543.32
depth_holdout,4233,train,1543.63
depth_holdout,4234,train,1543.94
depth_holdout,4235,train,1546.57
depth_holdout,4236,train,1546.64
depth_holdout,4237,train,1546.94
depth_holdout,4238,train,1547.25
depth_holdout,4239,train,1547.56
depth_holdout,4240,train,1547.87
depth_holdout,4241,train,1548.17
depth_holdout,4242,train,1548.48
depth_holdout,4243,train,1548.79
depth_holdout,4244,train,1549.1
depth_holdout,4245,train,1549.41
depth_holdout,4246,train,1549.71
depth_holdout,4247,train,1550.02
depth_holdout,4248,train,1550.33
depth_holdout,4249,train,1550.64
depth_holdout,4250,train,1550.94
depth_holdout,4251,train,1551.25
depth_holdout,4252,train,1551.56
depth_holdout,4253,train,1551.87
depth_holdout,4254,train,1552.17
depth_holdout,4255,train,1552.48
depth_holdout,4256,train,1552.79
depth_holdout,4257,train,1553.1
depth_holdout,4258,train,1553.41
depth_holdout,4259,train,1553.72
depth_holdout,4260,train,1554.03
depth_holdout,4261,train,1554.33
depth_holdout,4262,train,1554.64
depth_holdout,4263,train,1554.95
depth_holdout,4264,train,1555.26
depth_holdout,4265,train,1555.57
depth_holdout,4266,train,1555.87
depth_holdout,4267,train,1556.18
depth_holdout,4268,train,1556.49
depth_holdout,4269,train,1556.8
depth_holdout,4270,train,1556.8
depth_holdout,4271,train,1557.1
depth_holdout,4272,train,1557.41
depth_holdout,4273,train,1557.72
depth_holdout,4274,train,1558.03
depth_holdout,4275,train,1558.34
depth_holdout,4276,train,1558.64
depth_holdout,4277,train,1558.95
depth_holdout,4278,train,1559.26
depth_holdout,4279,train,1559.57
depth_holdout,4280,train,1559.88
depth_holdout,4281,train,1560.18
depth_holdout,4282,train,1560.49
depth_holdout,4283,train,1560.8
depth_holdout,4284,train,1561.1
depth_holdout,4285,train,1561.41
depth_holdout,4286,train,1561.72
depth_holdout,4287,train,1562.03
depth_holdout,4288,train,1562.33
depth_holdout,4289,train,1562.64
depth_holdout,4290,train,1562.95
depth_holdout,4291,train,1563.26
depth_holdout,4292,train,1563.89
depth_holdout,4293,train,1564.2
depth_holdout,4294,train,1564.5
depth_holdout,4295,train,1564.82
depth_holdout,4296,train,1565.12
depth_holdout,4297,train,1565.43
depth_holdout,4298,train,1565.74
depth_holdout,4299,train,1566.05
depth_holdout,4300,train,1566.35
depth_holdout,4301,train,1566.66
depth_holdout,4302,train,1566.97
depth_holdout,4303,train,1567.28
depth_holdout,4304,train,1567.59
depth_holdout,4305,train,1567.89
depth_holdout,4306,train,1568.2
depth_holdout,4307,train,1568.51
depth_holdout,4308,train,1568.82
depth_holdout,4309,train,1569.13
depth_holdout,4310,train,1569.43
depth_holdout,4311,train,1569.74
depth_holdout,4312,train,1570.05
depth_holdout,4313,train,1570.35
depth_holdout,4314,train,1570.66
depth_holdout,4315,train,1570.97
depth_holdout,4316,train,1571.28
depth_holdout,4317,train,1571.58
depth_holdout,4318,train,1571.89
depth_holdout,4319,train,1572.2
depth_holdout,4320,train,1572.51
depth_holdout,4321,train,1575.28
depth_holdout,4322,train,1575.58
depth_holdout,4323,train,1575.89
depth_holdout,4324,train,1576.2
depth_holdout,4325,train,1576.51
depth_holdout,4326,train,1576.81
depth_holdout,4327,train,1577.12
depth_holdout,4328,train,1577.43
depth_holdout,4329,train,1577.74
depth_holdout,4330,train,1578.05
depth_holdout,4331,train,1578.35
depth_holdout,4332,train,1578.66
depth_holdout,4333,train,1578.97
depth_holdout,4334,train,1579.28
depth_holdout,4335,train,1579.59
depth_holdout,4336,train,1579.89
depth_holdout,4337,train,1580.2
depth_holdout,4338,train,1580.51
depth_holdout,4339,train,1580.81
depth_holdout,4340,train,1581.12
depth_holdout,4341,train,1581.43
depth_holdout,4342,train,1581.74
depth_holdout,4343,train,1582.05
depth_holdout,4344,train,1582.35
depth_holdout,4345,train,1582.66
depth_holdout,4346,train,1582.97
depth_holdout,4347,train,1583.27
depth_holdout,4348,train,1583.58
depth_holdout,4349,train,1583.89
depth_holdout,4350,train,1584.2
depth_holdout,4351,train,1584.5
depth_holdout,4352,train,1584.82
depth_holdout,4353,train,1585.12
depth_holdout,4354,train,1585.43
depth_holdout,4355,train,1585.74
depth_holdout,4356,train,1586.04
depth_holdout,4357,train,1586.35
depth_holdout,4358,train,1586.66
depth_holdout,4359,train,1586.97
depth_holdout,4360,train,1587.28
depth_holdout,4361,train,1587.58
depth_holdout,4362,train,1587.89
depth_holdout,4363,train,1588.2
depth_holdout,4364,train,1588.51
depth_holdout,4365,train,1588.81
depth_holdout,4366,train,1589.12
depth_holdout,4367,train,1589.43
depth_holdout,4368,train,1589.74
depth_holdout,4369,train,1590.05
depth_holdout,4370,train,1590.35
depth_holdout,4371,train,1590.66
depth_holdout,4372,train,1590.97
depth_holdout,4373,train,1591.28
depth_holdout,4374,train,1591.58
depth_holdout,4375,train,1591.89
depth_holdout,4376,train,1591.89
depth_holdout,4377,train,1592.2
depth_holdout,4378,train,1594.04
depth_holdout,4379,train,1594.35
depth_holdout,4380,train,1594.66
depth_holdout,4381,train,1594.96
depth_holdout,4382,train,1595.27
depth_holdout,4383,train,1595.58
depth_holdout,4384,train,1595.89
depth_holdout,4385,train,1596.2
depth_holdout,4386,train,1596.5
depth_holdout,4387,train,1596.81
depth_holdout,4388,train,1597.12
depth_holdout,4389,train,1597.43
depth_holdout,4390,train,1597.74
depth_holdout,4391,train,1598.04
depth_holdout,4392,train,1598.66
depth_holdout,4393,train,1598.66
depth_holdout,4394,train,1598.97
depth_holdout,4395,train,1599.59
depth_holdout,4396,train,1599.89
depth_holdout,4397,train,1600.2
depth_holdout,4398,train,1600.52
depth_holdout,4399,train,1600.82
depth_holdout,4400,train,1601.13
depth_holdout,4401,train,1601.44
depth_holdout,4402,train,1601.75
depth_holdout,4403,train,1603.9
depth_holdout,4404,train,1604.21
depth_holdout,4405,train,1604.51
depth_holdout,4406,train,1604.82
depth_holdout,4407,train,1605.13
depth_holdout,4408,train,1605.44
depth_holdout,4409,train,1605.75
depth_holdout,4410,train,1606.05
depth_holdout,4411,train,1606.36
depth_holdout,4412,train,1606.67
depth_holdout,4413,train,1606.98
depth_holdout,4414,train,1607.28
depth_holdout,4415,train,1607.6
depth_holdout,4416,train,1607.9
depth_holdout,4417,train,1608.21
depth_holdout,4418,train,1608.52
depth_holdout,4419,train,1608.83
depth_holdout,4420,train,1609.13
depth_holdout,4421,train,1609.44
depth_holdout,4422,train,1609.75
depth_holdout,4423,train,1610.05
depth_holdout,4424,train,1610.36
depth_holdout,4425,train,1610.67
depth_holdout,4426,train,1610.98
depth_holdout,4427,train,1611.29
depth_holdout,4428,train,1611.59
depth_holdout,4429,train,1611.9
depth_holdout,4430,train,1612.21
depth_holdout,4431,train,1612.52
depth_holdout,4432,train,1612.83
depth_holdout,4433,train,1613.14
depth_holdout,4434,train,1613.44
depth_holdout,4435,train,1613.75
depth_holdout,4436,train,1614.06
depth_holdout,4437,train,1614.37
depth_holdout,4438,train,1614.68
depth_holdout,4439,train,1614.98
depth_holdout,4440,train,1615.3
depth_holdout,4441,train,1615.6
depth_holdout,4442,train,1615.91
depth_holdout,4443,train,1616.22
depth_holdout,4444,train,1616.53
depth_holdout,4445,train,1616.84
depth_holdout,4446,train,1617.14
depth_holdout,4447,train,1617.45
depth_holdout,4448,train,1617.76
depth_holdout,4449,train,1618.07
depth_holdout,4450,train,1618.38
depth_holdout,4451,train,1618.68
depth_holdout,4452,train,1618.99
depth_holdout,4453,train,1619.3
depth_holdout,4454,train,1619.61
depth_holdout,4455,train,1619.91
depth_holdout,4456,train,1620.22
depth_holdout,4457,train,1620.53
depth_holdout,4458,train,1620.84
depth_holdout,4459,train,1621.15
depth_holdout,4460,train,1621.45
depth_holdout,4461,train,1621.46
depth_holdout,4462,train,1621.77
depth_holdout,4463,train,1622.08
depth_holdout,4464,train,1622.39
depth_holdout,4465,train,1622.7
depth_holdout,4466,train,1623.01
depth_holdout,4467,train,1623.32
depth_holdout,4468,train,1623.62
depth_holdout,4469,train,1623.93
depth_holdout,4470,train,1624.24
depth_holdout,4471,train,1624.55
depth_holdout,4472,train,1624.86
depth_holdout,4473,train,1625.16
depth_holdout,4474,train,1625.47
depth_holdout,4475,train,1625.78
depth_holdout,4476,train,1626.09
depth_holdout,4477,train,1626.39
depth_holdout,4478,train,1626.7
depth_holdout,4479,train,1627.01
depth_holdout,4480,train,1627.31
depth_holdout,4481,train,1627.62
depth_holdout,4482,train,1627.93
depth_holdout,4483,train,1628.24
depth_holdout,4484,train,1628.55
depth_holdout,4485,train,1628.86
depth_holdout,4486,train,1629.17
depth_holdout,4487,train,1629.48
depth_holdout,4488,train,1629.78
depth_holdout,4489,train,1630.09
depth_holdout,4490,train,1630.4
depth_holdout,4491,train,1630.71
depth_holdout,4492,train,1631.01
depth_holdout,4493,train,1631.32
depth_holdout,4494,train,1631.63
depth_holdout,4495,train,1631.94
depth_holdout,4496,train,1632.25
depth_holdout,4497,train,1632.55
depth_holdout,4498,train,1632.86
depth_holdout,4499,train,1633.17
depth_holdout,4500,train,1633.48
depth_holdout,4501,train,1633.78
depth_holdout,4502,train,1634.09
depth_holdout,4503,train,1634.4
depth_holdout,4504,train,1634.71
depth_holdout,4505,train,1635.02
depth_holdout,4506,train,1635.32
depth_holdout,4507,train,1635.63
depth_holdout,4508,train,1635.94
depth_holdout,4509,train,1636.25
depth_holdout,4510,train,1636.56
depth_holdout,4511,train,1636.87
depth_holdout,4512,train,1637.17
depth_holdout,4513,train,1637.48
depth_holdout,4514,train,1637.79
depth_holdout,4515,train,1638.1
depth_holdout,4516,train,1638.41
depth_holdout,4517,train,1638.71
depth_holdout,4518,train,1639.02
depth_holdout,4519,train,1639.33
depth_holdout,4520,train,1639.64
depth_holdout,4521,train,1639.95
depth_holdout,4522,train,1640.25
depth_holdout,4523,train,1643.03
depth_holdout,4524,train,1643.34
depth_holdout,4525,train,1643.65
depth_holdout,4526,train,1643.96
depth_holdout,4527,train,1644.26
depth_holdout,4528,train,1644.57
depth_holdout,4529,train,1644.89
depth_holdout,4530,train,1645.19
depth_holdout,4531,train,1645.5
depth_holdout,4532,train,1645.81
depth_holdout,4533,train,1646.12
depth_holdout,4534,train,1646.42
depth_holdout,4535,train,1646.73
depth_holdout,4536,train,1647.04
depth_holdout,4537,train,1647.35
depth_holdout,4538,train,1647.66
depth_holdout,4539,train,1647.97
depth_holdout,4540,train,1648.28
depth_holdout,4541,train,1648.59
depth_holdout,4542,train,1648.89
depth_holdout,4543,train,1649.2
depth_holdout,4544,train,1649.51
depth_holdout,4545,train,1649.82
depth_holdout,4546,train,1650.12
depth_holdout,4547,train,1650.43
depth_holdout,4548,train,1657.84
depth_holdout,4549,train,1658.14
depth_holdout,4550,train,1658.45
depth_holdout,4551,train,1658.76
depth_holdout,4552,train,1659.07
depth_holdout,4553,train,1659.38
depth_holdout,4554,train,1659.69
depth_holdout,4555,train,1660.61
depth_holdout,4556,train,1660.92
depth_holdout,4557,train,1661.23
depth_holdout,4558,train,1661.54
depth_holdout,4559,train,1661.84
depth_holdout,4560,train,1662.15
depth_holdout,4561,train,1662.46
depth_holdout,4562,train,1662.77
depth_holdout,4563,train,1663.08
depth_holdout,4564,train,1663.39
depth_holdout,4565,train,1663.69
depth_holdout,4566,train,1664.0
depth_holdout,4567,train,1664.31
depth_holdout,4568,train,1664.62
depth_holdout,4569,train,1664.93
depth_holdout,4570,train,1665.23
depth_holdout,4571,train,1665.54
depth_holdout,4572,train,1665.85
depth_holdout,4573,train,1666.16
depth_holdout,4574,train,1666.46
depth_holdout,4575,train,1666.77
depth_holdout,4576,train,1667.08
depth_holdout,4577,train,1667.39
depth_holdout,4578,train,1667.7
depth_holdout,4579,train,1668.01
depth_holdout,4580,train,1668.31
depth_holdout,4581,train,1668.62
depth_holdout,4582,train,1668.93
depth_holdout,4583,train,1669.24
depth_holdout,4584,train,1669.56
depth_holdout,4585,train,1669.87
depth_holdout,4586,train,1670.18
depth_holdout,4587,train,1670.49
depth_holdout,4588,train,1670.8
depth_holdout,4589,train,1671.1
depth_holdout,4590,train,1671.41
depth_holdout,4591,train,1671.72
depth_holdout,4592,train,1672.04
depth_holdout,4593,train,1672.34
depth_holdout,4594,train,1672.65
depth_holdout,4595,train,1672.96
depth_holdout,4596,train,1673.27
depth_holdout,4597,train,1673.58
depth_holdout,4598,train,1673.88
depth_holdout,4599,train,1674.19
depth_holdout,4600,train,1674.5
depth_holdout,4601,train,1674.81
depth_holdout,4602,train,1675.11
depth_holdout,4603,train,1675.42
depth_holdout,4604,train,1675.73
depth_holdout,4605,train,1676.06
depth_holdout,4606,train,1676.36
depth_holdout,4607,train,1676.67
depth_holdout,4608,test,1676.98
depth_holdout,4609,test,1677.29
depth_holdout,4610,test,1677.6
depth_holdout,4611,test,1677.91
depth_holdout,4612,test,1678.21
depth_holdout,4613,test,1678.52
depth_holdout,4614,test,1678.83
depth_holdout,4615,test,1679.14
depth_holdout,4616,test,1679.45
depth_holdout,4617,test,1679.75
depth_holdout,4618,test,1680.06
depth_holdout,4619,test,1680.37
depth_holdout,4620,test,1680.68
depth_holdout,4621,test,1680.98
depth_holdout,4622,test,1681.29
depth_holdout,4623,test,1681.6
depth_holdout,4624,test,1681.91
depth_holdout,4625,test,1682.22
depth_holdout,4626,test,1682.53
depth_holdout,4627,test,1682.83
depth_holdout,4628,test,1683.14
depth_holdout,4629,test,1683.45
depth_holdout,4630,test,1683.76
depth_holdout,4631,test,1684.07
depth_holdout,4632,test,1684.37
depth_holdout,4633,test,1684.37
depth_holdout,4634,test,1684.68
depth_holdout,4635,test,1684.99
depth_holdout,4636,test,1685.3
depth_holdout,4637,test,1685.6
depth_holdout,4638,test,1685.92
depth_holdout,4639,test,1686.23
depth_holdout,4640,test,1686.54
depth_holdout,4641,test,1686.85
depth_holdout,4642,test,1687.16
depth_holdout,4643,test,1687.47
depth_holdout,4644,test,1687.78
depth_holdout,4645,test,1688.08
depth_holdout,4646,test,1688.39
depth_holdout,4647,test,1688.72
depth_holdout,4648,test,1689.03
depth_holdout,4649,test,1689.34
depth_holdout,4650,test,1689.67
depth_holdout,4651,test,1689.98
depth_holdout,4652,test,1690.29
depth_holdout,4653,test,1690.6
depth_holdout,4654,test,1690.91
depth_holdout,4655,test,1691.22
depth_holdout,4656,test,1691.52
depth_holdout,4657,test,1691.83
depth_holdout,4658,test,1692.16
depth_holdout,4659,test,1692.48
depth_holdout,4660,test,1692.8
depth_holdout,4661,test,1693.11
depth_holdout,4662,test,1693.41
depth_holdout,4663,test,1693.72
depth_holdout,4664,test,1694.03
depth_holdout,4665,test,1694.34
depth_holdout,4666,test,1694.65
depth_holdout,4667,test,1694.96
depth_holdout,4668,test,1695.26
depth_holdout,4669,test,1695.57
depth_holdout,4670,test,1695.88
depth_holdout,4671,test,1696.19
depth_holdout,4672,test,1696.5
depth_holdout,4673,test,1696.81
depth_holdout,4674,test,1697.12
depth_holdout,4675,test,1697.42
depth_holdout,4676,test,1697.73
depth_holdout,4677,test,1698.04
depth_holdout,4678,test,1698.35
depth_holdout,4679,test,1698.66
depth_holdout,4680,test,1698.97
depth_holdout,4681,test,1699.27
depth_holdout,4682,test,1699.58
depth_holdout,4683,test,1699.89
depth_holdout,4684,test,1700.2
depth_holdout,4685,test,1700.51
depth_holdout,4686,test,1700.81
depth_holdout,4687,test,1701.12
depth_holdout,4688,test,1701.43
depth_holdout,4689,test,1701.74
depth_holdout,4690,test,1702.05
depth_holdout,4691,test,1702.36
depth_holdout,4692,test,1702.66
depth_holdout,4693,test,1702.97
depth_holdout,4694,test,1703.29
depth_holdout,4695,test,1703.6
depth_holdout,4696,test,1703.91
depth_holdout,4697,test,1704.22
depth_holdout,4698,test,1704.53
depth_holdout,4699,test,1704.83
depth_holdout,4700,test,1705.14
depth_holdout,4701,test,1705.45
depth_holdout,4702,test,1705.76
depth_holdout,4703,test,1706.11
depth_holdout,4704,test,1706.42
depth_holdout,4705,test,1706.72
depth_holdout,4706,test,1707.03
depth_holdout,4707,test,1707.34
depth_holdout,4708,test,1707.65
depth_holdout,4709,test,1707.96
depth_holdout,4710,test,1708.27
depth_holdout,4711,test,1708.57
depth_holdout,4712,test,1708.88
depth_holdout,4713,test,1709.19
depth_holdout,4714,test,1709.5
depth_holdout,4715,test,1709.8
depth_holdout,4716,test,1710.11
depth_holdout,4717,test,1710.42
depth_holdout,4718,test,1710.73
depth_holdout,4719,test,1710.73
depth_holdout,4720,test,1711.04
depth_holdout,4721,test,1711.34
depth_holdout,4722,test,1711.65
depth_holdout,4723,test,1711.96
depth_holdout,4724,test,1712.27
depth_holdout,4725,test,1712.58
depth_holdout,4726,test,1712.89
depth_holdout,4727,test,1713.19
depth_holdout,4728,test,1713.5
depth_holdout,4729,test,1713.81
depth_holdout,4730,test,1714.14
depth_holdout,4731,test,1714.44
depth_holdout,4732,test,1714.75
depth_holdout,4733,test,1715.08
depth_holdout,4734,test,1715.39
depth_holdout,4735,test,1715.69
depth_holdout,4736,test,1716.0
depth_holdout,4737,test,1716.31
depth_holdout,4738,test,1716.62
depth_holdout,4739,test,1716.93
depth_holdout,4740,test,1717.24
depth_holdout,4741,test,1717.55
depth_holdout,4742,test,1717.86
depth_holdout,4743,test,1718.17
depth_holdout,4744,test,1718.48
depth_holdout,4745,test,1718.79
depth_holdout,4746,test,1719.1
depth_holdout,4747,test,1719.41
depth_holdout,4748,test,1719.71
depth_holdout,4749,test,1720.02
depth_holdout,4750,test,1720.33
depth_holdout,4751,test,1720.64
depth_holdout,4752,test,1720.94
depth_holdout,4753,test,1721.26
depth_holdout,4754,test,1721.57
depth_holdout,4755,test,1721.87
depth_holdout,4756,test,1722.18
depth_holdout,4757,test,1722.49
depth_holdout,4758,test,1722.79
depth_holdout,4759,test,1723.1
depth_holdout,4760,test,1723.41
depth_holdout,4761,test,1723.72
depth_holdout,4762,test,1724.03
depth_holdout,4763,test,1724.34
depth_holdout,4764,test,1724.65
depth_holdout,4765,test,1724.97
depth_holdout,4766,test,1725.28
depth_holdout,4767,test,1725.58
depth_holdout,4768,test,1725.89
depth_holdout,4769,test,1726.2
depth_holdout,4770,test,1726.51
depth_holdout,4771,test,1726.81
depth_holdout,4772,test,1727.12
depth_holdout,4773,test,1727.43
depth_holdout,4774,test,1727.74
depth_holdout,4775,test,1728.05
depth_holdout,4776,test,1728.35
depth_holdout,4777,test,1728.66
depth_holdout,4778,test,1728.97
depth_holdout,4779,test,1729.28
depth_holdout,4780,test,1729.59
depth_holdout,4781,test,1729.89
depth_holdout,4782,test,1730.2
depth_holdout,4783,test,1730.51
depth_holdout,4784,test,1730.82
depth_holdout,4785,test,1731.12
depth_holdout,4786,test,1731.43
depth_holdout,4787,test,1731.74
depth_holdout,4788,test,1732.05
depth_holdout,4789,test,1732.36
depth_holdout,4790,test,1732.66
depth_holdout,4791,test,1732.97
depth_holdout,4792,test,1733.28
depth_holdout,4793,test,1733.59
depth_holdout,4794,test,1733.94
depth_holdout,4795,test,1734.25
depth_holdout,4796,test,1734.56
depth_holdout,4797,test,1734.86
depth_holdout,4798,test,1735.17
depth_holdout,4799,test,1735.48
depth_holdout,4800,test,1735.79
depth_holdout,4801,test,1736.1
depth_holdout,4802,test,1736.4
depth_holdout,4803,test,1736.71
depth_holdout,4804,test,1737.02
depth_holdout,4805,test,1737.34
depth_holdout,4806,test,1737.64
depth_holdout,4807,test,1737.95
depth_holdout,4808,test,1738.26
depth_holdout,4809,test,1738.57
depth_holdout,4810,test,1738.88
depth_holdout,4811,test,1739.18
depth_holdout,4812,test,1739.49
depth_holdout,4813,test,1739.8
depth_holdout,4814,test,1740.11
depth_holdout,4815,test,1740.42
depth_holdout,4816,test,1740.73
depth_holdout,4817,test,1741.04
depth_holdout,4818,test,1741.35
depth_holdout,4819,test,1741.65
depth_holdout,4820,test,1741.96
depth_holdout,4821,test,1742.27
depth_holdout,4822,test,1742.58
depth_holdout,4823,test,1742.89
depth_holdout,4824,test,1743.19
depth_holdout,4825,test,1743.5
depth_holdout,4826,test,1743.81
depth_holdout,4827,test,1744.12
depth_holdout,4828,test,1744.43
depth_holdout,4829,test,1744.73
depth_holdout,4830,test,1745.04
depth_holdout,4831,test,1745.35
depth_holdout,4832,test,1745.66
depth_holdout,4833,test,1745.97
depth_holdout,4834,test,1746.28
depth_holdout,4835,test,1746.58
depth_holdout,4836,test,1746.89
depth_holdout,4837,test,1747.2
depth_holdout,4838,test,1747.51
depth_holdout,4839,test,1747.82
depth_holdout,4840,test,1748.13
depth_holdout,4841,test,1748.43
depth_holdout,4842,test,1748.74
depth_holdout,4843,test,1749.05
depth_holdout,4844,test,1749.35
depth_holdout,4845,test,1749.68
depth_holdout,4846,test,1749.99
depth_holdout,4847,test,1750.31
depth_holdout,4848,test,1750.62
depth_holdout,4849,test,1750.94
depth_holdout,4850,test,1751.25
depth_holdout,4851,test,1751.55
depth_holdout,4852,test,1751.86
depth_holdout,4853,test,1752.17
depth_holdout,4854,test,1752.48
depth_holdout,4855,test,1752.79
depth_holdout,4856,test,1753.1
depth_holdout,4857,test,1753.41
depth_holdout,4858,test,1753.73
depth_holdout,4859,test,1754.03
depth_holdout,4860,test,1754.34
depth_holdout,4861,test,1754.65
depth_holdout,4862,test,1754.96
depth_holdout,4863,test,1755.26
depth_holdout,4864,test,1755.57
depth_holdout,4865,test,1755.88
depth_holdout,4866,test,1756.19
depth_holdout,4867,test,1756.49
depth_holdout,4868,test,1756.81
depth_holdout,4869,test,1757.11
depth_holdout,4870,test,1757.43
depth_holdout,4871,test,1757.74
depth_holdout,4872,test,1758.04
depth_holdout,4873,test,1758.35
depth_holdout,4874,test,1758.66
depth_holdout,4875,test,1758.96
depth_holdout,4876,test,1759.27
depth_holdout,4877,test,1759.58
depth_holdout,4878,test,1759.89
depth_holdout,4879,test,1760.2
depth_holdout,4880,test,1760.5
depth_holdout,4881,test,1760.81
depth_holdout,4882,test,1761.12
depth_holdout,4883,test,1761.43
depth_holdout,4884,test,1761.73
depth_holdout,4885,test,1762.04
depth_holdout,4886,test,1762.35
depth_holdout,4887,test,1762.66
depth_holdout,4888,test,1762.97
depth_holdout,4889,test,1763.27
depth_holdout,4890,test,1763.58
depth_holdout,4891,test,1763.89
depth_holdout,4892,test,1764.19
depth_holdout,4893,test,1764.5
depth_holdout,4894,test,1764.81
depth_holdout,4895,test,1764.81
depth_holdout,4896,test,1765.12
depth_holdout,4897,test,1765.43
depth_holdout,4898,test,1765.73
depth_holdout,4899,test,1766.05
depth_holdout,4900,test,1766.35
depth_holdout,4901,test,1766.66
depth_holdout,4902,test,1766.97
depth_holdout,4903,test,1767.28
depth_holdout,4904,test,1767.58
depth_holdout,4905,test,1767.89
depth_holdout,4906,test,1768.2
depth_holdout,4907,test,1768.51
depth_holdout,4908,test,1768.81
depth_holdout,4909,test,1769.12
depth_holdout,4910,test,1769.43
depth_holdout,4911,test,1769.74
depth_holdout,4912,test,1770.05
depth_holdout,4913,test,1770.35
depth_holdout,4914,test,1770.66
depth_holdout,4915,test,1770.97
depth_holdout,4916,test,1771.28
depth_holdout,4917,test,1771.58
depth_holdout,4918,test,1771.89
depth_holdout,4919,test,1772.2
depth_holdout,4920,test,1772.51
depth_holdout,4921,test,1772.81
depth_holdout,4922,test,1773.12
depth_holdout,4923,test,1773.43
depth_holdout,4924,test,1773.74
depth_holdout,4925,test,1774.04
depth_holdout,4926,test,1774.35
depth_holdout,4927,test,1774.66
depth_holdout,4928,test,1774.97
depth_holdout,4929,test,1775.28
depth_holdout,4930,test,1775.58
depth_holdout,4931,test,1775.89
depth_holdout,4932,test,1776.2
depth_holdout,4933,test,1776.51
depth_holdout,4934,test,1776.81
depth_holdout,4935,test,1777.12
depth_holdout,4936,test,1777.43
depth_holdout,4937,test,1777.74
depth_holdout,4938,test,1778.05
depth_holdout,4939,test,1778.36
depth_holdout,4940,test,1778.67
depth_holdout,4941,test,1778.97
depth_holdout,4942,test,1779.28
depth_holdout,4943,test,1779.59
depth_holdout,4944,test,1779.9
depth_holdout,4945,test,1780.2
depth_holdout,4946,test,1780.51
depth_holdout,4947,test,1780.82
depth_holdout,4948,test,1781.13
depth_holdout,4949,test,1781.44
depth_holdout,4950,test,1781.74
depth_holdout,4951,test,1782.05
depth_holdout,4952,test,1782.36
depth_holdout,4953,test,1782.66
depth_holdout,4954,test,1782.97
depth_holdout,4955,test,1783.28
depth_holdout,4956,test,1783.59
depth_holdout,4957,test,1783.9
depth_holdout,4958,test,1784.2
depth_holdout,4959,test,1784.51
depth_holdout,4960,test,1784.82
depth_holdout,4961,test,1785.13
depth_holdout,4962,test,1785.43
depth_holdout,4963,test,1785.74
depth_holdout,4964,test,1786.05
depth_holdout,4965,test,1786.36
depth_holdout,4966,test,1786.67
depth_holdout,4967,test,1786.97
depth_holdout,4968,test,1787.28
depth_holdout,4969,test,1787.59
depth_holdout,4970,test,1787.9
depth_holdout,4971,test,1788.2
depth_holdout,4972,test,1788.51
depth_holdout,4973,test,1788.82
depth_holdout,4974,test,1789.13
depth_holdout,4975,test,1789.43
depth_holdout,4976,test,1789.74
depth_holdout,4977,test,1790.05
depth_holdout,4978,test,1790.36
depth_holdout,4979,test,1790.66
depth_holdout,4980,test,1790.97
depth_holdout,4981,test,1791.28
depth_holdout,4982,test,1791.59
depth_holdout,4983,test,1791.9
depth_holdout,4984,test,1792.2
depth_holdout,4985,test,1792.51
depth_holdout,4986,test,1792.82
depth_holdout,4987,test,1793.13
depth_holdout,4988,test,1793.43
depth_holdout,4989,test,1793.74
depth_holdout,4990,test,1794.05
depth_holdout,4991,test,1794.36
depth_holdout,4992,test,1794.66
depth_holdout,4993,test,1794.97
depth_holdout,4994,test,1795.28
depth_holdout,4995,test,1795.59
depth_holdout,4996,test,1795.89
depth_holdout,4997,test,1796.2
depth_holdout,4998,test,1796.51
depth_holdout,4999,test,1796.82
depth_holdout,5000,test,1797.13
depth_holdout,5001,test,1797.44
depth_holdout,5002,test,1797.74
depth_holdout,5003,test,1798.05
depth_holdout,5004,test,1798.36
depth_holdout,5005,test,1798.67
depth_holdout,5006,test,1798.98
depth_holdout,5007,test,1799.28
depth_holdout,5008,test,1799.59
depth_holdout,5009,test,1799.9
depth_holdout,5010,test,1800.2
depth_holdout,5011,test,1800.51
depth_holdout,5012,test,1800.82
depth_holdout,5013,test,1801.13
depth_holdout,5014,test,1801.44
depth_holdout,5015,test,1801.74
depth_holdout,5016,test,1802.05
depth_holdout,5017,test,1802.36
depth_holdout,5018,test,1802.67
depth_holdout,5019,test,1802.97
depth_holdout,5020,test,1803.28
depth_holdout,5021,test,1803.59
depth_holdout,5022,test,1803.9
depth_holdout,5023,test,1804.21
depth_holdout,5024,test,1804.51
depth_holdout,5025,test,1804.82
depth_holdout,5026,test,1805.13
depth_holdout,5027,test,1805.44
depth_holdout,5028,test,1805.75
depth_holdout,5029,test,1806.06
depth_holdout,5030,test,1806.36
depth_holdout,5031,test,1806.67
depth_holdout,5032,test,1806.98
depth_holdout,5033,test,1807.28
depth_holdout,5034,test,1807.59
depth_holdout,5035,test,1807.9
depth_holdout,5036,test,1808.21
depth_holdout,5037,test,1808.52
depth_holdout,5038,test,1808.82
depth_holdout,5039,test,1809.13
depth_holdout,5040,test,1809.44
depth_holdout,5041,test,1809.75
depth_holdout,5042,test,1810.05
depth_holdout,5043,test,1810.36
depth_holdout,5044,test,1810.67
depth_holdout,5045,test,1810.98
depth_holdout,5046,test,1811.29
depth_holdout,5047,test,1811.59
depth_holdout,5048,test,1811.9
depth_holdout,5049,test,1812.21
depth_holdout,5050,test,1812.52
depth_holdout,5051,test,1812.83
depth_holdout,5052,test,1813.13
depth_holdout,5053,test,1813.44
depth_holdout,5054,test,1813.75
depth_holdout,5055,test,1814.05
depth_holdout,5056,test,1814.36
depth_holdout,5057,test,1814.67
depth_holdout,5058,test,1814.98
depth_holdout,5059,test,1815.28
depth_holdout,5060,test,1815.59
depth_holdout,5061,test,1815.9
depth_holdout,5062,test,1816.21
depth_holdout,5063,test,1816.52
depth_holdout,5064,test,1816.83
depth_holdout,5065,test,1817.14
depth_holdout,5066,test,1817.44
depth_holdout,5067,test,1817.75
depth_holdout,5068,test,1818.06
depth_holdout,5069,test,1818.36
depth_holdout,5070,test,1818.67
depth_holdout,5071,test,1818.98
depth_holdout,5072,test,1819.29
depth_holdout,5073,test,1819.59
depth_holdout,5074,test,1819.9
depth_holdout,5075,test,1820.21
depth_holdout,5076,test,1820.52
depth_holdout,5077,test,1820.83
depth_holdout,5078,test,1821.13
depth_holdout,5079,test,1821.44
depth_holdout,5080,test,1821.75
depth_holdout,5081,test,1822.06
depth_holdout,5082,test,1822.37
depth_holdout,5083,test,1822.67
depth_holdout,5084,test,1822.98
depth_holdout,5085,test,1823.29
depth_holdout,5086,test,1823.6
depth_holdout,5087,test,1823.9
depth_holdout,5088,test,1824.21
depth_holdout,5089,test,1824.52
depth_holdout,5090,test,1824.83
depth_holdout,5091,test,1825.14
depth_holdout,5092,test,1825.44
depth_holdout,5093,test,1825.75
depth_holdout,5094,test,1826.06
depth_holdout,5095,test,1826.37
depth_holdout,5096,test,1826.67
depth_holdout,5097,test,1826.98
depth_holdout,5098,test,1827.29
depth_holdout,5099,test,1827.6
depth_holdout,5100,test,1827.91
depth_holdout,5101,test,1828.21
depth_holdout,5102,test,1828.52
depth_holdout,5103,test,1828.83
depth_holdout,5104,test,1829.14
depth_holdout,5105,test,1829.45
depth_holdout,5106,test,1829.75
depth_holdout,5107,test,1830.06
depth_holdout,5108,test,1830.37
depth_holdout,5109,test,1830.67
depth_holdout,5110,test,1830.98
depth_holdout,5111,test,1831.29
depth_holdout,5112,test,1831.6
depth_holdout,5113,test,1831.9
depth_holdout,5114,test,1832.21
depth_holdout,5115,test,1832.52
depth_holdout,5116,test,1832.83
depth_holdout,5117,test,1833.14
depth_holdout,5118,test,1833.44
depth_holdout,5119,test,1833.75
depth_holdout,5120,test,1834.06
depth_holdout,5121,test,1834.37
depth_holdout,5122,test,1834.67
depth_holdout,5123,test,1834.98
depth_holdout,5124,test,1835.29
depth_holdout,5125,test,1835.6
depth_holdout,5126,test,1835.9
depth_holdout,5127,test,1836.21
depth_holdout,5128,test,1836.52
depth_holdout,5129,test,1836.83
depth_holdout,5130,test,1837.14
depth_holdout,5131,test,1837.44
depth_holdout,5132,test,1837.75
depth_holdout,5133,test,1838.06
depth_holdout,5134,test,1838.37
depth_holdout,5135,test,1838.67
depth_holdout,5136,test,1838.98
depth_holdout,5137,test,1839.29
depth_holdout,5138,test,1839.6
depth_holdout,5139,test,1839.9
depth_holdout,5140,test,1840.21
depth_holdout,5141,test,1840.52
depth_holdout,5142,test,1840.83
depth_holdout,5143,test,1841.13
depth_holdout,5144,test,1841.44
depth_holdout,5145,test,1841.75
depth_holdout,5146,test,1842.06
depth_holdout,5147,test,1842.37
depth_holdout,5148,test,1842.67
depth_holdout,5149,test,1842.98
depth_holdout,5150,test,1843.29
depth_holdout,5151,test,1843.6
depth_holdout,5152,test,1843.9
depth_holdout,5153,test,1844.21
depth_holdout,5154,test,1844.52
depth_holdout,5155,test,1844.83
depth_holdout,5156,test,1845.14
depth_holdout,5157,test,1845.44
depth_holdout,5158,test,1845.75
depth_holdout,5159,test,1846.06
depth_holdout,5160,test,1846.37
depth_holdout,5161,test,1846.67
depth_holdout,5162,test,1846.98
depth_holdout,5163,test,1847.29
depth_holdout,5164,test,1847.6
depth_holdout,5165,test,1847.91
depth_holdout,5166,test,1848.21
depth_holdout,5167,test,1848.52
depth_holdout,5168,test,1848.83
depth_holdout,5169,test,1849.14
depth_holdout,5170,test,1849.45
depth_holdout,5171,test,1849.75
depth_holdout,5172,test,1850.06
depth_holdout,5173,test,1850.37
depth_holdout,5174,test,1850.67
depth_holdout,5175,test,1850.98
depth_holdout,5176,test,1851.29
depth_holdout,5177,test,1851.6
depth_holdout,5178,test,1851.91
depth_holdout,5179,test,1852.21
depth_holdout,5180,test,1852.52
depth_holdout,5181,test,1852.83
depth_holdout,5182,test,1853.14
depth_holdout,5183,test,1853.44
depth_holdout,5184,test,1853.75
depth_holdout,5185,test,1854.07
depth_holdout,5186,test,1854.37
depth_holdout,5187,test,1854.68
depth_holdout,5188,test,1854.99
depth_holdout,5189,test,1855.3
depth_holdout,5190,test,1855.6
depth_holdout,5191,test,1855.91
depth_holdout,5192,test,1856.22
depth_holdout,5193,test,1856.53
depth_holdout,5194,test,1856.84
depth_holdout,5195,test,1857.14
depth_holdout,5196,test,1857.45
depth_holdout,5197,test,1857.76
depth_holdout,5198,test,1858.06
depth_holdout,5199,test,1858.37
depth_holdout,5200,test,1858.68
depth_holdout,5201,test,1858.99
depth_holdout,5202,test,1859.3
depth_holdout,5203,test,1859.6
depth_holdout,5204,test,1859.91
depth_holdout,5205,test,1860.22
depth_holdout,5206,test,1860.53
depth_holdout,5207,test,1860.84
depth_holdout,5208,test,1861.14
depth_holdout,5209,test,1861.45
depth_holdout,5210,test,1861.76
depth_holdout,5211,test,1862.07
depth_holdout,5212,test,1862.37
depth_holdout,5213,test,1862.68
depth_holdout,5214,test,1862.99
depth_holdout,5215,test,1863.3
depth_holdout,5216,test,1863.61
depth_holdout,5217,test,1863.91
depth_holdout,5218,test,1864.22
depth_holdout,5219,test,1864.53
depth_holdout,5220,test,1864.84
depth_holdout,5221,test,1865.14
depth_holdout,5222,test,1865.46
depth_holdout,5223,test,1865.76
depth_holdout,5224,test,1866.07
depth_holdout,5225,test,1866.38
depth_holdout,5226,test,1866.68
depth_holdout,5227,test,1866.99
depth_holdout,5228,test,1867.3
depth_holdout,5229,test,1867.3
depth_holdout,5230,test,1867.61
depth_holdout,5231,test,1867.92
depth_holdout,5232,test,1868.22
depth_holdout,5233,test,1868.53
depth_holdout,5234,test,1868.84
depth_holdout,5235,test,1869.15
depth_holdout,5236,test,1869.45
depth_holdout,5237,test,1869.76
depth_holdout,5238,test,1870.07
depth_holdout,5239,test,1870.38
depth_holdout,5240,test,1870.69
depth_holdout,5241,test,1870.99
depth_holdout,5242,test,1871.3
depth_holdout,5243,test,1871.61
depth_holdout,5244,test,1871.91
depth_holdout,5245,test,1872.22
depth_holdout,5246,test,1872.53
depth_holdout,5247,test,1872.84
depth_holdout,5248,test,1873.15
depth_holdout,5249,test,1873.45
depth_holdout,5250,test,1873.74
depth_holdout,5251,test,1874.05
depth_holdout,5252,test,1874.35
depth_holdout,5253,test,1874.66
depth_holdout,5254,test,1874.97
depth_holdout,5255,test,1875.12
depth_holdout,5256,test,1875.74
depth_holdout,5257,test,1876.04
depth_holdout,5258,test,1876.35
depth_holdout,5259,test,1876.66
depth_holdout,5260,test,1876.97
depth_holdout,5261,test,1877.28
depth_holdout,5262,test,1877.58
depth_holdout,5263,test,1877.89
depth_holdout,5264,test,1878.2
depth_holdout,5265,test,1878.51
depth_holdout,5266,test,1878.81
depth_holdout,5267,test,1879.12
depth_holdout,5268,test,1879.43
depth_holdout,5269,test,1879.74
depth_holdout,5270,test,1880.05
depth_holdout,5271,test,1880.36
depth_holdout,5272,test,1880.66
depth_holdout,5273,test,1880.97
depth_holdout,5274,test,1881.28
depth_holdout,5275,test,1881.59
depth_holdout,5276,test,1881.9
depth_holdout,5277,test,1882.2
depth_holdout,5278,test,1882.51
depth_holdout,5279,test,1882.82
depth_holdout,5280,test,1883.13
depth_holdout,5281,test,1883.43
depth_holdout,5282,test,1883.74
depth_holdout,5283,test,1884.05
depth_holdout,5284,test,1884.36
depth_holdout,5285,test,1884.67
depth_holdout,5286,test,1884.97
depth_holdout,5287,test,1885.28
depth_holdout,5288,test,1885.59
depth_holdout,5289,test,1885.9
depth_holdout,5290,test,1886.21
depth_holdout,5291,test,1886.51
depth_holdout,5292,test,1886.82
depth_holdout,5293,test,1887.13
depth_holdout,5294,test,1887.44
depth_holdout,5295,test,1887.75
depth_holdout,5296,test,1888.06
depth_holdout,5297,test,1888.36
depth_holdout,5298,test,1888.67
depth_holdout,5299,test,1888.98
depth_holdout,5300,test,1889.29
depth_holdout,5301,test,1889.6
depth_holdout,5302,test,1889.91
depth_holdout,5303,test,1890.21
depth_holdout,5304,test,1890.52
depth_holdout,5305,test,1890.83
depth_holdout,5306,test,1891.13
depth_holdout,5307,test,1891.44
depth_holdout,5308,test,1891.76
depth_holdout,5309,test,1892.07
depth_holdout,5310,test,1892.37
depth_holdout,5311,test,1892.68
depth_holdout,5312,test,1892.99
depth_holdout,5313,test,1893.29
depth_holdout,5314,test,1893.6
depth_holdout,5315,test,1893.91
depth_holdout,5316,test,1894.22
depth_holdout,5317,test,1894.53
depth_holdout,5318,test,1894.83
depth_holdout,5319,test,1895.15
depth_holdout,5320,test,1895.46
depth_holdout,5321,test,1895.76
depth_holdout,5322,test,1896.07
depth_holdout,5323,test,1896.38
depth_holdout,5324,test,1896.69
depth_holdout,5325,test,1896.99
depth_holdout,5326,test,1897.3
depth_holdout,5327,test,1897.61
depth_holdout,5328,test,1897.92
depth_holdout,5329,test,1898.23
depth_holdout,5330,test,1898.54
depth_holdout,5331,test,1898.84
depth_holdout,5332,test,1899.15
depth_holdout,5333,test,1899.46
depth_holdout,5334,test,1899.77
depth_holdout,5335,test,1900.08
depth_holdout,5336,test,1900.38
depth_holdout,5337,test,1900.69
depth_holdout,5338,test,1901.0
depth_holdout,5339,test,1901.31
depth_holdout,5340,test,1901.62
depth_holdout,5341,test,1901.93
depth_holdout,5342,test,1902.23
depth_holdout,5343,test,1902.54
depth_holdout,5344,test,1902.85
depth_holdout,5345,test,1903.15
depth_holdout,5346,test,1903.46
depth_holdout,5347,test,1903.77
depth_holdout,5348,test,1904.08
depth_holdout,5349,test,1904.39
depth_holdout,5350,test,1904.7
depth_holdout,5351,test,1905.0
depth_holdout,5352,test,1905.31
depth_holdout,5353,test,1905.62
depth_holdout,5354,test,1905.93
depth_holdout,5355,test,1906.25
depth_holdout,5356,test,1906.55
depth_holdout,5357,test,1906.86
depth_holdout,5358,test,1907.17
depth_holdout,5359,test,1907.48
depth_holdout,5360,test,1907.78
depth_holdout,5361,test,1908.09
depth_holdout,5362,test,1908.4
depth_holdout,5363,test,1908.71
depth_holdout,5364,test,1909.02
depth_holdout,5365,test,1909.33
depth_holdout,5366,test,1909.63
depth_holdout,5367,test,1909.94
depth_holdout,5368,test,1910.26
depth_holdout,5369,test,1910.56
depth_holdout,5370,test,1910.87
depth_holdout,5371,test,1911.18
depth_holdout,5372,test,1911.49
depth_holdout,5373,test,1911.8
depth_holdout,5374,test,1912.1
depth_holdout,5375,test,1912.41
depth_holdout,5376,test,1912.72
depth_holdout,5377,test,1913.03
depth_holdout,5378,test,1913.33
depth_holdout,5379,test,1913.64
depth_holdout,5380,test,1913.95
depth_holdout,5381,test,1914.26
depth_holdout,5382,test,1914.57
depth_holdout,5383,test,1914.87
depth_holdout,5384,test,1915.18
depth_holdout,5385,test,1915.49
depth_holdout,5386,test,1915.8
depth_holdout,5387,test,1916.1
depth_holdout,5388,test,1916.41
depth_holdout,5389,test,1916.72
depth_holdout,5390,test,1917.03
depth_holdout,5391,test,1917.34
depth_holdout,5392,test,1917.64
depth_holdout,5393,test,1917.95
depth_holdout,5394,test,1918.26
depth_holdout,5395,test,1918.57
depth_holdout,5396,test,1918.88
depth_holdout,5397,test,1919.18
depth_holdout,5398,test,1919.49
depth_holdout,5399,test,1919.8
depth_holdout,5400,test,1920.11
depth_holdout,5401,test,1920.41
depth_holdout,5402,test,1920.72
depth_holdout,5403,test,1921.03
depth_holdout,5404,test,1921.34
depth_holdout,5405,test,1921.65
depth_holdout,5406,test,1921.95
depth_holdout,5407,test,1922.26
depth_holdout,5408,test,1922.57
depth_holdout,5409,test,1922.88
depth_holdout,5410,test,1923.19
depth_holdout,5411,test,1923.49
depth_holdout,5412,test,1923.8
depth_holdout,5413,test,1924.11
depth_holdout,5414,test,1924.42
depth_holdout,5415,test,1924.73
depth_holdout,5416,test,1925.04
depth_holdout,5417,test,1925.34
depth_holdout,5418,test,1925.65
depth_holdout,5419,test,1925.96
depth_holdout,5420,test,1926.27
depth_holdout,5421,test,1926.57
depth_holdout,5422,test,1926.88
depth_holdout,5423,test,1927.19
depth_holdout,5424,test,1927.5
depth_holdout,5425,test,1927.81
depth_holdout,5426,test,1928.11
depth_holdout,5427,test,1928.42
depth_holdout,5428,test,1928.73
depth_holdout,5429,test,1929.04
depth_holdout,5430,test,1929.34
depth_holdout,5431,test,1929.65
depth_holdout,5432,test,1929.96
depth_holdout,5433,test,1930.27
depth_holdout,5434,test,1930.58
depth_holdout,5435,test,1930.89
depth_holdout,5436,test,1931.2
depth_holdout,5437,test,1931.51
depth_holdout,5438,test,1931.81
depth_holdout,5439,test,1932.12
depth_holdout,5440,test,1932.43
depth_holdout,5441,test,1932.74
depth_holdout,5442,test,1933.04
depth_holdout,5443,test,1933.35
depth_holdout,5444,test,1933.66
depth_holdout,5445,test,1933.97
depth_holdout,5446,test,1934.28
depth_holdout,5447,test,1934.58
depth_holdout,5448,test,1934.89
depth_holdout,5449,test,1935.2
depth_holdout,5450,test,1935.51
depth_holdout,5451,test,1935.82
depth_holdout,5452,test,1936.12
depth_holdout,5453,test,1936.43
depth_holdout,5454,test,1936.74
depth_holdout,5455,test,1937.04
depth_holdout,5456,test,1937.35
depth_holdout,5457,test,1937.66
depth_holdout,5458,test,1937.97
depth_holdout,5459,test,1938.27
depth_holdout,5460,test,1938.58
depth_holdout,5461,test,1938.89
depth_holdout,5462,test,1939.2
depth_holdout,5463,test,1939.51
depth_holdout,5464,test,1939.81
depth_holdout,5465,test,1940.12
depth_holdout,5466,test,1940.43
depth_holdout,5467,test,1940.74
depth_holdout,5468,test,1941.05
depth_holdout,5469,test,1941.36
depth_holdout,5470,test,1941.66
depth_holdout,5471,test,1941.97
depth_holdout,5472,test,1942.28
depth_holdout,5473,test,1942.59
depth_holdout,5474,test,1942.9
depth_holdout,5475,test,1943.21
depth_holdout,5476,test,1943.52
depth_holdout,5477,test,1943.83
depth_holdout,5478,test,1944.14
depth_holdout,5479,test,1944.44
depth_holdout,5480,test,1944.76
depth_holdout,5481,test,1945.07
depth_holdout,5482,test,1945.37
depth_holdout,5483,test,1945.68
depth_holdout,5484,test,1945.99
depth_holdout,5485,test,1946.3
depth_holdout,5486,test,1946.6
depth_holdout,5487,test,1946.91
depth_holdout,5488,test,1947.22
depth_holdout,5489,test,1947.53
depth_holdout,5490,test,1947.84
depth_holdout,5491,test,1948.14
depth_holdout,5492,test,1948.45
depth_holdout,5493,test,1948.76
depth_holdout,5494,test,1949.07
depth_holdout,5495,test,1949.38
depth_holdout,5496,test,1949.69
depth_holdout,5497,test,1950.0
depth_holdout,5498,test,1950.31
depth_holdout,5499,test,1950.62
depth_holdout,5500,test,1950.93
depth_holdout,5501,test,1951.24
depth_holdout,5502,test,1951.55
depth_holdout,5503,test,1951.85
depth_holdout,5504,test,1952.16
depth_holdout,5505,test,1952.47
depth_holdout,5506,test,1952.78
depth_holdout,5507,test,1953.08
depth_holdout,5508,test,1953.39
depth_holdout,5509,test,1953.7
depth_holdout,5510,test,1954.01
depth_holdout,5511,test,1954.33
depth_holdout,5512,test,1954.64
depth_holdout,5513,test,1954.95
depth_holdout,5514,test,1955.26
depth_holdout,5515,test,1955.57
depth_holdout,5516,test,1955.87
depth_holdout,5517,test,1956.18
depth_holdout,5518,test,1956.49
depth_holdout,5519,test,1956.8
depth_holdout,5520,test,1957.1
depth_holdout,5521,test,1957.41
depth_holdout,5522,test,1957.72
depth_holdout,5523,test,1958.03
depth_holdout,5524,test,1958.34
depth_holdout,5525,test,1958.65
depth_holdout,5526,test,1958.96
depth_holdout,5527,test,1959.27
depth_holdout,5528,test,1959.58
depth_holdout,5529,test,1959.89
depth_holdout,5530,test,1960.2
depth_holdout,5531,test,1960.5
depth_holdout,5532,test,1960.81
depth_holdout,5533,test,1961.12
depth_holdout,5534,test,1961.43
depth_holdout,5535,test,1961.73
depth_holdout,5536,test,1962.04
depth_holdout,5537,test,1962.35
depth_holdout,5538,test,1962.66
depth_holdout,5539,test,1962.97
depth_holdout,5540,test,1963.27
depth_holdout,5541,test,1963.58
depth_holdout,5542,test,1963.89
depth_holdout,5543,test,1964.19
depth_holdout,5544,test,1964.5
depth_holdout,5545,test,1964.81
depth_holdout,5546,test,1965.12
depth_holdout,5547,test,1965.43
depth_holdout,5548,test,1965.74
depth_holdout,5549,test,1966.04
depth_holdout,5550,test,1966.35
depth_holdout,5551,test,1966.66
depth_holdout,5552,test,1966.96
depth_holdout,5553,test,1967.27
depth_holdout,5554,test,1967.58
depth_holdout,5555,test,1967.89
depth_holdout,5556,test,1968.2
depth_holdout,5557,test,1968.51
depth_holdout,5558,test,1968.81
depth_holdout,5559,test,1969.12
depth_holdout,5560,test,1969.43
depth_holdout,5561,test,1969.74
depth_holdout,5562,test,1970.05
depth_holdout,5563,test,1970.35
depth_holdout,5564,test,1970.66
depth_holdout,5565,test,1970.97
depth_holdout,5566,test,1971.28
depth_holdout,5567,test,1971.58
depth_holdout,5568,test,1971.89
depth_holdout,5569,test,1972.2
depth_holdout,5570,test,1972.51
depth_holdout,5571,test,1972.82
depth_holdout,5572,test,1973.12
depth_holdout,5573,test,1973.43
depth_holdout,5574,test,1973.74
depth_holdout,5575,test,1974.05
depth_holdout,5576,test,1974.36
depth_holdout,5577,test,1974.66
depth_holdout,5578,test,1974.97
depth_holdout,5579,test,1975.28
depth_holdout,5580,test,1975.59
depth_holdout,5581,test,1975.89
depth_holdout,5582,test,1976.2
depth_holdout,5583,test,1976.51
depth_holdout,5584,test,1976.82
depth_holdout,5585,test,1977.13
depth_holdout,5586,test,1977.43
depth_holdout,5587,test,1977.74
depth_holdout,5588,test,1978.05
depth_holdout,5589,test,1978.36
depth_holdout,5590,test,1978.67
depth_holdout,5591,test,1978.97
depth_holdout,5592,test,1979.28
depth_holdout,5593,test,1979.59
depth_holdout,5594,test,1979.9
depth_holdout,5595,test,1980.21
depth_holdout,5596,test,1980.52
depth_holdout,5597,test,1980.83
depth_holdout,5598,test,1981.13
depth_holdout,5599,test,1981.44
depth_holdout,5600,test,1981.75
depth_holdout,5601,test,1982.06
depth_holdout,5602,test,1982.37
depth_holdout,5603,test,1982.68
depth_holdout,5604,test,1983.0
depth_holdout,5605,test,1983.3
depth_holdout,5606,test,1983.61
depth_holdout,5607,test,1983.92
depth_holdout,5608,test,1984.23
depth_holdout,5609,test,1984.54
depth_holdout,5610,test,1984.84
depth_holdout,5611,test,1985.15
depth_holdout,5612,test,1985.46
depth_holdout,5613,test,1985.77
depth_holdout,5614,test,1986.07
depth_holdout,5615,test,1986.38
depth_holdout,5616,test,1986.69
depth_holdout,5617,test,1987.0
depth_holdout,5618,test,1987.31
depth_holdout,5619,test,1987.62
depth_holdout,5620,test,1987.92
depth_holdout,5621,test,1988.24
depth_holdout,5622,test,1988.54
depth_holdout,5623,test,1988.85
depth_holdout,5624,test,1989.16
depth_holdout,5625,test,1989.47
depth_holdout,5626,test,1989.77
depth_holdout,5627,test,1990.08
depth_holdout,5628,test,1990.39
depth_holdout,5629,test,1990.7
depth_holdout,5630,test,1991.01
depth_holdout,5631,test,1991.32
depth_holdout,5632,test,1991.62
depth_holdout,5633,test,1991.93
depth_holdout,5634,test,1992.24
depth_holdout,5635,test,1992.55
depth_holdout,5636,test,1992.86
depth_holdout,5637,test,1993.17
depth_holdout,5638,test,1993.48
depth_holdout,5639,test,1993.79
depth_holdout,5640,test,1994.09
depth_holdout,5641,test,1994.4
depth_holdout,5642,test,1994.71
depth_holdout,5643,test,1995.02
depth_holdout,5644,test,1995.32
depth_holdout,5645,test,1995.63
depth_holdout,5646,test,1995.94
depth_holdout,5647,test,1996.25
depth_holdout,5648,test,1996.56
depth_holdout,5649,test,1996.86
depth_holdout,5650,test,1997.17
depth_holdout,5651,test,1997.48
depth_holdout,5652,test,1997.79
depth_holdout,5653,test,1998.1
depth_holdout,5654,test,1998.41
depth_holdout,5655,test,1998.71
depth_holdout,5656,test,1999.02
depth_holdout,5657,test,1999.33
depth_holdout,5658,test,1999.64
depth_holdout,5659,test,1999.95
depth_holdout,5660,test,2000.25
depth_holdout,5661,test,2000.56
depth_holdout,5662,test,2000.87
depth_holdout,5663,test,2001.18
depth_holdout,5664,test,2001.48
depth_holdout,5665,test,2001.79
depth_holdout,5666,test,2002.1
depth_holdout,5667,test,2002.41
depth_holdout,5668,test,2002.72
depth_holdout,5669,test,2003.02
depth_holdout,5670,test,2003.33
depth_holdout,5671,test,2003.64
depth_holdout,5672,test,2003.95
depth_holdout,5673,test,2004.26
depth_holdout,5674,test,2004.57
depth_holdout,5675,test,2004.88
depth_holdout,5676,test,2005.18
depth_holdout,5677,test,2005.49
depth_holdout,5678,test,2005.8
depth_holdout,5679,test,2006.11
depth_holdout,5680,test,2006.42
depth_holdout,5681,test,2006.73
depth_holdout,5682,test,2007.04
depth_holdout,5683,test,2007.35
depth_holdout,5684,test,2007.65
depth_holdout,5685,test,2007.96
depth_holdout,5686,test,2008.27
depth_holdout,5687,test,2008.58
depth_holdout,5688,test,2008.89
depth_holdout,5689,test,2009.2
depth_holdout,5690,test,2009.5
depth_holdout,5691,test,2009.81
depth_holdout,5692,test,2010.12
depth_holdout,5693,test,2010.43
depth_holdout,5694,test,2010.73
depth_holdout,5695,test,2011.04
depth_holdout,5696,test,2011.35
depth_holdout,5697,test,2011.65
depth_holdout,5698,test,2011.96
depth_holdout,5699,test,2012.27
depth_holdout,5700,test,2012.58
depth_holdout,5701,test,2012.89
depth_holdout,5702,test,2013.19
depth_holdout,5703,test,2013.5
depth_holdout,5704,test,2013.81
depth_holdout,5705,test,2014.12
depth_holdout,5706,test,2014.43
depth_holdout,5707,test,2014.73
depth_holdout,5708,test,2015.04
depth_holdout,5709,test,2015.35
depth_holdout,5710,test,2015.66
depth_holdout,5711,test,2015.96
depth_holdout,5712,test,2016.27
depth_holdout,5713,test,2016.58
depth_holdout,5714,test,2016.89
depth_holdout,5715,test,2017.19
depth_holdout,5716,test,2017.5
depth_holdout,5717,test,2017.81
depth_holdout,5718,test,2018.12
depth_holdout,5719,test,2018.43
depth_holdout,5720,test,2018.74
depth_holdout,5721,test,2019.04
depth_holdout,5722,test,2019.35
depth_holdout,5723,test,2019.66
depth_holdout,5724,test,2019.97
depth_holdout,5725,test,2020.27
depth_holdout,5726,test,2020.58
depth_holdout,5727,test,2020.89
depth_holdout,5728,test,2021.2
depth_holdout,5729,test,2021.51
depth_holdout,5730,test,2021.81
depth_holdout,5731,test,2022.12
depth_holdout,5732,test,2022.43
depth_holdout,5733,test,2022.74
depth_holdout,5734,test,2023.04
depth_holdout,5735,test,2023.35
depth_holdout,5736,test,2023.66
depth_holdout,5737,test,2023.97
depth_holdout,5738,test,2024.28
depth_holdout,5739,test,2024.58
depth_holdout,5740,test,2024.89
depth_holdout,5741,test,2025.2
depth_holdout,5742,test,2025.51
depth_holdout,5743,test,2025.82
depth_holdout,5744,test,2026.12
depth_holdout,5745,test,2026.43
depth_holdout,5746,test,2026.74
depth_holdout,5747,test,2027.05
depth_holdout,5748,test,2027.35
depth_holdout,5749,test,2027.66
depth_holdout,5750,test,2027.97
depth_holdout,5751,test,2028.28
depth_holdout,5752,test,2028.59
depth_holdout,5753,test,2028.89
depth_holdout,5754,test,2029.2
depth_holdout,5755,test,2029.51
depth_holdout,5756,test,2029.81
depth_holdout,5757,test,2030.12
depth_holdout,5758,test,2030.43
depth_holdout,5759,test,2030.74
depth_holdout,5760,test,2031.05
depth_holdout,5761,test,2031.35
depth_holdout,5762,test,2031.66
depth_holdout,5763,test,2031.97
depth_holdout,5764,test,2032.28
depth_holdout,5765,test,2032.58
depth_holdout,5766,test,2032.89
depth_holdout,5767,test,2033.2
depth_holdout,5768,test,2033.51
depth_holdout,5769,test,2033.82
depth_holdout,5770,test,2034.12
depth_holdout,5771,test,2034.43
depth_holdout,5772,test,2034.74
depth_holdout,5773,test,2035.05
depth_holdout,5774,test,2035.36
depth_holdout,5775,test,2035.66
depth_holdout,5776,test,2035.97
depth_holdout,5777,test,2036.28
depth_holdout,5778,test,2036.59
depth_holdout,5779,test,2036.89
depth_holdout,5780,test,2037.2
depth_holdout,5781,test,2037.51
depth_holdout,5782,test,2037.82
depth_holdout,5783,test,2038.13
depth_holdout,5784,test,2038.43
depth_holdout,5785,test,2038.74
depth_holdout,5786,test,2039.05
depth_holdout,5787,test,2039.36
depth_holdout,5788,test,2039.66
depth_holdout,5789,test,2039.97
depth_holdout,5790,test,2040.28
depth_holdout,5791,test,2040.59
depth_holdout,5792,test,2040.9
depth_holdout,5793,test,2041.2
depth_holdout,5794,test,2041.51
depth_holdout,5795,test,2041.82
depth_holdout,5796,test,2042.12
depth_holdout,5797,test,2042.43
depth_holdout,5798,test,2042.74
depth_holdout,5799,test,2043.05
depth_holdout,5800,test,2043.36
depth_holdout,5801,test,2043.66
depth_holdout,5802,test,2043.97
depth_holdout,5803,test,2044.28
depth_holdout,5804,test,2044.59
depth_holdout,5805,test,2044.89
depth_holdout,5806,test,2045.2
depth_holdout,5807,test,2045.52
depth_holdout,5808,test,2045.84
depth_holdout,5809,test,2046.15
depth_holdout,5810,test,2046.46
depth_holdout,5811,test,2046.76
depth_holdout,5812,test,2047.07
depth_holdout,5813,test,2047.38
depth_holdout,5814,test,2047.69
depth_holdout,5815,test,2047.99
depth_holdout,5816,test,2048.3
depth_holdout,5817,test,2048.61
depth_holdout,5818,test,2048.91
depth_holdout,5819,test,2049.22
depth_holdout,5820,test,2049.53
depth_holdout,5821,test,2049.84
depth_holdout,5822,test,2050.15
depth_holdout,5823,test,2050.45
depth_holdout,5824,test,2050.76
depth_holdout,5825,test,2051.07
depth_holdout,5826,test,2051.38
depth_holdout,5827,test,2051.69
depth_holdout,5828,test,2051.99
depth_holdout,5829,test,2052.3
depth_holdout,5830,test,2052.61
depth_holdout,5831,test,2052.92
depth_holdout,5832,test,2053.22
depth_holdout,5833,test,2053.53
depth_holdout,5834,test,2053.84
depth_holdout,5835,test,2054.15
depth_holdout,5836,test,2054.45
depth_holdout,5837,test,2054.76
depth_holdout,5838,test,2055.07
depth_holdout,5839,test,2055.38
depth_holdout,5840,test,2055.68
depth_holdout,5841,test,2055.99
depth_holdout,5842,test,2056.3
depth_holdout,5843,test,2056.6
depth_holdout,5844,test,2056.91
depth_holdout,5845,test,2057.22
depth_holdout,5846,test,2057.53
depth_holdout,5847,test,2057.84
depth_holdout,5848,test,2058.14
depth_holdout,5849,test,2058.45
depth_holdout,5850,test,2058.76
depth_holdout,5851,test,2059.07
depth_holdout,5852,test,2059.38
depth_holdout,5853,test,2059.68
depth_holdout,5854,test,2059.99
depth_holdout,5855,test,2060.3
depth_holdout,5856,test,2060.6
depth_holdout,5857,test,2060.91
depth_holdout,5858,test,2061.22
depth_holdout,5859,test,2061.53
depth_holdout,5860,test,2061.83
depth_holdout,5861,test,2062.14
depth_holdout,5862,test,2062.45
depth_holdout,5863,test,2062.76
depth_holdout,5864,test,2063.07
depth_holdout,5865,test,2063.37
depth_holdout,5866,test,2063.68
depth_holdout,5867,test,2063.99
depth_holdout,5868,test,2064.3
depth_holdout,5869,test,2064.6
depth_holdout,5870,test,2064.91
depth_holdout,5871,test,2065.22
depth_holdout,5872,test,2065.53
depth_holdout,5873,test,2065.83
depth_holdout,5874,test,2066.14
depth_holdout,5875,test,2066.45
depth_holdout,5876,test,2066.76
depth_holdout,5877,test,2067.06
depth_holdout,5878,test,2067.37
depth_holdout,5879,test,2067.68
depth_holdout,5880,test,2067.99
depth_holdout,5881,test,2068.3
depth_holdout,5882,test,2068.6
depth_holdout,5883,test,2068.91
depth_holdout,5884,test,2069.22
depth_holdout,5885,test,2069.52
depth_holdout,5886,test,2069.83
depth_holdout,5887,test,2070.14
depth_holdout,5888,test,2070.45
depth_holdout,5889,test,2070.76
depth_holdout,5890,test,2071.06
depth_holdout,5891,test,2071.37
depth_holdout,5892,test,2071.68
depth_holdout,5893,test,2071.99
depth_holdout,5894,test,2072.54
depth_holdout,5895,test,2072.61
depth_holdout,5896,test,2072.92
depth_holdout,5897,test,2073.22
depth_holdout,5898,test,2073.53
depth_holdout,5899,test,2073.84
depth_holdout,5900,test,2074.15
depth_holdout,5901,test,2074.46
depth_holdout,5902,test,2074.76
depth_holdout,5903,test,2075.07
depth_holdout,5904,test,2075.38
depth_holdout,5905,test,2075.69
depth_holdout,5906,test,2076.0
depth_holdout,5907,test,2076.31
depth_holdout,5908,test,2076.62
depth_holdout,5909,test,2076.93
depth_holdout,5910,test,2077.24
depth_holdout,5911,test,2077.54
depth_holdout,5912,test,2077.85
depth_holdout,5913,test,2078.16
depth_holdout,5914,test,2078.47
depth_holdout,5915,test,2078.77
depth_holdout,5916,test,2079.08
depth_holdout,5917,test,2079.39
depth_holdout,5918,test,2082.52
depth_holdout,5919,test,2082.83
depth_holdout,5920,test,2083.13
depth_holdout,5921,test,2083.44
depth_holdout,5922,test,2083.75
depth_holdout,5923,test,2084.06
depth_holdout,5924,test,2084.36
depth_holdout,5925,test,2084.67
depth_holdout,5926,test,2084.98
depth_holdout,5927,test,2085.29
depth_holdout,5928,test,2085.6
depth_holdout,5929,test,2085.9
depth_holdout,5930,test,2086.21
depth_holdout,5931,test,2086.52
depth_holdout,5932,test,2086.82
depth_holdout,5933,test,2087.13
depth_holdout,5934,test,2087.44
depth_holdout,5935,test,2087.75
depth_holdout,5936,test,2088.06
depth_holdout,5937,test,2088.36
depth_holdout,5938,test,2088.67
depth_holdout,5939,test,2088.98
depth_holdout,5940,test,2089.29
depth_holdout,5941,test,2089.59
depth_holdout,5942,test,2089.9
depth_holdout,5943,test,2090.21
depth_holdout,5944,test,2090.52
depth_holdout,5945,test,2090.83
depth_holdout,5946,test,2091.13
depth_holdout,5947,test,2091.44
depth_holdout,5948,test,2091.75
depth_holdout,5949,test,2092.06
depth_holdout,5950,test,2092.36
depth_holdout,5951,test,2092.67
depth_holdout,5952,test,2092.98
depth_holdout,5953,test,2093.29
depth_holdout,5954,test,2093.59
depth_holdout,5955,test,2096.99
depth_holdout,5956,test,2097.3
depth_holdout,5957,test,2097.6
depth_holdout,5958,test,2097.91
depth_holdout,5959,test,2098.22
depth_holdout,5960,test,2098.52
depth_holdout,5961,test,2098.83
depth_holdout,5962,test,2099.14
depth_holdout,5963,test,2099.45
depth_holdout,5964,test,2099.76
depth_holdout,5965,test,2100.06
depth_holdout,5966,test,2100.37
depth_holdout,5967,test,2100.68
depth_holdout,5968,test,2100.99
depth_holdout,5969,test,2101.3
depth_holdout,5970,test,2101.6
depth_holdout,5971,test,2101.91
depth_holdout,5972,test,2102.22
depth_holdout,5973,test,2102.53
depth_holdout,5974,test,2102.83
depth_holdout,5975,test,2103.14
depth_holdout,5976,test,2103.84
depth_holdout,5977,test,2107.56
depth_holdout,5978,test,2107.87
depth_holdout,5979,test,2108.17
depth_holdout,5980,test,2108.48
depth_holdout,5981,test,2108.79
depth_holdout,5982,test,2109.1
depth_holdout,5983,test,2109.41
depth_holdout,5984,test,2109.71
depth_holdout,5985,test,2110.02
depth_holdout,5986,test,2110.33
depth_holdout,5987,test,2110.64
depth_holdout,5988,test,2110.94
depth_holdout,5989,test,2111.25
depth_holdout,5990,test,2111.56
depth_holdout,5991,test,2111.87
depth_holdout,5992,test,2112.17
depth_holdout,5993,test,2112.48
depth_holdout,5994,test,2112.79
depth_holdout,5995,test,2113.1
depth_holdout,5996,test,2113.4
depth_holdout,5997,test,2113.71
depth_holdout,5998,test,2114.02
depth_holdout,5999,test,2114.33
depth_holdout,6000,test,2114.64
depth_holdout,6001,test,2114.94
depth_holdout,6002,test,2115.25
depth_holdout,6003,test,2115.56
depth_holdout,6004,test,2119.3
depth_holdout,6005,test,2119.6
depth_holdout,6006,test,2119.91
depth_holdout,6007,test,2120.22
depth_holdout,6008,test,2120.53
depth_holdout,6009,test,2120.84
depth_holdout,6010,test,2121.14
depth_holdout,6011,test,2121.45
depth_holdout,6012,test,2121.76
depth_holdout,6013,test,2122.07
depth_holdout,6014,test,2122.38
depth_holdout,6015,test,2122.69
depth_holdout,6016,test,2122.99
depth_holdout,6017,test,2123.3
depth_holdout,6018,test,2123.3
depth_holdout,6019,test,2123.61
depth_holdout,6020,test,2123.92
depth_holdout,6021,test,2124.23
depth_holdout,6022,test,2124.54
depth_holdout,6023,test,2124.84
depth_holdout,6024,test,2125.15
depth_holdout,6025,test,2125.46
depth_holdout,6026,test,2125.77
depth_holdout,6027,test,2126.07
depth_holdout,6028,test,2126.38
depth_holdout,6029,test,2126.69
depth_holdout,6030,test,2127.0
depth_holdout,6031,test,2127.31
depth_holdout,6032,test,2127.61
depth_holdout,6033,test,2127.92
depth_holdout,6034,test,2128.23
depth_holdout,6035,test,2128.53
depth_holdout,6036,test,2128.84
depth_holdout,6037,test,2129.15
depth_holdout,6038,test,2129.46
depth_holdout,6039,test,2129.77
depth_holdout,6040,test,2130.07
depth_holdout,6041,test,2130.38
depth_holdout,6042,test,2130.69
depth_holdout,6043,test,2131.0
depth_holdout,6044,test,2131.3
depth_holdout,6045,test,2131.61
depth_holdout,6046,test,2131.92
depth_holdout,6047,test,2132.23
depth_holdout,6048,test,2132.54
depth_holdout,6049,test,2132.84
depth_holdout,6050,test,2133.15
depth_holdout,6051,test,2133.46
depth_holdout,6052,test,2133.77
depth_holdout,6053,test,2134.07
depth_holdout,6054,test,2134.38
depth_holdout,6055,test,2134.69
depth_holdout,6056,test,2135.0
depth_holdout,6057,test,2135.31
depth_holdout,6058,test,2135.61
depth_holdout,6059,test,2135.92
depth_holdout,6060,test,2136.23
depth_holdout,6061,test,2136.54
depth_holdout,6062,test,2136.84
depth_holdout,6063,test,2137.15
depth_holdout,6064,test,2137.46
depth_holdout,6065,test,2137.77
depth_holdout,6066,test,2138.07
depth_holdout,6067,test,2138.38
depth_holdout,6068,test,2138.69
depth_holdout,6069,test,2139.0
depth_holdout,6070,test,2139.0
depth_holdout,6071,test,2139.31
depth_holdout,6072,test,2139.61
depth_holdout,6073,test,2139.92
depth_holdout,6074,test,2140.23
depth_holdout,6075,test,2140.54
depth_holdout,6076,test,2140.84
depth_holdout,6077,test,2141.15
depth_holdout,6078,test,2141.46
depth_holdout,6079,test,2141.77
depth_holdout,6080,test,2142.08
depth_holdout,6081,test,2142.38
depth_holdout,6082,test,2142.69
depth_holdout,6083,test,2143.0
depth_holdout,6084,test,2143.3
depth_holdout,6085,test,2143.61
depth_holdout,6086,test,2143.92
depth_holdout,6087,test,2144.23
depth_holdout,6088,test,2144.54
depth_holdout,6089,test,2144.84
depth_holdout,6090,test,2145.36
depth_holdout,6091,test,2145.67
depth_holdout,6092,test,2145.98
depth_holdout,6093,test,2146.28
depth_holdout,6094,test,2146.59
depth_holdout,6095,test,2146.9
depth_holdout,6096,test,2147.21
depth_holdout,6097,test,2147.52
depth_holdout,6098,test,2147.83
depth_holdout,6099,test,2148.14
depth_holdout,6100,test,2148.45
depth_holdout,6101,test,2148.75
depth_holdout,6102,test,2149.06
depth_holdout,6103,test,2149.37
depth_holdout,6104,test,2149.68
depth_holdout,6105,test,2149.98
depth_holdout,6106,test,2150.29
depth_holdout,6107,test,2150.6
depth_holdout,6108,test,2150.91
depth_holdout,6109,test,2151.22
depth_holdout,6110,test,2151.52
depth_holdout,6111,test,2151.83
depth_holdout,6112,test,2152.14
depth_holdout,6113,test,2152.44
depth_holdout,6114,test,2152.75
depth_holdout,6115,test,2153.06
depth_holdout,6116,test,2153.37
depth_holdout,6117,test,2153.68
depth_holdout,6118,test,2153.98
depth_holdout,6119,test,2154.29
depth_holdout,6120,test,2154.6
depth_holdout,6121,test,2154.91
depth_holdout,6122,test,2155.21
depth_holdout,6123,test,2155.52
depth_holdout,6124,test,2155.83
depth_holdout,6125,test,2156.14
depth_holdout,6126,test,2156.45
depth_holdout,6127,test,2156.75
depth_holdout,6128,test,2157.06
depth_holdout,6129,test,2157.37
depth_holdout,6130,test,2157.68
depth_holdout,6131,test,2157.99
depth_holdout,6132,test,2158.29
depth_holdout,6133,test,2158.6
depth_holdout,6134,test,2158.91
depth_holdout,6135,test,2159.22
depth_holdout,6136,test,2159.52
depth_holdout,6137,test,2159.83
depth_holdout,6138,test,2160.14
depth_holdout,6139,test,2160.45
depth_holdout,6140,test,2160.76
depth_holdout,6141,test,2161.07
depth_holdout,6142,test,2161.37
depth_holdout,6143,test,2161.69
depth_holdout,6144,test,2162.0
depth_holdout,6145,test,2162.31
depth_holdout,6146,test,2162.62
depth_holdout,6147,test,2162.92
depth_holdout,6148,test,2163.23
depth_holdout,6149,test,2163.54
depth_holdout,6150,test,2163.84
depth_holdout,6151,test,2164.15
depth_holdout,6152,test,2164.46
depth_holdout,6153,test,2164.77
depth_holdout,6154,test,2165.07
depth_holdout,6155,test,2165.38
depth_holdout,6156,test,2165.69
depth_holdout,6157,test,2166.0
depth_holdout,6158,test,2166.31
depth_holdout,6159,test,2166.62
depth_holdout,6160,test,2166.93
depth_holdout,6161,test,2167.24
depth_holdout,6162,test,2167.54
depth_holdout,6163,test,2167.85
depth_holdout,6164,test,2168.16
depth_holdout,6165,test,2168.48
depth_holdout,6166,test,2168.8
depth_holdout,6167,test,2169.11
depth_holdout,6168,test,2169.42
depth_holdout,6169,test,2169.73
depth_holdout,6170,test,2170.04
depth_holdout,6171,test,2170.34
depth_holdout,6172,test,2170.65
depth_holdout,6173,test,2170.96
depth_holdout,6174,test,2171.26
depth_holdout,6175,test,2171.57
depth_holdout,6176,test,2171.88
depth_holdout,6177,test,2172.19
depth_holdout,6178,test,2172.5
depth_holdout,6179,test,2172.8
depth_holdout,6180,test,2173.11
depth_holdout,6181,test,2173.42
depth_holdout,6182,test,2173.73
depth_holdout,6183,test,2174.04
depth_holdout,6184,test,2174.34
depth_holdout,6185,test,2174.65
depth_holdout,6186,test,2174.96
depth_holdout,6187,test,2175.27
depth_holdout,6188,test,2175.57
depth_holdout,6189,test,2175.88
depth_holdout,6190,test,2176.19
depth_holdout,6191,test,2176.5
depth_holdout,6192,test,2176.81
depth_holdout,6193,test,2177.11
depth_holdout,6194,test,2177.42
depth_holdout,6195,test,2177.73
depth_holdout,6196,test,2178.04
depth_holdout,6197,test,2178.35
depth_holdout,6198,test,2178.65
depth_holdout,6199,test,2178.96
depth_holdout,6200,test,2179.27
depth_holdout,6201,test,2179.57
depth_holdout,6202,test,2179.57
depth_holdout,6203,test,2179.88
depth_holdout,6204,test,2180.19
depth_holdout,6205,test,2180.5
depth_holdout,6206,test,2180.8
depth_holdout,6207,test,2181.11
depth_holdout,6208,test,2181.42
depth_holdout,6209,test,2181.73
depth_holdout,6210,test,2182.04
depth_holdout,6211,test,2182.34
depth_holdout,6212,test,2182.65
depth_holdout,6213,test,2182.96
depth_holdout,6214,test,2183.27
depth_holdout,6215,test,2183.58
depth_holdout,6216,test,2183.88
depth_holdout,6217,test,2184.2
depth_holdout,6218,test,2184.5
depth_holdout,6219,test,2184.81
depth_holdout,6220,test,2185.12
depth_holdout,6221,test,2185.43
depth_holdout,6222,test,2185.74
depth_holdout,6223,test,2186.04
depth_holdout,6224,test,2186.35
depth_holdout,6225,test,2186.66
depth_holdout,6226,test,2186.97
depth_holdout,6227,test,2187.28
depth_holdout,6228,test,2187.58
depth_holdout,6229,test,2187.89
depth_holdout,6230,test,2188.2
depth_holdout,6231,test,2188.5
depth_holdout,6232,test,2188.81
depth_holdout,6233,test,2189.12
depth_holdout,6234,test,2189.43
depth_holdout,6235,test,2189.73
depth_holdout,6236,test,2190.05
depth_holdout,6237,test,2190.35
depth_holdout,6238,test,2190.66
depth_holdout,6239,test,2190.97
depth_holdout,6240,test,2191.28
depth_holdout,6241,test,2191.59
depth_holdout,6242,test,2191.9
depth_holdout,6243,test,2192.21
depth_holdout,6244,test,2192.51
depth_holdout,6245,test,2192.82
depth_holdout,6246,test,2193.13
depth_holdout,6247,test,2193.44
depth_holdout,6248,test,2193.75
depth_holdout,6249,test,2194.05
depth_holdout,6250,test,2194.45
depth_holdout,6251,test,2194.98
depth_holdout,6252,test,2195.29
depth_holdout,6253,test,2195.6
depth_holdout,6254,test,2195.9
depth_holdout,6255,test,2196.21
depth_holdout,6256,test,2196.52
depth_holdout,6257,test,2196.83
depth_holdout,6258,test,2197.14
depth_holdout,6259,test,2197.45
depth_holdout,6260,test,2197.75
depth_holdout,6261,test,2198.06
depth_holdout,6262,test,2198.37
depth_holdout,6263,test,2198.68
depth_holdout,6264,test,2198.99
depth_holdout,6265,test,2199.29
depth_holdout,6266,test,2199.6
depth_holdout,6267,test,2199.91
depth_holdout,6268,test,2200.22
depth_holdout,6269,test,2200.52
depth_holdout,6270,test,2200.83
depth_holdout,6271,test,2201.14
depth_holdout,6272,test,2201.45
depth_holdout,6273,test,2201.76
depth_holdout,6274,test,2202.06
depth_holdout,6275,test,2202.37
depth_holdout,6276,test,2202.68
depth_holdout,6277,test,2202.99
depth_holdout,6278,test,2203.29
depth_holdout,6279,test,2203.6
depth_holdout,6280,test,2203.91
depth_holdout,6281,test,2204.22
depth_holdout,6282,test,2204.53
depth_holdout,6283,test,2204.84
depth_holdout,6284,test,2205.15
depth_holdout,6285,test,2205.46
depth_holdout,6286,test,2205.76
depth_holdout,6287,test,2206.07
depth_holdout,6288,test,2206.38
depth_holdout,6289,test,2206.69
depth_holdout,6290,test,2206.99
depth_holdout,6291,test,2207.3
depth_holdout,6292,test,2207.61
depth_holdout,6293,test,2207.92
depth_holdout,6294,test,2208.23
depth_holdout,6295,test,2208.53
depth_holdout,6296,test,2208.84
depth_holdout,6297,test,2209.15
depth_holdout,6298,test,2209.46
depth_holdout,6299,test,2209.77
depth_holdout,6300,test,2210.07
depth_holdout,6301,test,2210.38
depth_holdout,6302,test,2210.69
depth_holdout,6303,test,2211.0
depth_holdout,6304,test,2211.3
depth_holdout,6305,test,2211.61
depth_holdout,6306,test,2211.92
depth_holdout,6307,test,2212.23
depth_holdout,6308,test,2212.54
depth_holdout,6309,test,2212.84
depth_holdout,6310,test,2213.15
depth_holdout,6311,test,2213.46
depth_holdout,6312,test,2213.77
depth_holdout,6313,test,2214.07
depth_holdout,6314,test,2214.38
depth_holdout,6315,test,2214.69
depth_holdout,6316,test,2215.0
depth_holdout,6317,test,2215.31
depth_holdout,6318,test,2215.61
depth_holdout,6319,test,2215.92
depth_holdout,6320,test,2216.23
depth_holdout,6321,test,2216.53
depth_holdout,6322,test,2216.84
depth_holdout,6323,test,2217.15
depth_holdout,6324,test,2217.46
depth_holdout,6325,test,2217.77
depth_holdout,6326,test,2218.07
depth_holdout,6327,test,2218.38
depth_holdout,6328,test,2218.69
depth_holdout,6329,test,2219.0
depth_holdout,6330,test,2219.31
depth_holdout,6331,test,2219.61
depth_holdout,6332,test,2219.92
depth_holdout,6333,test,2220.23
depth_holdout,6334,test,2220.54
depth_holdout,6335,test,2220.84
depth_holdout,6336,test,2221.15
depth_holdout,6337,test,2221.46
depth_holdout,6338,test,2221.77
depth_holdout,6339,test,2222.08
depth_holdout,6340,test,2222.38
depth_holdout,6341,test,2222.69
depth_holdout,6342,test,2223.0
depth_holdout,6343,test,2223.31
depth_holdout,6344,test,2223.61
depth_holdout,6345,test,2223.92
depth_holdout,6346,test,2224.23
depth_holdout,6347,test,2224.54
depth_holdout,6348,test,2224.85
depth_holdout,6349,test,2225.15
depth_holdout,6350,test,2225.46
depth_holdout,6351,test,2225.77
depth_holdout,6352,test,2226.07
depth_holdout,6353,test,2226.38
depth_holdout,6354,test,2226.69
depth_holdout,6355,test,2227.0
depth_holdout,6356,test,2227.31
depth_holdout,6357,test,2227.61
depth_holdout,6358,test,2227.92
depth_holdout,6359,test,2228.23
depth_holdout,6360,test,2228.54
depth_holdout,6361,test,2228.85
depth_holdout,6362,test,2229.16
depth_holdout,6363,test,2229.47
depth_holdout,6364,test,2229.77
depth_holdout,6365,test,2230.09
depth_holdout,6366,test,2230.4
depth_holdout,6367,test,2230.71
depth_holdout,6368,test,2231.01
depth_holdout,6369,test,2231.33
depth_holdout,6370,test,2231.63
depth_holdout,6371,test,2231.94
depth_holdout,6372,test,2232.25
depth_holdout,6373,test,2232.56
depth_holdout,6374,test,2232.86
depth_holdout,6375,test,2233.17
depth_holdout,6376,test,2233.49
depth_holdout,6377,test,2233.82
depth_holdout,6378,test,2234.14
depth_holdout,6379,test,2234.44
depth_holdout,6380,test,2234.75
depth_holdout,6381,test,2235.06
depth_holdout,6382,test,2235.37
depth_holdout,6383,test,2235.68
depth_holdout,6384,test,2235.99
depth_holdout,6385,test,2236.29
depth_holdout,6386,test,2236.6
depth_holdout,6387,test,2236.91
depth_holdout,6388,test,2237.22
depth_holdout,6389,test,2237.53
depth_holdout,6390,test,2237.83
depth_holdout,6391,test,2238.14
depth_holdout,6392,test,2238.45
depth_holdout,6393,test,2238.76
depth_holdout,6394,test,2239.06
depth_holdout,6395,test,2239.37
depth_holdout,6396,test,2239.68
depth_holdout,6397,test,2239.99
depth_holdout,6398,test,2240.3
depth_holdout,6399,test,2240.6
depth_holdout,6400,test,2240.91
depth_holdout,6401,test,2241.22
depth_holdout,6402,test,2241.53
depth_holdout,6403,test,2241.83
depth_holdout,6404,test,2242.14
depth_holdout,6405,test,2242.45
depth_holdout,6406,test,2242.76
depth_holdout,6407,test,2243.07
depth_holdout,6408,test,2243.37
depth_holdout,6409,test,2243.68
depth_holdout,6410,test,2243.99
depth_holdout,6411,test,2244.29
depth_holdout,6412,test,2244.6
depth_holdout,6413,test,2244.91
depth_holdout,6414,test,2245.22
depth_holdout,6415,test,2245.53
depth_holdout,6416,test,2245.83
depth_holdout,6417,test,2246.14
depth_holdout,6418,test,2246.45
depth_holdout,6419,test,2246.76
depth_holdout,6420,test,2247.06
depth_holdout,6421,test,2247.37
depth_holdout,6422,test,2247.68
depth_holdout,6423,test,2247.99
depth_holdout,6424,test,2248.3
depth_holdout,6425,test,2248.6
depth_holdout,6426,test,2248.91
depth_holdout,6427,test,2249.22
depth_holdout,6428,test,2249.53
depth_holdout,6429,test,2249.84
depth_holdout,6430,test,2250.14
depth_holdout,6431,test,2250.45
depth_holdout,6432,test,2250.76
depth_holdout,6433,test,2251.06
depth_holdout,6434,test,2251.37
depth_holdout,6435,test,2251.68
depth_holdout,6436,test,2251.99
depth_holdout,6437,test,2252.3
depth_holdout,6438,test,2252.6
depth_holdout,6439,test,2252.91
depth_holdout,6440,test,2253.22
depth_holdout,6441,test,2253.52
depth_holdout,6442,test,2253.83
depth_holdout,6443,test,2254.14
depth_holdout,6444,test,2254.45
depth_holdout,6445,test,2254.75
depth_holdout,6446,test,2255.06
depth_holdout,6447,test,2255.37
depth_holdout,6448,test,2255.68
depth_holdout,6449,test,2255.99
depth_holdout,6450,test,2256.29
depth_holdout,6451,test,2256.6
depth_holdout,6452,test,2256.91
depth_holdout,6453,test,2257.22
depth_holdout,6454,test,2257.53
depth_holdout,6455,test,2257.83
depth_holdout,6456,test,2258.14
depth_holdout,6457,test,2258.45
depth_holdout,6458,test,2258.76
depth_holdout,6459,test,2259.06
depth_holdout,6460,test,2259.37
depth_holdout,6461,test,2259.68
depth_holdout,6462,test,2259.99
depth_holdout,6463,test,2260.3
depth_holdout,6464,test,2260.6
depth_holdout,6465,test,2260.91
depth_holdout,6466,test,2261.22
depth_holdout,6467,test,2261.53
depth_holdout,6468,test,2261.83
depth_holdout,6469,test,2262.14
depth_holdout,6470,test,2262.45
depth_holdout,6471,test,2262.76
depth_holdout,6472,test,2263.07
depth_holdout,6473,test,2263.37
depth_holdout,6474,test,2263.68
depth_holdout,6475,test,2263.99
depth_holdout,6476,test,2264.29
depth_holdout,6477,test,2264.6
depth_holdout,6478,test,2264.91
depth_holdout,6479,test,2265.22
depth_holdout,6480,test,2265.53
depth_holdout,6481,test,2265.84
depth_holdout,6482,test,2266.14
depth_holdout,6483,test,2266.45
depth_holdout,6484,test,2266.76
depth_holdout,6485,test,2267.06
depth_holdout,6486,test,2267.37
depth_holdout,6487,test,2267.68
depth_holdout,6488,test,2267.85
depth_holdout,6489,test,2267.99
depth_holdout,6490,test,2268.3
depth_holdout,6491,test,2268.6
depth_holdout,6492,test,2268.91
depth_holdout,6493,test,2269.22
depth_holdout,6494,test,2269.53
depth_holdout,6495,test,2269.84
depth_holdout,6496,test,2270.14
depth_holdout,6497,test,2270.45
depth_holdout,6498,test,2270.76
depth_holdout,6499,test,2271.07
depth_holdout,6500,test,2271.38
depth_holdout,6501,test,2271.68
depth_holdout,6502,test,2271.99
depth_holdout,6503,test,2272.3
depth_holdout,6504,test,2272.61
depth_holdout,6505,test,2272.92
depth_holdout,6506,test,2273.22
depth_holdout,6507,test,2273.53
depth_holdout,6508,test,2273.84
depth_holdout,6509,test,2274.15
depth_holdout,6510,test,2274.46
depth_holdout,6511,test,2274.76
depth_holdout,6512,test,2275.07
depth_holdout,6513,test,2275.38
depth_holdout,6514,test,2275.69
depth_holdout,6515,test,2276.0
depth_holdout,6516,test,2276.3
depth_holdout,6517,test,2276.61
depth_holdout,6518,test,2276.92
depth_holdout,6519,test,2277.22
depth_holdout,6520,test,2277.53
depth_holdout,6521,test,2277.84
depth_holdout,6522,test,2278.15
depth_holdout,6523,test,2278.45
depth_holdout,6524,test,2278.76
depth_holdout,6525,test,2279.07
depth_holdout,6526,test,2279.38
depth_holdout,6527,test,2279.69
depth_holdout,6528,test,2280.0
depth_holdout,6529,test,2280.3
depth_holdout,6530,test,2280.61
depth_holdout,6531,test,2280.92
depth_holdout,6532,test,2281.23
depth_holdout,6533,test,2281.54
depth_holdout,6534,test,2281.84
depth_holdout,6535,test,2282.15
depth_holdout,6536,test,2282.46
depth_holdout,6537,test,2282.77
depth_holdout,6538,test,2283.08
depth_holdout,6539,test,2283.38
depth_holdout,6540,test,2283.69
depth_holdout,6541,test,2284.0
depth_holdout,6542,test,2284.31
depth_holdout,6543,test,2284.61
depth_holdout,6544,test,2284.92
depth_holdout,6545,test,2285.23
depth_holdout,6546,test,2285.54
depth_holdout,6547,test,2285.85
depth_holdout,6548,test,2286.15
depth_holdout,6549,test,2286.46
depth_holdout,6550,test,2286.77
depth_holdout,6551,test,2287.08
depth_holdout,6552,test,2287.38
depth_holdout,6553,test,2287.69
depth_holdout,6554,test,2288.0
depth_holdout,6555,test,2288.31
depth_holdout,6556,test,2288.62
depth_holdout,6557,test,2288.92
depth_holdout,6558,test,2289.23
depth_holdout,6559,test,2289.54
depth_holdout,6560,test,2289.85
depth_holdout,6561,test,2290.16
depth_holdout,6562,test,2290.47
depth_holdout,6563,test,2290.78
depth_holdout,6564,test,2291.09
depth_holdout,6565,test,2291.39
depth_holdout,6566,test,2291.7
depth_holdout,6567,test,2292.01
depth_holdout,6568,test,2292.32
depth_holdout,6569,test,2292.62
depth_holdout,6570,test,2292.93
depth_holdout,6571,test,2293.24
depth_holdout,6572,test,2293.55
depth_holdout,6573,test,2293.85
depth_holdout,6574,test,2294.16
depth_holdout,6575,test,2294.47
depth_holdout,6576,test,2294.78
depth_holdout,6577,test,2295.09
depth_holdout,6578,test,2295.4
depth_holdout,6579,test,2295.71
depth_holdout,6580,test,2296.01
depth_holdout,6581,test,2296.32
depth_holdout,6582,test,2296.63
depth_holdout,6583,test,2296.94
contiguous_block_holdout,0,train,26.59
contiguous_block_holdout,1,train,26.9
contiguous_block_holdout,2,train,27.24
contiguous_block_holdout,3,train,27.55
contiguous_block_holdout,4,train,27.85
contiguous_block_holdout,5,train,28.49
contiguous_block_holdout,6,train,29.79
contiguous_block_holdout,7,train,31.24
contiguous_block_holdout,8,train,32.21
contiguous_block_holdout,9,train,32.54
contiguous_block_holdout,10,train,34.55
contiguous_block_holdout,11,train,34.9
contiguous_block_holdout,12,train,35.21
contiguous_block_holdout,13,train,35.53
contiguous_block_holdout,14,train,35.85
contiguous_block_holdout,15,train,36.17
contiguous_block_holdout,16,train,36.48
contiguous_block_holdout,17,train,37.1
contiguous_block_holdout,18,train,37.41
contiguous_block_holdout,19,train,37.74
contiguous_block_holdout,20,train,38.06
contiguous_block_holdout,21,train,38.36
contiguous_block_holdout,22,train,38.67
contiguous_block_holdout,23,train,39.01
contiguous_block_holdout,24,train,39.33
contiguous_block_holdout,25,train,39.66
contiguous_block_holdout,26,train,40.94
contiguous_block_holdout,27,train,41.25
contiguous_block_holdout,28,train,41.55
contiguous_block_holdout,29,train,41.86
contiguous_block_holdout,30,train,43.93
contiguous_block_holdout,31,train,44.93
contiguous_block_holdout,32,train,45.65
contiguous_block_holdout,33,train,46.32
contiguous_block_holdout,34,train,48.04
contiguous_block_holdout,35,train,48.38
contiguous_block_holdout,36,train,48.69
contiguous_block_holdout,37,train,49.01
contiguous_block_holdout,38,train,49.33
contiguous_block_holdout,39,train,49.64
contiguous_block_holdout,40,train,49.96
contiguous_block_holdout,41,train,50.26
contiguous_block_holdout,42,train,50.58
contiguous_block_holdout,43,train,50.88
contiguous_block_holdout,44,train,51.2
contiguous_block_holdout,45,train,51.51
contiguous_block_holdout,46,train,51.82
contiguous_block_holdout,47,train,52.13
contiguous_block_holdout,48,train,52.44
contiguous_block_holdout,49,train,52.74
contiguous_block_holdout,50,train,53.05
contiguous_block_holdout,51,train,53.35
contiguous_block_holdout,52,train,53.67
contiguous_block_holdout,53,train,53.97
contiguous_block_holdout,54,train,54.28
contiguous_block_holdout,55,train,54.6
contiguous_block_holdout,56,train,54.91
contiguous_block_holdout,57,train,55.21
contiguous_block_holdout,58,train,55.53
contiguous_block_holdout,59,train,55.83
contiguous_block_holdout,60,train,56.15
contiguous_block_holdout,61,train,56.46
contiguous_block_holdout,62,train,56.77
contiguous_block_holdout,63,train,57.07
contiguous_block_holdout,64,train,57.38
contiguous_block_holdout,65,train,57.69
contiguous_block_holdout,66,train,58.01
contiguous_block_holdout,67,train,58.31
contiguous_block_holdout,68,train,58.64
contiguous_block_holdout,69,train,58.94
contiguous_block_holdout,70,train,59.25
contiguous_block_holdout,71,train,59.56
contiguous_block_holdout,72,train,61.24
contiguous_block_holdout,73,train,61.56
contiguous_block_holdout,74,train,61.87
contiguous_block_holdout,75,train,62.5
contiguous_block_holdout,76,train,62.81
contiguous_block_holdout,77,train,63.13
contiguous_block_holdout,78,train,181.21
contiguous_block_holdout,79,train,181.52
contiguous_block_holdout,80,train,181.83
contiguous_block_holdout,81,train,182.15
contiguous_block_holdout,82,train,182.46
contiguous_block_holdout,83,train,182.77
contiguous_block_holdout,84,train,183.09
contiguous_block_holdout,85,train,183.4
contiguous_block_holdout,86,train,183.71
contiguous_block_holdout,87,train,184.02
contiguous_block_holdout,88,train,184.33
contiguous_block_holdout,89,train,184.64
contiguous_block_holdout,90,train,184.96
contiguous_block_holdout,91,train,185.27
contiguous_block_holdout,92,train,185.59
contiguous_block_holdout,93,train,185.9
contiguous_block_holdout,94,train,186.21
contiguous_block_holdout,95,train,186.52
contiguous_block_holdout,96,train,186.84
contiguous_block_holdout,97,train,187.15
contiguous_block_holdout,98,train,187.46
contiguous_block_holdout,99,train,187.78
contiguous_block_holdout,100,train,188.1
contiguous_block_holdout,101,train,188.41
contiguous_block_holdout,102,train,188.72
contiguous_block_holdout,103,train,189.04
contiguous_block_holdout,104,train,189.88
contiguous_block_holdout,105,train,190.19
contiguous_block_holdout,106,train,190.5
contiguous_block_holdout,107,train,190.81
contiguous_block_holdout,108,train,191.13
contiguous_block_holdout,109,train,191.44
contiguous_block_holdout,110,train,191.75
contiguous_block_holdout,111,train,192.06
contiguous_block_holdout,112,train,192.37
contiguous_block_holdout,113,train,192.69
contiguous_block_holdout,114,train,193.0
contiguous_block_holdout,115,train,193.31
contiguous_block_holdout,116,train,193.63
contiguous_block_holdout,117,train,193.94
contiguous_block_holdout,118,train,194.25
contiguous_block_holdout,119,train,194.56
contiguous_block_holdout,120,train,194.87
contiguous_block_holdout,121,train,195.18
contiguous_block_holdout,122,train,195.5
contiguous_block_holdout,123,train,195.8
contiguous_block_holdout,124,train,196.11
contiguous_block_holdout,125,train,196.43
contiguous_block_holdout,126,train,196.75
contiguous_block_holdout,127,train,197.06
contiguous_block_holdout,128,train,197.38
contiguous_block_holdout,129,train,197.7
contiguous_block_holdout,130,train,198.0
contiguous_block_holdout,131,train,198.31
contiguous_block_holdout,132,train,198.63
contiguous_block_holdout,133,train,198.94
contiguous_block_holdout,134,train,199.25
contiguous_block_holdout,135,train,199.56
contiguous_block_holdout,136,train,199.88
contiguous_block_holdout,137,train,200.19
contiguous_block_holdout,138,train,200.5
contiguous_block_holdout,139,train,200.81
contiguous_block_holdout,140,train,201.12
contiguous_block_holdout,141,train,201.43
contiguous_block_holdout,142,train,201.74
contiguous_block_holdout,143,train,202.06
contiguous_block_holdout,144,train,202.37
contiguous_block_holdout,145,train,202.68
contiguous_block_holdout,146,train,202.99
contiguous_block_holdout,147,train,203.3
contiguous_block_holdout,148,train,203.62
contiguous_block_holdout,149,train,203.93
contiguous_block_holdout,150,train,204.24
contiguous_block_holdout,151,train,204.56
contiguous_block_holdout,152,train,204.87
contiguous_block_holdout,153,train,205.18
contiguous_block_holdout,154,train,205.49
contiguous_block_holdout,155,train,205.81
contiguous_block_holdout,156,train,206.12
contiguous_block_holdout,157,train,206.44
contiguous_block_holdout,158,train,206.75
contiguous_block_holdout,159,train,207.07
contiguous_block_holdout,160,train,207.38
contiguous_block_holdout,161,train,207.7
contiguous_block_holdout,162,train,208.01
contiguous_block_holdout,163,train,208.32
contiguous_block_holdout,164,train,208.64
contiguous_block_holdout,165,train,208.95
contiguous_block_holdout,166,train,209.26
contiguous_block_holdout,167,train,209.57
contiguous_block_holdout,168,train,209.88
contiguous_block_holdout,169,train,210.19
contiguous_block_holdout,170,train,210.51
contiguous_block_holdout,171,train,210.83
contiguous_block_holdout,172,train,211.14
contiguous_block_holdout,173,train,211.45
contiguous_block_holdout,174,train,211.76
contiguous_block_holdout,175,train,212.07
contiguous_block_holdout,176,train,212.4
contiguous_block_holdout,177,train,212.72
contiguous_block_holdout,178,train,213.03
contiguous_block_holdout,179,train,213.34
contiguous_block_holdout,180,train,213.65
contiguous_block_holdout,181,train,213.97
contiguous_block_holdout,182,train,214.28
contiguous_block_holdout,183,train,214.59
contiguous_block_holdout,184,train,214.9
contiguous_block_holdout,185,train,215.21
contiguous_block_holdout,186,train,215.52
contiguous_block_holdout,187,train,215.84
contiguous_block_holdout,188,train,216.15
contiguous_block_holdout,189,train,216.46
contiguous_block_holdout,190,train,216.77
contiguous_block_holdout,191,train,217.08
contiguous_block_holdout,192,train,217.39
contiguous_block_holdout,193,train,217.7
contiguous_block_holdout,194,train,218.01
contiguous_block_holdout,195,train,218.32
contiguous_block_holdout,196,train,218.63
contiguous_block_holdout,197,train,218.94
contiguous_block_holdout,198,train,219.25
contiguous_block_holdout,199,train,219.56
contiguous_block_holdout,200,train,219.88
contiguous_block_holdout,201,train,220.19
contiguous_block_holdout,202,train,220.5
contiguous_block_holdout,203,train,220.81
contiguous_block_holdout,204,train,221.13
contiguous_block_holdout,205,train,221.44
contiguous_block_holdout,206,train,221.76
contiguous_block_holdout,207,train,222.07
contiguous_block_holdout,208,train,222.39
contiguous_block_holdout,209,train,222.7
contiguous_block_holdout,210,train,223.03
contiguous_block_holdout,211,train,223.33
contiguous_block_holdout,212,train,223.65
contiguous_block_holdout,213,train,223.96
contiguous_block_holdout,214,train,224.27
contiguous_block_holdout,215,train,224.59
contiguous_block_holdout,216,train,224.9
contiguous_block_holdout,217,train,225.21
contiguous_block_holdout,218,train,225.53
contiguous_block_holdout,219,train,225.84
contiguous_block_holdout,220,train,226.15
contiguous_block_holdout,221,train,226.47
contiguous_block_holdout,222,train,226.78
contiguous_block_holdout,223,train,227.09
contiguous_block_holdout,224,train,227.4
contiguous_block_holdout,225,train,227.71
contiguous_block_holdout,226,train,228.02
contiguous_block_holdout,227,train,228.34
contiguous_block_holdout,228,train,228.65
contiguous_block_holdout,229,train,228.96
contiguous_block_holdout,230,train,229.27
contiguous_block_holdout,231,train,229.59
contiguous_block_holdout,232,train,229.9
contiguous_block_holdout,233,train,230.21
contiguous_block_holdout,234,train,230.52
contiguous_block_holdout,235,train,230.83
contiguous_block_holdout,236,train,231.14
contiguous_block_holdout,237,train,231.45
contiguous_block_holdout,238,train,231.76
contiguous_block_holdout,239,train,232.07
contiguous_block_holdout,240,train,232.39
contiguous_block_holdout,241,train,232.69
contiguous_block_holdout,242,train,233.0
contiguous_block_holdout,243,train,233.32
contiguous_block_holdout,244,train,233.63
contiguous_block_holdout,245,train,233.94
contiguous_block_holdout,246,train,234.25
contiguous_block_holdout,247,train,234.57
contiguous_block_holdout,248,train,234.88
contiguous_block_holdout,249,train,235.19
contiguous_block_holdout,250,train,235.51
contiguous_block_holdout,251,train,235.82
contiguous_block_holdout,252,train,236.12
contiguous_block_holdout,253,train,236.43
contiguous_block_holdout,254,train,236.74
contiguous_block_holdout,255,train,237.06
contiguous_block_holdout,256,train,237.37
contiguous_block_holdout,257,train,237.68
contiguous_block_holdout,258,train,238.0
contiguous_block_holdout,259,train,238.31
contiguous_block_holdout,260,train,238.62
contiguous_block_holdout,261,train,238.94
contiguous_block_holdout,262,train,239.25
contiguous_block_holdout,263,train,239.56
contiguous_block_holdout,264,train,239.88
contiguous_block_holdout,265,train,240.18
contiguous_block_holdout,266,train,240.49
contiguous_block_holdout,267,train,240.8
contiguous_block_holdout,268,train,241.12
contiguous_block_holdout,269,train,241.42
contiguous_block_holdout,270,train,241.73
contiguous_block_holdout,271,train,242.04
contiguous_block_holdout,272,train,242.35
contiguous_block_holdout,273,train,242.67
contiguous_block_holdout,274,train,242.98
contiguous_block_holdout,275,train,243.29
contiguous_block_holdout,276,train,243.61
contiguous_block_holdout,277,train,243.92
contiguous_block_holdout,278,train,244.23
contiguous_block_holdout,279,train,244.54
contiguous_block_holdout,280,train,244.85
contiguous_block_holdout,281,train,245.16
contiguous_block_holdout,282,train,245.47
contiguous_block_holdout,283,train,245.78
contiguous_block_holdout,284,train,246.09
contiguous_block_holdout,285,train,246.41
contiguous_block_holdout,286,train,246.72
contiguous_block_holdout,287,train,247.04
contiguous_block_holdout,288,train,247.35
contiguous_block_holdout,289,train,247.65
contiguous_block_holdout,290,train,247.96
contiguous_block_holdout,291,train,248.27
contiguous_block_holdout,292,train,248.59
contiguous_block_holdout,293,train,248.9
contiguous_block_holdout,294,train,249.21
contiguous_block_holdout,295,train,249.52
contiguous_block_holdout,296,train,249.84
contiguous_block_holdout,297,train,250.15
contiguous_block_holdout,298,train,250.46
contiguous_block_holdout,299,train,250.77
contiguous_block_holdout,300,train,251.09
contiguous_block_holdout,301,train,251.4
contiguous_block_holdout,302,train,251.71
contiguous_block_holdout,303,train,252.02
contiguous_block_holdout,304,train,252.34
contiguous_block_holdout,305,train,252.65
contiguous_block_holdout,306,train,252.97
contiguous_block_holdout,307,train,253.28
contiguous_block_holdout,308,train,253.59
contiguous_block_holdout,309,train,253.9
contiguous_block_holdout,310,train,254.21
contiguous_block_holdout,311,train,254.53
contiguous_block_holdout,312,train,254.84
contiguous_block_holdout,313,train,255.15
contiguous_block_holdout,314,train,255.46
contiguous_block_holdout,315,train,255.78
contiguous_block_holdout,316,train,256.1
contiguous_block_holdout,317,train,256.41
contiguous_block_holdout,318,train,256.72
contiguous_block_holdout,319,train,257.03
contiguous_block_holdout,320,train,257.34
contiguous_block_holdout,321,train,257.65
contiguous_block_holdout,322,train,257.97
contiguous_block_holdout,323,train,258.28
contiguous_block_holdout,324,train,258.59
contiguous_block_holdout,325,train,258.9
contiguous_block_holdout,326,train,259.22
contiguous_block_holdout,327,train,259.54
contiguous_block_holdout,328,train,259.85
contiguous_block_holdout,329,train,260.17
contiguous_block_holdout,330,train,260.48
contiguous_block_holdout,331,train,260.8
contiguous_block_holdout,332,train,261.1
contiguous_block_holdout,333,train,261.41
contiguous_block_holdout,334,train,261.73
contiguous_block_holdout,335,train,262.05
contiguous_block_holdout,336,train,262.36
contiguous_block_holdout,337,train,262.67
contiguous_block_holdout,338,train,262.98
contiguous_block_holdout,339,train,263.29
contiguous_block_holdout,340,train,263.6
contiguous_block_holdout,341,train,263.91
contiguous_block_holdout,342,train,264.22
contiguous_block_holdout,343,train,264.54
contiguous_block_holdout,344,train,264.84
contiguous_block_holdout,345,train,265.15
contiguous_block_holdout,346,train,265.46
contiguous_block_holdout,347,train,265.78
contiguous_block_holdout,348,train,266.08
contiguous_block_holdout,349,train,266.39
contiguous_block_holdout,350,train,266.71
contiguous_block_holdout,351,train,267.03
contiguous_block_holdout,352,train,267.34
contiguous_block_holdout,353,train,267.65
contiguous_block_holdout,354,train,267.95
contiguous_block_holdout,355,train,268.26
contiguous_block_holdout,356,train,268.57
contiguous_block_holdout,357,train,268.88
contiguous_block_holdout,358,train,269.2
contiguous_block_holdout,359,train,269.51
contiguous_block_holdout,360,train,269.82
contiguous_block_holdout,361,train,270.14
contiguous_block_holdout,362,train,270.46
contiguous_block_holdout,363,train,270.77
contiguous_block_holdout,364,train,271.08
contiguous_block_holdout,365,train,271.39
contiguous_block_holdout,366,train,271.7
contiguous_block_holdout,367,train,272.01
contiguous_block_holdout,368,train,272.32
contiguous_block_holdout,369,train,272.63
contiguous_block_holdout,370,train,272.94
contiguous_block_holdout,371,train,273.26
contiguous_block_holdout,372,train,273.57
contiguous_block_holdout,373,train,273.88
contiguous_block_holdout,374,train,274.19
contiguous_block_holdout,375,train,274.5
contiguous_block_holdout,376,train,274.82
contiguous_block_holdout,377,train,275.13
contiguous_block_holdout,378,train,275.44
contiguous_block_holdout,379,train,275.75
contiguous_block_holdout,380,train,276.07
contiguous_block_holdout,381,train,276.38
contiguous_block_holdout,382,train,276.7
contiguous_block_holdout,383,train,277.01
contiguous_block_holdout,384,train,277.31
contiguous_block_holdout,385,train,277.63
contiguous_block_holdout,386,train,277.94
contiguous_block_holdout,387,train,278.25
contiguous_block_holdout,388,train,278.57
contiguous_block_holdout,389,train,278.88
contiguous_block_holdout,390,train,279.2
contiguous_block_holdout,391,train,279.51
contiguous_block_holdout,392,train,279.82
contiguous_block_holdout,393,train,280.12
contiguous_block_holdout,394,train,280.44
contiguous_block_holdout,395,train,280.75
contiguous_block_holdout,396,train,281.06
contiguous_block_holdout,397,train,281.38
contiguous_block_holdout,398,train,281.69
contiguous_block_holdout,399,train,282.0
contiguous_block_holdout,400,train,282.32
contiguous_block_holdout,401,train,282.62
contiguous_block_holdout,402,train,282.94
contiguous_block_holdout,403,train,283.25
contiguous_block_holdout,404,train,283.56
contiguous_block_holdout,405,train,283.86
contiguous_block_holdout,406,train,284.18
contiguous_block_holdout,407,train,284.49
contiguous_block_holdout,408,train,284.8
contiguous_block_holdout,409,train,285.11
contiguous_block_holdout,410,train,285.42
contiguous_block_holdout,411,train,285.73
contiguous_block_holdout,412,train,286.04
contiguous_block_holdout,413,train,286.36
contiguous_block_holdout,414,train,286.67
contiguous_block_holdout,415,train,286.98
contiguous_block_holdout,416,train,287.28
contiguous_block_holdout,417,train,287.6
contiguous_block_holdout,418,train,287.91
contiguous_block_holdout,419,train,288.22
contiguous_block_holdout,420,train,288.54
contiguous_block_holdout,421,train,288.85
contiguous_block_holdout,422,train,289.16
contiguous_block_holdout,423,train,289.48
contiguous_block_holdout,424,train,289.79
contiguous_block_holdout,425,train,290.11
contiguous_block_holdout,426,train,290.42
contiguous_block_holdout,427,train,290.74
contiguous_block_holdout,428,train,291.05
contiguous_block_holdout,429,train,291.37
contiguous_block_holdout,430,train,291.69
contiguous_block_holdout,431,train,292.0
contiguous_block_holdout,432,train,292.31
contiguous_block_holdout,433,train,292.63
contiguous_block_holdout,434,train,292.94
contiguous_block_holdout,435,train,293.26
contiguous_block_holdout,436,train,293.57
contiguous_block_holdout,437,train,293.88
contiguous_block_holdout,438,train,294.19
contiguous_block_holdout,439,train,294.5
contiguous_block_holdout,440,train,294.81
contiguous_block_holdout,441,train,295.12
contiguous_block_holdout,442,train,295.43
contiguous_block_holdout,443,train,295.75
contiguous_block_holdout,444,train,296.06
contiguous_block_holdout,445,train,296.37
contiguous_block_holdout,446,train,296.68
contiguous_block_holdout,447,train,296.99
contiguous_block_holdout,448,train,297.3
contiguous_block_holdout,449,train,297.61
contiguous_block_holdout,450,train,297.92
contiguous_block_holdout,451,train,298.24
contiguous_block_holdout,452,train,298.54
contiguous_block_holdout,453,train,298.85
contiguous_block_holdout,454,train,299.16
contiguous_block_holdout,455,train,299.48
contiguous_block_holdout,456,train,299.79
contiguous_block_holdout,457,train,300.1
contiguous_block_holdout,458,train,300.42
contiguous_block_holdout,459,train,300.73
contiguous_block_holdout,460,train,301.04
contiguous_block_holdout,461,train,301.36
contiguous_block_holdout,462,train,301.68
contiguous_block_holdout,463,train,301.99
contiguous_block_holdout,464,train,302.3
contiguous_block_holdout,465,train,302.62
contiguous_block_holdout,466,train,302.93
contiguous_block_holdout,467,train,303.24
contiguous_block_holdout,468,train,303.55
contiguous_block_holdout,469,train,303.86
contiguous_block_holdout,470,train,304.18
contiguous_block_holdout,471,train,304.48
contiguous_block_holdout,472,train,304.79
contiguous_block_holdout,473,train,305.12
contiguous_block_holdout,474,train,305.43
contiguous_block_holdout,475,train,305.75
contiguous_block_holdout,476,train,306.06
contiguous_block_holdout,477,train,306.38
contiguous_block_holdout,478,train,306.69
contiguous_block_holdout,479,train,307.0
contiguous_block_holdout,480,train,307.31
contiguous_block_holdout,481,train,307.63
contiguous_block_holdout,482,train,307.95
contiguous_block_holdout,483,train,308.25
contiguous_block_holdout,484,train,308.57
contiguous_block_holdout,485,train,308.88
contiguous_block_holdout,486,train,309.2
contiguous_block_holdout,487,train,309.51
contiguous_block_holdout,488,train,309.82
contiguous_block_holdout,489,train,310.13
contiguous_block_holdout,490,train,310.45
contiguous_block_holdout,491,train,310.76
contiguous_block_holdout,492,train,311.07
contiguous_block_holdout,493,train,311.39
contiguous_block_holdout,494,train,311.69
contiguous_block_holdout,495,train,312.01
contiguous_block_holdout,496,train,312.33
contiguous_block_holdout,497,train,312.64
contiguous_block_holdout,498,train,312.95
contiguous_block_holdout,499,train,313.27
contiguous_block_holdout,500,train,313.58
contiguous_block_holdout,501,train,313.89
contiguous_block_holdout,502,train,314.21
contiguous_block_holdout,503,train,314.52
contiguous_block_holdout,504,train,314.83
contiguous_block_holdout,505,train,315.14
contiguous_block_holdout,506,train,315.46
contiguous_block_holdout,507,train,315.77
contiguous_block_holdout,508,train,316.08
contiguous_block_holdout,509,train,316.39
contiguous_block_holdout,510,train,316.72
contiguous_block_holdout,511,train,317.03
contiguous_block_holdout,512,train,317.34
contiguous_block_holdout,513,train,317.65
contiguous_block_holdout,514,train,317.96
contiguous_block_holdout,515,train,318.28
contiguous_block_holdout,516,train,318.59
contiguous_block_holdout,517,train,318.9
contiguous_block_holdout,518,train,319.22
contiguous_block_holdout,519,train,319.53
contiguous_block_holdout,520,train,319.85
contiguous_block_holdout,521,train,320.16
contiguous_block_holdout,522,train,320.47
contiguous_block_holdout,523,train,320.79
contiguous_block_holdout,524,train,321.1
contiguous_block_holdout,525,train,321.41
contiguous_block_holdout,526,train,321.72
contiguous_block_holdout,527,train,322.03
contiguous_block_holdout,528,train,322.34
contiguous_block_holdout,529,train,322.65
contiguous_block_holdout,530,train,322.96
contiguous_block_holdout,531,train,323.27
contiguous_block_holdout,532,train,323.59
contiguous_block_holdout,533,train,323.91
contiguous_block_holdout,534,train,324.22
contiguous_block_holdout,535,train,324.53
contiguous_block_holdout,536,train,324.85
contiguous_block_holdout,537,train,325.16
contiguous_block_holdout,538,train,325.47
contiguous_block_holdout,539,train,325.78
contiguous_block_holdout,540,train,326.09
contiguous_block_holdout,541,train,326.4
contiguous_block_holdout,542,train,326.71
contiguous_block_holdout,543,train,327.02
contiguous_block_holdout,544,train,327.33
contiguous_block_holdout,545,train,327.64
contiguous_block_holdout,546,train,327.95
contiguous_block_holdout,547,train,328.27
contiguous_block_holdout,548,train,328.59
contiguous_block_holdout,549,train,328.9
contiguous_block_holdout,550,train,329.21
contiguous_block_holdout,551,train,329.53
contiguous_block_holdout,552,train,329.84
contiguous_block_holdout,553,train,330.16
contiguous_block_holdout,554,train,330.47
contiguous_block_holdout,555,train,330.78
contiguous_block_holdout,556,train,331.1
contiguous_block_holdout,557,train,331.41
contiguous_block_holdout,558,train,331.73
contiguous_block_holdout,559,train,332.05
contiguous_block_holdout,560,train,332.36
contiguous_block_holdout,561,train,332.67
contiguous_block_holdout,562,train,332.98
contiguous_block_holdout,563,train,333.29
contiguous_block_holdout,564,train,333.61
contiguous_block_holdout,565,train,333.94
contiguous_block_holdout,566,train,334.27
contiguous_block_holdout,567,train,334.59
contiguous_block_holdout,568,train,334.93
contiguous_block_holdout,569,train,335.25
contiguous_block_holdout,570,train,335.56
contiguous_block_holdout,571,train,335.87
contiguous_block_holdout,572,train,336.18
contiguous_block_holdout,573,train,336.5
contiguous_block_holdout,574,train,336.81
contiguous_block_holdout,575,train,337.12
contiguous_block_holdout,576,train,337.43
contiguous_block_holdout,577,train,337.76
contiguous_block_holdout,578,train,338.07
contiguous_block_holdout,579,train,338.39
contiguous_block_holdout,580,train,338.71
contiguous_block_holdout,581,train,339.04
contiguous_block_holdout,582,train,339.35
contiguous_block_holdout,583,train,339.67
contiguous_block_holdout,584,train,339.99
contiguous_block_holdout,585,train,340.33
contiguous_block_holdout,586,train,340.66
contiguous_block_holdout,587,train,341.01
contiguous_block_holdout,588,train,341.34
contiguous_block_holdout,589,train,341.65
contiguous_block_holdout,590,train,341.96
contiguous_block_holdout,591,train,342.27
contiguous_block_holdout,592,train,342.58
contiguous_block_holdout,593,train,342.9
contiguous_block_holdout,594,train,343.22
contiguous_block_holdout,595,train,343.53
contiguous_block_holdout,596,train,343.84
contiguous_block_holdout,597,train,344.15
contiguous_block_holdout,598,train,344.47
contiguous_block_holdout,599,train,344.77
contiguous_block_holdout,600,train,344.77
contiguous_block_holdout,601,train,345.08
contiguous_block_holdout,602,train,345.4
contiguous_block_holdout,603,train,345.71
contiguous_block_holdout,604,train,346.03
contiguous_block_holdout,605,train,346.34
contiguous_block_holdout,606,train,346.65
contiguous_block_holdout,607,train,346.96
contiguous_block_holdout,608,train,347.27
contiguous_block_holdout,609,train,347.58
contiguous_block_holdout,610,train,347.91
contiguous_block_holdout,611,train,348.22
contiguous_block_holdout,612,train,348.54
contiguous_block_holdout,613,train,348.85
contiguous_block_holdout,614,train,349.16
contiguous_block_holdout,615,train,349.48
contiguous_block_holdout,616,train,349.79
contiguous_block_holdout,617,train,350.1
contiguous_block_holdout,618,train,350.41
contiguous_block_holdout,619,train,350.73
contiguous_block_holdout,620,train,351.04
contiguous_block_holdout,621,train,351.35
contiguous_block_holdout,622,train,351.66
contiguous_block_holdout,623,train,351.98
contiguous_block_holdout,624,train,352.29
contiguous_block_holdout,625,train,352.61
contiguous_block_holdout,626,train,352.93
contiguous_block_holdout,627,train,353.24
contiguous_block_holdout,628,train,353.55
contiguous_block_holdout,629,train,353.86
contiguous_block_holdout,630,train,354.18
contiguous_block_holdout,631,train,354.49
contiguous_block_holdout,632,train,354.8
contiguous_block_holdout,633,train,355.11
contiguous_block_holdout,634,train,355.43
contiguous_block_holdout,635,train,355.74
contiguous_block_holdout,636,train,356.04
contiguous_block_holdout,637,train,356.35
contiguous_block_holdout,638,train,356.67
contiguous_block_holdout,639,train,356.98
contiguous_block_holdout,640,train,357.29
contiguous_block_holdout,641,train,357.6
contiguous_block_holdout,642,train,357.91
contiguous_block_holdout,643,train,358.23
contiguous_block_holdout,644,train,358.55
contiguous_block_holdout,645,train,358.85
contiguous_block_holdout,646,train,359.16
contiguous_block_holdout,647,train,359.48
contiguous_block_holdout,648,train,359.79
contiguous_block_holdout,649,train,360.1
contiguous_block_holdout,650,train,360.42
contiguous_block_holdout,651,train,360.73
contiguous_block_holdout,652,train,361.04
contiguous_block_holdout,653,train,361.35
contiguous_block_holdout,654,train,361.67
contiguous_block_holdout,655,train,361.98
contiguous_block_holdout,656,train,362.29
contiguous_block_holdout,657,train,362.6
contiguous_block_holdout,658,train,362.91
contiguous_block_holdout,659,train,363.22
contiguous_block_holdout,660,train,363.54
contiguous_block_holdout,661,train,363.84
contiguous_block_holdout,662,train,364.15
contiguous_block_holdout,663,train,364.46
contiguous_block_holdout,664,train,364.77
contiguous_block_holdout,665,train,365.09
contiguous_block_holdout,666,train,365.4
contiguous_block_holdout,667,train,365.71
contiguous_block_holdout,668,train,366.02
contiguous_block_holdout,669,train,366.33
contiguous_block_holdout,670,train,366.64
contiguous_block_holdout,671,train,366.95
contiguous_block_holdout,672,train,367.26
contiguous_block_holdout,673,train,367.57
contiguous_block_holdout,674,train,367.88
contiguous_block_holdout,675,train,368.2
contiguous_block_holdout,676,train,368.51
contiguous_block_holdout,677,train,368.81
contiguous_block_holdout,678,train,369.13
contiguous_block_holdout,679,train,369.45
contiguous_block_holdout,680,train,369.76
contiguous_block_holdout,681,train,370.07
contiguous_block_holdout,682,train,370.39
contiguous_block_holdout,683,train,370.7
contiguous_block_holdout,684,train,371.01
contiguous_block_holdout,685,train,371.32
contiguous_block_holdout,686,train,371.63
contiguous_block_holdout,687,train,371.94
contiguous_block_holdout,688,train,372.26
contiguous_block_holdout,689,train,372.57
contiguous_block_holdout,690,train,372.88
contiguous_block_holdout,691,train,373.19
contiguous_block_holdout,692,train,373.5
contiguous_block_holdout,693,train,373.81
contiguous_block_holdout,694,train,374.12
contiguous_block_holdout,695,train,374.43
contiguous_block_holdout,696,train,374.74
contiguous_block_holdout,697,train,375.05
contiguous_block_holdout,698,train,375.37
contiguous_block_holdout,699,train,375.68
contiguous_block_holdout,700,train,375.99
contiguous_block_holdout,701,train,376.3
contiguous_block_holdout,702,train,376.61
contiguous_block_holdout,703,train,376.92
contiguous_block_holdout,704,train,377.23
contiguous_block_holdout,705,train,377.54
contiguous_block_holdout,706,train,377.85
contiguous_block_holdout,707,train,378.17
contiguous_block_holdout,708,train,378.48
contiguous_block_holdout,709,train,378.8
contiguous_block_holdout,710,train,379.11
contiguous_block_holdout,711,train,379.42
contiguous_block_holdout,712,train,379.73
contiguous_block_holdout,713,train,380.05
contiguous_block_holdout,714,train,380.36
contiguous_block_holdout,715,train,380.67
contiguous_block_holdout,716,train,380.98
contiguous_block_holdout,717,train,381.29
contiguous_block_holdout,718,train,381.6
contiguous_block_holdout,719,train,381.91
contiguous_block_holdout,720,train,382.22
contiguous_block_holdout,721,train,382.54
contiguous_block_holdout,722,train,382.85
contiguous_block_holdout,723,train,383.16
contiguous_block_holdout,724,train,383.47
contiguous_block_holdout,725,train,383.77
contiguous_block_holdout,726,train,384.08
contiguous_block_holdout,727,train,384.4
contiguous_block_holdout,728,train,384.71
contiguous_block_holdout,729,train,385.02
contiguous_block_holdout,730,train,385.33
contiguous_block_holdout,731,train,385.65
contiguous_block_holdout,732,train,385.96
contiguous_block_holdout,733,train,386.28
contiguous_block_holdout,734,train,386.6
contiguous_block_holdout,735,train,386.91
contiguous_block_holdout,736,train,387.22
contiguous_block_holdout,737,train,387.54
contiguous_block_holdout,738,train,387.85
contiguous_block_holdout,739,train,388.16
contiguous_block_holdout,740,train,388.48
contiguous_block_holdout,741,train,388.79
contiguous_block_holdout,742,train,389.1
contiguous_block_holdout,743,train,389.41
contiguous_block_holdout,744,train,389.73
contiguous_block_holdout,745,train,390.04
contiguous_block_holdout,746,train,390.36
contiguous_block_holdout,747,train,390.67
contiguous_block_holdout,748,train,390.98
contiguous_block_holdout,749,train,391.29
contiguous_block_holdout,750,train,391.6
contiguous_block_holdout,751,train,391.91
contiguous_block_holdout,752,train,392.22
contiguous_block_holdout,753,train,392.54
contiguous_block_holdout,754,train,392.85
contiguous_block_holdout,755,train,393.16
contiguous_block_holdout,756,train,393.47
contiguous_block_holdout,757,train,393.79
contiguous_block_holdout,758,train,394.11
contiguous_block_holdout,759,train,394.42
contiguous_block_holdout,760,train,394.73
contiguous_block_holdout,761,train,395.05
contiguous_block_holdout,762,train,395.36
contiguous_block_holdout,763,train,395.67
contiguous_block_holdout,764,train,395.98
contiguous_block_holdout,765,train,396.29
contiguous_block_holdout,766,train,396.6
contiguous_block_holdout,767,train,396.91
contiguous_block_holdout,768,train,397.23
contiguous_block_holdout,769,train,397.54
contiguous_block_holdout,770,train,397.85
contiguous_block_holdout,771,train,398.16
contiguous_block_holdout,772,train,398.47
contiguous_block_holdout,773,train,398.79
contiguous_block_holdout,774,train,399.11
contiguous_block_holdout,775,train,399.41
contiguous_block_holdout,776,train,399.73
contiguous_block_holdout,777,train,400.04
contiguous_block_holdout,778,train,400.35
contiguous_block_holdout,779,train,400.66
contiguous_block_holdout,780,train,400.98
contiguous_block_holdout,781,train,401.29
contiguous_block_holdout,782,train,401.6
contiguous_block_holdout,783,train,401.92
contiguous_block_holdout,784,train,402.23
contiguous_block_holdout,785,train,402.54
contiguous_block_holdout,786,train,402.85
contiguous_block_holdout,787,train,403.16
contiguous_block_holdout,788,train,403.47
contiguous_block_holdout,789,train,403.81
contiguous_block_holdout,790,train,404.12
contiguous_block_holdout,791,train,404.43
contiguous_block_holdout,792,train,404.76
contiguous_block_holdout,793,train,405.08
contiguous_block_holdout,794,train,405.39
contiguous_block_holdout,795,train,405.7
contiguous_block_holdout,796,train,406.02
contiguous_block_holdout,797,train,406.33
contiguous_block_holdout,798,train,406.65
contiguous_block_holdout,799,train,406.96
contiguous_block_holdout,800,train,407.27
contiguous_block_holdout,801,train,407.58
contiguous_block_holdout,802,train,407.89
contiguous_block_holdout,803,train,408.2
contiguous_block_holdout,804,train,408.51
contiguous_block_holdout,805,train,408.83
contiguous_block_holdout,806,train,409.14
contiguous_block_holdout,807,train,409.45
contiguous_block_holdout,808,train,409.8
contiguous_block_holdout,809,train,410.1
contiguous_block_holdout,810,train,410.41
contiguous_block_holdout,811,train,410.74
contiguous_block_holdout,812,train,411.05
contiguous_block_holdout,813,train,411.37
contiguous_block_holdout,814,train,411.68
contiguous_block_holdout,815,train,412.01
contiguous_block_holdout,816,train,412.32
contiguous_block_holdout,817,train,412.63
contiguous_block_holdout,818,train,412.94
contiguous_block_holdout,819,train,413.25
contiguous_block_holdout,820,train,413.56
contiguous_block_holdout,821,train,413.88
contiguous_block_holdout,822,train,414.19
contiguous_block_holdout,823,train,414.5
contiguous_block_holdout,824,train,414.83
contiguous_block_holdout,825,train,415.14
contiguous_block_holdout,826,train,415.45
contiguous_block_holdout,827,train,415.76
contiguous_block_holdout,828,train,416.09
contiguous_block_holdout,829,train,416.41
contiguous_block_holdout,830,train,416.71
contiguous_block_holdout,831,train,417.03
contiguous_block_holdout,832,train,417.34
contiguous_block_holdout,833,train,417.65
contiguous_block_holdout,834,train,417.96
contiguous_block_holdout,835,train,418.28
contiguous_block_holdout,836,train,418.6
contiguous_block_holdout,837,train,418.91
contiguous_block_holdout,838,train,418.91
contiguous_block_holdout,839,train,419.23
contiguous_block_holdout,840,train,419.56
contiguous_block_holdout,841,train,419.86
contiguous_block_holdout,842,train,420.17
contiguous_block_holdout,843,train,420.48
contiguous_block_holdout,844,train,420.8
contiguous_block_holdout,845,train,421.12
contiguous_block_holdout,846,train,421.43
contiguous_block_holdout,847,train,421.74
contiguous_block_holdout,848,train,422.06
contiguous_block_holdout,849,train,422.38
contiguous_block_holdout,850,train,422.69
contiguous_block_holdout,851,train,423.01
contiguous_block_holdout,852,train,423.32
contiguous_block_holdout,853,train,423.63
contiguous_block_holdout,854,train,423.93
contiguous_block_holdout,855,train,424.25
contiguous_block_holdout,856,train,424.56
contiguous_block_holdout,857,train,424.87
contiguous_block_holdout,858,train,425.19
contiguous_block_holdout,859,train,425.5
contiguous_block_holdout,860,train,425.82
contiguous_block_holdout,861,train,426.15
contiguous_block_holdout,862,train,426.47
contiguous_block_holdout,863,train,426.78
contiguous_block_holdout,864,train,427.09
contiguous_block_holdout,865,train,427.4
contiguous_block_holdout,866,train,427.71
contiguous_block_holdout,867,train,428.02
contiguous_block_holdout,868,train,428.33
contiguous_block_holdout,869,train,428.64
contiguous_block_holdout,870,train,428.95
contiguous_block_holdout,871,train,429.27
contiguous_block_holdout,872,train,429.58
contiguous_block_holdout,873,train,429.88
contiguous_block_holdout,874,train,430.2
contiguous_block_holdout,875,train,430.51
contiguous_block_holdout,876,train,430.82
contiguous_block_holdout,877,train,431.13
contiguous_block_holdout,878,train,431.44
contiguous_block_holdout,879,train,431.75
contiguous_block_holdout,880,train,432.06
contiguous_block_holdout,881,train,432.37
contiguous_block_holdout,882,train,432.68
contiguous_block_holdout,883,train,432.99
contiguous_block_holdout,884,train,433.29
contiguous_block_holdout,885,train,433.61
contiguous_block_holdout,886,train,433.92
contiguous_block_holdout,887,train,434.24
contiguous_block_holdout,888,train,434.55
contiguous_block_holdout,889,train,434.86
contiguous_block_holdout,890,train,435.17
contiguous_block_holdout,891,train,435.48
contiguous_block_holdout,892,train,435.79
contiguous_block_holdout,893,train,436.1
contiguous_block_holdout,894,train,436.42
contiguous_block_holdout,895,train,436.73
contiguous_block_holdout,896,train,437.04
contiguous_block_holdout,897,train,437.35
contiguous_block_holdout,898,train,437.66
contiguous_block_holdout,899,train,437.97
contiguous_block_holdout,900,train,438.29
contiguous_block_holdout,901,train,438.6
contiguous_block_holdout,902,train,438.91
contiguous_block_holdout,903,train,439.22
contiguous_block_holdout,904,train,439.53
contiguous_block_holdout,905,train,439.84
contiguous_block_holdout,906,train,440.15
contiguous_block_holdout,907,train,440.46
contiguous_block_holdout,908,train,440.77
contiguous_block_holdout,909,train,441.09
contiguous_block_holdout,910,train,441.39
contiguous_block_holdout,911,train,441.71
contiguous_block_holdout,912,train,442.02
contiguous_block_holdout,913,train,442.33
contiguous_block_holdout,914,train,442.64
contiguous_block_holdout,915,train,442.95
contiguous_block_holdout,916,train,443.26
contiguous_block_holdout,917,train,443.57
contiguous_block_holdout,918,train,443.88
contiguous_block_holdout,919,train,444.19
contiguous_block_holdout,920,train,444.5
contiguous_block_holdout,921,train,444.81
contiguous_block_holdout,922,train,445.12
contiguous_block_holdout,923,train,445.43
contiguous_block_holdout,924,train,445.74
contiguous_block_holdout,925,train,446.05
contiguous_block_holdout,926,train,446.36
contiguous_block_holdout,927,train,446.67
contiguous_block_holdout,928,train,446.98
contiguous_block_holdout,929,train,447.29
contiguous_block_holdout,930,train,447.6
contiguous_block_holdout,931,train,447.91
contiguous_block_holdout,932,train,448.22
contiguous_block_holdout,933,train,448.53
contiguous_block_holdout,934,train,448.84
contiguous_block_holdout,935,train,449.15
contiguous_block_holdout,936,train,449.46
contiguous_block_holdout,937,train,449.77
contiguous_block_holdout,938,train,450.08
contiguous_block_holdout,939,train,450.39
contiguous_block_holdout,940,train,450.7
contiguous_block_holdout,941,train,451.01
contiguous_block_holdout,942,train,451.32
contiguous_block_holdout,943,train,451.63
contiguous_block_holdout,944,train,451.94
contiguous_block_holdout,945,train,452.25
contiguous_block_holdout,946,train,452.57
contiguous_block_holdout,947,train,452.88
contiguous_block_holdout,948,train,453.19
contiguous_block_holdout,949,train,453.5
contiguous_block_holdout,950,train,453.81
contiguous_block_holdout,951,train,454.12
contiguous_block_holdout,952,train,454.43
contiguous_block_holdout,953,train,454.75
contiguous_block_holdout,954,train,455.06
contiguous_block_holdout,955,train,455.37
contiguous_block_holdout,956,train,455.69
contiguous_block_holdout,957,train,456.0
contiguous_block_holdout,958,train,456.32
contiguous_block_holdout,959,train,456.64
contiguous_block_holdout,960,train,456.95
contiguous_block_holdout,961,train,457.26
contiguous_block_holdout,962,train,457.57
contiguous_block_holdout,963,train,457.88
contiguous_block_holdout,964,train,458.19
contiguous_block_holdout,965,train,458.5
contiguous_block_holdout,966,train,458.81
contiguous_block_holdout,967,train,459.13
contiguous_block_holdout,968,train,459.44
contiguous_block_holdout,969,train,459.75
contiguous_block_holdout,970,train,460.06
contiguous_block_holdout,971,train,460.37
contiguous_block_holdout,972,train,460.68
contiguous_block_holdout,973,train,460.99
contiguous_block_holdout,974,train,461.3
contiguous_block_holdout,975,train,461.61
contiguous_block_holdout,976,train,461.61
contiguous_block_holdout,977,train,461.92
contiguous_block_holdout,978,train,462.23
contiguous_block_holdout,979,train,462.54
contiguous_block_holdout,980,train,462.86
contiguous_block_holdout,981,train,463.17
contiguous_block_holdout,982,train,463.48
contiguous_block_holdout,983,train,463.79
contiguous_block_holdout,984,train,464.1
contiguous_block_holdout,985,train,464.41
contiguous_block_holdout,986,train,464.72
contiguous_block_holdout,987,train,465.03
contiguous_block_holdout,988,train,465.34
contiguous_block_holdout,989,train,465.65
contiguous_block_holdout,990,train,465.96
contiguous_block_holdout,991,train,466.27
contiguous_block_holdout,992,train,466.58
contiguous_block_holdout,993,train,466.89
contiguous_block_holdout,994,train,467.21
contiguous_block_holdout,995,train,467.52
contiguous_block_holdout,996,train,467.84
contiguous_block_holdout,997,train,468.15
contiguous_block_holdout,998,train,468.45
contiguous_block_holdout,999,train,468.77
contiguous_block_holdout,1000,train,469.09
contiguous_block_holdout,1001,train,469.4
contiguous_block_holdout,1002,train,469.71
contiguous_block_holdout,1003,train,470.02
contiguous_block_holdout,1004,train,470.33
contiguous_block_holdout,1005,train,470.65
contiguous_block_holdout,1006,train,470.96
contiguous_block_holdout,1007,train,471.28
contiguous_block_holdout,1008,train,471.58
contiguous_block_holdout,1009,train,471.9
contiguous_block_holdout,1010,train,472.21
contiguous_block_holdout,1011,train,472.52
contiguous_block_holdout,1012,train,472.83
contiguous_block_holdout,1013,train,473.14
contiguous_block_holdout,1014,train,473.45
contiguous_block_holdout,1015,train,473.76
contiguous_block_holdout,1016,train,474.07
contiguous_block_holdout,1017,train,474.38
contiguous_block_holdout,1018,train,474.69
contiguous_block_holdout,1019,train,475.0
contiguous_block_holdout,1020,train,475.32
contiguous_block_holdout,1021,train,475.63
contiguous_block_holdout,1022,train,475.94
contiguous_block_holdout,1023,train,476.25
contiguous_block_holdout,1024,train,476.57
contiguous_block_holdout,1025,train,476.88
contiguous_block_holdout,1026,train,477.19
contiguous_block_holdout,1027,train,477.51
contiguous_block_holdout,1028,train,477.81
contiguous_block_holdout,1029,train,478.13
contiguous_block_holdout,1030,train,478.44
contiguous_block_holdout,1031,train,478.74
contiguous_block_holdout,1032,train,479.06
contiguous_block_holdout,1033,train,479.37
contiguous_block_holdout,1034,train,479.67
contiguous_block_holdout,1035,train,479.99
contiguous_block_holdout,1036,train,480.31
contiguous_block_holdout,1037,train,480.62
contiguous_block_holdout,1038,train,480.93
contiguous_block_holdout,1039,train,481.24
contiguous_block_holdout,1040,train,481.55
contiguous_block_holdout,1041,train,481.86
contiguous_block_holdout,1042,train,482.17
contiguous_block_holdout,1043,train,482.48
contiguous_block_holdout,1044,train,482.79
contiguous_block_holdout,1045,train,483.1
contiguous_block_holdout,1046,train,483.41
contiguous_block_holdout,1047,train,483.72
contiguous_block_holdout,1048,train,484.03
contiguous_block_holdout,1049,train,484.34
contiguous_block_holdout,1050,train,484.65
contiguous_block_holdout,1051,train,484.96
contiguous_block_holdout,1052,train,485.28
contiguous_block_holdout,1053,train,485.59
contiguous_block_holdout,1054,train,485.9
contiguous_block_holdout,1055,train,486.21
contiguous_block_holdout,1056,train,486.52
contiguous_block_holdout,1057,train,486.83
contiguous_block_holdout,1058,train,487.14
contiguous_block_holdout,1059,train,487.45
contiguous_block_holdout,1060,train,487.76
contiguous_block_holdout,1061,train,488.06
contiguous_block_holdout,1062,train,488.38
contiguous_block_holdout,1063,train,488.68
contiguous_block_holdout,1064,train,488.99
contiguous_block_holdout,1065,train,489.31
contiguous_block_holdout,1066,train,489.61
contiguous_block_holdout,1067,train,489.92
contiguous_block_holdout,1068,train,490.24
contiguous_block_holdout,1069,train,490.55
contiguous_block_holdout,1070,train,490.85
contiguous_block_holdout,1071,train,491.16
contiguous_block_holdout,1072,train,491.47
contiguous_block_holdout,1073,train,491.78
contiguous_block_holdout,1074,train,492.09
contiguous_block_holdout,1075,train,492.4
contiguous_block_holdout,1076,train,492.71
contiguous_block_holdout,1077,train,493.02
contiguous_block_holdout,1078,train,493.33
contiguous_block_holdout,1079,train,493.64
contiguous_block_holdout,1080,train,493.95
contiguous_block_holdout,1081,train,494.26
contiguous_block_holdout,1082,train,494.57
contiguous_block_holdout,1083,train,494.88
contiguous_block_holdout,1084,train,495.19
contiguous_block_holdout,1085,train,495.5
contiguous_block_holdout,1086,train,495.81
contiguous_block_holdout,1087,train,496.12
contiguous_block_holdout,1088,train,496.43
contiguous_block_holdout,1089,train,496.74
contiguous_block_holdout,1090,train,497.06
contiguous_block_holdout,1091,train,497.37
contiguous_block_holdout,1092,train,497.68
contiguous_block_holdout,1093,train,497.99
contiguous_block_holdout,1094,train,498.3
contiguous_block_holdout,1095,train,498.61
contiguous_block_holdout,1096,train,498.92
contiguous_block_holdout,1097,train,499.23
contiguous_block_holdout,1098,train,499.54
contiguous_block_holdout,1099,train,499.85
contiguous_block_holdout,1100,train,500.16
contiguous_block_holdout,1101,train,500.47
contiguous_block_holdout,1102,train,500.78
contiguous_block_holdout,1103,train,501.09
contiguous_block_holdout,1104,train,501.4
contiguous_block_holdout,1105,train,501.71
contiguous_block_holdout,1106,train,502.02
contiguous_block_holdout,1107,train,502.33
contiguous_block_holdout,1108,train,502.64
contiguous_block_holdout,1109,train,502.96
contiguous_block_holdout,1110,train,503.27
contiguous_block_holdout,1111,train,503.58
contiguous_block_holdout,1112,train,503.9
contiguous_block_holdout,1113,train,504.21
contiguous_block_holdout,1114,train,504.52
contiguous_block_holdout,1115,train,504.84
contiguous_block_holdout,1116,train,505.15
contiguous_block_holdout,1117,train,505.47
contiguous_block_holdout,1118,train,505.78
contiguous_block_holdout,1119,train,506.09
contiguous_block_holdout,1120,train,506.4
contiguous_block_holdout,1121,train,506.71
contiguous_block_holdout,1122,train,507.02
contiguous_block_holdout,1123,train,507.33
contiguous_block_holdout,1124,train,507.64
contiguous_block_holdout,1125,train,507.95
contiguous_block_holdout,1126,train,508.27
contiguous_block_holdout,1127,train,508.58
contiguous_block_holdout,1128,train,508.89
contiguous_block_holdout,1129,train,509.2
contiguous_block_holdout,1130,train,509.51
contiguous_block_holdout,1131,train,509.82
contiguous_block_holdout,1132,train,510.13
contiguous_block_holdout,1133,train,510.44
contiguous_block_holdout,1134,train,510.75
contiguous_block_holdout,1135,train,511.06
contiguous_block_holdout,1136,train,511.37
contiguous_block_holdout,1137,train,511.69
contiguous_block_holdout,1138,train,512.0
contiguous_block_holdout,1139,train,512.31
contiguous_block_holdout,1140,train,512.62
contiguous_block_holdout,1141,train,512.93
contiguous_block_holdout,1142,train,513.24
contiguous_block_holdout,1143,train,513.55
contiguous_block_holdout,1144,train,513.86
contiguous_block_holdout,1145,train,514.18
contiguous_block_holdout,1146,train,514.49
contiguous_block_holdout,1147,train,514.79
contiguous_block_holdout,1148,train,515.11
contiguous_block_holdout,1149,train,515.42
contiguous_block_holdout,1150,train,515.72
contiguous_block_holdout,1151,train,516.03
contiguous_block_holdout,1152,train,516.35
contiguous_block_holdout,1153,train,516.65
contiguous_block_holdout,1154,train,516.96
contiguous_block_holdout,1155,train,517.27
contiguous_block_holdout,1156,train,517.58
contiguous_block_holdout,1157,train,517.89
contiguous_block_holdout,1158,train,518.2
contiguous_block_holdout,1159,train,518.51
contiguous_block_holdout,1160,train,518.82
contiguous_block_holdout,1161,train,519.13
contiguous_block_holdout,1162,train,519.44
contiguous_block_holdout,1163,train,519.75
contiguous_block_holdout,1164,train,520.06
contiguous_block_holdout,1165,train,520.37
contiguous_block_holdout,1166,train,520.68
contiguous_block_holdout,1167,train,520.99
contiguous_block_holdout,1168,train,521.3
contiguous_block_holdout,1169,train,521.61
contiguous_block_holdout,1170,train,521.92
contiguous_block_holdout,1171,train,522.22
contiguous_block_holdout,1172,train,522.54
contiguous_block_holdout,1173,train,522.85
contiguous_block_holdout,1174,train,523.15
contiguous_block_holdout,1175,train,523.47
contiguous_block_holdout,1176,train,523.78
contiguous_block_holdout,1177,train,524.08
contiguous_block_holdout,1178,train,524.4
contiguous_block_holdout,1179,train,524.71
contiguous_block_holdout,1180,train,525.01
contiguous_block_holdout,1181,train,525.32
contiguous_block_holdout,1182,train,525.64
contiguous_block_holdout,1183,train,525.95
contiguous_block_holdout,1184,train,526.26
contiguous_block_holdout,1185,train,526.57
contiguous_block_holdout,1186,train,526.88
contiguous_block_holdout,1187,train,527.19
contiguous_block_holdout,1188,train,527.5
contiguous_block_holdout,1189,train,527.81
contiguous_block_holdout,1190,train,528.12
contiguous_block_holdout,1191,train,528.44
contiguous_block_holdout,1192,train,528.74
contiguous_block_holdout,1193,train,529.06
contiguous_block_holdout,1194,train,529.38
contiguous_block_holdout,1195,train,529.68
contiguous_block_holdout,1196,train,529.99
contiguous_block_holdout,1197,train,530.3
contiguous_block_holdout,1198,train,530.61
contiguous_block_holdout,1199,train,530.92
contiguous_block_holdout,1200,train,531.23
contiguous_block_holdout,1201,train,531.54
contiguous_block_holdout,1202,train,531.85
contiguous_block_holdout,1203,train,532.17
contiguous_block_holdout,1204,train,532.48
contiguous_block_holdout,1205,train,532.79
contiguous_block_holdout,1206,train,533.11
contiguous_block_holdout,1207,train,533.41
contiguous_block_holdout,1208,train,533.72
contiguous_block_holdout,1209,train,534.04
contiguous_block_holdout,1210,train,534.34
contiguous_block_holdout,1211,train,534.65
contiguous_block_holdout,1212,train,534.96
contiguous_block_holdout,1213,train,535.27
contiguous_block_holdout,1214,train,535.58
contiguous_block_holdout,1215,train,535.89
contiguous_block_holdout,1216,train,536.2
contiguous_block_holdout,1217,train,536.51
contiguous_block_holdout,1218,train,536.82
contiguous_block_holdout,1219,train,537.14
contiguous_block_holdout,1220,train,537.45
contiguous_block_holdout,1221,train,537.76
contiguous_block_holdout,1222,train,538.07
contiguous_block_holdout,1223,train,538.38
contiguous_block_holdout,1224,train,538.69
contiguous_block_holdout,1225,train,539.0
contiguous_block_holdout,1226,train,539.31
contiguous_block_holdout,1227,train,539.62
contiguous_block_holdout,1228,train,539.93
contiguous_block_holdout,1229,train,540.24
contiguous_block_holdout,1230,train,540.56
contiguous_block_holdout,1231,train,540.87
contiguous_block_holdout,1232,train,541.18
contiguous_block_holdout,1233,train,541.49
contiguous_block_holdout,1234,train,541.8
contiguous_block_holdout,1235,train,542.12
contiguous_block_holdout,1236,train,542.43
contiguous_block_holdout,1237,train,542.74
contiguous_block_holdout,1238,train,543.05
contiguous_block_holdout,1239,train,543.36
contiguous_block_holdout,1240,train,543.67
contiguous_block_holdout,1241,train,543.98
contiguous_block_holdout,1242,train,544.29
contiguous_block_holdout,1243,train,544.6
contiguous_block_holdout,1244,train,544.91
contiguous_block_holdout,1245,train,545.22
contiguous_block_holdout,1246,train,545.53
contiguous_block_holdout,1247,train,545.84
contiguous_block_holdout,1248,train,546.15
contiguous_block_holdout,1249,train,546.46
contiguous_block_holdout,1250,train,546.77
contiguous_block_holdout,1251,train,547.08
contiguous_block_holdout,1252,train,547.38
contiguous_block_holdout,1253,train,547.7
contiguous_block_holdout,1254,train,548.0
contiguous_block_holdout,1255,train,548.31
contiguous_block_holdout,1256,train,548.62
contiguous_block_holdout,1257,train,548.93
contiguous_block_holdout,1258,train,549.24
contiguous_block_holdout,1259,train,549.56
contiguous_block_holdout,1260,train,549.87
contiguous_block_holdout,1261,train,550.18
contiguous_block_holdout,1262,train,550.49
contiguous_block_holdout,1263,train,550.8
contiguous_block_holdout,1264,train,551.11
contiguous_block_holdout,1265,train,551.42
contiguous_block_holdout,1266,train,551.73
contiguous_block_holdout,1267,train,552.04
contiguous_block_holdout,1268,train,552.35
contiguous_block_holdout,1269,train,552.65
contiguous_block_holdout,1270,train,552.97
contiguous_block_holdout,1271,train,553.28
contiguous_block_holdout,1272,train,553.59
contiguous_block_holdout,1273,train,553.9
contiguous_block_holdout,1274,train,554.22
contiguous_block_holdout,1275,train,554.53
contiguous_block_holdout,1276,train,554.84
contiguous_block_holdout,1277,train,555.15
contiguous_block_holdout,1278,train,555.46
contiguous_block_holdout,1279,train,555.78
contiguous_block_holdout,1280,train,556.09
contiguous_block_holdout,1281,train,556.4
contiguous_block_holdout,1282,train,556.72
contiguous_block_holdout,1283,train,557.03
contiguous_block_holdout,1284,train,557.34
contiguous_block_holdout,1285,train,557.65
contiguous_block_holdout,1286,train,557.96
contiguous_block_holdout,1287,train,558.27
contiguous_block_holdout,1288,train,558.58
contiguous_block_holdout,1289,train,558.89
contiguous_block_holdout,1290,train,559.21
contiguous_block_holdout,1291,train,559.52
contiguous_block_holdout,1292,train,559.84
contiguous_block_holdout,1293,train,560.14
contiguous_block_holdout,1294,train,560.46
contiguous_block_holdout,1295,train,560.77
contiguous_block_holdout,1296,train,561.08
contiguous_block_holdout,1297,train,561.39
contiguous_block_holdout,1298,train,561.7
contiguous_block_holdout,1299,train,562.01
contiguous_block_holdout,1300,train,562.32
contiguous_block_holdout,1301,train,562.63
contiguous_block_holdout,1302,train,562.94
contiguous_block_holdout,1303,train,563.26
contiguous_block_holdout,1304,train,563.57
contiguous_block_holdout,1305,train,563.89
contiguous_block_holdout,1306,train,564.2
contiguous_block_holdout,1307,train,564.51
contiguous_block_holdout,1308,train,564.83
contiguous_block_holdout,1309,train,565.14
contiguous_block_holdout,1310,train,565.46
contiguous_block_holdout,1311,train,565.76
contiguous_block_holdout,1312,train,566.07
contiguous_block_holdout,1313,train,566.39
contiguous_block_holdout,1314,train,566.71
contiguous_block_holdout,1315,train,567.02
contiguous_block_holdout,1316,train,567.35
contiguous_block_holdout,1317,train,568.01
contiguous_block_holdout,1318,train,568.32
contiguous_block_holdout,1319,train,568.63
contiguous_block_holdout,1320,train,568.94
contiguous_block_holdout,1321,train,569.25
contiguous_block_holdout,1322,train,569.56
contiguous_block_holdout,1323,train,569.87
contiguous_block_holdout,1324,train,570.18
contiguous_block_holdout,1325,train,570.49
contiguous_block_holdout,1326,train,570.8
contiguous_block_holdout,1327,train,571.11
contiguous_block_holdout,1328,train,571.42
contiguous_block_holdout,1329,train,571.73
contiguous_block_holdout,1330,train,572.04
contiguous_block_holdout,1331,train,572.35
contiguous_block_holdout,1332,train,572.66
contiguous_block_holdout,1333,train,572.97
contiguous_block_holdout,1334,train,573.29
contiguous_block_holdout,1335,train,573.59
contiguous_block_holdout,1336,train,573.9
contiguous_block_holdout,1337,train,574.22
contiguous_block_holdout,1338,train,574.53
contiguous_block_holdout,1339,train,574.84
contiguous_block_holdout,1340,train,575.15
contiguous_block_holdout,1341,train,575.46
contiguous_block_holdout,1342,train,575.78
contiguous_block_holdout,1343,train,576.09
contiguous_block_holdout,1344,train,576.39
contiguous_block_holdout,1345,train,576.71
contiguous_block_holdout,1346,train,577.02
contiguous_block_holdout,1347,train,577.32
contiguous_block_holdout,1348,train,577.63
contiguous_block_holdout,1349,train,577.94
contiguous_block_holdout,1350,train,578.26
contiguous_block_holdout,1351,train,578.57
contiguous_block_holdout,1352,train,578.88
contiguous_block_holdout,1353,train,579.19
contiguous_block_holdout,1354,train,579.5
contiguous_block_holdout,1355,train,579.81
contiguous_block_holdout,1356,train,580.12
contiguous_block_holdout,1357,train,580.43
contiguous_block_holdout,1358,train,580.75
contiguous_block_holdout,1359,train,581.06
contiguous_block_holdout,1360,train,581.38
contiguous_block_holdout,1361,train,581.69
contiguous_block_holdout,1362,train,582.0
contiguous_block_holdout,1363,train,582.0
contiguous_block_holdout,1364,train,582.32
contiguous_block_holdout,1365,train,582.63
contiguous_block_holdout,1366,train,582.94
contiguous_block_holdout,1367,train,583.25
contiguous_block_holdout,1368,train,583.56
contiguous_block_holdout,1369,train,583.88
contiguous_block_holdout,1370,train,584.19
contiguous_block_holdout,1371,train,584.5
contiguous_block_holdout,1372,train,584.81
contiguous_block_holdout,1373,train,585.12
contiguous_block_holdout,1374,train,585.43
contiguous_block_holdout,1375,train,585.74
contiguous_block_holdout,1376,train,586.05
contiguous_block_holdout,1377,train,586.35
contiguous_block_holdout,1378,train,586.67
contiguous_block_holdout,1379,train,586.98
contiguous_block_holdout,1380,train,587.29
contiguous_block_holdout,1381,train,587.6
contiguous_block_holdout,1382,train,587.91
contiguous_block_holdout,1383,train,588.22
contiguous_block_holdout,1384,train,588.53
contiguous_block_holdout,1385,train,589.15
contiguous_block_holdout,1386,train,589.46
contiguous_block_holdout,1387,train,589.77
contiguous_block_holdout,1388,train,590.09
contiguous_block_holdout,1389,train,590.4
contiguous_block_holdout,1390,train,590.72
contiguous_block_holdout,1391,train,591.03
contiguous_block_holdout,1392,train,591.34
contiguous_block_holdout,1393,train,591.65
contiguous_block_holdout,1394,train,591.96
contiguous_block_holdout,1395,train,592.28
contiguous_block_holdout,1396,train,592.59
contiguous_block_holdout,1397,train,592.9
contiguous_block_holdout,1398,train,593.22
contiguous_block_holdout,1399,train,593.53
contiguous_block_holdout,1400,train,593.83
contiguous_block_holdout,1401,train,594.15
contiguous_block_holdout,1402,train,594.46
contiguous_block_holdout,1403,train,594.77
contiguous_block_holdout,1404,train,595.08
contiguous_block_holdout,1405,train,595.39
contiguous_block_holdout,1406,train,595.7
contiguous_block_holdout,1407,train,596.02
contiguous_block_holdout,1408,train,596.33
contiguous_block_holdout,1409,train,596.64
contiguous_block_holdout,1410,train,596.95
contiguous_block_holdout,1411,train,597.27
contiguous_block_holdout,1412,train,597.58
contiguous_block_holdout,1413,train,597.89
contiguous_block_holdout,1414,train,598.2
contiguous_block_holdout,1415,train,598.52
contiguous_block_holdout,1416,train,598.84
contiguous_block_holdout,1417,train,599.15
contiguous_block_holdout,1418,train,599.46
contiguous_block_holdout,1419,train,599.77
contiguous_block_holdout,1420,train,600.08
contiguous_block_holdout,1421,train,600.39
contiguous_block_holdout,1422,train,600.7
contiguous_block_holdout,1423,train,601.01
contiguous_block_holdout,1424,train,601.32
contiguous_block_holdout,1425,train,601.63
contiguous_block_holdout,1426,train,601.94
contiguous_block_holdout,1427,train,602.25
contiguous_block_holdout,1428,train,602.57
contiguous_block_holdout,1429,train,602.89
contiguous_block_holdout,1430,train,603.2
contiguous_block_holdout,1431,train,603.51
contiguous_block_holdout,1432,train,604.14
contiguous_block_holdout,1433,train,604.45
contiguous_block_holdout,1434,train,604.79
contiguous_block_holdout,1435,train,605.1
contiguous_block_holdout,1436,train,605.41
contiguous_block_holdout,1437,train,605.73
contiguous_block_holdout,1438,train,606.04
contiguous_block_holdout,1439,train,606.36
contiguous_block_holdout,1440,train,606.67
contiguous_block_holdout,1441,train,607.0
contiguous_block_holdout,1442,train,607.31
contiguous_block_holdout,1443,train,607.62
contiguous_block_holdout,1444,train,607.92
contiguous_block_holdout,1445,train,608.24
contiguous_block_holdout,1446,train,608.54
contiguous_block_holdout,1447,train,608.85
contiguous_block_holdout,1448,train,609.16
contiguous_block_holdout,1449,train,609.16
contiguous_block_holdout,1450,train,609.48
contiguous_block_holdout,1451,train,609.79
contiguous_block_holdout,1452,train,610.1
contiguous_block_holdout,1453,train,610.41
contiguous_block_holdout,1454,train,610.73
contiguous_block_holdout,1455,train,611.03
contiguous_block_holdout,1456,train,611.34
contiguous_block_holdout,1457,train,611.65
contiguous_block_holdout,1458,train,611.96
contiguous_block_holdout,1459,train,612.27
contiguous_block_holdout,1460,train,612.58
contiguous_block_holdout,1461,train,612.89
contiguous_block_holdout,1462,train,613.2
contiguous_block_holdout,1463,train,613.51
contiguous_block_holdout,1464,train,613.82
contiguous_block_holdout,1465,train,614.13
contiguous_block_holdout,1466,train,614.44
contiguous_block_holdout,1467,train,614.75
contiguous_block_holdout,1468,train,615.06
contiguous_block_holdout,1469,train,615.37
contiguous_block_holdout,1470,train,615.68
contiguous_block_holdout,1471,train,615.99
contiguous_block_holdout,1472,train,616.3
contiguous_block_holdout,1473,train,616.61
contiguous_block_holdout,1474,train,616.92
contiguous_block_holdout,1475,train,617.23
contiguous_block_holdout,1476,train,617.54
contiguous_block_holdout,1477,train,617.85
contiguous_block_holdout,1478,train,618.16
contiguous_block_holdout,1479,train,618.47
contiguous_block_holdout,1480,train,618.79
contiguous_block_holdout,1481,train,619.1
contiguous_block_holdout,1482,train,619.41
contiguous_block_holdout,1483,train,619.72
contiguous_block_holdout,1484,train,620.03
contiguous_block_holdout,1485,train,620.34
contiguous_block_holdout,1486,train,620.65
contiguous_block_holdout,1487,train,620.96
contiguous_block_holdout,1488,train,621.26
contiguous_block_holdout,1489,train,621.58
contiguous_block_holdout,1490,train,621.88
contiguous_block_holdout,1491,train,622.2
contiguous_block_holdout,1492,train,622.51
contiguous_block_holdout,1493,train,622.82
contiguous_block_holdout,1494,train,623.13
contiguous_block_holdout,1495,train,623.44
contiguous_block_holdout,1496,train,623.75
contiguous_block_holdout,1497,train,624.07
contiguous_block_holdout,1498,train,624.38
contiguous_block_holdout,1499,train,624.69
contiguous_block_holdout,1500,train,625.01
contiguous_block_holdout,1501,train,625.32
contiguous_block_holdout,1502,train,625.64
contiguous_block_holdout,1503,train,625.95
contiguous_block_holdout,1504,train,626.26
contiguous_block_holdout,1505,train,626.56
contiguous_block_holdout,1506,train,626.87
contiguous_block_holdout,1507,train,627.18
contiguous_block_holdout,1508,train,627.49
contiguous_block_holdout,1509,train,627.79
contiguous_block_holdout,1510,train,628.1
contiguous_block_holdout,1511,train,628.4
contiguous_block_holdout,1512,train,628.7
contiguous_block_holdout,1513,train,629.01
contiguous_block_holdout,1514,train,629.31
contiguous_block_holdout,1515,train,629.63
contiguous_block_holdout,1516,train,629.93
contiguous_block_holdout,1517,train,630.24
contiguous_block_holdout,1518,train,630.55
contiguous_block_holdout,1519,train,630.86
contiguous_block_holdout,1520,train,631.17
contiguous_block_holdout,1521,train,631.47
contiguous_block_holdout,1522,train,631.78
contiguous_block_holdout,1523,train,632.4
contiguous_block_holdout,1524,train,632.7
contiguous_block_holdout,1525,train,633.01
contiguous_block_holdout,1526,train,633.32
contiguous_block_holdout,1527,train,633.63
contiguous_block_holdout,1528,train,633.93
contiguous_block_holdout,1529,train,634.25
contiguous_block_holdout,1530,train,634.56
contiguous_block_holdout,1531,train,634.87
contiguous_block_holdout,1532,train,635.18
contiguous_block_holdout,1533,train,635.49
contiguous_block_holdout,1534,train,635.79
contiguous_block_holdout,1535,train,636.1
contiguous_block_holdout,1536,train,636.42
contiguous_block_holdout,1537,train,636.72
contiguous_block_holdout,1538,train,637.03
contiguous_block_holdout,1539,train,637.33
contiguous_block_holdout,1540,train,637.63
contiguous_block_holdout,1541,train,637.94
contiguous_block_holdout,1542,train,638.25
contiguous_block_holdout,1543,train,638.56
contiguous_block_holdout,1544,train,638.87
contiguous_block_holdout,1545,train,639.18
contiguous_block_holdout,1546,train,639.49
contiguous_block_holdout,1547,train,639.79
contiguous_block_holdout,1548,train,640.1
contiguous_block_holdout,1549,train,640.4
contiguous_block_holdout,1550,train,640.71
contiguous_block_holdout,1551,train,641.02
contiguous_block_holdout,1552,train,641.33
contiguous_block_holdout,1553,train,641.64
contiguous_block_holdout,1554,train,641.95
contiguous_block_holdout,1555,train,642.26
contiguous_block_holdout,1556,train,642.58
contiguous_block_holdout,1557,train,642.89
contiguous_block_holdout,1558,train,643.2
contiguous_block_holdout,1559,train,643.51
contiguous_block_holdout,1560,train,643.82
contiguous_block_holdout,1561,train,644.13
contiguous_block_holdout,1562,train,644.43
contiguous_block_holdout,1563,train,644.74
contiguous_block_holdout,1564,train,645.04
contiguous_block_holdout,1565,train,645.36
contiguous_block_holdout,1566,train,645.67
contiguous_block_holdout,1567,train,645.98
contiguous_block_holdout,1568,train,646.28
contiguous_block_holdout,1569,train,646.59
contiguous_block_holdout,1570,train,646.92
contiguous_block_holdout,1571,train,647.24
contiguous_block_holdout,1572,train,647.56
contiguous_block_holdout,1573,train,647.88
contiguous_block_holdout,1574,train,648.2
contiguous_block_holdout,1575,train,648.52
contiguous_block_holdout,1576,train,648.84
contiguous_block_holdout,1577,train,649.14
contiguous_block_holdout,1578,train,649.45
contiguous_block_holdout,1579,train,649.76
contiguous_block_holdout,1580,train,650.07
contiguous_block_holdout,1581,train,650.37
contiguous_block_holdout,1582,train,650.68
contiguous_block_holdout,1583,train,650.98
contiguous_block_holdout,1584,train,651.29
contiguous_block_holdout,1585,train,651.6
contiguous_block_holdout,1586,train,651.93
contiguous_block_holdout,1587,train,652.24
contiguous_block_holdout,1588,train,652.55
contiguous_block_holdout,1589,train,652.86
contiguous_block_holdout,1590,train,653.16
contiguous_block_holdout,1591,train,653.47
contiguous_block_holdout,1592,train,653.77
contiguous_block_holdout,1593,train,654.08
contiguous_block_holdout,1594,train,654.38
contiguous_block_holdout,1595,train,654.69
contiguous_block_holdout,1596,train,655.0
contiguous_block_holdout,1597,train,655.3
contiguous_block_holdout,1598,train,655.61
contiguous_block_holdout,1599,train,655.92
contiguous_block_holdout,1600,train,656.23
contiguous_block_holdout,1601,train,656.53
contiguous_block_holdout,1602,train,656.84
contiguous_block_holdout,1603,train,657.14
contiguous_block_holdout,1604,train,657.45
contiguous_block_holdout,1605,train,657.75
contiguous_block_holdout,1606,train,658.06
contiguous_block_holdout,1607,train,658.37
contiguous_block_holdout,1608,train,658.69
contiguous_block_holdout,1609,train,659.01
contiguous_block_holdout,1610,train,659.32
contiguous_block_holdout,1611,train,659.62
contiguous_block_holdout,1612,train,659.93
contiguous_block_holdout,1613,train,660.24
contiguous_block_holdout,1614,train,660.55
contiguous_block_holdout,1615,train,660.86
contiguous_block_holdout,1616,train,661.17
contiguous_block_holdout,1617,train,661.49
contiguous_block_holdout,1618,train,661.8
contiguous_block_holdout,1619,train,662.11
contiguous_block_holdout,1620,train,662.41
contiguous_block_holdout,1621,train,662.72
contiguous_block_holdout,1622,train,663.03
contiguous_block_holdout,1623,train,663.34
contiguous_block_holdout,1624,train,663.65
contiguous_block_holdout,1625,train,663.96
contiguous_block_holdout,1626,train,664.26
contiguous_block_holdout,1627,train,664.57
contiguous_block_holdout,1628,train,664.9
contiguous_block_holdout,1629,train,665.22
contiguous_block_holdout,1630,train,665.53
contiguous_block_holdout,1631,train,666.59
contiguous_block_holdout,1632,train,666.89
contiguous_block_holdout,1633,train,667.22
contiguous_block_holdout,1634,train,667.53
contiguous_block_holdout,1635,train,667.84
contiguous_block_holdout,1636,train,668.15
contiguous_block_holdout,1637,train,668.45
contiguous_block_holdout,1638,train,668.76
contiguous_block_holdout,1639,train,669.07
contiguous_block_holdout,1640,train,669.38
contiguous_block_holdout,1641,train,669.69
contiguous_block_holdout,1642,train,669.99
contiguous_block_holdout,1643,train,670.31
contiguous_block_holdout,1644,train,670.61
contiguous_block_holdout,1645,train,670.92
contiguous_block_holdout,1646,train,671.22
contiguous_block_holdout,1647,train,671.53
contiguous_block_holdout,1648,train,671.84
contiguous_block_holdout,1649,train,672.15
contiguous_block_holdout,1650,train,672.45
contiguous_block_holdout,1651,train,672.76
contiguous_block_holdout,1652,train,673.06
contiguous_block_holdout,1653,train,673.36
contiguous_block_holdout,1654,train,673.67
contiguous_block_holdout,1655,train,673.98
contiguous_block_holdout,1656,train,674.28
contiguous_block_holdout,1657,train,674.59
contiguous_block_holdout,1658,train,674.89
contiguous_block_holdout,1659,train,675.2
contiguous_block_holdout,1660,train,675.51
contiguous_block_holdout,1661,train,675.81
contiguous_block_holdout,1662,train,676.12
contiguous_block_holdout,1663,train,676.43
contiguous_block_holdout,1664,train,676.74
contiguous_block_holdout,1665,train,677.04
contiguous_block_holdout,1666,train,677.35
contiguous_block_holdout,1667,train,677.65
contiguous_block_holdout,1668,train,677.96
contiguous_block_holdout,1669,train,678.27
contiguous_block_holdout,1670,train,678.58
contiguous_block_holdout,1671,train,678.89
contiguous_block_holdout,1672,train,679.2
contiguous_block_holdout,1673,train,679.5
contiguous_block_holdout,1674,train,679.81
contiguous_block_holdout,1675,train,680.11
contiguous_block_holdout,1676,train,680.42
contiguous_block_holdout,1677,train,680.73
contiguous_block_holdout,1678,train,681.04
contiguous_block_holdout,1679,train,681.34
contiguous_block_holdout,1680,train,681.65
contiguous_block_holdout,1681,train,681.95
contiguous_block_holdout,1682,train,682.26
contiguous_block_holdout,1683,train,682.57
contiguous_block_holdout,1684,train,682.87
contiguous_block_holdout,1685,train,683.18
contiguous_block_holdout,1686,train,683.48
contiguous_block_holdout,1687,train,683.79
contiguous_block_holdout,1688,train,684.09
contiguous_block_holdout,1689,train,684.4
contiguous_block_holdout,1690,train,684.7
contiguous_block_holdout,1691,train,685.0
contiguous_block_holdout,1692,train,685.31
contiguous_block_holdout,1693,train,685.63
contiguous_block_holdout,1694,train,685.94
contiguous_block_holdout,1695,train,686.25
contiguous_block_holdout,1696,train,686.56
contiguous_block_holdout,1697,train,686.86
contiguous_block_holdout,1698,train,687.17
contiguous_block_holdout,1699,train,687.47
contiguous_block_holdout,1700,train,687.78
contiguous_block_holdout,1701,train,688.1
contiguous_block_holdout,1702,train,688.4
contiguous_block_holdout,1703,train,688.7
contiguous_block_holdout,1704,train,689.02
contiguous_block_holdout,1705,train,689.32
contiguous_block_holdout,1706,train,689.63
contiguous_block_holdout,1707,train,689.94
contiguous_block_holdout,1708,train,690.24
contiguous_block_holdout,1709,train,690.55
contiguous_block_holdout,1710,train,690.85
contiguous_block_holdout,1711,train,691.16
contiguous_block_holdout,1712,train,691.48
contiguous_block_holdout,1713,train,691.79
contiguous_block_holdout,1714,train,692.09
contiguous_block_holdout,1715,train,692.4
contiguous_block_holdout,1716,train,692.71
contiguous_block_holdout,1717,train,693.01
contiguous_block_holdout,1718,train,693.32
contiguous_block_holdout,1719,train,693.63
contiguous_block_holdout,1720,train,693.93
contiguous_block_holdout,1721,train,694.24
contiguous_block_holdout,1722,train,694.54
contiguous_block_holdout,1723,train,694.85
contiguous_block_holdout,1724,train,695.15
contiguous_block_holdout,1725,train,695.46
contiguous_block_holdout,1726,train,695.77
contiguous_block_holdout,1727,train,696.07
contiguous_block_holdout,1728,train,696.38
contiguous_block_holdout,1729,train,696.69
contiguous_block_holdout,1730,train,697.0
contiguous_block_holdout,1731,train,697.31
contiguous_block_holdout,1732,train,697.62
contiguous_block_holdout,1733,train,697.92
contiguous_block_holdout,1734,train,698.23
contiguous_block_holdout,1735,train,698.53
contiguous_block_holdout,1736,train,698.84
contiguous_block_holdout,1737,train,699.16
contiguous_block_holdout,1738,train,699.47
contiguous_block_holdout,1739,train,699.78
contiguous_block_holdout,1740,train,700.09
contiguous_block_holdout,1741,train,700.4
contiguous_block_holdout,1742,train,700.71
contiguous_block_holdout,1743,train,701.02
contiguous_block_holdout,1744,train,701.32
contiguous_block_holdout,1745,train,701.63
contiguous_block_holdout,1746,train,701.94
contiguous_block_holdout,1747,train,702.26
contiguous_block_holdout,1748,train,702.56
contiguous_block_holdout,1749,train,702.86
contiguous_block_holdout,1750,train,703.17
contiguous_block_holdout,1751,train,703.47
contiguous_block_holdout,1752,train,703.78
contiguous_block_holdout,1753,train,704.09
contiguous_block_holdout,1754,train,704.4
contiguous_block_holdout,1755,train,704.7
contiguous_block_holdout,1756,train,705.01
contiguous_block_holdout,1757,train,705.32
contiguous_block_holdout,1758,train,705.63
contiguous_block_holdout,1759,train,705.94
contiguous_block_holdout,1760,train,706.25
contiguous_block_holdout,1761,train,706.55
contiguous_block_holdout,1762,train,706.86
contiguous_block_holdout,1763,train,707.17
contiguous_block_holdout,1764,train,707.47
contiguous_block_holdout,1765,train,707.78
contiguous_block_holdout,1766,train,708.09
contiguous_block_holdout,1767,train,708.39
contiguous_block_holdout,1768,train,708.71
contiguous_block_holdout,1769,train,709.02
contiguous_block_holdout,1770,train,709.33
contiguous_block_holdout,1771,train,709.64
contiguous_block_holdout,1772,train,709.95
contiguous_block_holdout,1773,train,710.28
contiguous_block_holdout,1774,train,710.59
contiguous_block_holdout,1775,train,710.9
contiguous_block_holdout,1776,train,711.21
contiguous_block_holdout,1777,train,711.52
contiguous_block_holdout,1778,train,711.83
contiguous_block_holdout,1779,train,712.13
contiguous_block_holdout,1780,train,712.44
contiguous_block_holdout,1781,train,712.75
contiguous_block_holdout,1782,train,713.06
contiguous_block_holdout,1783,train,713.36
contiguous_block_holdout,1784,train,713.68
contiguous_block_holdout,1785,train,713.98
contiguous_block_holdout,1786,train,714.29
contiguous_block_holdout,1787,train,714.59
contiguous_block_holdout,1788,train,714.9
contiguous_block_holdout,1789,train,715.21
contiguous_block_holdout,1790,train,715.51
contiguous_block_holdout,1791,train,715.82
contiguous_block_holdout,1792,train,716.12
contiguous_block_holdout,1793,train,716.42
contiguous_block_holdout,1794,train,716.73
contiguous_block_holdout,1795,train,717.03
contiguous_block_holdout,1796,train,717.35
contiguous_block_holdout,1797,train,717.65
contiguous_block_holdout,1798,train,717.96
contiguous_block_holdout,1799,train,718.26
contiguous_block_holdout,1800,train,718.58
contiguous_block_holdout,1801,train,718.89
contiguous_block_holdout,1802,train,719.19
contiguous_block_holdout,1803,train,719.5
contiguous_block_holdout,1804,train,719.81
contiguous_block_holdout,1805,train,720.12
contiguous_block_holdout,1806,train,720.43
contiguous_block_holdout,1807,train,720.73
contiguous_block_holdout,1808,train,721.05
contiguous_block_holdout,1809,train,721.36
contiguous_block_holdout,1810,train,721.67
contiguous_block_holdout,1811,train,721.97
contiguous_block_holdout,1812,train,722.28
contiguous_block_holdout,1813,train,722.59
contiguous_block_holdout,1814,train,722.89
contiguous_block_holdout,1815,train,723.2
contiguous_block_holdout,1816,train,723.5
contiguous_block_holdout,1817,train,723.82
contiguous_block_holdout,1818,train,724.14
contiguous_block_holdout,1819,train,724.44
contiguous_block_holdout,1820,train,724.75
contiguous_block_holdout,1821,train,725.06
contiguous_block_holdout,1822,train,725.36
contiguous_block_holdout,1823,train,725.67
contiguous_block_holdout,1824,train,725.97
contiguous_block_holdout,1825,train,726.28
contiguous_block_holdout,1826,train,726.58
contiguous_block_holdout,1827,train,726.89
contiguous_block_holdout,1828,train,727.19
contiguous_block_holdout,1829,train,727.5
contiguous_block_holdout,1830,train,727.81
contiguous_block_holdout,1831,train,728.12
contiguous_block_holdout,1832,train,728.43
contiguous_block_holdout,1833,train,728.75
contiguous_block_holdout,1834,train,729.06
contiguous_block_holdout,1835,train,729.38
contiguous_block_holdout,1836,train,729.69
contiguous_block_holdout,1837,train,729.99
contiguous_block_holdout,1838,train,730.3
contiguous_block_holdout,1839,train,730.6
contiguous_block_holdout,1840,train,730.91
contiguous_block_holdout,1841,train,731.22
contiguous_block_holdout,1842,train,731.52
contiguous_block_holdout,1843,train,731.83
contiguous_block_holdout,1844,train,732.13
contiguous_block_holdout,1845,train,732.44
contiguous_block_holdout,1846,train,732.75
contiguous_block_holdout,1847,train,733.06
contiguous_block_holdout,1848,train,733.37
contiguous_block_holdout,1849,train,733.68
contiguous_block_holdout,1850,train,733.98
contiguous_block_holdout,1851,train,734.29
contiguous_block_holdout,1852,train,734.61
contiguous_block_holdout,1853,train,734.93
contiguous_block_holdout,1854,train,735.24
contiguous_block_holdout,1855,train,735.54
contiguous_block_holdout,1856,train,735.85
contiguous_block_holdout,1857,train,736.16
contiguous_block_holdout,1858,train,736.47
contiguous_block_holdout,1859,train,736.79
contiguous_block_holdout,1860,train,737.11
contiguous_block_holdout,1861,train,737.42
contiguous_block_holdout,1862,train,737.72
contiguous_block_holdout,1863,train,738.03
contiguous_block_holdout,1864,train,738.34
contiguous_block_holdout,1865,train,738.65
contiguous_block_holdout,1866,train,738.95
contiguous_block_holdout,1867,train,739.26
contiguous_block_holdout,1868,train,739.57
contiguous_block_holdout,1869,train,739.87
contiguous_block_holdout,1870,train,740.18
contiguous_block_holdout,1871,train,740.48
contiguous_block_holdout,1872,train,740.79
contiguous_block_holdout,1873,train,741.09
contiguous_block_holdout,1874,train,741.4
contiguous_block_holdout,1875,train,741.7
contiguous_block_holdout,1876,train,742.01
contiguous_block_holdout,1877,train,742.32
contiguous_block_holdout,1878,train,742.63
contiguous_block_holdout,1879,train,742.94
contiguous_block_holdout,1880,train,743.25
contiguous_block_holdout,1881,train,743.56
contiguous_block_holdout,1882,train,743.87
contiguous_block_holdout,1883,train,744.18
contiguous_block_holdout,1884,train,744.49
contiguous_block_holdout,1885,train,744.8
contiguous_block_holdout,1886,train,745.1
contiguous_block_holdout,1887,train,745.41
contiguous_block_holdout,1888,train,745.71
contiguous_block_holdout,1889,train,746.02
contiguous_block_holdout,1890,train,746.32
contiguous_block_holdout,1891,train,746.63
contiguous_block_holdout,1892,train,746.93
contiguous_block_holdout,1893,train,747.24
contiguous_block_holdout,1894,train,747.55
contiguous_block_holdout,1895,train,747.86
contiguous_block_holdout,1896,train,748.17
contiguous_block_holdout,1897,train,748.48
contiguous_block_holdout,1898,train,748.79
contiguous_block_holdout,1899,train,749.1
contiguous_block_holdout,1900,train,749.41
contiguous_block_holdout,1901,train,749.72
contiguous_block_holdout,1902,train,750.02
contiguous_block_holdout,1903,train,750.33
contiguous_block_holdout,1904,train,750.63
contiguous_block_holdout,1905,train,750.94
contiguous_block_holdout,1906,train,751.25
contiguous_block_holdout,1907,train,751.56
contiguous_block_holdout,1908,train,751.87
contiguous_block_holdout,1909,train,752.18
contiguous_block_holdout,1910,train,752.48
contiguous_block_holdout,1911,train,752.79
contiguous_block_holdout,1912,train,753.1
contiguous_block_holdout,1913,train,753.4
contiguous_block_holdout,1914,train,753.71
contiguous_block_holdout,1915,train,754.02
contiguous_block_holdout,1916,train,754.33
contiguous_block_holdout,1917,train,754.63
contiguous_block_holdout,1918,train,754.94
contiguous_block_holdout,1919,train,755.24
contiguous_block_holdout,1920,train,755.55
contiguous_block_holdout,1921,train,755.86
contiguous_block_holdout,1922,train,756.17
contiguous_block_holdout,1923,train,756.48
contiguous_block_holdout,1924,train,756.79
contiguous_block_holdout,1925,train,757.1
contiguous_block_holdout,1926,train,757.41
contiguous_block_holdout,1927,train,757.71
contiguous_block_holdout,1928,train,758.02
contiguous_block_holdout,1929,train,758.59
contiguous_block_holdout,1930,train,758.91
contiguous_block_holdout,1931,train,758.91
contiguous_block_holdout,1932,train,759.23
contiguous_block_holdout,1933,train,759.54
contiguous_block_holdout,1934,train,760.15
contiguous_block_holdout,1935,train,760.46
contiguous_block_holdout,1936,train,760.74
contiguous_block_holdout,1937,train,761.05
contiguous_block_holdout,1938,train,761.37
contiguous_block_holdout,1939,train,761.68
contiguous_block_holdout,1940,train,761.99
contiguous_block_holdout,1941,train,762.29
contiguous_block_holdout,1942,train,762.6
contiguous_block_holdout,1943,train,762.9
contiguous_block_holdout,1944,train,763.22
contiguous_block_holdout,1945,train,763.53
contiguous_block_holdout,1946,train,763.84
contiguous_block_holdout,1947,train,764.14
contiguous_block_holdout,1948,train,764.45
contiguous_block_holdout,1949,train,764.76
contiguous_block_holdout,1950,train,765.07
contiguous_block_holdout,1951,train,765.38
contiguous_block_holdout,1952,train,765.68
contiguous_block_holdout,1953,train,765.99
contiguous_block_holdout,1954,train,766.29
contiguous_block_holdout,1955,train,766.6
contiguous_block_holdout,1956,train,766.91
contiguous_block_holdout,1957,train,767.21
contiguous_block_holdout,1958,train,767.75
contiguous_block_holdout,1959,train,768.06
contiguous_block_holdout,1960,train,768.37
contiguous_block_holdout,1961,train,768.68
contiguous_block_holdout,1962,train,768.99
contiguous_block_holdout,1963,train,769.29
contiguous_block_holdout,1964,train,769.59
contiguous_block_holdout,1965,train,769.91
contiguous_block_holdout,1966,train,770.22
contiguous_block_holdout,1967,train,770.53
contiguous_block_holdout,1968,train,770.84
contiguous_block_holdout,1969,train,771.15
contiguous_block_holdout,1970,train,771.46
contiguous_block_holdout,1971,train,771.77
contiguous_block_holdout,1972,train,772.08
contiguous_block_holdout,1973,train,772.39
contiguous_block_holdout,1974,train,772.7
contiguous_block_holdout,1975,train,773.01
contiguous_block_holdout,1976,train,773.32
contiguous_block_holdout,1977,train,773.63
contiguous_block_holdout,1978,train,773.94
contiguous_block_holdout,1979,train,774.25
contiguous_block_holdout,1980,train,774.56
contiguous_block_holdout,1981,train,774.87
contiguous_block_holdout,1982,train,775.18
contiguous_block_holdout,1983,train,775.49
contiguous_block_holdout,1984,train,775.79
contiguous_block_holdout,1985,train,776.1
contiguous_block_holdout,1986,train,776.41
contiguous_block_holdout,1987,train,776.73
contiguous_block_holdout,1988,train,777.03
contiguous_block_holdout,1989,train,777.58
contiguous_block_holdout,1990,train,778.2
contiguous_block_holdout,1991,train,778.82
contiguous_block_holdout,1992,train,779.43
contiguous_block_holdout,1993,train,780.04
contiguous_block_holdout,1994,train,780.66
contiguous_block_holdout,1995,train,781.27
contiguous_block_holdout,1996,train,782.19
contiguous_block_holdout,1997,train,783.11
contiguous_block_holdout,1998,train,783.72
contiguous_block_holdout,1999,train,784.33
contiguous_block_holdout,2000,train,784.94
contiguous_block_holdout,2001,train,785.71
contiguous_block_holdout,2002,train,786.02
contiguous_block_holdout,2003,train,786.32
contiguous_block_holdout,2004,train,786.64
contiguous_block_holdout,2005,train,786.95
contiguous_block_holdout,2006,train,787.26
contiguous_block_holdout,2007,train,787.26
contiguous_block_holdout,2008,train,787.57
contiguous_block_holdout,2009,train,787.88
contiguous_block_holdout,2010,train,788.19
contiguous_block_holdout,2011,train,789.36
contiguous_block_holdout,2012,train,789.68
contiguous_block_holdout,2013,train,789.98
contiguous_block_holdout,2014,train,790.3
contiguous_block_holdout,2015,train,790.61
contiguous_block_holdout,2016,train,790.91
contiguous_block_holdout,2017,train,791.23
contiguous_block_holdout,2018,train,791.53
contiguous_block_holdout,2019,train,791.84
contiguous_block_holdout,2020,train,792.15
contiguous_block_holdout,2021,train,792.46
contiguous_block_holdout,2022,train,792.76
contiguous_block_holdout,2023,train,793.07
contiguous_block_holdout,2024,train,793.38
contiguous_block_holdout,2025,train,793.69
contiguous_block_holdout,2026,train,793.99
contiguous_block_holdout,2027,train,794.3
contiguous_block_holdout,2028,train,794.6
contiguous_block_holdout,2029,train,794.91
contiguous_block_holdout,2030,train,795.21
contiguous_block_holdout,2031,train,795.52
contiguous_block_holdout,2032,train,795.82
contiguous_block_holdout,2033,train,796.13
contiguous_block_holdout,2034,train,796.44
contiguous_block_holdout,2035,train,796.75
contiguous_block_holdout,2036,train,797.06
contiguous_block_holdout,2037,train,797.37
contiguous_block_holdout,2038,train,797.67
contiguous_block_holdout,2039,train,797.98
contiguous_block_holdout,2040,train,798.28
contiguous_block_holdout,2041,train,798.59
contiguous_block_holdout,2042,train,798.9
contiguous_block_holdout,2043,train,799.21
contiguous_block_holdout,2044,train,799.52
contiguous_block_holdout,2045,train,799.83
contiguous_block_holdout,2046,train,800.13
contiguous_block_holdout,2047,train,800.44
contiguous_block_holdout,2048,train,800.75
contiguous_block_holdout,2049,train,801.05
contiguous_block_holdout,2050,train,801.36
contiguous_block_holdout,2051,train,801.67
contiguous_block_holdout,2052,train,801.98
contiguous_block_holdout,2053,train,802.3
contiguous_block_holdout,2054,train,802.61
contiguous_block_holdout,2055,train,802.92
contiguous_block_holdout,2056,train,803.23
contiguous_block_holdout,2057,train,803.54
contiguous_block_holdout,2058,train,803.84
contiguous_block_holdout,2059,train,804.15
contiguous_block_holdout,2060,train,804.45
contiguous_block_holdout,2061,train,804.76
contiguous_block_holdout,2062,train,805.06
contiguous_block_holdout,2063,train,805.37
contiguous_block_holdout,2064,train,805.67
contiguous_block_holdout,2065,train,805.98
contiguous_block_holdout,2066,train,806.29
contiguous_block_holdout,2067,train,806.59
contiguous_block_holdout,2068,train,806.9
contiguous_block_holdout,2069,train,807.21
contiguous_block_holdout,2070,train,807.52
contiguous_block_holdout,2071,train,807.83
contiguous_block_holdout,2072,train,808.14
contiguous_block_holdout,2073,train,808.44
contiguous_block_holdout,2074,train,808.75
contiguous_block_holdout,2075,train,809.05
contiguous_block_holdout,2076,train,809.36
contiguous_block_holdout,2077,train,809.66
contiguous_block_holdout,2078,train,809.97
contiguous_block_holdout,2079,train,810.27
contiguous_block_holdout,2080,train,810.58
contiguous_block_holdout,2081,train,810.88
contiguous_block_holdout,2082,train,811.19
contiguous_block_holdout,2083,train,811.49
contiguous_block_holdout,2084,train,811.8
contiguous_block_holdout,2085,train,812.11
contiguous_block_holdout,2086,train,812.42
contiguous_block_holdout,2087,train,812.73
contiguous_block_holdout,2088,train,813.04
contiguous_block_holdout,2089,train,813.34
contiguous_block_holdout,2090,train,813.65
contiguous_block_holdout,2091,train,813.96
contiguous_block_holdout,2092,train,814.26
contiguous_block_holdout,2093,train,814.57
contiguous_block_holdout,2094,train,814.88
contiguous_block_holdout,2095,train,815.18
contiguous_block_holdout,2096,train,815.49
contiguous_block_holdout,2097,train,815.79
contiguous_block_holdout,2098,train,816.1
contiguous_block_holdout,2099,train,816.41
contiguous_block_holdout,2100,train,816.71
contiguous_block_holdout,2101,train,817.02
contiguous_block_holdout,2102,train,817.33
contiguous_block_holdout,2103,train,817.64
contiguous_block_holdout,2104,train,817.94
contiguous_block_holdout,2105,train,818.25
contiguous_block_holdout,2106,train,818.56
contiguous_block_holdout,2107,train,818.87
contiguous_block_holdout,2108,train,819.17
contiguous_block_holdout,2109,train,819.48
contiguous_block_holdout,2110,train,819.79
contiguous_block_holdout,2111,train,820.09
contiguous_block_holdout,2112,train,820.4
contiguous_block_holdout,2113,train,820.71
contiguous_block_holdout,2114,train,821.01
contiguous_block_holdout,2115,train,821.32
contiguous_block_holdout,2116,train,821.62
contiguous_block_holdout,2117,train,821.93
contiguous_block_holdout,2118,train,822.24
contiguous_block_holdout,2119,train,822.55
contiguous_block_holdout,2120,train,822.85
contiguous_block_holdout,2121,train,823.16
contiguous_block_holdout,2122,train,823.46
contiguous_block_holdout,2123,train,823.77
contiguous_block_holdout,2124,train,824.08
contiguous_block_holdout,2125,train,824.39
contiguous_block_holdout,2126,train,824.69
contiguous_block_holdout,2127,train,825.0
contiguous_block_holdout,2128,train,825.3
contiguous_block_holdout,2129,train,825.61
contiguous_block_holdout,2130,train,825.92
contiguous_block_holdout,2131,train,826.22
contiguous_block_holdout,2132,train,826.53
contiguous_block_holdout,2133,train,826.84
contiguous_block_holdout,2134,train,827.15
contiguous_block_holdout,2135,train,827.46
contiguous_block_holdout,2136,train,827.76
contiguous_block_holdout,2137,train,828.06
contiguous_block_holdout,2138,train,828.38
contiguous_block_holdout,2139,train,828.69
contiguous_block_holdout,2140,train,829.0
contiguous_block_holdout,2141,train,829.31
contiguous_block_holdout,2142,train,829.61
contiguous_block_holdout,2143,train,829.92
contiguous_block_holdout,2144,train,830.22
contiguous_block_holdout,2145,train,830.55
contiguous_block_holdout,2146,train,830.86
contiguous_block_holdout,2147,train,831.17
contiguous_block_holdout,2148,train,831.48
contiguous_block_holdout,2149,train,831.79
contiguous_block_holdout,2150,train,832.1
contiguous_block_holdout,2151,train,832.41
contiguous_block_holdout,2152,train,832.72
contiguous_block_holdout,2153,train,833.02
contiguous_block_holdout,2154,train,833.33
contiguous_block_holdout,2155,train,833.65
contiguous_block_holdout,2156,train,833.95
contiguous_block_holdout,2157,train,834.25
contiguous_block_holdout,2158,train,834.56
contiguous_block_holdout,2159,train,834.87
contiguous_block_holdout,2160,train,835.18
contiguous_block_holdout,2161,train,835.48
contiguous_block_holdout,2162,train,835.78
contiguous_block_holdout,2163,train,836.1
contiguous_block_holdout,2164,train,836.4
contiguous_block_holdout,2165,train,836.71
contiguous_block_holdout,2166,train,837.02
contiguous_block_holdout,2167,train,837.32
contiguous_block_holdout,2168,train,837.63
contiguous_block_holdout,2169,train,837.94
contiguous_block_holdout,2170,train,838.25
contiguous_block_holdout,2171,train,838.56
contiguous_block_holdout,2172,train,838.86
contiguous_block_holdout,2173,train,839.17
contiguous_block_holdout,2174,train,839.47
contiguous_block_holdout,2175,train,839.78
contiguous_block_holdout,2176,train,840.09
contiguous_block_holdout,2177,train,840.41
contiguous_block_holdout,2178,train,840.71
contiguous_block_holdout,2179,train,841.01
contiguous_block_holdout,2180,train,841.32
contiguous_block_holdout,2181,train,841.63
contiguous_block_holdout,2182,train,841.94
contiguous_block_holdout,2183,train,842.24
contiguous_block_holdout,2184,train,842.55
contiguous_block_holdout,2185,train,842.85
contiguous_block_holdout,2186,train,843.16
contiguous_block_holdout,2187,train,843.47
contiguous_block_holdout,2188,train,843.77
contiguous_block_holdout,2189,train,844.08
contiguous_block_holdout,2190,train,844.38
contiguous_block_holdout,2191,train,844.69
contiguous_block_holdout,2192,train,845.0
contiguous_block_holdout,2193,train,845.3
contiguous_block_holdout,2194,train,845.61
contiguous_block_holdout,2195,train,845.92
contiguous_block_holdout,2196,train,846.23
contiguous_block_holdout,2197,train,846.53
contiguous_block_holdout,2198,train,846.85
contiguous_block_holdout,2199,train,847.16
contiguous_block_holdout,2200,train,847.47
contiguous_block_holdout,2201,train,847.78
contiguous_block_holdout,2202,train,848.08
contiguous_block_holdout,2203,train,848.39
contiguous_block_holdout,2204,train,848.7
contiguous_block_holdout,2205,train,849.02
contiguous_block_holdout,2206,train,849.33
contiguous_block_holdout,2207,train,849.63
contiguous_block_holdout,2208,train,849.94
contiguous_block_holdout,2209,train,850.25
contiguous_block_holdout,2210,train,850.56
contiguous_block_holdout,2211,train,850.87
contiguous_block_holdout,2212,train,851.18
contiguous_block_holdout,2213,train,851.49
contiguous_block_holdout,2214,train,851.79
contiguous_block_holdout,2215,train,852.1
contiguous_block_holdout,2216,train,852.41
contiguous_block_holdout,2217,train,852.72
contiguous_block_holdout,2218,train,853.02
contiguous_block_holdout,2219,train,853.33
contiguous_block_holdout,2220,train,853.64
contiguous_block_holdout,2221,train,853.94
contiguous_block_holdout,2222,train,854.25
contiguous_block_holdout,2223,train,854.56
contiguous_block_holdout,2224,train,854.87
contiguous_block_holdout,2225,train,855.17
contiguous_block_holdout,2226,train,855.48
contiguous_block_holdout,2227,train,855.8
contiguous_block_holdout,2228,train,856.11
contiguous_block_holdout,2229,train,856.42
contiguous_block_holdout,2230,train,856.73
contiguous_block_holdout,2231,train,857.04
contiguous_block_holdout,2232,train,857.35
contiguous_block_holdout,2233,train,857.66
contiguous_block_holdout,2234,train,857.97
contiguous_block_holdout,2235,train,858.28
contiguous_block_holdout,2236,train,858.58
contiguous_block_holdout,2237,train,858.89
contiguous_block_holdout,2238,train,859.2
contiguous_block_holdout,2239,train,859.51
contiguous_block_holdout,2240,train,859.82
contiguous_block_holdout,2241,train,860.13
contiguous_block_holdout,2242,train,860.44
contiguous_block_holdout,2243,train,860.74
contiguous_block_holdout,2244,train,861.05
contiguous_block_holdout,2245,train,861.35
contiguous_block_holdout,2246,train,861.66
contiguous_block_holdout,2247,train,861.98
contiguous_block_holdout,2248,train,862.28
contiguous_block_holdout,2249,train,862.6
contiguous_block_holdout,2250,train,862.91
contiguous_block_holdout,2251,train,863.22
contiguous_block_holdout,2252,train,863.53
contiguous_block_holdout,2253,train,863.83
contiguous_block_holdout,2254,train,864.15
contiguous_block_holdout,2255,train,864.45
contiguous_block_holdout,2256,train,864.76
contiguous_block_holdout,2257,train,865.07
contiguous_block_holdout,2258,train,865.38
contiguous_block_holdout,2259,train,865.69
contiguous_block_holdout,2260,train,866.0
contiguous_block_holdout,2261,train,866.32
contiguous_block_holdout,2262,train,866.63
contiguous_block_holdout,2263,train,866.95
contiguous_block_holdout,2264,train,867.25
contiguous_block_holdout,2265,train,867.57
contiguous_block_holdout,2266,train,867.88
contiguous_block_holdout,2267,train,868.19
contiguous_block_holdout,2268,train,868.5
contiguous_block_holdout,2269,train,868.81
contiguous_block_holdout,2270,train,869.12
contiguous_block_holdout,2271,train,869.43
contiguous_block_holdout,2272,train,869.74
contiguous_block_holdout,2273,train,870.05
contiguous_block_holdout,2274,train,870.37
contiguous_block_holdout,2275,train,870.68
contiguous_block_holdout,2276,train,871.0
contiguous_block_holdout,2277,train,871.31
contiguous_block_holdout,2278,train,871.63
contiguous_block_holdout,2279,train,871.94
contiguous_block_holdout,2280,train,872.26
contiguous_block_holdout,2281,train,872.57
contiguous_block_holdout,2282,train,872.88
contiguous_block_holdout,2283,train,873.2
contiguous_block_holdout,2284,train,873.54
contiguous_block_holdout,2285,train,873.86
contiguous_block_holdout,2286,train,874.19
contiguous_block_holdout,2287,train,874.53
contiguous_block_holdout,2288,train,874.87
contiguous_block_holdout,2289,train,875.18
contiguous_block_holdout,2290,train,875.18
contiguous_block_holdout,2291,train,875.48
contiguous_block_holdout,2292,train,875.79
contiguous_block_holdout,2293,train,876.1
contiguous_block_holdout,2294,train,876.41
contiguous_block_holdout,2295,train,876.72
contiguous_block_holdout,2296,train,877.02
contiguous_block_holdout,2297,train,877.33
contiguous_block_holdout,2298,train,877.64
contiguous_block_holdout,2299,train,877.96
contiguous_block_holdout,2300,train,878.28
contiguous_block_holdout,2301,train,878.62
contiguous_block_holdout,2302,train,878.94
contiguous_block_holdout,2303,train,879.25
contiguous_block_holdout,2304,train,879.56
contiguous_block_holdout,2305,train,879.88
contiguous_block_holdout,2306,train,879.88
contiguous_block_holdout,2307,train,880.2
contiguous_block_holdout,2308,train,880.51
contiguous_block_holdout,2309,train,880.82
contiguous_block_holdout,2310,train,881.15
contiguous_block_holdout,2311,train,881.46
contiguous_block_holdout,2312,train,881.78
contiguous_block_holdout,2313,train,882.12
contiguous_block_holdout,2314,train,882.46
contiguous_block_holdout,2315,train,882.77
contiguous_block_holdout,2316,train,883.08
contiguous_block_holdout,2317,train,883.41
contiguous_block_holdout,2318,train,883.72
contiguous_block_holdout,2319,train,884.04
contiguous_block_holdout,2320,train,884.35
contiguous_block_holdout,2321,train,884.65
contiguous_block_holdout,2322,train,884.96
contiguous_block_holdout,2323,train,885.27
contiguous_block_holdout,2324,train,885.57
contiguous_block_holdout,2325,train,885.89
contiguous_block_holdout,2326,train,886.2
contiguous_block_holdout,2327,train,886.51
contiguous_block_holdout,2328,train,886.83
contiguous_block_holdout,2329,train,887.14
contiguous_block_holdout,2330,train,887.45
contiguous_block_holdout,2331,train,887.76
contiguous_block_holdout,2332,train,888.06
contiguous_block_holdout,2333,train,888.38
contiguous_block_holdout,2334,train,888.7
contiguous_block_holdout,2335,train,889.01
contiguous_block_holdout,2336,train,889.33
contiguous_block_holdout,2337,train,889.63
contiguous_block_holdout,2338,train,889.98
contiguous_block_holdout,2339,train,890.31
contiguous_block_holdout,2340,train,890.65
contiguous_block_holdout,2341,train,890.96
contiguous_block_holdout,2342,train,891.27
contiguous_block_holdout,2343,train,891.6
contiguous_block_holdout,2344,train,891.91
contiguous_block_holdout,2345,train,892.22
contiguous_block_holdout,2346,train,892.53
contiguous_block_holdout,2347,train,893.63
contiguous_block_holdout,2348,train,893.95
contiguous_block_holdout,2349,train,894.26
contiguous_block_holdout,2350,train,894.59
contiguous_block_holdout,2351,train,894.93
contiguous_block_holdout,2352,train,895.23
contiguous_block_holdout,2353,train,895.58
contiguous_block_holdout,2354,train,895.91
contiguous_block_holdout,2355,train,896.25
contiguous_block_holdout,2356,train,896.57
contiguous_block_holdout,2357,train,896.89
contiguous_block_holdout,2358,train,897.21
contiguous_block_holdout,2359,train,897.56
contiguous_block_holdout,2360,train,903.72
contiguous_block_holdout,2361,train,904.03
contiguous_block_holdout,2362,train,904.36
contiguous_block_holdout,2363,train,904.68
contiguous_block_holdout,2364,train,904.99
contiguous_block_holdout,2365,train,905.32
contiguous_block_holdout,2366,train,905.64
contiguous_block_holdout,2367,train,905.95
contiguous_block_holdout,2368,train,906.26
contiguous_block_holdout,2369,train,906.57
contiguous_block_holdout,2370,train,906.89
contiguous_block_holdout,2371,train,907.22
contiguous_block_holdout,2372,train,907.53
contiguous_block_holdout,2373,train,907.85
contiguous_block_holdout,2374,train,908.17
contiguous_block_holdout,2375,train,908.48
contiguous_block_holdout,2376,train,908.79
contiguous_block_holdout,2377,train,909.11
contiguous_block_holdout,2378,train,909.43
contiguous_block_holdout,2379,train,909.75
contiguous_block_holdout,2380,train,910.07
contiguous_block_holdout,2381,train,910.39
contiguous_block_holdout,2382,train,910.71
contiguous_block_holdout,2383,train,911.02
contiguous_block_holdout,2384,train,911.33
contiguous_block_holdout,2385,train,911.65
contiguous_block_holdout,2386,train,911.96
contiguous_block_holdout,2387,train,912.27
contiguous_block_holdout,2388,train,912.58
contiguous_block_holdout,2389,train,912.91
contiguous_block_holdout,2390,train,913.23
contiguous_block_holdout,2391,train,913.54
contiguous_block_holdout,2392,train,913.89
contiguous_block_holdout,2393,train,914.24
contiguous_block_holdout,2394,train,914.58
contiguous_block_holdout,2395,train,914.9
contiguous_block_holdout,2396,train,915.21
contiguous_block_holdout,2397,train,915.55
contiguous_block_holdout,2398,train,915.86
contiguous_block_holdout,2399,train,916.17
contiguous_block_holdout,2400,train,916.49
contiguous_block_holdout,2401,train,916.86
contiguous_block_holdout,2402,train,917.18
contiguous_block_holdout,2403,train,917.49
contiguous_block_holdout,2404,train,917.82
contiguous_block_holdout,2405,train,918.15
contiguous_block_holdout,2406,train,918.48
contiguous_block_holdout,2407,train,918.81
contiguous_block_holdout,2408,train,919.13
contiguous_block_holdout,2409,train,919.45
contiguous_block_holdout,2410,train,919.77
contiguous_block_holdout,2411,train,920.09
contiguous_block_holdout,2412,train,920.41
contiguous_block_holdout,2413,train,920.72
contiguous_block_holdout,2414,train,921.02
contiguous_block_holdout,2415,train,921.38
contiguous_block_holdout,2416,train,921.7
contiguous_block_holdout,2417,train,922.04
contiguous_block_holdout,2418,train,922.35
contiguous_block_holdout,2419,train,922.68
contiguous_block_holdout,2420,train,922.98
contiguous_block_holdout,2421,train,923.29
contiguous_block_holdout,2422,train,923.61
contiguous_block_holdout,2423,train,923.94
contiguous_block_holdout,2424,train,924.26
contiguous_block_holdout,2425,train,924.62
contiguous_block_holdout,2426,train,924.95
contiguous_block_holdout,2427,train,925.26
contiguous_block_holdout,2428,train,925.63
contiguous_block_holdout,2429,train,925.93
contiguous_block_holdout,2430,train,926.25
contiguous_block_holdout,2431,train,926.57
contiguous_block_holdout,2432,train,926.91
contiguous_block_holdout,2433,train,927.22
contiguous_block_holdout,2434,train,927.56
contiguous_block_holdout,2435,train,927.88
contiguous_block_holdout,2436,train,928.21
contiguous_block_holdout,2437,train,928.52
contiguous_block_holdout,2438,train,928.89
contiguous_block_holdout,2439,train,929.24
contiguous_block_holdout,2440,train,929.6
contiguous_block_holdout,2441,train,929.93
contiguous_block_holdout,2442,train,930.25
contiguous_block_holdout,2443,train,930.56
contiguous_block_holdout,2444,train,930.88
contiguous_block_holdout,2445,train,931.2
contiguous_block_holdout,2446,train,931.51
contiguous_block_holdout,2447,train,931.82
contiguous_block_holdout,2448,train,932.13
contiguous_block_holdout,2449,train,932.46
contiguous_block_holdout,2450,train,932.75
contiguous_block_holdout,2451,train,933.07
contiguous_block_holdout,2452,train,933.38
contiguous_block_holdout,2453,train,933.69
contiguous_block_holdout,2454,train,934.0
contiguous_block_holdout,2455,train,934.32
contiguous_block_holdout,2456,train,934.65
contiguous_block_holdout,2457,train,934.96
contiguous_block_holdout,2458,train,935.28
contiguous_block_holdout,2459,train,935.6
contiguous_block_holdout,2460,train,935.91
contiguous_block_holdout,2461,train,936.22
contiguous_block_holdout,2462,train,936.54
contiguous_block_holdout,2463,train,936.86
contiguous_block_holdout,2464,train,937.18
contiguous_block_holdout,2465,train,937.5
contiguous_block_holdout,2466,train,937.82
contiguous_block_holdout,2467,train,938.14
contiguous_block_holdout,2468,train,938.45
contiguous_block_holdout,2469,train,938.76
contiguous_block_holdout,2470,train,939.08
contiguous_block_holdout,2471,train,939.39
contiguous_block_holdout,2472,train,939.7
contiguous_block_holdout,2473,train,940.01
contiguous_block_holdout,2474,train,940.34
contiguous_block_holdout,2475,train,940.66
contiguous_block_holdout,2476,train,940.98
contiguous_block_holdout,2477,train,941.32
contiguous_block_holdout,2478,train,941.67
contiguous_block_holdout,2479,train,942.01
contiguous_block_holdout,2480,train,942.33
contiguous_block_holdout,2481,train,942.64
contiguous_block_holdout,2482,train,942.98
contiguous_block_holdout,2483,train,943.29
contiguous_block_holdout,2484,train,943.6
contiguous_block_holdout,2485,train,943.62
contiguous_block_holdout,2486,train,943.99
contiguous_block_holdout,2487,train,944.31
contiguous_block_holdout,2488,train,944.62
contiguous_block_holdout,2489,train,944.95
contiguous_block_holdout,2490,train,945.27
contiguous_block_holdout,2491,train,945.6
contiguous_block_holdout,2492,train,945.93
contiguous_block_holdout,2493,train,946.25
contiguous_block_holdout,2494,train,946.58
contiguous_block_holdout,2495,train,946.89
contiguous_block_holdout,2496,train,947.21
contiguous_block_holdout,2497,train,947.53
contiguous_block_holdout,2498,train,947.84
contiguous_block_holdout,2499,train,948.15
contiguous_block_holdout,2500,train,948.2
contiguous_block_holdout,2501,train,948.52
contiguous_block_holdout,2502,train,948.86
contiguous_block_holdout,2503,train,949.17
contiguous_block_holdout,2504,train,949.5
contiguous_block_holdout,2505,train,949.8
contiguous_block_holdout,2506,train,950.12
contiguous_block_holdout,2507,train,950.43
contiguous_block_holdout,2508,train,950.77
contiguous_block_holdout,2509,train,951.08
contiguous_block_holdout,2510,train,951.44
contiguous_block_holdout,2511,train,951.77
contiguous_block_holdout,2512,train,952.08
contiguous_block_holdout,2513,train,952.45
contiguous_block_holdout,2514,train,952.76
contiguous_block_holdout,2515,train,952.77
contiguous_block_holdout,2516,train,953.09
contiguous_block_holdout,2517,train,953.42
contiguous_block_holdout,2518,train,953.74
contiguous_block_holdout,2519,train,954.08
contiguous_block_holdout,2520,train,954.4
contiguous_block_holdout,2521,train,954.73
contiguous_block_holdout,2522,train,955.04
contiguous_block_holdout,2523,train,955.43
contiguous_block_holdout,2524,train,955.74
contiguous_block_holdout,2525,train,956.1
contiguous_block_holdout,2526,train,956.41
contiguous_block_holdout,2527,train,956.73
contiguous_block_holdout,2528,train,957.05
contiguous_block_holdout,2529,train,957.38
contiguous_block_holdout,2530,train,957.7
contiguous_block_holdout,2531,train,958.04
contiguous_block_holdout,2532,train,958.36
contiguous_block_holdout,2533,train,958.69
contiguous_block_holdout,2534,train,959.0
contiguous_block_holdout,2535,train,959.37
contiguous_block_holdout,2536,train,959.72
contiguous_block_holdout,2537,train,960.08
contiguous_block_holdout,2538,train,960.41
contiguous_block_holdout,2539,train,960.73
contiguous_block_holdout,2540,train,961.04
contiguous_block_holdout,2541,train,961.78
contiguous_block_holdout,2542,train,962.1
contiguous_block_holdout,2543,train,962.4
contiguous_block_holdout,2544,train,962.72
contiguous_block_holdout,2545,train,963.03
contiguous_block_holdout,2546,train,963.34
contiguous_block_holdout,2547,train,963.65
contiguous_block_holdout,2548,train,963.97
contiguous_block_holdout,2549,train,964.28
contiguous_block_holdout,2550,train,964.58
contiguous_block_holdout,2551,train,964.89
contiguous_block_holdout,2552,train,965.2
contiguous_block_holdout,2553,train,965.51
contiguous_block_holdout,2554,train,965.82
contiguous_block_holdout,2555,train,966.13
contiguous_block_holdout,2556,train,966.44
contiguous_block_holdout,2557,train,966.74
contiguous_block_holdout,2558,train,967.05
contiguous_block_holdout,2559,train,967.36
contiguous_block_holdout,2560,train,967.67
contiguous_block_holdout,2561,train,967.99
contiguous_block_holdout,2562,train,971.8
contiguous_block_holdout,2563,train,972.15
contiguous_block_holdout,2564,train,972.49
contiguous_block_holdout,2565,train,972.81
contiguous_block_holdout,2566,train,973.11
contiguous_block_holdout,2567,train,973.18
contiguous_block_holdout,2568,train,973.48
contiguous_block_holdout,2569,train,973.79
contiguous_block_holdout,2570,train,974.1
contiguous_block_holdout,2571,train,974.41
contiguous_block_holdout,2572,train,974.71
contiguous_block_holdout,2573,train,975.02
contiguous_block_holdout,2574,train,975.32
contiguous_block_holdout,2575,train,975.63
contiguous_block_holdout,2576,train,975.93
contiguous_block_holdout,2577,train,976.24
contiguous_block_holdout,2578,train,976.54
contiguous_block_holdout,2579,train,976.85
contiguous_block_holdout,2580,train,977.15
contiguous_block_holdout,2581,train,977.46
contiguous_block_holdout,2582,train,977.76
contiguous_block_holdout,2583,train,978.07
contiguous_block_holdout,2584,train,978.38
contiguous_block_holdout,2585,train,978.68
contiguous_block_holdout,2586,train,978.99
contiguous_block_holdout,2587,train,979.29
contiguous_block_holdout,2588,train,979.6
contiguous_block_holdout,2589,train,979.9
contiguous_block_holdout,2590,train,980.21
contiguous_block_holdout,2591,train,980.52
contiguous_block_holdout,2592,train,980.82
contiguous_block_holdout,2593,train,981.13
contiguous_block_holdout,2594,train,981.43
contiguous_block_holdout,2595,train,981.74
contiguous_block_holdout,2596,train,982.05
contiguous_block_holdout,2597,train,982.36
contiguous_block_holdout,2598,train,982.66
contiguous_block_holdout,2599,train,982.97
contiguous_block_holdout,2600,train,983.28
contiguous_block_holdout,2601,train,983.58
contiguous_block_holdout,2602,train,983.89
contiguous_block_holdout,2603,train,984.19
contiguous_block_holdout,2604,train,984.5
contiguous_block_holdout,2605,train,984.81
contiguous_block_holdout,2606,train,985.12
contiguous_block_holdout,2607,train,985.43
contiguous_block_holdout,2608,train,985.73
contiguous_block_holdout,2609,train,986.04
contiguous_block_holdout,2610,train,986.35
contiguous_block_holdout,2611,train,986.65
contiguous_block_holdout,2612,train,986.96
contiguous_block_holdout,2613,train,987.28
contiguous_block_holdout,2614,train,987.59
contiguous_block_holdout,2615,train,987.89
contiguous_block_holdout,2616,train,988.2
contiguous_block_holdout,2617,train,988.51
contiguous_block_holdout,2618,train,988.81
contiguous_block_holdout,2619,train,989.13
contiguous_block_holdout,2620,train,989.43
contiguous_block_holdout,2621,train,989.74
contiguous_block_holdout,2622,train,990.04
contiguous_block_holdout,2623,train,990.35
contiguous_block_holdout,2624,train,990.66
contiguous_block_holdout,2625,train,990.96
contiguous_block_holdout,2626,train,991.26
contiguous_block_holdout,2627,train,991.57
contiguous_block_holdout,2628,train,991.88
contiguous_block_holdout,2629,train,992.18
contiguous_block_holdout,2630,train,992.49
contiguous_block_holdout,2631,train,992.79
contiguous_block_holdout,2632,train,993.1
contiguous_block_holdout,2633,test,993.4
contiguous_block_holdout,2634,test,993.71
contiguous_block_holdout,2635,test,994.01
contiguous_block_holdout,2636,test,994.32
contiguous_block_holdout,2637,test,994.63
contiguous_block_holdout,2638,test,994.93
contiguous_block_holdout,2639,test,995.24
contiguous_block_holdout,2640,test,995.54
contiguous_block_holdout,2641,test,995.85
contiguous_block_holdout,2642,test,996.15
contiguous_block_holdout,2643,test,996.46
contiguous_block_holdout,2644,test,996.77
contiguous_block_holdout,2645,test,997.07
contiguous_block_holdout,2646,test,997.38
contiguous_block_holdout,2647,test,997.68
contiguous_block_holdout,2648,test,997.99
contiguous_block_holdout,2649,test,998.29
contiguous_block_holdout,2650,test,998.6
contiguous_block_holdout,2651,test,998.91
contiguous_block_holdout,2652,test,999.21
contiguous_block_holdout,2653,test,999.52
contiguous_block_holdout,2654,test,999.82
contiguous_block_holdout,2655,test,1000.13
contiguous_block_holdout,2656,test,1000.44
contiguous_block_holdout,2657,test,1000.74
contiguous_block_holdout,2658,test,1001.05
contiguous_block_holdout,2659,test,1001.35
contiguous_block_holdout,2660,test,1001.66
contiguous_block_holdout,2661,test,1001.97
contiguous_block_holdout,2662,test,1002.74
contiguous_block_holdout,2663,test,1003.05
contiguous_block_holdout,2664,test,1003.36
contiguous_block_holdout,2665,test,1003.66
contiguous_block_holdout,2666,test,1003.97
contiguous_block_holdout,2667,test,1004.27
contiguous_block_holdout,2668,test,1004.58
contiguous_block_holdout,2669,test,1004.88
contiguous_block_holdout,2670,test,1005.19
contiguous_block_holdout,2671,test,1005.49
contiguous_block_holdout,2672,test,1005.8
contiguous_block_holdout,2673,test,1006.1
contiguous_block_holdout,2674,test,1006.41
contiguous_block_holdout,2675,test,1006.71
contiguous_block_holdout,2676,test,1007.02
contiguous_block_holdout,2677,test,1007.32
contiguous_block_holdout,2678,test,1007.63
contiguous_block_holdout,2679,test,1007.94
contiguous_block_holdout,2680,test,1008.24
contiguous_block_holdout,2681,test,1008.55
contiguous_block_holdout,2682,test,1008.85
contiguous_block_holdout,2683,test,1009.16
contiguous_block_holdout,2684,test,1009.46
contiguous_block_holdout,2685,test,1009.77
contiguous_block_holdout,2686,test,1010.07
contiguous_block_holdout,2687,test,1010.38
contiguous_block_holdout,2688,test,1010.69
contiguous_block_holdout,2689,test,1011.0
contiguous_block_holdout,2690,test,1011.3
contiguous_block_holdout,2691,test,1011.61
contiguous_block_holdout,2692,test,1011.91
contiguous_block_holdout,2693,test,1012.22
contiguous_block_holdout,2694,test,1012.53
contiguous_block_holdout,2695,test,1012.84
contiguous_block_holdout,2696,test,1013.14
contiguous_block_holdout,2697,test,1013.45
contiguous_block_holdout,2698,test,1013.75
contiguous_block_holdout,2699,test,1014.06
contiguous_block_holdout,2700,test,1014.36
contiguous_block_holdout,2701,test,1014.67
contiguous_block_holdout,2702,test,1014.97
contiguous_block_holdout,2703,test,1015.28
contiguous_block_holdout,2704,test,1015.58
contiguous_block_holdout,2705,test,1015.89
contiguous_block_holdout,2706,test,1016.2
contiguous_block_holdout,2707,test,1016.51
contiguous_block_holdout,2708,test,1016.81
contiguous_block_holdout,2709,test,1017.12
contiguous_block_holdout,2710,test,1017.42
contiguous_block_holdout,2711,test,1017.73
contiguous_block_holdout,2712,test,1018.03
contiguous_block_holdout,2713,test,1018.34
contiguous_block_holdout,2714,test,1018.64
contiguous_block_holdout,2715,test,1018.95
contiguous_block_holdout,2716,test,1019.26
contiguous_block_holdout,2717,test,1019.57
contiguous_block_holdout,2718,test,1019.87
contiguous_block_holdout,2719,test,1020.18
contiguous_block_holdout,2720,test,1020.48
contiguous_block_holdout,2721,test,1020.79
contiguous_block_holdout,2722,test,1021.09
contiguous_block_holdout,2723,test,1021.4
contiguous_block_holdout,2724,test,1021.7
contiguous_block_holdout,2725,test,1022.01
contiguous_block_holdout,2726,test,1022.32
contiguous_block_holdout,2727,test,1022.62
contiguous_block_holdout,2728,test,1022.93
contiguous_block_holdout,2729,test,1023.24
contiguous_block_holdout,2730,test,1023.54
contiguous_block_holdout,2731,test,1023.85
contiguous_block_holdout,2732,test,1024.15
contiguous_block_holdout,2733,test,1024.46
contiguous_block_holdout,2734,test,1024.76
contiguous_block_holdout,2735,test,1025.07
contiguous_block_holdout,2736,test,1025.38
contiguous_block_holdout,2737,test,1025.69
contiguous_block_holdout,2738,test,1026.0
contiguous_block_holdout,2739,test,1026.3
contiguous_block_holdout,2740,test,1026.61
contiguous_block_holdout,2741,test,1026.92
contiguous_block_holdout,2742,test,1027.22
contiguous_block_holdout,2743,test,1027.53
contiguous_block_holdout,2744,test,1027.53
contiguous_block_holdout,2745,test,1027.83
contiguous_block_holdout,2746,test,1028.14
contiguous_block_holdout,2747,test,1028.45
contiguous_block_holdout,2748,test,1028.75
contiguous_block_holdout,2749,test,1029.06
contiguous_block_holdout,2750,test,1029.36
contiguous_block_holdout,2751,test,1029.67
contiguous_block_holdout,2752,test,1029.97
contiguous_block_holdout,2753,test,1030.28
contiguous_block_holdout,2754,test,1030.58
contiguous_block_holdout,2755,test,1030.89
contiguous_block_holdout,2756,test,1031.19
contiguous_block_holdout,2757,test,1031.51
contiguous_block_holdout,2758,test,1031.81
contiguous_block_holdout,2759,test,1032.12
contiguous_block_holdout,2760,test,1032.42
contiguous_block_holdout,2761,test,1032.73
contiguous_block_holdout,2762,test,1033.03
contiguous_block_holdout,2763,test,1033.34
contiguous_block_holdout,2764,test,1033.65
contiguous_block_holdout,2765,test,1033.95
contiguous_block_holdout,2766,test,1034.25
contiguous_block_holdout,2767,test,1034.56
contiguous_block_holdout,2768,test,1034.87
contiguous_block_holdout,2769,test,1035.17
contiguous_block_holdout,2770,test,1035.48
contiguous_block_holdout,2771,test,1035.79
contiguous_block_holdout,2772,test,1036.1
contiguous_block_holdout,2773,test,1036.4
contiguous_block_holdout,2774,test,1036.71
contiguous_block_holdout,2775,test,1037.01
contiguous_block_holdout,2776,test,1037.32
contiguous_block_holdout,2777,test,1037.62
contiguous_block_holdout,2778,test,1037.93
contiguous_block_holdout,2779,test,1038.23
contiguous_block_holdout,2780,test,1038.54
contiguous_block_holdout,2781,test,1038.84
contiguous_block_holdout,2782,test,1039.15
contiguous_block_holdout,2783,test,1039.46
contiguous_block_holdout,2784,test,1039.76
contiguous_block_holdout,2785,test,1040.07
contiguous_block_holdout,2786,test,1040.37
contiguous_block_holdout,2787,test,1040.68
contiguous_block_holdout,2788,test,1040.98
contiguous_block_holdout,2789,test,1041.29
contiguous_block_holdout,2790,test,1041.59
contiguous_block_holdout,2791,test,1041.9
contiguous_block_holdout,2792,test,1042.21
contiguous_block_holdout,2793,test,1042.51
contiguous_block_holdout,2794,test,1042.82
contiguous_block_holdout,2795,test,1043.12
contiguous_block_holdout,2796,test,1043.43
contiguous_block_holdout,2797,test,1043.74
contiguous_block_holdout,2798,test,1044.04
contiguous_block_holdout,2799,test,1044.35
contiguous_block_holdout,2800,test,1044.65
contiguous_block_holdout,2801,test,1044.96
contiguous_block_holdout,2802,test,1045.26
contiguous_block_holdout,2803,test,1045.57
contiguous_block_holdout,2804,test,1045.87
contiguous_block_holdout,2805,test,1046.18
contiguous_block_holdout,2806,test,1046.49
contiguous_block_holdout,2807,test,1046.79
contiguous_block_holdout,2808,test,1047.1
contiguous_block_holdout,2809,test,1047.4
contiguous_block_holdout,2810,test,1047.71
contiguous_block_holdout,2811,test,1048.01
contiguous_block_holdout,2812,test,1048.32
contiguous_block_holdout,2813,test,1048.63
contiguous_block_holdout,2814,test,1048.93
contiguous_block_holdout,2815,test,1049.23
contiguous_block_holdout,2816,test,1049.54
contiguous_block_holdout,2817,test,1049.85
contiguous_block_holdout,2818,test,1050.15
contiguous_block_holdout,2819,test,1050.46
contiguous_block_holdout,2820,test,1050.77
contiguous_block_holdout,2821,test,1051.07
contiguous_block_holdout,2822,test,1052.46
contiguous_block_holdout,2823,test,1052.77
contiguous_block_holdout,2824,test,1053.08
contiguous_block_holdout,2825,test,1053.39
contiguous_block_holdout,2826,test,1053.69
contiguous_block_holdout,2827,test,1054.0
contiguous_block_holdout,2828,test,1054.31
contiguous_block_holdout,2829,test,1054.61
contiguous_block_holdout,2830,test,1054.92
contiguous_block_holdout,2831,test,1055.22
contiguous_block_holdout,2832,test,1055.53
contiguous_block_holdout,2833,test,1055.84
contiguous_block_holdout,2834,test,1056.14
contiguous_block_holdout,2835,test,1056.45
contiguous_block_holdout,2836,test,1056.75
contiguous_block_holdout,2837,test,1057.06
contiguous_block_holdout,2838,test,1057.36
contiguous_block_holdout,2839,test,1057.67
contiguous_block_holdout,2840,test,1057.98
contiguous_block_holdout,2841,test,1058.28
contiguous_block_holdout,2842,test,1058.59
contiguous_block_holdout,2843,test,1058.89
contiguous_block_holdout,2844,test,1059.2
contiguous_block_holdout,2845,test,1059.5
contiguous_block_holdout,2846,test,1059.81
contiguous_block_holdout,2847,test,1060.12
contiguous_block_holdout,2848,test,1060.42
contiguous_block_holdout,2849,test,1060.73
contiguous_block_holdout,2850,test,1061.04
contiguous_block_holdout,2851,test,1061.34
contiguous_block_holdout,2852,test,1061.65
contiguous_block_holdout,2853,test,1061.95
contiguous_block_holdout,2854,test,1062.26
contiguous_block_holdout,2855,test,1062.56
contiguous_block_holdout,2856,test,1062.87
contiguous_block_holdout,2857,test,1063.18
contiguous_block_holdout,2858,test,1063.48
contiguous_block_holdout,2859,test,1063.79
contiguous_block_holdout,2860,test,1064.4
contiguous_block_holdout,2861,test,1064.7
contiguous_block_holdout,2862,test,1065.01
contiguous_block_holdout,2863,test,1065.32
contiguous_block_holdout,2864,test,1065.62
contiguous_block_holdout,2865,test,1065.93
contiguous_block_holdout,2866,test,1066.23
contiguous_block_holdout,2867,test,1066.53
contiguous_block_holdout,2868,test,1066.84
contiguous_block_holdout,2869,test,1067.15
contiguous_block_holdout,2870,test,1067.45
contiguous_block_holdout,2871,test,1067.76
contiguous_block_holdout,2872,test,1068.06
contiguous_block_holdout,2873,test,1068.37
contiguous_block_holdout,2874,test,1068.67
contiguous_block_holdout,2875,test,1068.98
contiguous_block_holdout,2876,test,1069.29
contiguous_block_holdout,2877,test,1069.59
contiguous_block_holdout,2878,test,1069.9
contiguous_block_holdout,2879,test,1070.21
contiguous_block_holdout,2880,test,1070.51
contiguous_block_holdout,2881,test,1070.82
contiguous_block_holdout,2882,test,1071.12
contiguous_block_holdout,2883,test,1071.43
contiguous_block_holdout,2884,test,1071.73
contiguous_block_holdout,2885,test,1072.04
contiguous_block_holdout,2886,test,1072.34
contiguous_block_holdout,2887,test,1072.65
contiguous_block_holdout,2888,test,1072.96
contiguous_block_holdout,2889,test,1073.27
contiguous_block_holdout,2890,test,1073.57
contiguous_block_holdout,2891,test,1073.88
contiguous_block_holdout,2892,test,1074.18
contiguous_block_holdout,2893,test,1074.49
contiguous_block_holdout,2894,test,1074.79
contiguous_block_holdout,2895,test,1075.1
contiguous_block_holdout,2896,test,1075.4
contiguous_block_holdout,2897,test,1075.71
contiguous_block_holdout,2898,test,1076.02
contiguous_block_holdout,2899,test,1076.32
contiguous_block_holdout,2900,test,1076.63
contiguous_block_holdout,2901,test,1076.93
contiguous_block_holdout,2902,test,1077.24
contiguous_block_holdout,2903,test,1077.54
contiguous_block_holdout,2904,test,1077.85
contiguous_block_holdout,2905,test,1078.16
contiguous_block_holdout,2906,test,1078.46
contiguous_block_holdout,2907,test,1080.16
contiguous_block_holdout,2908,test,1080.46
contiguous_block_holdout,2909,test,1080.77
contiguous_block_holdout,2910,test,1081.08
contiguous_block_holdout,2911,test,1081.39
contiguous_block_holdout,2912,test,1081.7
contiguous_block_holdout,2913,test,1082.01
contiguous_block_holdout,2914,test,1082.31
contiguous_block_holdout,2915,test,1082.62
contiguous_block_holdout,2916,test,1082.93
contiguous_block_holdout,2917,test,1083.23
contiguous_block_holdout,2918,test,1083.54
contiguous_block_holdout,2919,test,1083.85
contiguous_block_holdout,2920,test,1084.15
contiguous_block_holdout,2921,test,1084.46
contiguous_block_holdout,2922,test,1084.77
contiguous_block_holdout,2923,test,1085.07
contiguous_block_holdout,2924,test,1085.38
contiguous_block_holdout,2925,test,1085.69
contiguous_block_holdout,2926,test,1085.99
contiguous_block_holdout,2927,test,1086.3
contiguous_block_holdout,2928,test,1086.6
contiguous_block_holdout,2929,test,1086.91
contiguous_block_holdout,2930,test,1087.22
contiguous_block_holdout,2931,test,1087.53
contiguous_block_holdout,2932,test,1087.83
contiguous_block_holdout,2933,test,1088.13
contiguous_block_holdout,2934,test,1088.44
contiguous_block_holdout,2935,test,1088.75
contiguous_block_holdout,2936,test,1089.06
contiguous_block_holdout,2937,test,1089.36
contiguous_block_holdout,2938,test,1089.67
contiguous_block_holdout,2939,test,1089.98
contiguous_block_holdout,2940,test,1090.28
contiguous_block_holdout,2941,test,1090.59
contiguous_block_holdout,2942,test,1090.9
contiguous_block_holdout,2943,test,1091.2
contiguous_block_holdout,2944,test,1091.51
contiguous_block_holdout,2945,test,1091.81
contiguous_block_holdout,2946,test,1092.12
contiguous_block_holdout,2947,test,1092.42
contiguous_block_holdout,2948,test,1092.73
contiguous_block_holdout,2949,test,1093.04
contiguous_block_holdout,2950,test,1093.34
contiguous_block_holdout,2951,test,1093.65
contiguous_block_holdout,2952,test,1093.95
contiguous_block_holdout,2953,test,1094.26
contiguous_block_holdout,2954,test,1094.56
contiguous_block_holdout,2955,test,1094.87
contiguous_block_holdout,2956,test,1095.17
contiguous_block_holdout,2957,test,1095.48
contiguous_block_holdout,2958,test,1095.78
contiguous_block_holdout,2959,test,1096.09
contiguous_block_holdout,2960,test,1096.39
contiguous_block_holdout,2961,test,1096.7
contiguous_block_holdout,2962,test,1097.01
contiguous_block_holdout,2963,test,1097.31
contiguous_block_holdout,2964,test,1097.62
contiguous_block_holdout,2965,test,1097.92
contiguous_block_holdout,2966,test,1098.23
contiguous_block_holdout,2967,test,1098.53
contiguous_block_holdout,2968,test,1098.84
contiguous_block_holdout,2969,test,1099.67
contiguous_block_holdout,2970,test,1099.98
contiguous_block_holdout,2971,test,1100.28
contiguous_block_holdout,2972,test,1100.59
contiguous_block_holdout,2973,test,1100.89
contiguous_block_holdout,2974,test,1100.89
contiguous_block_holdout,2975,test,1101.2
contiguous_block_holdout,2976,test,1101.5
contiguous_block_holdout,2977,test,1101.81
contiguous_block_holdout,2978,test,1102.12
contiguous_block_holdout,2979,test,1102.42
contiguous_block_holdout,2980,test,1102.72
contiguous_block_holdout,2981,test,1103.03
contiguous_block_holdout,2982,test,1103.34
contiguous_block_holdout,2983,test,1103.64
contiguous_block_holdout,2984,test,1103.95
contiguous_block_holdout,2985,test,1104.25
contiguous_block_holdout,2986,test,1104.56
contiguous_block_holdout,2987,test,1104.86
contiguous_block_holdout,2988,test,1105.17
contiguous_block_holdout,2989,test,1105.48
contiguous_block_holdout,2990,test,1105.78
contiguous_block_holdout,2991,test,1106.09
contiguous_block_holdout,2992,test,1106.39
contiguous_block_holdout,2993,test,1106.7
contiguous_block_holdout,2994,test,1107.0
contiguous_block_holdout,2995,test,1107.31
contiguous_block_holdout,2996,test,1107.61
contiguous_block_holdout,2997,test,1107.93
contiguous_block_holdout,2998,test,1108.23
contiguous_block_holdout,2999,test,1108.54
contiguous_block_holdout,3000,test,1108.84
contiguous_block_holdout,3001,test,1109.15
contiguous_block_holdout,3002,test,1109.45
contiguous_block_holdout,3003,test,1109.76
contiguous_block_holdout,3004,test,1110.07
contiguous_block_holdout,3005,test,1110.37
contiguous_block_holdout,3006,test,1110.68
contiguous_block_holdout,3007,test,1110.98
contiguous_block_holdout,3008,test,1111.29
contiguous_block_holdout,3009,test,1111.6
contiguous_block_holdout,3010,test,1111.9
contiguous_block_holdout,3011,test,1112.21
contiguous_block_holdout,3012,test,1112.51
contiguous_block_holdout,3013,test,1112.82
contiguous_block_holdout,3014,test,1113.12
contiguous_block_holdout,3015,test,1113.43
contiguous_block_holdout,3016,test,1113.73
contiguous_block_holdout,3017,test,1114.04
contiguous_block_holdout,3018,test,1114.35
contiguous_block_holdout,3019,test,1114.65
contiguous_block_holdout,3020,test,1114.96
contiguous_block_holdout,3021,test,1115.26
contiguous_block_holdout,3022,test,1115.57
contiguous_block_holdout,3023,test,1115.87
contiguous_block_holdout,3024,test,1116.18
contiguous_block_holdout,3025,test,1116.49
contiguous_block_holdout,3026,test,1116.79
contiguous_block_holdout,3027,test,1117.1
contiguous_block_holdout,3028,test,1117.4
contiguous_block_holdout,3029,test,1117.71
contiguous_block_holdout,3030,test,1118.01
contiguous_block_holdout,3031,test,1118.32
contiguous_block_holdout,3032,test,1118.62
contiguous_block_holdout,3033,test,1118.93
contiguous_block_holdout,3034,test,1119.24
contiguous_block_holdout,3035,test,1119.54
contiguous_block_holdout,3036,test,1119.85
contiguous_block_holdout,3037,test,1120.16
contiguous_block_holdout,3038,test,1120.46
contiguous_block_holdout,3039,test,1120.77
contiguous_block_holdout,3040,test,1121.08
contiguous_block_holdout,3041,test,1121.39
contiguous_block_holdout,3042,test,1121.69
contiguous_block_holdout,3043,test,1122.0
contiguous_block_holdout,3044,test,1122.31
contiguous_block_holdout,3045,test,1122.62
contiguous_block_holdout,3046,test,1122.92
contiguous_block_holdout,3047,test,1123.22
contiguous_block_holdout,3048,test,1123.53
contiguous_block_holdout,3049,test,1123.84
contiguous_block_holdout,3050,test,1124.14
contiguous_block_holdout,3051,test,1124.45
contiguous_block_holdout,3052,test,1124.76
contiguous_block_holdout,3053,test,1125.07
contiguous_block_holdout,3054,test,1125.37
contiguous_block_holdout,3055,test,1125.68
contiguous_block_holdout,3056,test,1125.98
contiguous_block_holdout,3057,test,1126.29
contiguous_block_holdout,3058,test,1126.59
contiguous_block_holdout,3059,test,1126.9
contiguous_block_holdout,3060,test,1127.2
contiguous_block_holdout,3061,test,1127.51
contiguous_block_holdout,3062,test,1127.81
contiguous_block_holdout,3063,test,1128.12
contiguous_block_holdout,3064,test,1128.42
contiguous_block_holdout,3065,test,1128.73
contiguous_block_holdout,3066,test,1129.04
contiguous_block_holdout,3067,test,1129.34
contiguous_block_holdout,3068,test,1129.65
contiguous_block_holdout,3069,test,1129.95
contiguous_block_holdout,3070,test,1130.26
contiguous_block_holdout,3071,test,1130.57
contiguous_block_holdout,3072,test,1130.87
contiguous_block_holdout,3073,test,1131.18
contiguous_block_holdout,3074,test,1131.48
contiguous_block_holdout,3075,test,1131.79
contiguous_block_holdout,3076,test,1132.09
contiguous_block_holdout,3077,test,1132.4
contiguous_block_holdout,3078,test,1132.7
contiguous_block_holdout,3079,test,1133.01
contiguous_block_holdout,3080,test,1133.32
contiguous_block_holdout,3081,test,1133.62
contiguous_block_holdout,3082,test,1133.93
contiguous_block_holdout,3083,test,1134.23
contiguous_block_holdout,3084,test,1134.54
contiguous_block_holdout,3085,test,1134.84
contiguous_block_holdout,3086,test,1135.15
contiguous_block_holdout,3087,test,1135.45
contiguous_block_holdout,3088,test,1135.76
contiguous_block_holdout,3089,test,1136.07
contiguous_block_holdout,3090,test,1136.37
contiguous_block_holdout,3091,test,1136.67
contiguous_block_holdout,3092,test,1136.98
contiguous_block_holdout,3093,test,1137.29
contiguous_block_holdout,3094,test,1137.59
contiguous_block_holdout,3095,test,1137.9
contiguous_block_holdout,3096,test,1138.2
contiguous_block_holdout,3097,test,1138.52
contiguous_block_holdout,3098,test,1138.82
contiguous_block_holdout,3099,test,1139.13
contiguous_block_holdout,3100,test,1139.43
contiguous_block_holdout,3101,test,1139.73
contiguous_block_holdout,3102,test,1140.04
contiguous_block_holdout,3103,test,1140.35
contiguous_block_holdout,3104,test,1140.65
contiguous_block_holdout,3105,test,1140.96
contiguous_block_holdout,3106,test,1141.26
contiguous_block_holdout,3107,test,1141.57
contiguous_block_holdout,3108,test,1141.87
contiguous_block_holdout,3109,test,1142.18
contiguous_block_holdout,3110,test,1142.49
contiguous_block_holdout,3111,test,1142.79
contiguous_block_holdout,3112,test,1143.1
contiguous_block_holdout,3113,test,1143.4
contiguous_block_holdout,3114,test,1143.71
contiguous_block_holdout,3115,test,1144.01
contiguous_block_holdout,3116,test,1144.32
contiguous_block_holdout,3117,test,1144.63
contiguous_block_holdout,3118,test,1144.93
contiguous_block_holdout,3119,test,1145.24
contiguous_block_holdout,3120,test,1145.54
contiguous_block_holdout,3121,test,1145.85
contiguous_block_holdout,3122,test,1146.15
contiguous_block_holdout,3123,test,1146.46
contiguous_block_holdout,3124,test,1146.77
contiguous_block_holdout,3125,test,1147.07
contiguous_block_holdout,3126,test,1147.38
contiguous_block_holdout,3127,test,1147.68
contiguous_block_holdout,3128,test,1147.99
contiguous_block_holdout,3129,test,1148.75
contiguous_block_holdout,3130,test,1149.08
contiguous_block_holdout,3131,test,1149.41
contiguous_block_holdout,3132,test,1149.74
contiguous_block_holdout,3133,test,1150.05
contiguous_block_holdout,3134,test,1150.35
contiguous_block_holdout,3135,test,1150.66
contiguous_block_holdout,3136,test,1150.97
contiguous_block_holdout,3137,test,1151.27
contiguous_block_holdout,3138,test,1151.58
contiguous_block_holdout,3139,test,1151.88
contiguous_block_holdout,3140,test,1152.19
contiguous_block_holdout,3141,test,1152.5
contiguous_block_holdout,3142,test,1152.8
contiguous_block_holdout,3143,test,1153.11
contiguous_block_holdout,3144,test,1153.42
contiguous_block_holdout,3145,test,1153.72
contiguous_block_holdout,3146,test,1154.03
contiguous_block_holdout,3147,test,1154.33
contiguous_block_holdout,3148,test,1154.64
contiguous_block_holdout,3149,test,1154.94
contiguous_block_holdout,3150,test,1155.25
contiguous_block_holdout,3151,test,1155.55
contiguous_block_holdout,3152,test,1155.86
contiguous_block_holdout,3153,test,1156.17
contiguous_block_holdout,3154,test,1156.47
contiguous_block_holdout,3155,test,1156.78
contiguous_block_holdout,3156,test,1157.08
contiguous_block_holdout,3157,test,1157.39
contiguous_block_holdout,3158,test,1157.7
contiguous_block_holdout,3159,test,1158.0
contiguous_block_holdout,3160,test,1158.31
contiguous_block_holdout,3161,test,1158.61
contiguous_block_holdout,3162,test,1158.92
contiguous_block_holdout,3163,test,1159.22
contiguous_block_holdout,3164,test,1159.53
contiguous_block_holdout,3165,test,1159.83
contiguous_block_holdout,3166,test,1160.14
contiguous_block_holdout,3167,test,1160.44
contiguous_block_holdout,3168,test,1160.75
contiguous_block_holdout,3169,test,1161.06
contiguous_block_holdout,3170,test,1161.37
contiguous_block_holdout,3171,test,1161.68
contiguous_block_holdout,3172,test,1161.98
contiguous_block_holdout,3173,test,1162.29
contiguous_block_holdout,3174,test,1162.59
contiguous_block_holdout,3175,test,1162.9
contiguous_block_holdout,3176,test,1163.21
contiguous_block_holdout,3177,test,1163.51
contiguous_block_holdout,3178,test,1163.82
contiguous_block_holdout,3179,test,1164.12
contiguous_block_holdout,3180,test,1164.43
contiguous_block_holdout,3181,test,1164.73
contiguous_block_holdout,3182,test,1165.04
contiguous_block_holdout,3183,test,1165.34
contiguous_block_holdout,3184,test,1165.65
contiguous_block_holdout,3185,test,1165.96
contiguous_block_holdout,3186,test,1166.26
contiguous_block_holdout,3187,test,1166.57
contiguous_block_holdout,3188,test,1166.87
contiguous_block_holdout,3189,test,1167.17
contiguous_block_holdout,3190,test,1167.48
contiguous_block_holdout,3191,test,1167.88
contiguous_block_holdout,3192,test,1168.18
contiguous_block_holdout,3193,test,1168.49
contiguous_block_holdout,3194,test,1168.79
contiguous_block_holdout,3195,test,1169.1
contiguous_block_holdout,3196,test,1169.4
contiguous_block_holdout,3197,test,1169.71
contiguous_block_holdout,3198,test,1170.01
contiguous_block_holdout,3199,test,1170.32
contiguous_block_holdout,3200,test,1170.62
contiguous_block_holdout,3201,test,1170.93
contiguous_block_holdout,3202,test,1171.23
contiguous_block_holdout,3203,test,1171.54
contiguous_block_holdout,3204,test,1171.84
contiguous_block_holdout,3205,test,1172.15
contiguous_block_holdout,3206,test,1172.45
contiguous_block_holdout,3207,test,1172.76
contiguous_block_holdout,3208,test,1173.07
contiguous_block_holdout,3209,test,1173.38
contiguous_block_holdout,3210,test,1173.68
contiguous_block_holdout,3211,test,1173.99
contiguous_block_holdout,3212,test,1174.29
contiguous_block_holdout,3213,test,1174.6
contiguous_block_holdout,3214,test,1174.9
contiguous_block_holdout,3215,test,1175.21
contiguous_block_holdout,3216,test,1175.51
contiguous_block_holdout,3217,test,1175.82
contiguous_block_holdout,3218,test,1176.13
contiguous_block_holdout,3219,test,1176.43
contiguous_block_holdout,3220,test,1176.74
contiguous_block_holdout,3221,test,1177.05
contiguous_block_holdout,3222,test,1177.35
contiguous_block_holdout,3223,test,1177.66
contiguous_block_holdout,3224,test,1177.96
contiguous_block_holdout,3225,test,1178.27
contiguous_block_holdout,3226,test,1178.57
contiguous_block_holdout,3227,test,1178.88
contiguous_block_holdout,3228,test,1179.18
contiguous_block_holdout,3229,test,1179.49
contiguous_block_holdout,3230,test,1179.79
contiguous_block_holdout,3231,test,1180.1
contiguous_block_holdout,3232,test,1180.41
contiguous_block_holdout,3233,test,1180.71
contiguous_block_holdout,3234,test,1181.01
contiguous_block_holdout,3235,test,1181.32
contiguous_block_holdout,3236,test,1181.62
contiguous_block_holdout,3237,test,1181.94
contiguous_block_holdout,3238,test,1182.24
contiguous_block_holdout,3239,test,1182.55
contiguous_block_holdout,3240,test,1182.85
contiguous_block_holdout,3241,test,1183.16
contiguous_block_holdout,3242,test,1183.47
contiguous_block_holdout,3243,test,1183.77
contiguous_block_holdout,3244,test,1184.07
contiguous_block_holdout,3245,test,1184.38
contiguous_block_holdout,3246,test,1184.69
contiguous_block_holdout,3247,test,1184.99
contiguous_block_holdout,3248,test,1185.3
contiguous_block_holdout,3249,test,1185.6
contiguous_block_holdout,3250,test,1185.91
contiguous_block_holdout,3251,test,1186.21
contiguous_block_holdout,3252,test,1186.52
contiguous_block_holdout,3253,test,1186.83
contiguous_block_holdout,3254,test,1187.14
contiguous_block_holdout,3255,test,1187.44
contiguous_block_holdout,3256,test,1187.75
contiguous_block_holdout,3257,test,1188.05
contiguous_block_holdout,3258,test,1188.36
contiguous_block_holdout,3259,test,1188.67
contiguous_block_holdout,3260,test,1188.97
contiguous_block_holdout,3261,test,1189.27
contiguous_block_holdout,3262,test,1189.58
contiguous_block_holdout,3263,test,1189.88
contiguous_block_holdout,3264,test,1190.19
contiguous_block_holdout,3265,test,1190.5
contiguous_block_holdout,3266,test,1190.8
contiguous_block_holdout,3267,test,1191.11
contiguous_block_holdout,3268,test,1191.41
contiguous_block_holdout,3269,test,1191.72
contiguous_block_holdout,3270,test,1192.02
contiguous_block_holdout,3271,test,1192.33
contiguous_block_holdout,3272,test,1192.63
contiguous_block_holdout,3273,test,1192.94
contiguous_block_holdout,3274,test,1193.24
contiguous_block_holdout,3275,test,1193.55
contiguous_block_holdout,3276,test,1193.86
contiguous_block_holdout,3277,test,1194.16
contiguous_block_holdout,3278,test,1194.47
contiguous_block_holdout,3279,test,1194.77
contiguous_block_holdout,3280,test,1195.08
contiguous_block_holdout,3281,test,1195.38
contiguous_block_holdout,3282,test,1195.69
contiguous_block_holdout,3283,test,1195.99
contiguous_block_holdout,3284,test,1196.3
contiguous_block_holdout,3285,test,1196.6
contiguous_block_holdout,3286,test,1196.92
contiguous_block_holdout,3287,test,1197.22
contiguous_block_holdout,3288,test,1197.53
contiguous_block_holdout,3289,test,1197.84
contiguous_block_holdout,3290,test,1198.14
contiguous_block_holdout,3291,test,1198.45
contiguous_block_holdout,3292,test,1198.76
contiguous_block_holdout,3293,test,1199.06
contiguous_block_holdout,3294,test,1199.37
contiguous_block_holdout,3295,test,1199.67
contiguous_block_holdout,3296,test,1199.98
contiguous_block_holdout,3297,test,1200.29
contiguous_block_holdout,3298,test,1200.59
contiguous_block_holdout,3299,test,1200.9
contiguous_block_holdout,3300,test,1201.2
contiguous_block_holdout,3301,test,1201.51
contiguous_block_holdout,3302,test,1201.82
contiguous_block_holdout,3303,test,1202.12
contiguous_block_holdout,3304,test,1202.43
contiguous_block_holdout,3305,test,1202.73
contiguous_block_holdout,3306,test,1203.04
contiguous_block_holdout,3307,test,1203.35
contiguous_block_holdout,3308,test,1203.65
contiguous_block_holdout,3309,test,1203.96
contiguous_block_holdout,3310,test,1204.26
contiguous_block_holdout,3311,test,1204.57
contiguous_block_holdout,3312,test,1204.87
contiguous_block_holdout,3313,test,1205.18
contiguous_block_holdout,3314,test,1205.49
contiguous_block_holdout,3315,test,1205.79
contiguous_block_holdout,3316,test,1206.1
contiguous_block_holdout,3317,test,1206.4
contiguous_block_holdout,3318,test,1206.71
contiguous_block_holdout,3319,test,1207.02
contiguous_block_holdout,3320,test,1207.32
contiguous_block_holdout,3321,test,1207.63
contiguous_block_holdout,3322,test,1207.93
contiguous_block_holdout,3323,test,1208.24
contiguous_block_holdout,3324,test,1208.54
contiguous_block_holdout,3325,test,1208.85
contiguous_block_holdout,3326,test,1209.16
contiguous_block_holdout,3327,test,1209.46
contiguous_block_holdout,3328,test,1209.77
contiguous_block_holdout,3329,test,1210.07
contiguous_block_holdout,3330,test,1210.38
contiguous_block_holdout,3331,test,1210.68
contiguous_block_holdout,3332,test,1210.99
contiguous_block_holdout,3333,test,1211.3
contiguous_block_holdout,3334,test,1211.6
contiguous_block_holdout,3335,test,1211.9
contiguous_block_holdout,3336,test,1212.21
contiguous_block_holdout,3337,test,1212.51
contiguous_block_holdout,3338,test,1212.89
contiguous_block_holdout,3339,test,1213.81
contiguous_block_holdout,3340,test,1214.11
contiguous_block_holdout,3341,test,1214.43
contiguous_block_holdout,3342,test,1214.73
contiguous_block_holdout,3343,test,1215.04
contiguous_block_holdout,3344,test,1215.34
contiguous_block_holdout,3345,test,1215.65
contiguous_block_holdout,3346,test,1215.95
contiguous_block_holdout,3347,test,1216.26
contiguous_block_holdout,3348,test,1216.57
contiguous_block_holdout,3349,test,1216.87
contiguous_block_holdout,3350,test,1217.17
contiguous_block_holdout,3351,test,1217.48
contiguous_block_holdout,3352,test,1217.78
contiguous_block_holdout,3353,test,1218.09
contiguous_block_holdout,3354,test,1218.4
contiguous_block_holdout,3355,test,1218.7
contiguous_block_holdout,3356,test,1219.01
contiguous_block_holdout,3357,test,1219.32
contiguous_block_holdout,3358,test,1219.62
contiguous_block_holdout,3359,test,1219.93
contiguous_block_holdout,3360,test,1220.23
contiguous_block_holdout,3361,test,1220.54
contiguous_block_holdout,3362,test,1220.84
contiguous_block_holdout,3363,test,1221.15
contiguous_block_holdout,3364,test,1221.46
contiguous_block_holdout,3365,test,1221.77
contiguous_block_holdout,3366,test,1222.07
contiguous_block_holdout,3367,test,1222.38
contiguous_block_holdout,3368,test,1222.68
contiguous_block_holdout,3369,test,1222.99
contiguous_block_holdout,3370,test,1223.41
contiguous_block_holdout,3371,test,1223.82
contiguous_block_holdout,3372,test,1224.17
contiguous_block_holdout,3373,test,1224.48
contiguous_block_holdout,3374,test,1224.79
contiguous_block_holdout,3375,test,1225.1
contiguous_block_holdout,3376,test,1225.41
contiguous_block_holdout,3377,test,1225.71
contiguous_block_holdout,3378,test,1226.02
contiguous_block_holdout,3379,test,1226.32
contiguous_block_holdout,3380,test,1226.63
contiguous_block_holdout,3381,test,1226.93
contiguous_block_holdout,3382,test,1227.24
contiguous_block_holdout,3383,test,1227.55
contiguous_block_holdout,3384,test,1227.86
contiguous_block_holdout,3385,test,1228.16
contiguous_block_holdout,3386,test,1228.47
contiguous_block_holdout,3387,test,1228.78
contiguous_block_holdout,3388,test,1229.08
contiguous_block_holdout,3389,test,1229.39
contiguous_block_holdout,3390,test,1229.7
contiguous_block_holdout,3391,test,1230.0
contiguous_block_holdout,3392,test,1230.31
contiguous_block_holdout,3393,test,1230.61
contiguous_block_holdout,3394,test,1230.92
contiguous_block_holdout,3395,test,1231.23
contiguous_block_holdout,3396,test,1231.54
contiguous_block_holdout,3397,test,1231.84
contiguous_block_holdout,3398,test,1232.15
contiguous_block_holdout,3399,test,1232.45
contiguous_block_holdout,3400,test,1232.76
contiguous_block_holdout,3401,test,1233.07
contiguous_block_holdout,3402,test,1233.37
contiguous_block_holdout,3403,test,1233.68
contiguous_block_holdout,3404,test,1233.98
contiguous_block_holdout,3405,test,1234.29
contiguous_block_holdout,3406,test,1234.59
contiguous_block_holdout,3407,test,1234.9
contiguous_block_holdout,3408,test,1235.21
contiguous_block_holdout,3409,test,1235.51
contiguous_block_holdout,3410,test,1235.82
contiguous_block_holdout,3411,test,1236.12
contiguous_block_holdout,3412,test,1236.43
contiguous_block_holdout,3413,test,1236.74
contiguous_block_holdout,3414,test,1237.04
contiguous_block_holdout,3415,test,1237.35
contiguous_block_holdout,3416,test,1237.66
contiguous_block_holdout,3417,test,1237.97
contiguous_block_holdout,3418,test,1238.27
contiguous_block_holdout,3419,test,1238.58
contiguous_block_holdout,3420,test,1238.88
contiguous_block_holdout,3421,test,1239.19
contiguous_block_holdout,3422,test,1239.49
contiguous_block_holdout,3423,test,1239.8
contiguous_block_holdout,3424,test,1240.1
contiguous_block_holdout,3425,test,1240.41
contiguous_block_holdout,3426,test,1240.72
contiguous_block_holdout,3427,test,1241.03
contiguous_block_holdout,3428,test,1241.33
contiguous_block_holdout,3429,test,1241.64
contiguous_block_holdout,3430,test,1241.94
contiguous_block_holdout,3431,test,1242.25
contiguous_block_holdout,3432,test,1242.56
contiguous_block_holdout,3433,test,1242.86
contiguous_block_holdout,3434,test,1243.17
contiguous_block_holdout,3435,test,1243.47
contiguous_block_holdout,3436,test,1243.78
contiguous_block_holdout,3437,test,1244.08
contiguous_block_holdout,3438,test,1244.39
contiguous_block_holdout,3439,test,1244.69
contiguous_block_holdout,3440,test,1245.0
contiguous_block_holdout,3441,test,1245.31
contiguous_block_holdout,3442,test,1245.61
contiguous_block_holdout,3443,test,1245.92
contiguous_block_holdout,3444,test,1246.22
contiguous_block_holdout,3445,test,1246.53
contiguous_block_holdout,3446,test,1246.84
contiguous_block_holdout,3447,test,1247.14
contiguous_block_holdout,3448,test,1247.45
contiguous_block_holdout,3449,test,1247.76
contiguous_block_holdout,3450,test,1248.06
contiguous_block_holdout,3451,test,1248.37
contiguous_block_holdout,3452,test,1248.67
contiguous_block_holdout,3453,test,1248.98
contiguous_block_holdout,3454,test,1249.29
contiguous_block_holdout,3455,test,1249.6
contiguous_block_holdout,3456,test,1249.91
contiguous_block_holdout,3457,test,1250.21
contiguous_block_holdout,3458,test,1250.52
contiguous_block_holdout,3459,test,1250.83
contiguous_block_holdout,3460,test,1251.14
contiguous_block_holdout,3461,test,1251.45
contiguous_block_holdout,3462,test,1251.76
contiguous_block_holdout,3463,test,1252.32
contiguous_block_holdout,3464,test,1252.63
contiguous_block_holdout,3465,test,1253.24
contiguous_block_holdout,3466,test,1253.54
contiguous_block_holdout,3467,test,1254.15
contiguous_block_holdout,3468,test,1254.77
contiguous_block_holdout,3469,test,1255.07
contiguous_block_holdout,3470,test,1255.68
contiguous_block_holdout,3471,test,1255.99
contiguous_block_holdout,3472,test,1256.3
contiguous_block_holdout,3473,test,1256.6
contiguous_block_holdout,3474,test,1256.91
contiguous_block_holdout,3475,test,1257.22
contiguous_block_holdout,3476,test,1257.53
contiguous_block_holdout,3477,test,1257.84
contiguous_block_holdout,3478,test,1258.15
contiguous_block_holdout,3479,test,1258.45
contiguous_block_holdout,3480,test,1258.86
contiguous_block_holdout,3481,test,1259.17
contiguous_block_holdout,3482,test,1259.48
contiguous_block_holdout,3483,test,1259.79
contiguous_block_holdout,3484,test,1260.1
contiguous_block_holdout,3485,test,1260.41
contiguous_block_holdout,3486,test,1260.71
contiguous_block_holdout,3487,test,1261.02
contiguous_block_holdout,3488,test,1261.33
contiguous_block_holdout,3489,test,1261.64
contiguous_block_holdout,3490,test,1261.94
contiguous_block_holdout,3491,test,1262.25
contiguous_block_holdout,3492,test,1262.57
contiguous_block_holdout,3493,test,1262.87
contiguous_block_holdout,3494,test,1263.18
contiguous_block_holdout,3495,test,1263.49
contiguous_block_holdout,3496,test,1263.8
contiguous_block_holdout,3497,test,1264.11
contiguous_block_holdout,3498,test,1264.41
contiguous_block_holdout,3499,test,1264.72
contiguous_block_holdout,3500,test,1265.03
contiguous_block_holdout,3501,test,1265.34
contiguous_block_holdout,3502,test,1265.64
contiguous_block_holdout,3503,test,1265.95
contiguous_block_holdout,3504,test,1266.26
contiguous_block_holdout,3505,test,1266.57
contiguous_block_holdout,3506,test,1266.88
contiguous_block_holdout,3507,test,1267.18
contiguous_block_holdout,3508,test,1267.5
contiguous_block_holdout,3509,test,1267.81
contiguous_block_holdout,3510,test,1268.11
contiguous_block_holdout,3511,test,1268.42
contiguous_block_holdout,3512,test,1268.73
contiguous_block_holdout,3513,test,1269.04
contiguous_block_holdout,3514,test,1269.34
contiguous_block_holdout,3515,test,1269.66
contiguous_block_holdout,3516,test,1269.96
contiguous_block_holdout,3517,test,1270.27
contiguous_block_holdout,3518,test,1270.58
contiguous_block_holdout,3519,test,1270.89
contiguous_block_holdout,3520,test,1271.19
contiguous_block_holdout,3521,test,1271.5
contiguous_block_holdout,3522,test,1271.81
contiguous_block_holdout,3523,test,1272.12
contiguous_block_holdout,3524,test,1272.43
contiguous_block_holdout,3525,test,1272.73
contiguous_block_holdout,3526,test,1273.04
contiguous_block_holdout,3527,test,1273.35
contiguous_block_holdout,3528,test,1273.67
contiguous_block_holdout,3529,test,1273.97
contiguous_block_holdout,3530,test,1274.28
contiguous_block_holdout,3531,test,1274.59
contiguous_block_holdout,3532,test,1275.21
contiguous_block_holdout,3533,test,1275.52
contiguous_block_holdout,3534,test,1275.83
contiguous_block_holdout,3535,test,1276.14
contiguous_block_holdout,3536,test,1276.44
contiguous_block_holdout,3537,test,1276.75
contiguous_block_holdout,3538,test,1277.06
contiguous_block_holdout,3539,test,1277.37
contiguous_block_holdout,3540,test,1277.68
contiguous_block_holdout,3541,test,1277.99
contiguous_block_holdout,3542,test,1278.29
contiguous_block_holdout,3543,test,1278.6
contiguous_block_holdout,3544,test,1278.91
contiguous_block_holdout,3545,test,1279.22
contiguous_block_holdout,3546,test,1279.53
contiguous_block_holdout,3547,test,1279.84
contiguous_block_holdout,3548,test,1280.15
contiguous_block_holdout,3549,test,1280.46
contiguous_block_holdout,3550,test,1280.77
contiguous_block_holdout,3551,test,1281.08
contiguous_block_holdout,3552,test,1281.39
contiguous_block_holdout,3553,test,1281.7
contiguous_block_holdout,3554,test,1282.01
contiguous_block_holdout,3555,test,1282.31
contiguous_block_holdout,3556,test,1282.62
contiguous_block_holdout,3557,test,1282.93
contiguous_block_holdout,3558,test,1283.24
contiguous_block_holdout,3559,test,1283.54
contiguous_block_holdout,3560,test,1283.85
contiguous_block_holdout,3561,test,1284.16
contiguous_block_holdout,3562,test,1284.47
contiguous_block_holdout,3563,test,1284.78
contiguous_block_holdout,3564,test,1285.09
contiguous_block_holdout,3565,test,1285.39
contiguous_block_holdout,3566,test,1285.7
contiguous_block_holdout,3567,test,1286.01
contiguous_block_holdout,3568,test,1286.32
contiguous_block_holdout,3569,test,1286.63
contiguous_block_holdout,3570,test,1286.93
contiguous_block_holdout,3571,test,1287.24
contiguous_block_holdout,3572,test,1287.55
contiguous_block_holdout,3573,test,1290.63
contiguous_block_holdout,3574,test,1290.94
contiguous_block_holdout,3575,test,1291.24
contiguous_block_holdout,3576,test,1291.55
contiguous_block_holdout,3577,test,1291.86
contiguous_block_holdout,3578,test,1292.17
contiguous_block_holdout,3579,test,1292.48
contiguous_block_holdout,3580,test,1292.79
contiguous_block_holdout,3581,test,1293.09
contiguous_block_holdout,3582,test,1293.4
contiguous_block_holdout,3583,test,1293.71
contiguous_block_holdout,3584,test,1294.02
contiguous_block_holdout,3585,test,1294.32
contiguous_block_holdout,3586,test,1294.63
contiguous_block_holdout,3587,test,1294.94
contiguous_block_holdout,3588,test,1295.25
contiguous_block_holdout,3589,test,1295.86
contiguous_block_holdout,3590,test,1296.17
contiguous_block_holdout,3591,test,1296.79
contiguous_block_holdout,3592,test,1297.72
contiguous_block_holdout,3593,test,1298.02
contiguous_block_holdout,3594,test,1298.33
contiguous_block_holdout,3595,test,1298.64
contiguous_block_holdout,3596,test,1298.95
contiguous_block_holdout,3597,test,1299.26
contiguous_block_holdout,3598,test,1299.56
contiguous_block_holdout,3599,test,1299.87
contiguous_block_holdout,3600,test,1300.18
contiguous_block_holdout,3601,test,1300.49
contiguous_block_holdout,3602,test,1300.8
contiguous_block_holdout,3603,test,1301.1
contiguous_block_holdout,3604,test,1301.41
contiguous_block_holdout,3605,test,1301.72
contiguous_block_holdout,3606,test,1302.03
contiguous_block_holdout,3607,test,1302.33
contiguous_block_holdout,3608,test,1302.64
contiguous_block_holdout,3609,test,1302.96
contiguous_block_holdout,3610,test,1303.26
contiguous_block_holdout,3611,test,1303.57
contiguous_block_holdout,3612,test,1303.88
contiguous_block_holdout,3613,test,1304.19
contiguous_block_holdout,3614,test,1304.5
contiguous_block_holdout,3615,test,1304.8
contiguous_block_holdout,3616,test,1305.11
contiguous_block_holdout,3617,test,1305.42
contiguous_block_holdout,3618,test,1305.73
contiguous_block_holdout,3619,test,1306.03
contiguous_block_holdout,3620,test,1306.34
contiguous_block_holdout,3621,test,1306.65
contiguous_block_holdout,3622,test,1306.96
contiguous_block_holdout,3623,test,1307.27
contiguous_block_holdout,3624,test,1307.57
contiguous_block_holdout,3625,test,1307.88
contiguous_block_holdout,3626,test,1308.19
contiguous_block_holdout,3627,test,1309.66
contiguous_block_holdout,3628,test,1309.97
contiguous_block_holdout,3629,test,1310.28
contiguous_block_holdout,3630,test,1310.59
contiguous_block_holdout,3631,test,1310.89
contiguous_block_holdout,3632,test,1311.2
contiguous_block_holdout,3633,test,1311.51
contiguous_block_holdout,3634,test,1311.82
contiguous_block_holdout,3635,test,1312.12
contiguous_block_holdout,3636,test,1312.43
contiguous_block_holdout,3637,test,1312.74
contiguous_block_holdout,3638,test,1313.05
contiguous_block_holdout,3639,test,1313.36
contiguous_block_holdout,3640,test,1313.66
contiguous_block_holdout,3641,test,1313.97
contiguous_block_holdout,3642,test,1314.29
contiguous_block_holdout,3643,test,1314.9
contiguous_block_holdout,3644,test,1315.21
contiguous_block_holdout,3645,test,1315.51
contiguous_block_holdout,3646,test,1315.82
contiguous_block_holdout,3647,test,1316.13
contiguous_block_holdout,3648,test,1316.44
contiguous_block_holdout,3649,test,1316.74
contiguous_block_holdout,3650,test,1317.05
contiguous_block_holdout,3651,test,1317.36
contiguous_block_holdout,3652,test,1317.67
contiguous_block_holdout,3653,test,1317.98
contiguous_block_holdout,3654,test,1318.59
contiguous_block_holdout,3655,test,1318.91
contiguous_block_holdout,3656,test,1319.21
contiguous_block_holdout,3657,test,1319.52
contiguous_block_holdout,3658,test,1319.83
contiguous_block_holdout,3659,test,1320.14
contiguous_block_holdout,3660,test,1320.44
contiguous_block_holdout,3661,test,1320.75
contiguous_block_holdout,3662,test,1321.06
contiguous_block_holdout,3663,test,1321.37
contiguous_block_holdout,3664,test,1321.68
contiguous_block_holdout,3665,test,1321.98
contiguous_block_holdout,3666,test,1322.29
contiguous_block_holdout,3667,test,1322.6
contiguous_block_holdout,3668,test,1322.91
contiguous_block_holdout,3669,test,1323.22
contiguous_block_holdout,3670,test,1323.52
contiguous_block_holdout,3671,test,1323.83
contiguous_block_holdout,3672,test,1324.14
contiguous_block_holdout,3673,test,1324.45
contiguous_block_holdout,3674,test,1324.75
contiguous_block_holdout,3675,test,1325.06
contiguous_block_holdout,3676,test,1325.37
contiguous_block_holdout,3677,test,1325.68
contiguous_block_holdout,3678,test,1325.99
contiguous_block_holdout,3679,test,1326.29
contiguous_block_holdout,3680,test,1326.6
contiguous_block_holdout,3681,test,1326.91
contiguous_block_holdout,3682,test,1327.22
contiguous_block_holdout,3683,test,1327.53
contiguous_block_holdout,3684,test,1327.83
contiguous_block_holdout,3685,test,1328.14
contiguous_block_holdout,3686,test,1328.45
contiguous_block_holdout,3687,test,1328.76
contiguous_block_holdout,3688,test,1329.06
contiguous_block_holdout,3689,test,1329.68
contiguous_block_holdout,3690,test,1329.99
contiguous_block_holdout,3691,test,1330.3
contiguous_block_holdout,3692,test,1330.6
contiguous_block_holdout,3693,test,1330.91
contiguous_block_holdout,3694,test,1331.22
contiguous_block_holdout,3695,test,1331.53
contiguous_block_holdout,3696,test,1331.83
contiguous_block_holdout,3697,test,1332.14
contiguous_block_holdout,3698,test,1332.45
contiguous_block_holdout,3699,test,1332.76
contiguous_block_holdout,3700,test,1333.07
contiguous_block_holdout,3701,test,1333.37
contiguous_block_holdout,3702,test,1333.68
contiguous_block_holdout,3703,test,1333.99
contiguous_block_holdout,3704,test,1334.3
contiguous_block_holdout,3705,test,1334.61
contiguous_block_holdout,3706,test,1334.91
contiguous_block_holdout,3707,test,1335.22
contiguous_block_holdout,3708,test,1335.53
contiguous_block_holdout,3709,test,1335.84
contiguous_block_holdout,3710,test,1336.14
contiguous_block_holdout,3711,test,1336.45
contiguous_block_holdout,3712,test,1336.76
contiguous_block_holdout,3713,test,1337.06
contiguous_block_holdout,3714,test,1337.37
contiguous_block_holdout,3715,test,1337.69
contiguous_block_holdout,3716,test,1338.0
contiguous_block_holdout,3717,test,1338.31
contiguous_block_holdout,3718,test,1338.62
contiguous_block_holdout,3719,test,1338.62
contiguous_block_holdout,3720,test,1338.92
contiguous_block_holdout,3721,test,1339.23
contiguous_block_holdout,3722,test,1339.54
contiguous_block_holdout,3723,test,1339.85
contiguous_block_holdout,3724,test,1340.16
contiguous_block_holdout,3725,test,1340.46
contiguous_block_holdout,3726,test,1340.77
contiguous_block_holdout,3727,test,1341.08
contiguous_block_holdout,3728,test,1341.38
contiguous_block_holdout,3729,test,1341.69
contiguous_block_holdout,3730,test,1342.0
contiguous_block_holdout,3731,test,1342.31
contiguous_block_holdout,3732,test,1342.62
contiguous_block_holdout,3733,test,1342.92
contiguous_block_holdout,3734,test,1343.23
contiguous_block_holdout,3735,test,1343.54
contiguous_block_holdout,3736,test,1343.85
contiguous_block_holdout,3737,test,1344.15
contiguous_block_holdout,3738,test,1344.46
contiguous_block_holdout,3739,test,1344.77
contiguous_block_holdout,3740,test,1345.08
contiguous_block_holdout,3741,test,1345.39
contiguous_block_holdout,3742,test,1345.69
contiguous_block_holdout,3743,test,1346.0
contiguous_block_holdout,3744,test,1346.31
contiguous_block_holdout,3745,test,1346.61
contiguous_block_holdout,3746,test,1346.92
contiguous_block_holdout,3747,test,1347.23
contiguous_block_holdout,3748,test,1347.85
contiguous_block_holdout,3749,test,1348.15
contiguous_block_holdout,3750,test,1348.46
contiguous_block_holdout,3751,test,1348.77
contiguous_block_holdout,3752,test,1349.08
contiguous_block_holdout,3753,test,1349.38
contiguous_block_holdout,3754,test,1349.69
contiguous_block_holdout,3755,test,1350.0
contiguous_block_holdout,3756,test,1350.31
contiguous_block_holdout,3757,test,1350.62
contiguous_block_holdout,3758,test,1350.92
contiguous_block_holdout,3759,test,1351.23
contiguous_block_holdout,3760,test,1351.54
contiguous_block_holdout,3761,test,1351.85
contiguous_block_holdout,3762,test,1352.15
contiguous_block_holdout,3763,test,1352.46
contiguous_block_holdout,3764,test,1352.77
contiguous_block_holdout,3765,test,1353.08
contiguous_block_holdout,3766,test,1353.7
contiguous_block_holdout,3767,test,1354.01
contiguous_block_holdout,3768,test,1354.32
contiguous_block_holdout,3769,test,1354.63
contiguous_block_holdout,3770,test,1354.93
contiguous_block_holdout,3771,test,1355.25
contiguous_block_holdout,3772,test,1355.55
contiguous_block_holdout,3773,test,1355.86
contiguous_block_holdout,3774,test,1356.17
contiguous_block_holdout,3775,test,1356.48
contiguous_block_holdout,3776,test,1356.78
contiguous_block_holdout,3777,test,1357.09
contiguous_block_holdout,3778,test,1357.4
contiguous_block_holdout,3779,test,1357.71
contiguous_block_holdout,3780,test,1358.02
contiguous_block_holdout,3781,test,1358.32
contiguous_block_holdout,3782,test,1358.63
contiguous_block_holdout,3783,test,1358.95
contiguous_block_holdout,3784,test,1359.25
contiguous_block_holdout,3785,test,1359.56
contiguous_block_holdout,3786,test,1359.87
contiguous_block_holdout,3787,test,1360.18
contiguous_block_holdout,3788,test,1360.48
contiguous_block_holdout,3789,test,1360.79
contiguous_block_holdout,3790,test,1361.1
contiguous_block_holdout,3791,test,1361.41
contiguous_block_holdout,3792,test,1361.71
contiguous_block_holdout,3793,test,1362.02
contiguous_block_holdout,3794,test,1362.33
contiguous_block_holdout,3795,test,1362.64
contiguous_block_holdout,3796,test,1362.94
contiguous_block_holdout,3797,test,1363.25
contiguous_block_holdout,3798,test,1363.56
contiguous_block_holdout,3799,test,1363.87
contiguous_block_holdout,3800,test,1364.18
contiguous_block_holdout,3801,test,1364.48
contiguous_block_holdout,3802,test,1364.79
contiguous_block_holdout,3803,test,1364.79
contiguous_block_holdout,3804,test,1365.11
contiguous_block_holdout,3805,test,1365.41
contiguous_block_holdout,3806,test,1365.72
contiguous_block_holdout,3807,test,1366.03
contiguous_block_holdout,3808,test,1366.34
contiguous_block_holdout,3809,test,1366.65
contiguous_block_holdout,3810,test,1366.96
contiguous_block_holdout,3811,test,1367.27
contiguous_block_holdout,3812,test,1367.57
contiguous_block_holdout,3813,test,1367.88
contiguous_block_holdout,3814,test,1368.19
contiguous_block_holdout,3815,test,1368.49
contiguous_block_holdout,3816,test,1368.8
contiguous_block_holdout,3817,test,1369.11
contiguous_block_holdout,3818,test,1369.42
contiguous_block_holdout,3819,test,1369.73
contiguous_block_holdout,3820,test,1370.03
contiguous_block_holdout,3821,test,1370.34
contiguous_block_holdout,3822,test,1370.65
contiguous_block_holdout,3823,test,1370.96
contiguous_block_holdout,3824,test,1371.26
contiguous_block_holdout,3825,test,1371.57
contiguous_block_holdout,3826,test,1371.88
contiguous_block_holdout,3827,test,1372.19
contiguous_block_holdout,3828,test,1372.5
contiguous_block_holdout,3829,test,1372.8
contiguous_block_holdout,3830,test,1373.11
contiguous_block_holdout,3831,test,1373.42
contiguous_block_holdout,3832,test,1373.73
contiguous_block_holdout,3833,test,1374.04
contiguous_block_holdout,3834,test,1374.34
contiguous_block_holdout,3835,test,1374.65
contiguous_block_holdout,3836,test,1374.96
contiguous_block_holdout,3837,test,1375.27
contiguous_block_holdout,3838,test,1375.57
contiguous_block_holdout,3839,test,1375.88
contiguous_block_holdout,3840,test,1376.19
contiguous_block_holdout,3841,test,1376.49
contiguous_block_holdout,3842,test,1376.81
contiguous_block_holdout,3843,test,1377.12
contiguous_block_holdout,3844,test,1377.43
contiguous_block_holdout,3845,test,1377.74
contiguous_block_holdout,3846,test,1378.05
contiguous_block_holdout,3847,test,1378.35
contiguous_block_holdout,3848,test,1378.66
contiguous_block_holdout,3849,test,1378.97
contiguous_block_holdout,3850,test,1379.28
contiguous_block_holdout,3851,test,1379.59
contiguous_block_holdout,3852,test,1379.9
contiguous_block_holdout,3853,test,1380.21
contiguous_block_holdout,3854,test,1380.52
contiguous_block_holdout,3855,test,1380.82
contiguous_block_holdout,3856,test,1381.14
contiguous_block_holdout,3857,test,1381.44
contiguous_block_holdout,3858,test,1381.75
contiguous_block_holdout,3859,test,1382.06
contiguous_block_holdout,3860,test,1382.37
contiguous_block_holdout,3861,test,1382.68
contiguous_block_holdout,3862,test,1382.98
contiguous_block_holdout,3863,test,1383.29
contiguous_block_holdout,3864,test,1383.6
contiguous_block_holdout,3865,test,1383.91
contiguous_block_holdout,3866,test,1384.22
contiguous_block_holdout,3867,test,1384.52
contiguous_block_holdout,3868,test,1384.83
contiguous_block_holdout,3869,test,1385.14
contiguous_block_holdout,3870,test,1385.46
contiguous_block_holdout,3871,test,1385.76
contiguous_block_holdout,3872,test,1386.07
contiguous_block_holdout,3873,test,1386.38
contiguous_block_holdout,3874,test,1386.69
contiguous_block_holdout,3875,test,1386.99
contiguous_block_holdout,3876,test,1387.3
contiguous_block_holdout,3877,test,1387.61
contiguous_block_holdout,3878,test,1387.92
contiguous_block_holdout,3879,test,1388.23
contiguous_block_holdout,3880,test,1388.53
contiguous_block_holdout,3881,test,1388.84
contiguous_block_holdout,3882,test,1389.15
contiguous_block_holdout,3883,test,1389.46
contiguous_block_holdout,3884,test,1389.77
contiguous_block_holdout,3885,test,1390.07
contiguous_block_holdout,3886,test,1390.38
contiguous_block_holdout,3887,test,1390.69
contiguous_block_holdout,3888,test,1391.0
contiguous_block_holdout,3889,test,1391.3
contiguous_block_holdout,3890,test,1391.61
contiguous_block_holdout,3891,test,1391.61
contiguous_block_holdout,3892,test,1391.92
contiguous_block_holdout,3893,test,1392.23
contiguous_block_holdout,3894,test,1392.54
contiguous_block_holdout,3895,test,1392.84
contiguous_block_holdout,3896,test,1393.15
contiguous_block_holdout,3897,test,1393.46
contiguous_block_holdout,3898,test,1393.77
contiguous_block_holdout,3899,test,1394.07
contiguous_block_holdout,3900,test,1394.38
contiguous_block_holdout,3901,test,1394.69
contiguous_block_holdout,3902,test,1395.0
contiguous_block_holdout,3903,test,1395.31
contiguous_block_holdout,3904,test,1395.61
contiguous_block_holdout,3905,test,1395.92
contiguous_block_holdout,3906,test,1396.23
contiguous_block_holdout,3907,test,1396.54
contiguous_block_holdout,3908,test,1396.85
contiguous_block_holdout,3909,test,1397.15
contiguous_block_holdout,3910,test,1397.46
contiguous_block_holdout,3911,test,1397.77
contiguous_block_holdout,3912,test,1398.08
contiguous_block_holdout,3913,test,1398.38
contiguous_block_holdout,3914,test,1398.69
contiguous_block_holdout,3915,test,1399.0
contiguous_block_holdout,3916,test,1399.31
contiguous_block_holdout,3917,test,1399.62
contiguous_block_holdout,3918,test,1399.93
contiguous_block_holdout,3919,test,1400.23
contiguous_block_holdout,3920,test,1400.54
contiguous_block_holdout,3921,test,1400.85
contiguous_block_holdout,3922,test,1401.16
contiguous_block_holdout,3923,test,1401.16
contiguous_block_holdout,3924,test,1401.47
contiguous_block_holdout,3925,test,1401.77
contiguous_block_holdout,3926,test,1402.08
contiguous_block_holdout,3927,test,1402.39
contiguous_block_holdout,3928,test,1402.7
contiguous_block_holdout,3929,test,1403.01
contiguous_block_holdout,3930,test,1403.31
contiguous_block_holdout,3931,test,1403.62
contiguous_block_holdout,3932,test,1403.93
contiguous_block_holdout,3933,test,1404.24
contiguous_block_holdout,3934,test,1404.54
contiguous_block_holdout,3935,test,1404.85
contiguous_block_holdout,3936,test,1405.16
contiguous_block_holdout,3937,test,1405.47
contiguous_block_holdout,3938,test,1405.78
contiguous_block_holdout,3939,test,1406.08
contiguous_block_holdout,3940,test,1406.39
contiguous_block_holdout,3941,test,1406.7
contiguous_block_holdout,3942,test,1407.01
contiguous_block_holdout,3943,test,1407.31
contiguous_block_holdout,3944,test,1407.62
contiguous_block_holdout,3945,test,1407.93
contiguous_block_holdout,3946,test,1408.24
contiguous_block_holdout,3947,test,1408.55
contiguous_block_holdout,3948,test,1408.85
contiguous_block_holdout,3949,test,1409.16
contiguous_block_holdout,3950,train,1409.47
contiguous_block_holdout,3951,train,1409.77
contiguous_block_holdout,3952,train,1410.08
contiguous_block_holdout,3953,train,1410.39
contiguous_block_holdout,3954,train,1410.7
contiguous_block_holdout,3955,train,1411.01
contiguous_block_holdout,3956,train,1411.16
contiguous_block_holdout,3957,train,1411.62
contiguous_block_holdout,3958,train,1411.93
contiguous_block_holdout,3959,train,1412.24
contiguous_block_holdout,3960,train,1412.54
contiguous_block_holdout,3961,train,1412.85
contiguous_block_holdout,3962,train,1413.16
contiguous_block_holdout,3963,train,1413.47
contiguous_block_holdout,3964,train,1413.78
contiguous_block_holdout,3965,train,1414.08
contiguous_block_holdout,3966,train,1414.39
contiguous_block_holdout,3967,train,1414.7
contiguous_block_holdout,3968,train,1415.0
contiguous_block_holdout,3969,train,1415.31
contiguous_block_holdout,3970,train,1415.62
contiguous_block_holdout,3971,train,1415.93
contiguous_block_holdout,3972,train,1415.93
contiguous_block_holdout,3973,train,1416.24
contiguous_block_holdout,3974,train,1416.24
contiguous_block_holdout,3975,train,1416.54
contiguous_block_holdout,3976,train,1416.85
contiguous_block_holdout,3977,train,1417.16
contiguous_block_holdout,3978,train,1417.47
contiguous_block_holdout,3979,train,1417.78
contiguous_block_holdout,3980,train,1418.08
contiguous_block_holdout,3981,train,1423.02
contiguous_block_holdout,3982,train,1423.33
contiguous_block_holdout,3983,train,1423.64
contiguous_block_holdout,3984,train,1423.94
contiguous_block_holdout,3985,train,1424.25
contiguous_block_holdout,3986,train,1424.56
contiguous_block_holdout,3987,train,1424.87
contiguous_block_holdout,3988,train,1425.18
contiguous_block_holdout,3989,train,1425.48
contiguous_block_holdout,3990,train,1425.79
contiguous_block_holdout,3991,train,1426.1
contiguous_block_holdout,3992,train,1426.1
contiguous_block_holdout,3993,train,1426.41
contiguous_block_holdout,3994,train,1426.71
contiguous_block_holdout,3995,train,1427.02
contiguous_block_holdout,3996,train,1427.33
contiguous_block_holdout,3997,train,1427.64
contiguous_block_holdout,3998,train,1427.95
contiguous_block_holdout,3999,train,1428.26
contiguous_block_holdout,4000,train,1428.57
contiguous_block_holdout,4001,train,1428.88
contiguous_block_holdout,4002,train,1429.19
contiguous_block_holdout,4003,train,1429.49
contiguous_block_holdout,4004,train,1429.8
contiguous_block_holdout,4005,train,1430.11
contiguous_block_holdout,4006,train,1430.42
contiguous_block_holdout,4007,train,1430.73
contiguous_block_holdout,4008,train,1431.03
contiguous_block_holdout,4009,train,1431.34
contiguous_block_holdout,4010,train,1431.65
contiguous_block_holdout,4011,train,1441.19
contiguous_block_holdout,4012,train,1441.5
contiguous_block_holdout,4013,train,1441.81
contiguous_block_holdout,4014,train,1442.12
contiguous_block_holdout,4015,train,1443.35
contiguous_block_holdout,4016,train,1443.66
contiguous_block_holdout,4017,train,1443.97
contiguous_block_holdout,4018,train,1444.27
contiguous_block_holdout,4019,train,1444.58
contiguous_block_holdout,4020,train,1444.89
contiguous_block_holdout,4021,train,1445.2
contiguous_block_holdout,4022,train,1445.5
contiguous_block_holdout,4023,train,1445.81
contiguous_block_holdout,4024,train,1446.12
contiguous_block_holdout,4025,train,1446.43
contiguous_block_holdout,4026,train,1446.74
contiguous_block_holdout,4027,train,1447.66
contiguous_block_holdout,4028,train,1447.96
contiguous_block_holdout,4029,train,1448.27
contiguous_block_holdout,4030,train,1448.58
contiguous_block_holdout,4031,train,1448.89
contiguous_block_holdout,4032,train,1449.2
contiguous_block_holdout,4033,train,1449.5
contiguous_block_holdout,4034,train,1449.81
contiguous_block_holdout,4035,train,1450.12
contiguous_block_holdout,4036,train,1450.43
contiguous_block_holdout,4037,train,1450.73
contiguous_block_holdout,4038,train,1451.04
contiguous_block_holdout,4039,train,1451.66
contiguous_block_holdout,4040,train,1451.97
contiguous_block_holdout,4041,train,1452.27
contiguous_block_holdout,4042,train,1452.58
contiguous_block_holdout,4043,train,1452.89
contiguous_block_holdout,4044,train,1453.2
contiguous_block_holdout,4045,train,1453.92
contiguous_block_holdout,4046,train,1454.23
contiguous_block_holdout,4047,train,1454.54
contiguous_block_holdout,4048,train,1454.84
contiguous_block_holdout,4049,train,1455.15
contiguous_block_holdout,4050,train,1455.46
contiguous_block_holdout,4051,train,1455.77
contiguous_block_holdout,4052,train,1456.07
contiguous_block_holdout,4053,train,1456.38
contiguous_block_holdout,4054,train,1456.69
contiguous_block_holdout,4055,train,1457.0
contiguous_block_holdout,4056,train,1457.31
contiguous_block_holdout,4057,train,1462.26
contiguous_block_holdout,4058,train,1462.56
contiguous_block_holdout,4059,train,1462.87
contiguous_block_holdout,4060,train,1463.18
contiguous_block_holdout,4061,train,1463.49
contiguous_block_holdout,4062,train,1463.8
contiguous_block_holdout,4063,train,1464.11
contiguous_block_holdout,4064,train,1464.41
contiguous_block_holdout,4065,train,1464.72
contiguous_block_holdout,4066,train,1465.03
contiguous_block_holdout,4067,train,1465.34
contiguous_block_holdout,4068,train,1465.65
contiguous_block_holdout,4069,train,1465.96
contiguous_block_holdout,4070,train,1466.26
contiguous_block_holdout,4071,train,1466.57
contiguous_block_holdout,4072,train,1466.88
contiguous_block_holdout,4073,train,1467.19
contiguous_block_holdout,4074,train,1467.49
contiguous_block_holdout,4075,train,1471.19
contiguous_block_holdout,4076,train,1471.5
contiguous_block_holdout,4077,train,1472.11
contiguous_block_holdout,4078,train,1472.42
contiguous_block_holdout,4079,train,1472.73
contiguous_block_holdout,4080,train,1473.04
contiguous_block_holdout,4081,train,1473.34
contiguous_block_holdout,4082,train,1473.65
contiguous_block_holdout,4083,train,1473.96
contiguous_block_holdout,4084,train,1474.27
contiguous_block_holdout,4085,train,1474.58
contiguous_block_holdout,4086,train,1474.89
contiguous_block_holdout,4087,train,1475.2
contiguous_block_holdout,4088,train,1475.5
contiguous_block_holdout,4089,train,1475.81
contiguous_block_holdout,4090,train,1476.12
contiguous_block_holdout,4091,train,1476.43
contiguous_block_holdout,4092,train,1482.58
contiguous_block_holdout,4093,train,1482.89
contiguous_block_holdout,4094,train,1483.19
contiguous_block_holdout,4095,train,1483.5
contiguous_block_holdout,4096,train,1483.81
contiguous_block_holdout,4097,train,1484.12
contiguous_block_holdout,4098,train,1484.43
contiguous_block_holdout,4099,train,1484.73
contiguous_block_holdout,4100,train,1485.04
contiguous_block_holdout,4101,train,1485.35
contiguous_block_holdout,4102,train,1485.66
contiguous_block_holdout,4103,train,1485.97
contiguous_block_holdout,4104,train,1489.05
contiguous_block_holdout,4105,train,1489.36
contiguous_block_holdout,4106,train,1489.66
contiguous_block_holdout,4107,train,1489.97
contiguous_block_holdout,4108,train,1490.28
contiguous_block_holdout,4109,train,1490.59
contiguous_block_holdout,4110,train,1490.9
contiguous_block_holdout,4111,train,1491.2
contiguous_block_holdout,4112,train,1491.51
contiguous_block_holdout,4113,train,1491.82
contiguous_block_holdout,4114,train,1492.13
contiguous_block_holdout,4115,train,1492.44
contiguous_block_holdout,4116,train,1492.74
contiguous_block_holdout,4117,train,1493.05
contiguous_block_holdout,4118,train,1493.36
contiguous_block_holdout,4119,train,1493.67
contiguous_block_holdout,4120,train,1493.97
contiguous_block_holdout,4121,train,1494.28
contiguous_block_holdout,4122,train,1494.59
contiguous_block_holdout,4123,train,1494.9
contiguous_block_holdout,4124,train,1494.9
contiguous_block_holdout,4125,train,1495.21
contiguous_block_holdout,4126,train,1498.31
contiguous_block_holdout,4127,train,1498.61
contiguous_block_holdout,4128,train,1500.15
contiguous_block_holdout,4129,train,1500.46
contiguous_block_holdout,4130,train,1500.77
contiguous_block_holdout,4131,train,1501.08
contiguous_block_holdout,4132,train,1501.39
contiguous_block_holdout,4133,train,1501.7
contiguous_block_holdout,4134,train,1502.01
contiguous_block_holdout,4135,train,1502.32
contiguous_block_holdout,4136,train,1502.62
contiguous_block_holdout,4137,train,1502.93
contiguous_block_holdout,4138,train,1503.55
contiguous_block_holdout,4139,train,1503.86
contiguous_block_holdout,4140,train,1504.16
contiguous_block_holdout,4141,train,1504.47
contiguous_block_holdout,4142,train,1504.78
contiguous_block_holdout,4143,train,1505.09
contiguous_block_holdout,4144,train,1507.85
contiguous_block_holdout,4145,train,1508.16
contiguous_block_holdout,4146,train,1508.47
contiguous_block_holdout,4147,train,1508.78
contiguous_block_holdout,4148,train,1509.09
contiguous_block_holdout,4149,train,1509.39
contiguous_block_holdout,4150,train,1509.7
contiguous_block_holdout,4151,train,1510.01
contiguous_block_holdout,4152,train,1510.32
contiguous_block_holdout,4153,train,1510.62
contiguous_block_holdout,4154,train,1510.93
contiguous_block_holdout,4155,train,1511.24
contiguous_block_holdout,4156,train,1511.55
contiguous_block_holdout,4157,train,1511.86
contiguous_block_holdout,4158,train,1512.16
contiguous_block_holdout,4159,train,1512.47
contiguous_block_holdout,4160,train,1512.78
contiguous_block_holdout,4161,train,1513.09
contiguous_block_holdout,4162,train,1513.4
contiguous_block_holdout,4163,train,1513.7
contiguous_block_holdout,4164,train,1514.01
contiguous_block_holdout,4165,train,1514.32
contiguous_block_holdout,4166,train,1514.63
contiguous_block_holdout,4167,train,1517.77
contiguous_block_holdout,4168,train,1518.07
contiguous_block_holdout,4169,train,1518.38
contiguous_block_holdout,4170,train,1518.69
contiguous_block_holdout,4171,train,1519.0
contiguous_block_holdout,4172,train,1519.31
contiguous_block_holdout,4173,train,1519.61
contiguous_block_holdout,4174,train,1519.92
contiguous_block_holdout,4175,train,1520.23
contiguous_block_holdout,4176,train,1520.53
contiguous_block_holdout,4177,train,1520.84
contiguous_block_holdout,4178,train,1521.15
contiguous_block_holdout,4179,train,1521.46
contiguous_block_holdout,4180,train,1521.76
contiguous_block_holdout,4181,train,1522.07
contiguous_block_holdout,4182,train,1522.38
contiguous_block_holdout,4183,train,1522.69
contiguous_block_holdout,4184,train,1523.0
contiguous_block_holdout,4185,train,1523.3
contiguous_block_holdout,4186,train,1523.61
contiguous_block_holdout,4187,train,1523.92
contiguous_block_holdout,4188,train,1524.23
contiguous_block_holdout,4189,train,1524.54
contiguous_block_holdout,4190,train,1527.31
contiguous_block_holdout,4191,train,1527.61
contiguous_block_holdout,4192,train,1527.92
contiguous_block_holdout,4193,train,1528.23
contiguous_block_holdout,4194,train,1528.54
contiguous_block_holdout,4195,train,1528.85
contiguous_block_holdout,4196,train,1529.16
contiguous_block_holdout,4197,train,1529.47
contiguous_block_holdout,4198,train,1529.77
contiguous_block_holdout,4199,train,1530.08
contiguous_block_holdout,4200,train,1530.39
contiguous_block_holdout,4201,train,1530.7
contiguous_block_holdout,4202,train,1531.01
contiguous_block_holdout,4203,train,1531.32
contiguous_block_holdout,4204,train,1531.62
contiguous_block_holdout,4205,train,1531.93
contiguous_block_holdout,4206,train,1532.24
contiguous_block_holdout,4207,train,1532.55
contiguous_block_holdout,4208,train,1532.86
contiguous_block_holdout,4209,train,1533.16
contiguous_block_holdout,4210,train,1533.47
contiguous_block_holdout,4211,train,1533.78
contiguous_block_holdout,4212,train,1537.17
contiguous_block_holdout,4213,train,1537.47
contiguous_block_holdout,4214,train,1537.78
contiguous_block_holdout,4215,train,1538.09
contiguous_block_holdout,4216,train,1538.39
contiguous_block_holdout,4217,train,1538.7
contiguous_block_holdout,4218,train,1539.01
contiguous_block_holdout,4219,train,1539.32
contiguous_block_holdout,4220,train,1539.63
contiguous_block_holdout,4221,train,1539.93
contiguous_block_holdout,4222,train,1540.24
contiguous_block_holdout,4223,train,1540.55
contiguous_block_holdout,4224,train,1540.86
contiguous_block_holdout,4225,train,1541.16
contiguous_block_holdout,4226,train,1541.47
contiguous_block_holdout,4227,train,1541.78
contiguous_block_holdout,4228,train,1542.09
contiguous_block_holdout,4229,train,1542.4
contiguous_block_holdout,4230,train,1542.7
contiguous_block_holdout,4231,train,1543.01
contiguous_block_holdout,4232,train,1543.32
contiguous_block_holdout,4233,train,1543.63
contiguous_block_holdout,4234,train,1543.94
contiguous_block_holdout,4235,train,1546.57
contiguous_block_holdout,4236,train,1546.64
contiguous_block_holdout,4237,train,1546.94
contiguous_block_holdout,4238,train,1547.25
contiguous_block_holdout,4239,train,1547.56
contiguous_block_holdout,4240,train,1547.87
contiguous_block_holdout,4241,train,1548.17
contiguous_block_holdout,4242,train,1548.48
contiguous_block_holdout,4243,train,1548.79
contiguous_block_holdout,4244,train,1549.1
contiguous_block_holdout,4245,train,1549.41
contiguous_block_holdout,4246,train,1549.71
contiguous_block_holdout,4247,train,1550.02
contiguous_block_holdout,4248,train,1550.33
contiguous_block_holdout,4249,train,1550.64
contiguous_block_holdout,4250,train,1550.94
contiguous_block_holdout,4251,train,1551.25
contiguous_block_holdout,4252,train,1551.56
contiguous_block_holdout,4253,train,1551.87
contiguous_block_holdout,4254,train,1552.17
contiguous_block_holdout,4255,train,1552.48
contiguous_block_holdout,4256,train,1552.79
contiguous_block_holdout,4257,train,1553.1
contiguous_block_holdout,4258,train,1553.41
contiguous_block_holdout,4259,train,1553.72
contiguous_block_holdout,4260,train,1554.03
contiguous_block_holdout,4261,train,1554.33
contiguous_block_holdout,4262,train,1554.64
contiguous_block_holdout,4263,train,1554.95
contiguous_block_holdout,4264,train,1555.26
contiguous_block_holdout,4265,train,1555.57
contiguous_block_holdout,4266,train,1555.87
contiguous_block_holdout,4267,train,1556.18
contiguous_block_holdout,4268,train,1556.49
contiguous_block_holdout,4269,train,1556.8
contiguous_block_holdout,4270,train,1556.8
contiguous_block_holdout,4271,train,1557.1
contiguous_block_holdout,4272,train,1557.41
contiguous_block_holdout,4273,train,1557.72
contiguous_block_holdout,4274,train,1558.03
contiguous_block_holdout,4275,train,1558.34
contiguous_block_holdout,4276,train,1558.64
contiguous_block_holdout,4277,train,1558.95
contiguous_block_holdout,4278,train,1559.26
contiguous_block_holdout,4279,train,1559.57
contiguous_block_holdout,4280,train,1559.88
contiguous_block_holdout,4281,train,1560.18
contiguous_block_holdout,4282,train,1560.49
contiguous_block_holdout,4283,train,1560.8
contiguous_block_holdout,4284,train,1561.1
contiguous_block_holdout,4285,train,1561.41
contiguous_block_holdout,4286,train,1561.72
contiguous_block_holdout,4287,train,1562.03
contiguous_block_holdout,4288,train,1562.33
contiguous_block_holdout,4289,train,1562.64
contiguous_block_holdout,4290,train,1562.95
contiguous_block_holdout,4291,train,1563.26
contiguous_block_holdout,4292,train,1563.89
contiguous_block_holdout,4293,train,1564.2
contiguous_block_holdout,4294,train,1564.5
contiguous_block_holdout,4295,train,1564.82
contiguous_block_holdout,4296,train,1565.12
contiguous_block_holdout,4297,train,1565.43
contiguous_block_holdout,4298,train,1565.74
contiguous_block_holdout,4299,train,1566.05
contiguous_block_holdout,4300,train,1566.35
contiguous_block_holdout,4301,train,1566.66
contiguous_block_holdout,4302,train,1566.97
contiguous_block_holdout,4303,train,1567.28
contiguous_block_holdout,4304,train,1567.59
contiguous_block_holdout,4305,train,1567.89
contiguous_block_holdout,4306,train,1568.2
contiguous_block_holdout,4307,train,1568.51
contiguous_block_holdout,4308,train,1568.82
contiguous_block_holdout,4309,train,1569.13
contiguous_block_holdout,4310,train,1569.43
contiguous_block_holdout,4311,train,1569.74
contiguous_block_holdout,4312,train,1570.05
contiguous_block_holdout,4313,train,1570.35
contiguous_block_holdout,4314,train,1570.66
contiguous_block_holdout,4315,train,1570.97
contiguous_block_holdout,4316,train,1571.28
contiguous_block_holdout,4317,train,1571.58
contiguous_block_holdout,4318,train,1571.89
contiguous_block_holdout,4319,train,1572.2
contiguous_block_holdout,4320,train,1572.51
contiguous_block_holdout,4321,train,1575.28
contiguous_block_holdout,4322,train,1575.58
contiguous_block_holdout,4323,train,1575.89
contiguous_block_holdout,4324,train,1576.2
contiguous_block_holdout,4325,train,1576.51
contiguous_block_holdout,4326,train,1576.81
contiguous_block_holdout,4327,train,1577.12
contiguous_block_holdout,4328,train,1577.43
contiguous_block_holdout,4329,train,1577.74
contiguous_block_holdout,4330,train,1578.05
contiguous_block_holdout,4331,train,1578.35
contiguous_block_holdout,4332,train,1578.66
contiguous_block_holdout,4333,train,1578.97
contiguous_block_holdout,4334,train,1579.28
contiguous_block_holdout,4335,train,1579.59
contiguous_block_holdout,4336,train,1579.89
contiguous_block_holdout,4337,train,1580.2
contiguous_block_holdout,4338,train,1580.51
contiguous_block_holdout,4339,train,1580.81
contiguous_block_holdout,4340,train,1581.12
contiguous_block_holdout,4341,train,1581.43
contiguous_block_holdout,4342,train,1581.74
contiguous_block_holdout,4343,train,1582.05
contiguous_block_holdout,4344,train,1582.35
contiguous_block_holdout,4345,train,1582.66
contiguous_block_holdout,4346,train,1582.97
contiguous_block_holdout,4347,train,1583.27
contiguous_block_holdout,4348,train,1583.58
contiguous_block_holdout,4349,train,1583.89
contiguous_block_holdout,4350,train,1584.2
contiguous_block_holdout,4351,train,1584.5
contiguous_block_holdout,4352,train,1584.82
contiguous_block_holdout,4353,train,1585.12
contiguous_block_holdout,4354,train,1585.43
contiguous_block_holdout,4355,train,1585.74
contiguous_block_holdout,4356,train,1586.04
contiguous_block_holdout,4357,train,1586.35
contiguous_block_holdout,4358,train,1586.66
contiguous_block_holdout,4359,train,1586.97
contiguous_block_holdout,4360,train,1587.28
contiguous_block_holdout,4361,train,1587.58
contiguous_block_holdout,4362,train,1587.89
contiguous_block_holdout,4363,train,1588.2
contiguous_block_holdout,4364,train,1588.51
contiguous_block_holdout,4365,train,1588.81
contiguous_block_holdout,4366,train,1589.12
contiguous_block_holdout,4367,train,1589.43
contiguous_block_holdout,4368,train,1589.74
contiguous_block_holdout,4369,train,1590.05
contiguous_block_holdout,4370,train,1590.35
contiguous_block_holdout,4371,train,1590.66
contiguous_block_holdout,4372,train,1590.97
contiguous_block_holdout,4373,train,1591.28
contiguous_block_holdout,4374,train,1591.58
contiguous_block_holdout,4375,train,1591.89
contiguous_block_holdout,4376,train,1591.89
contiguous_block_holdout,4377,train,1592.2
contiguous_block_holdout,4378,train,1594.04
contiguous_block_holdout,4379,train,1594.35
contiguous_block_holdout,4380,train,1594.66
contiguous_block_holdout,4381,train,1594.96
contiguous_block_holdout,4382,train,1595.27
contiguous_block_holdout,4383,train,1595.58
contiguous_block_holdout,4384,train,1595.89
contiguous_block_holdout,4385,train,1596.2
contiguous_block_holdout,4386,train,1596.5
contiguous_block_holdout,4387,train,1596.81
contiguous_block_holdout,4388,train,1597.12
contiguous_block_holdout,4389,train,1597.43
contiguous_block_holdout,4390,train,1597.74
contiguous_block_holdout,4391,train,1598.04
contiguous_block_holdout,4392,train,1598.66
contiguous_block_holdout,4393,train,1598.66
contiguous_block_holdout,4394,train,1598.97
contiguous_block_holdout,4395,train,1599.59
contiguous_block_holdout,4396,train,1599.89
contiguous_block_holdout,4397,train,1600.2
contiguous_block_holdout,4398,train,1600.52
contiguous_block_holdout,4399,train,1600.82
contiguous_block_holdout,4400,train,1601.13
contiguous_block_holdout,4401,train,1601.44
contiguous_block_holdout,4402,train,1601.75
contiguous_block_holdout,4403,train,1603.9
contiguous_block_holdout,4404,train,1604.21
contiguous_block_holdout,4405,train,1604.51
contiguous_block_holdout,4406,train,1604.82
contiguous_block_holdout,4407,train,1605.13
contiguous_block_holdout,4408,train,1605.44
contiguous_block_holdout,4409,train,1605.75
contiguous_block_holdout,4410,train,1606.05
contiguous_block_holdout,4411,train,1606.36
contiguous_block_holdout,4412,train,1606.67
contiguous_block_holdout,4413,train,1606.98
contiguous_block_holdout,4414,train,1607.28
contiguous_block_holdout,4415,train,1607.6
contiguous_block_holdout,4416,train,1607.9
contiguous_block_holdout,4417,train,1608.21
contiguous_block_holdout,4418,train,1608.52
contiguous_block_holdout,4419,train,1608.83
contiguous_block_holdout,4420,train,1609.13
contiguous_block_holdout,4421,train,1609.44
contiguous_block_holdout,4422,train,1609.75
contiguous_block_holdout,4423,train,1610.05
contiguous_block_holdout,4424,train,1610.36
contiguous_block_holdout,4425,train,1610.67
contiguous_block_holdout,4426,train,1610.98
contiguous_block_holdout,4427,train,1611.29
contiguous_block_holdout,4428,train,1611.59
contiguous_block_holdout,4429,train,1611.9
contiguous_block_holdout,4430,train,1612.21
contiguous_block_holdout,4431,train,1612.52
contiguous_block_holdout,4432,train,1612.83
contiguous_block_holdout,4433,train,1613.14
contiguous_block_holdout,4434,train,1613.44
contiguous_block_holdout,4435,train,1613.75
contiguous_block_holdout,4436,train,1614.06
contiguous_block_holdout,4437,train,1614.37
contiguous_block_holdout,4438,train,1614.68
contiguous_block_holdout,4439,train,1614.98
contiguous_block_holdout,4440,train,1615.3
contiguous_block_holdout,4441,train,1615.6
contiguous_block_holdout,4442,train,1615.91
contiguous_block_holdout,4443,train,1616.22
contiguous_block_holdout,4444,train,1616.53
contiguous_block_holdout,4445,train,1616.84
contiguous_block_holdout,4446,train,1617.14
contiguous_block_holdout,4447,train,1617.45
contiguous_block_holdout,4448,train,1617.76
contiguous_block_holdout,4449,train,1618.07
contiguous_block_holdout,4450,train,1618.38
contiguous_block_holdout,4451,train,1618.68
contiguous_block_holdout,4452,train,1618.99
contiguous_block_holdout,4453,train,1619.3
contiguous_block_holdout,4454,train,1619.61
contiguous_block_holdout,4455,train,1619.91
contiguous_block_holdout,4456,train,1620.22
contiguous_block_holdout,4457,train,1620.53
contiguous_block_holdout,4458,train,1620.84
contiguous_block_holdout,4459,train,1621.15
contiguous_block_holdout,4460,train,1621.45
contiguous_block_holdout,4461,train,1621.46
contiguous_block_holdout,4462,train,1621.77
contiguous_block_holdout,4463,train,1622.08
contiguous_block_holdout,4464,train,1622.39
contiguous_block_holdout,4465,train,1622.7
contiguous_block_holdout,4466,train,1623.01
contiguous_block_holdout,4467,train,1623.32
contiguous_block_holdout,4468,train,1623.62
contiguous_block_holdout,4469,train,1623.93
contiguous_block_holdout,4470,train,1624.24
contiguous_block_holdout,4471,train,1624.55
contiguous_block_holdout,4472,train,1624.86
contiguous_block_holdout,4473,train,1625.16
contiguous_block_holdout,4474,train,1625.47
contiguous_block_holdout,4475,train,1625.78
contiguous_block_holdout,4476,train,1626.09
contiguous_block_holdout,4477,train,1626.39
contiguous_block_holdout,4478,train,1626.7
contiguous_block_holdout,4479,train,1627.01
contiguous_block_holdout,4480,train,1627.31
contiguous_block_holdout,4481,train,1627.62
contiguous_block_holdout,4482,train,1627.93
contiguous_block_holdout,4483,train,1628.24
contiguous_block_holdout,4484,train,1628.55
contiguous_block_holdout,4485,train,1628.86
contiguous_block_holdout,4486,train,1629.17
contiguous_block_holdout,4487,train,1629.48
contiguous_block_holdout,4488,train,1629.78
contiguous_block_holdout,4489,train,1630.09
contiguous_block_holdout,4490,train,1630.4
contiguous_block_holdout,4491,train,1630.71
contiguous_block_holdout,4492,train,1631.01
contiguous_block_holdout,4493,train,1631.32
contiguous_block_holdout,4494,train,1631.63
contiguous_block_holdout,4495,train,1631.94
contiguous_block_holdout,4496,train,1632.25
contiguous_block_holdout,4497,train,1632.55
contiguous_block_holdout,4498,train,1632.86
contiguous_block_holdout,4499,train,1633.17
contiguous_block_holdout,4500,train,1633.48
contiguous_block_holdout,4501,train,1633.78
contiguous_block_holdout,4502,train,1634.09
contiguous_block_holdout,4503,train,1634.4
contiguous_block_holdout,4504,train,1634.71
contiguous_block_holdout,4505,train,1635.02
contiguous_block_holdout,4506,train,1635.32
contiguous_block_holdout,4507,train,1635.63
contiguous_block_holdout,4508,train,1635.94
contiguous_block_holdout,4509,train,1636.25
contiguous_block_holdout,4510,train,1636.56
contiguous_block_holdout,4511,train,1636.87
contiguous_block_holdout,4512,train,1637.17
contiguous_block_holdout,4513,train,1637.48
contiguous_block_holdout,4514,train,1637.79
contiguous_block_holdout,4515,train,1638.1
contiguous_block_holdout,4516,train,1638.41
contiguous_block_holdout,4517,train,1638.71
contiguous_block_holdout,4518,train,1639.02
contiguous_block_holdout,4519,train,1639.33
contiguous_block_holdout,4520,train,1639.64
contiguous_block_holdout,4521,train,1639.95
contiguous_block_holdout,4522,train,1640.25
contiguous_block_holdout,4523,train,1643.03
contiguous_block_holdout,4524,train,1643.34
contiguous_block_holdout,4525,train,1643.65
contiguous_block_holdout,4526,train,1643.96
contiguous_block_holdout,4527,train,1644.26
contiguous_block_holdout,4528,train,1644.57
contiguous_block_holdout,4529,train,1644.89
contiguous_block_holdout,4530,train,1645.19
contiguous_block_holdout,4531,train,1645.5
contiguous_block_holdout,4532,train,1645.81
contiguous_block_holdout,4533,train,1646.12
contiguous_block_holdout,4534,train,1646.42
contiguous_block_holdout,4535,train,1646.73
contiguous_block_holdout,4536,train,1647.04
contiguous_block_holdout,4537,train,1647.35
contiguous_block_holdout,4538,train,1647.66
contiguous_block_holdout,4539,train,1647.97
contiguous_block_holdout,4540,train,1648.28
contiguous_block_holdout,4541,train,1648.59
contiguous_block_holdout,4542,train,1648.89
contiguous_block_holdout,4543,train,1649.2
contiguous_block_holdout,4544,train,1649.51
contiguous_block_holdout,4545,train,1649.82
contiguous_block_holdout,4546,train,1650.12
contiguous_block_holdout,4547,train,1650.43
contiguous_block_holdout,4548,train,1657.84
contiguous_block_holdout,4549,train,1658.14
contiguous_block_holdout,4550,train,1658.45
contiguous_block_holdout,4551,train,1658.76
contiguous_block_holdout,4552,train,1659.07
contiguous_block_holdout,4553,train,1659.38
contiguous_block_holdout,4554,train,1659.69
contiguous_block_holdout,4555,train,1660.61
contiguous_block_holdout,4556,train,1660.92
contiguous_block_holdout,4557,train,1661.23
contiguous_block_holdout,4558,train,1661.54
contiguous_block_holdout,4559,train,1661.84
contiguous_block_holdout,4560,train,1662.15
contiguous_block_holdout,4561,train,1662.46
contiguous_block_holdout,4562,train,1662.77
contiguous_block_holdout,4563,train,1663.08
contiguous_block_holdout,4564,train,1663.39
contiguous_block_holdout,4565,train,1663.69
contiguous_block_holdout,4566,train,1664.0
contiguous_block_holdout,4567,train,1664.31
contiguous_block_holdout,4568,train,1664.62
contiguous_block_holdout,4569,train,1664.93
contiguous_block_holdout,4570,train,1665.23
contiguous_block_holdout,4571,train,1665.54
contiguous_block_holdout,4572,train,1665.85
contiguous_block_holdout,4573,train,1666.16
contiguous_block_holdout,4574,train,1666.46
contiguous_block_holdout,4575,train,1666.77
contiguous_block_holdout,4576,train,1667.08
contiguous_block_holdout,4577,train,1667.39
contiguous_block_holdout,4578,train,1667.7
contiguous_block_holdout,4579,train,1668.01
contiguous_block_holdout,4580,train,1668.31
contiguous_block_holdout,4581,train,1668.62
contiguous_block_holdout,4582,train,1668.93
contiguous_block_holdout,4583,train,1669.24
contiguous_block_holdout,4584,train,1669.56
contiguous_block_holdout,4585,train,1669.87
contiguous_block_holdout,4586,train,1670.18
contiguous_block_holdout,4587,train,1670.49
contiguous_block_holdout,4588,train,1670.8
contiguous_block_holdout,4589,train,1671.1
contiguous_block_holdout,4590,train,1671.41
contiguous_block_holdout,4591,train,1671.72
contiguous_block_holdout,4592,train,1672.04
contiguous_block_holdout,4593,train,1672.34
contiguous_block_holdout,4594,train,1672.65
contiguous_block_holdout,4595,train,1672.96
contiguous_block_holdout,4596,train,1673.27
contiguous_block_holdout,4597,train,1673.58
contiguous_block_holdout,4598,train,1673.88
contiguous_block_holdout,4599,train,1674.19
contiguous_block_holdout,4600,train,1674.5
contiguous_block_holdout,4601,train,1674.81
contiguous_block_holdout,4602,train,1675.11
contiguous_block_holdout,4603,train,1675.42
contiguous_block_holdout,4604,train,1675.73
contiguous_block_holdout,4605,train,1676.06
contiguous_block_holdout,4606,train,1676.36
contiguous_block_holdout,4607,train,1676.67
contiguous_block_holdout,4608,train,1676.98
contiguous_block_holdout,4609,train,1677.29
contiguous_block_holdout,4610,train,1677.6
contiguous_block_holdout,4611,train,1677.91
contiguous_block_holdout,4612,train,1678.21
contiguous_block_holdout,4613,train,1678.52
contiguous_block_holdout,4614,train,1678.83
contiguous_block_holdout,4615,train,1679.14
contiguous_block_holdout,4616,train,1679.45
contiguous_block_holdout,4617,train,1679.75
contiguous_block_holdout,4618,train,1680.06
contiguous_block_holdout,4619,train,1680.37
contiguous_block_holdout,4620,train,1680.68
contiguous_block_holdout,4621,train,1680.98
contiguous_block_holdout,4622,train,1681.29
contiguous_block_holdout,4623,train,1681.6
contiguous_block_holdout,4624,train,1681.91
contiguous_block_holdout,4625,train,1682.22
contiguous_block_holdout,4626,train,1682.53
contiguous_block_holdout,4627,train,1682.83
contiguous_block_holdout,4628,train,1683.14
contiguous_block_holdout,4629,train,1683.45
contiguous_block_holdout,4630,train,1683.76
contiguous_block_holdout,4631,train,1684.07
contiguous_block_holdout,4632,train,1684.37
contiguous_block_holdout,4633,train,1684.37
contiguous_block_holdout,4634,train,1684.68
contiguous_block_holdout,4635,train,1684.99
contiguous_block_holdout,4636,train,1685.3
contiguous_block_holdout,4637,train,1685.6
contiguous_block_holdout,4638,train,1685.92
contiguous_block_holdout,4639,train,1686.23
contiguous_block_holdout,4640,train,1686.54
contiguous_block_holdout,4641,train,1686.85
contiguous_block_holdout,4642,train,1687.16
contiguous_block_holdout,4643,train,1687.47
contiguous_block_holdout,4644,train,1687.78
contiguous_block_holdout,4645,train,1688.08
contiguous_block_holdout,4646,train,1688.39
contiguous_block_holdout,4647,train,1688.72
contiguous_block_holdout,4648,train,1689.03
contiguous_block_holdout,4649,train,1689.34
contiguous_block_holdout,4650,train,1689.67
contiguous_block_holdout,4651,train,1689.98
contiguous_block_holdout,4652,train,1690.29
contiguous_block_holdout,4653,train,1690.6
contiguous_block_holdout,4654,train,1690.91
contiguous_block_holdout,4655,train,1691.22
contiguous_block_holdout,4656,train,1691.52
contiguous_block_holdout,4657,train,1691.83
contiguous_block_holdout,4658,train,1692.16
contiguous_block_holdout,4659,train,1692.48
contiguous_block_holdout,4660,train,1692.8
contiguous_block_holdout,4661,train,1693.11
contiguous_block_holdout,4662,train,1693.41
contiguous_block_holdout,4663,train,1693.72
contiguous_block_holdout,4664,train,1694.03
contiguous_block_holdout,4665,train,1694.34
contiguous_block_holdout,4666,train,1694.65
contiguous_block_holdout,4667,train,1694.96
contiguous_block_holdout,4668,train,1695.26
contiguous_block_holdout,4669,train,1695.57
contiguous_block_holdout,4670,train,1695.88
contiguous_block_holdout,4671,train,1696.19
contiguous_block_holdout,4672,train,1696.5
contiguous_block_holdout,4673,train,1696.81
contiguous_block_holdout,4674,train,1697.12
contiguous_block_holdout,4675,train,1697.42
contiguous_block_holdout,4676,train,1697.73
contiguous_block_holdout,4677,train,1698.04
contiguous_block_holdout,4678,train,1698.35
contiguous_block_holdout,4679,train,1698.66
contiguous_block_holdout,4680,train,1698.97
contiguous_block_holdout,4681,train,1699.27
contiguous_block_holdout,4682,train,1699.58
contiguous_block_holdout,4683,train,1699.89
contiguous_block_holdout,4684,train,1700.2
contiguous_block_holdout,4685,train,1700.51
contiguous_block_holdout,4686,train,1700.81
contiguous_block_holdout,4687,train,1701.12
contiguous_block_holdout,4688,train,1701.43
contiguous_block_holdout,4689,train,1701.74
contiguous_block_holdout,4690,train,1702.05
contiguous_block_holdout,4691,train,1702.36
contiguous_block_holdout,4692,train,1702.66
contiguous_block_holdout,4693,train,1702.97
contiguous_block_holdout,4694,train,1703.29
contiguous_block_holdout,4695,train,1703.6
contiguous_block_holdout,4696,train,1703.91
contiguous_block_holdout,4697,train,1704.22
contiguous_block_holdout,4698,train,1704.53
contiguous_block_holdout,4699,train,1704.83
contiguous_block_holdout,4700,train,1705.14
contiguous_block_holdout,4701,train,1705.45
contiguous_block_holdout,4702,train,1705.76
contiguous_block_holdout,4703,train,1706.11
contiguous_block_holdout,4704,train,1706.42
contiguous_block_holdout,4705,train,1706.72
contiguous_block_holdout,4706,train,1707.03
contiguous_block_holdout,4707,train,1707.34
contiguous_block_holdout,4708,train,1707.65
contiguous_block_holdout,4709,train,1707.96
contiguous_block_holdout,4710,train,1708.27
contiguous_block_holdout,4711,train,1708.57
contiguous_block_holdout,4712,train,1708.88
contiguous_block_holdout,4713,train,1709.19
contiguous_block_holdout,4714,train,1709.5
contiguous_block_holdout,4715,train,1709.8
contiguous_block_holdout,4716,train,1710.11
contiguous_block_holdout,4717,train,1710.42
contiguous_block_holdout,4718,train,1710.73
contiguous_block_holdout,4719,train,1710.73
contiguous_block_holdout,4720,train,1711.04
contiguous_block_holdout,4721,train,1711.34
contiguous_block_holdout,4722,train,1711.65
contiguous_block_holdout,4723,train,1711.96
contiguous_block_holdout,4724,train,1712.27
contiguous_block_holdout,4725,train,1712.58
contiguous_block_holdout,4726,train,1712.89
contiguous_block_holdout,4727,train,1713.19
contiguous_block_holdout,4728,train,1713.5
contiguous_block_holdout,4729,train,1713.81
contiguous_block_holdout,4730,train,1714.14
contiguous_block_holdout,4731,train,1714.44
contiguous_block_holdout,4732,train,1714.75
contiguous_block_holdout,4733,train,1715.08
contiguous_block_holdout,4734,train,1715.39
contiguous_block_holdout,4735,train,1715.69
contiguous_block_holdout,4736,train,1716.0
contiguous_block_holdout,4737,train,1716.31
contiguous_block_holdout,4738,train,1716.62
contiguous_block_holdout,4739,train,1716.93
contiguous_block_holdout,4740,train,1717.24
contiguous_block_holdout,4741,train,1717.55
contiguous_block_holdout,4742,train,1717.86
contiguous_block_holdout,4743,train,1718.17
contiguous_block_holdout,4744,train,1718.48
contiguous_block_holdout,4745,train,1718.79
contiguous_block_holdout,4746,train,1719.1
contiguous_block_holdout,4747,train,1719.41
contiguous_block_holdout,4748,train,1719.71
contiguous_block_holdout,4749,train,1720.02
contiguous_block_holdout,4750,train,1720.33
contiguous_block_holdout,4751,train,1720.64
contiguous_block_holdout,4752,train,1720.94
contiguous_block_holdout,4753,train,1721.26
contiguous_block_holdout,4754,train,1721.57
contiguous_block_holdout,4755,train,1721.87
contiguous_block_holdout,4756,train,1722.18
contiguous_block_holdout,4757,train,1722.49
contiguous_block_holdout,4758,train,1722.79
contiguous_block_holdout,4759,train,1723.1
contiguous_block_holdout,4760,train,1723.41
contiguous_block_holdout,4761,train,1723.72
contiguous_block_holdout,4762,train,1724.03
contiguous_block_holdout,4763,train,1724.34
contiguous_block_holdout,4764,train,1724.65
contiguous_block_holdout,4765,train,1724.97
contiguous_block_holdout,4766,train,1725.28
contiguous_block_holdout,4767,train,1725.58
contiguous_block_holdout,4768,train,1725.89
contiguous_block_holdout,4769,train,1726.2
contiguous_block_holdout,4770,train,1726.51
contiguous_block_holdout,4771,train,1726.81
contiguous_block_holdout,4772,train,1727.12
contiguous_block_holdout,4773,train,1727.43
contiguous_block_holdout,4774,train,1727.74
contiguous_block_holdout,4775,train,1728.05
contiguous_block_holdout,4776,train,1728.35
contiguous_block_holdout,4777,train,1728.66
contiguous_block_holdout,4778,train,1728.97
contiguous_block_holdout,4779,train,1729.28
contiguous_block_holdout,4780,train,1729.59
contiguous_block_holdout,4781,train,1729.89
contiguous_block_holdout,4782,train,1730.2
contiguous_block_holdout,4783,train,1730.51
contiguous_block_holdout,4784,train,1730.82
contiguous_block_holdout,4785,train,1731.12
contiguous_block_holdout,4786,train,1731.43
contiguous_block_holdout,4787,train,1731.74
contiguous_block_holdout,4788,train,1732.05
contiguous_block_holdout,4789,train,1732.36
contiguous_block_holdout,4790,train,1732.66
contiguous_block_holdout,4791,train,1732.97
contiguous_block_holdout,4792,train,1733.28
contiguous_block_holdout,4793,train,1733.59
contiguous_block_holdout,4794,train,1733.94
contiguous_block_holdout,4795,train,1734.25
contiguous_block_holdout,4796,train,1734.56
contiguous_block_holdout,4797,train,1734.86
contiguous_block_holdout,4798,train,1735.17
contiguous_block_holdout,4799,train,1735.48
contiguous_block_holdout,4800,train,1735.79
contiguous_block_holdout,4801,train,1736.1
contiguous_block_holdout,4802,train,1736.4
contiguous_block_holdout,4803,train,1736.71
contiguous_block_holdout,4804,train,1737.02
contiguous_block_holdout,4805,train,1737.34
contiguous_block_holdout,4806,train,1737.64
contiguous_block_holdout,4807,train,1737.95
contiguous_block_holdout,4808,train,1738.26
contiguous_block_holdout,4809,train,1738.57
contiguous_block_holdout,4810,train,1738.88
contiguous_block_holdout,4811,train,1739.18
contiguous_block_holdout,4812,train,1739.49
contiguous_block_holdout,4813,train,1739.8
contiguous_block_holdout,4814,train,1740.11
contiguous_block_holdout,4815,train,1740.42
contiguous_block_holdout,4816,train,1740.73
contiguous_block_holdout,4817,train,1741.04
contiguous_block_holdout,4818,train,1741.35
contiguous_block_holdout,4819,train,1741.65
contiguous_block_holdout,4820,train,1741.96
contiguous_block_holdout,4821,train,1742.27
contiguous_block_holdout,4822,train,1742.58
contiguous_block_holdout,4823,train,1742.89
contiguous_block_holdout,4824,train,1743.19
contiguous_block_holdout,4825,train,1743.5
contiguous_block_holdout,4826,train,1743.81
contiguous_block_holdout,4827,train,1744.12
contiguous_block_holdout,4828,train,1744.43
contiguous_block_holdout,4829,train,1744.73
contiguous_block_holdout,4830,train,1745.04
contiguous_block_holdout,4831,train,1745.35
contiguous_block_holdout,4832,train,1745.66
contiguous_block_holdout,4833,train,1745.97
contiguous_block_holdout,4834,train,1746.28
contiguous_block_holdout,4835,train,1746.58
contiguous_block_holdout,4836,train,1746.89
contiguous_block_holdout,4837,train,1747.2
contiguous_block_holdout,4838,train,1747.51
contiguous_block_holdout,4839,train,1747.82
contiguous_block_holdout,4840,train,1748.13
contiguous_block_holdout,4841,train,1748.43
contiguous_block_holdout,4842,train,1748.74
contiguous_block_holdout,4843,train,1749.05
contiguous_block_holdout,4844,train,1749.35
contiguous_block_holdout,4845,train,1749.68
contiguous_block_holdout,4846,train,1749.99
contiguous_block_holdout,4847,train,1750.31
contiguous_block_holdout,4848,train,1750.62
contiguous_block_holdout,4849,train,1750.94
contiguous_block_holdout,4850,train,1751.25
contiguous_block_holdout,4851,train,1751.55
contiguous_block_holdout,4852,train,1751.86
contiguous_block_holdout,4853,train,1752.17
contiguous_block_holdout,4854,train,1752.48
contiguous_block_holdout,4855,train,1752.79
contiguous_block_holdout,4856,train,1753.1
contiguous_block_holdout,4857,train,1753.41
contiguous_block_holdout,4858,train,1753.73
contiguous_block_holdout,4859,train,1754.03
contiguous_block_holdout,4860,train,1754.34
contiguous_block_holdout,4861,train,1754.65
contiguous_block_holdout,4862,train,1754.96
contiguous_block_holdout,4863,train,1755.26
contiguous_block_holdout,4864,train,1755.57
contiguous_block_holdout,4865,train,1755.88
contiguous_block_holdout,4866,train,1756.19
contiguous_block_holdout,4867,train,1756.49
contiguous_block_holdout,4868,train,1756.81
contiguous_block_holdout,4869,train,1757.11
contiguous_block_holdout,4870,train,1757.43
contiguous_block_holdout,4871,train,1757.74
contiguous_block_holdout,4872,train,1758.04
contiguous_block_holdout,4873,train,1758.35
contiguous_block_holdout,4874,train,1758.66
contiguous_block_holdout,4875,train,1758.96
contiguous_block_holdout,4876,train,1759.27
contiguous_block_holdout,4877,train,1759.58
contiguous_block_holdout,4878,train,1759.89
contiguous_block_holdout,4879,train,1760.2
contiguous_block_holdout,4880,train,1760.5
contiguous_block_holdout,4881,train,1760.81
contiguous_block_holdout,4882,train,1761.12
contiguous_block_holdout,4883,train,1761.43
contiguous_block_holdout,4884,train,1761.73
contiguous_block_holdout,4885,train,1762.04
contiguous_block_holdout,4886,train,1762.35
contiguous_block_holdout,4887,train,1762.66
contiguous_block_holdout,4888,train,1762.97
contiguous_block_holdout,4889,train,1763.27
contiguous_block_holdout,4890,train,1763.58
contiguous_block_holdout,4891,train,1763.89
contiguous_block_holdout,4892,train,1764.19
contiguous_block_holdout,4893,train,1764.5
contiguous_block_holdout,4894,train,1764.81
contiguous_block_holdout,4895,train,1764.81
contiguous_block_holdout,4896,train,1765.12
contiguous_block_holdout,4897,train,1765.43
contiguous_block_holdout,4898,train,1765.73
contiguous_block_holdout,4899,train,1766.05
contiguous_block_holdout,4900,train,1766.35
contiguous_block_holdout,4901,train,1766.66
contiguous_block_holdout,4902,train,1766.97
contiguous_block_holdout,4903,train,1767.28
contiguous_block_holdout,4904,train,1767.58
contiguous_block_holdout,4905,train,1767.89
contiguous_block_holdout,4906,train,1768.2
contiguous_block_holdout,4907,train,1768.51
contiguous_block_holdout,4908,train,1768.81
contiguous_block_holdout,4909,train,1769.12
contiguous_block_holdout,4910,train,1769.43
contiguous_block_holdout,4911,train,1769.74
contiguous_block_holdout,4912,train,1770.05
contiguous_block_holdout,4913,train,1770.35
contiguous_block_holdout,4914,train,1770.66
contiguous_block_holdout,4915,train,1770.97
contiguous_block_holdout,4916,train,1771.28
contiguous_block_holdout,4917,train,1771.58
contiguous_block_holdout,4918,train,1771.89
contiguous_block_holdout,4919,train,1772.2
contiguous_block_holdout,4920,train,1772.51
contiguous_block_holdout,4921,train,1772.81
contiguous_block_holdout,4922,train,1773.12
contiguous_block_holdout,4923,train,1773.43
contiguous_block_holdout,4924,train,1773.74
contiguous_block_holdout,4925,train,1774.04
contiguous_block_holdout,4926,train,1774.35
contiguous_block_holdout,4927,train,1774.66
contiguous_block_holdout,4928,train,1774.97
contiguous_block_holdout,4929,train,1775.28
contiguous_block_holdout,4930,train,1775.58
contiguous_block_holdout,4931,train,1775.89
contiguous_block_holdout,4932,train,1776.2
contiguous_block_holdout,4933,train,1776.51
contiguous_block_holdout,4934,train,1776.81
contiguous_block_holdout,4935,train,1777.12
contiguous_block_holdout,4936,train,1777.43
contiguous_block_holdout,4937,train,1777.74
contiguous_block_holdout,4938,train,1778.05
contiguous_block_holdout,4939,train,1778.36
contiguous_block_holdout,4940,train,1778.67
contiguous_block_holdout,4941,train,1778.97
contiguous_block_holdout,4942,train,1779.28
contiguous_block_holdout,4943,train,1779.59
contiguous_block_holdout,4944,train,1779.9
contiguous_block_holdout,4945,train,1780.2
contiguous_block_holdout,4946,train,1780.51
contiguous_block_holdout,4947,train,1780.82
contiguous_block_holdout,4948,train,1781.13
contiguous_block_holdout,4949,train,1781.44
contiguous_block_holdout,4950,train,1781.74
contiguous_block_holdout,4951,train,1782.05
contiguous_block_holdout,4952,train,1782.36
contiguous_block_holdout,4953,train,1782.66
contiguous_block_holdout,4954,train,1782.97
contiguous_block_holdout,4955,train,1783.28
contiguous_block_holdout,4956,train,1783.59
contiguous_block_holdout,4957,train,1783.9
contiguous_block_holdout,4958,train,1784.2
contiguous_block_holdout,4959,train,1784.51
contiguous_block_holdout,4960,train,1784.82
contiguous_block_holdout,4961,train,1785.13
contiguous_block_holdout,4962,train,1785.43
contiguous_block_holdout,4963,train,1785.74
contiguous_block_holdout,4964,train,1786.05
contiguous_block_holdout,4965,train,1786.36
contiguous_block_holdout,4966,train,1786.67
contiguous_block_holdout,4967,train,1786.97
contiguous_block_holdout,4968,train,1787.28
contiguous_block_holdout,4969,train,1787.59
contiguous_block_holdout,4970,train,1787.9
contiguous_block_holdout,4971,train,1788.2
contiguous_block_holdout,4972,train,1788.51
contiguous_block_holdout,4973,train,1788.82
contiguous_block_holdout,4974,train,1789.13
contiguous_block_holdout,4975,train,1789.43
contiguous_block_holdout,4976,train,1789.74
contiguous_block_holdout,4977,train,1790.05
contiguous_block_holdout,4978,train,1790.36
contiguous_block_holdout,4979,train,1790.66
contiguous_block_holdout,4980,train,1790.97
contiguous_block_holdout,4981,train,1791.28
contiguous_block_holdout,4982,train,1791.59
contiguous_block_holdout,4983,train,1791.9
contiguous_block_holdout,4984,train,1792.2
contiguous_block_holdout,4985,train,1792.51
contiguous_block_holdout,4986,train,1792.82
contiguous_block_holdout,4987,train,1793.13
contiguous_block_holdout,4988,train,1793.43
contiguous_block_holdout,4989,train,1793.74
contiguous_block_holdout,4990,train,1794.05
contiguous_block_holdout,4991,train,1794.36
contiguous_block_holdout,4992,train,1794.66
contiguous_block_holdout,4993,train,1794.97
contiguous_block_holdout,4994,train,1795.28
contiguous_block_holdout,4995,train,1795.59
contiguous_block_holdout,4996,train,1795.89
contiguous_block_holdout,4997,train,1796.2
contiguous_block_holdout,4998,train,1796.51
contiguous_block_holdout,4999,train,1796.82
contiguous_block_holdout,5000,train,1797.13
contiguous_block_holdout,5001,train,1797.44
contiguous_block_holdout,5002,train,1797.74
contiguous_block_holdout,5003,train,1798.05
contiguous_block_holdout,5004,train,1798.36
contiguous_block_holdout,5005,train,1798.67
contiguous_block_holdout,5006,train,1798.98
contiguous_block_holdout,5007,train,1799.28
contiguous_block_holdout,5008,train,1799.59
contiguous_block_holdout,5009,train,1799.9
contiguous_block_holdout,5010,train,1800.2
contiguous_block_holdout,5011,train,1800.51
contiguous_block_holdout,5012,train,1800.82
contiguous_block_holdout,5013,train,1801.13
contiguous_block_holdout,5014,train,1801.44
contiguous_block_holdout,5015,train,1801.74
contiguous_block_holdout,5016,train,1802.05
contiguous_block_holdout,5017,train,1802.36
contiguous_block_holdout,5018,train,1802.67
contiguous_block_holdout,5019,train,1802.97
contiguous_block_holdout,5020,train,1803.28
contiguous_block_holdout,5021,train,1803.59
contiguous_block_holdout,5022,train,1803.9
contiguous_block_holdout,5023,train,1804.21
contiguous_block_holdout,5024,train,1804.51
contiguous_block_holdout,5025,train,1804.82
contiguous_block_holdout,5026,train,1805.13
contiguous_block_holdout,5027,train,1805.44
contiguous_block_holdout,5028,train,1805.75
contiguous_block_holdout,5029,train,1806.06
contiguous_block_holdout,5030,train,1806.36
contiguous_block_holdout,5031,train,1806.67
contiguous_block_holdout,5032,train,1806.98
contiguous_block_holdout,5033,train,1807.28
contiguous_block_holdout,5034,train,1807.59
contiguous_block_holdout,5035,train,1807.9
contiguous_block_holdout,5036,train,1808.21
contiguous_block_holdout,5037,train,1808.52
contiguous_block_holdout,5038,train,1808.82
contiguous_block_holdout,5039,train,1809.13
contiguous_block_holdout,5040,train,1809.44
contiguous_block_holdout,5041,train,1809.75
contiguous_block_holdout,5042,train,1810.05
contiguous_block_holdout,5043,train,1810.36
contiguous_block_holdout,5044,train,1810.67
contiguous_block_holdout,5045,train,1810.98
contiguous_block_holdout,5046,train,1811.29
contiguous_block_holdout,5047,train,1811.59
contiguous_block_holdout,5048,train,1811.9
contiguous_block_holdout,5049,train,1812.21
contiguous_block_holdout,5050,train,1812.52
contiguous_block_holdout,5051,train,1812.83
contiguous_block_holdout,5052,train,1813.13
contiguous_block_holdout,5053,train,1813.44
contiguous_block_holdout,5054,train,1813.75
contiguous_block_holdout,5055,train,1814.05
contiguous_block_holdout,5056,train,1814.36
contiguous_block_holdout,5057,train,1814.67
contiguous_block_holdout,5058,train,1814.98
contiguous_block_holdout,5059,train,1815.28
contiguous_block_holdout,5060,train,1815.59
contiguous_block_holdout,5061,train,1815.9
contiguous_block_holdout,5062,train,1816.21
contiguous_block_holdout,5063,train,1816.52
contiguous_block_holdout,5064,train,1816.83
contiguous_block_holdout,5065,train,1817.14
contiguous_block_holdout,5066,train,1817.44
contiguous_block_holdout,5067,train,1817.75
contiguous_block_holdout,5068,train,1818.06
contiguous_block_holdout,5069,train,1818.36
contiguous_block_holdout,5070,train,1818.67
contiguous_block_holdout,5071,train,1818.98
contiguous_block_holdout,5072,train,1819.29
contiguous_block_holdout,5073,train,1819.59
contiguous_block_holdout,5074,train,1819.9
contiguous_block_holdout,5075,train,1820.21
contiguous_block_holdout,5076,train,1820.52
contiguous_block_holdout,5077,train,1820.83
contiguous_block_holdout,5078,train,1821.13
contiguous_block_holdout,5079,train,1821.44
contiguous_block_holdout,5080,train,1821.75
contiguous_block_holdout,5081,train,1822.06
contiguous_block_holdout,5082,train,1822.37
contiguous_block_holdout,5083,train,1822.67
contiguous_block_holdout,5084,train,1822.98
contiguous_block_holdout,5085,train,1823.29
contiguous_block_holdout,5086,train,1823.6
contiguous_block_holdout,5087,train,1823.9
contiguous_block_holdout,5088,train,1824.21
contiguous_block_holdout,5089,train,1824.52
contiguous_block_holdout,5090,train,1824.83
contiguous_block_holdout,5091,train,1825.14
contiguous_block_holdout,5092,train,1825.44
contiguous_block_holdout,5093,train,1825.75
contiguous_block_holdout,5094,train,1826.06
contiguous_block_holdout,5095,train,1826.37
contiguous_block_holdout,5096,train,1826.67
contiguous_block_holdout,5097,train,1826.98
contiguous_block_holdout,5098,train,1827.29
contiguous_block_holdout,5099,train,1827.6
contiguous_block_holdout,5100,train,1827.91
contiguous_block_holdout,5101,train,1828.21
contiguous_block_holdout,5102,train,1828.52
contiguous_block_holdout,5103,train,1828.83
contiguous_block_holdout,5104,train,1829.14
contiguous_block_holdout,5105,train,1829.45
contiguous_block_holdout,5106,train,1829.75
contiguous_block_holdout,5107,train,1830.06
contiguous_block_holdout,5108,train,1830.37
contiguous_block_holdout,5109,train,1830.67
contiguous_block_holdout,5110,train,1830.98
contiguous_block_holdout,5111,train,1831.29
contiguous_block_holdout,5112,train,1831.6
contiguous_block_holdout,5113,train,1831.9
contiguous_block_holdout,5114,train,1832.21
contiguous_block_holdout,5115,train,1832.52
contiguous_block_holdout,5116,train,1832.83
contiguous_block_holdout,5117,train,1833.14
contiguous_block_holdout,5118,train,1833.44
contiguous_block_holdout,5119,train,1833.75
contiguous_block_holdout,5120,train,1834.06
contiguous_block_holdout,5121,train,1834.37
contiguous_block_holdout,5122,train,1834.67
contiguous_block_holdout,5123,train,1834.98
contiguous_block_holdout,5124,train,1835.29
contiguous_block_holdout,5125,train,1835.6
contiguous_block_holdout,5126,train,1835.9
contiguous_block_holdout,5127,train,1836.21
contiguous_block_holdout,5128,train,1836.52
contiguous_block_holdout,5129,train,1836.83
contiguous_block_holdout,5130,train,1837.14
contiguous_block_holdout,5131,train,1837.44
contiguous_block_holdout,5132,train,1837.75
contiguous_block_holdout,5133,train,1838.06
contiguous_block_holdout,5134,train,1838.37
contiguous_block_holdout,5135,train,1838.67
contiguous_block_holdout,5136,train,1838.98
contiguous_block_holdout,5137,train,1839.29
contiguous_block_holdout,5138,train,1839.6
contiguous_block_holdout,5139,train,1839.9
contiguous_block_holdout,5140,train,1840.21
contiguous_block_holdout,5141,train,1840.52
contiguous_block_holdout,5142,train,1840.83
contiguous_block_holdout,5143,train,1841.13
contiguous_block_holdout,5144,train,1841.44
contiguous_block_holdout,5145,train,1841.75
contiguous_block_holdout,5146,train,1842.06
contiguous_block_holdout,5147,train,1842.37
contiguous_block_holdout,5148,train,1842.67
contiguous_block_holdout,5149,train,1842.98
contiguous_block_holdout,5150,train,1843.29
contiguous_block_holdout,5151,train,1843.6
contiguous_block_holdout,5152,train,1843.9
contiguous_block_holdout,5153,train,1844.21
contiguous_block_holdout,5154,train,1844.52
contiguous_block_holdout,5155,train,1844.83
contiguous_block_holdout,5156,train,1845.14
contiguous_block_holdout,5157,train,1845.44
contiguous_block_holdout,5158,train,1845.75
contiguous_block_holdout,5159,train,1846.06
contiguous_block_holdout,5160,train,1846.37
contiguous_block_holdout,5161,train,1846.67
contiguous_block_holdout,5162,train,1846.98
contiguous_block_holdout,5163,train,1847.29
contiguous_block_holdout,5164,train,1847.6
contiguous_block_holdout,5165,train,1847.91
contiguous_block_holdout,5166,train,1848.21
contiguous_block_holdout,5167,train,1848.52
contiguous_block_holdout,5168,train,1848.83
contiguous_block_holdout,5169,train,1849.14
contiguous_block_holdout,5170,train,1849.45
contiguous_block_holdout,5171,train,1849.75
contiguous_block_holdout,5172,train,1850.06
contiguous_block_holdout,5173,train,1850.37
contiguous_block_holdout,5174,train,1850.67
contiguous_block_holdout,5175,train,1850.98
contiguous_block_holdout,5176,train,1851.29
contiguous_block_holdout,5177,train,1851.6
contiguous_block_holdout,5178,train,1851.91
contiguous_block_holdout,5179,train,1852.21
contiguous_block_holdout,5180,train,1852.52
contiguous_block_holdout,5181,train,1852.83
contiguous_block_holdout,5182,train,1853.14
contiguous_block_holdout,5183,train,1853.44
contiguous_block_holdout,5184,train,1853.75
contiguous_block_holdout,5185,train,1854.07
contiguous_block_holdout,5186,train,1854.37
contiguous_block_holdout,5187,train,1854.68
contiguous_block_holdout,5188,train,1854.99
contiguous_block_holdout,5189,train,1855.3
contiguous_block_holdout,5190,train,1855.6
contiguous_block_holdout,5191,train,1855.91
contiguous_block_holdout,5192,train,1856.22
contiguous_block_holdout,5193,train,1856.53
contiguous_block_holdout,5194,train,1856.84
contiguous_block_holdout,5195,train,1857.14
contiguous_block_holdout,5196,train,1857.45
contiguous_block_holdout,5197,train,1857.76
contiguous_block_holdout,5198,train,1858.06
contiguous_block_holdout,5199,train,1858.37
contiguous_block_holdout,5200,train,1858.68
contiguous_block_holdout,5201,train,1858.99
contiguous_block_holdout,5202,train,1859.3
contiguous_block_holdout,5203,train,1859.6
contiguous_block_holdout,5204,train,1859.91
contiguous_block_holdout,5205,train,1860.22
contiguous_block_holdout,5206,train,1860.53
contiguous_block_holdout,5207,train,1860.84
contiguous_block_holdout,5208,train,1861.14
contiguous_block_holdout,5209,train,1861.45
contiguous_block_holdout,5210,train,1861.76
contiguous_block_holdout,5211,train,1862.07
contiguous_block_holdout,5212,train,1862.37
contiguous_block_holdout,5213,train,1862.68
contiguous_block_holdout,5214,train,1862.99
contiguous_block_holdout,5215,train,1863.3
contiguous_block_holdout,5216,train,1863.61
contiguous_block_holdout,5217,train,1863.91
contiguous_block_holdout,5218,train,1864.22
contiguous_block_holdout,5219,train,1864.53
contiguous_block_holdout,5220,train,1864.84
contiguous_block_holdout,5221,train,1865.14
contiguous_block_holdout,5222,train,1865.46
contiguous_block_holdout,5223,train,1865.76
contiguous_block_holdout,5224,train,1866.07
contiguous_block_holdout,5225,train,1866.38
contiguous_block_holdout,5226,train,1866.68
contiguous_block_holdout,5227,train,1866.99
contiguous_block_holdout,5228,train,1867.3
contiguous_block_holdout,5229,train,1867.3
contiguous_block_holdout,5230,train,1867.61
contiguous_block_holdout,5231,train,1867.92
contiguous_block_holdout,5232,train,1868.22
contiguous_block_holdout,5233,train,1868.53
contiguous_block_holdout,5234,train,1868.84
contiguous_block_holdout,5235,train,1869.15
contiguous_block_holdout,5236,train,1869.45
contiguous_block_holdout,5237,train,1869.76
contiguous_block_holdout,5238,train,1870.07
contiguous_block_holdout,5239,train,1870.38
contiguous_block_holdout,5240,train,1870.69
contiguous_block_holdout,5241,train,1870.99
contiguous_block_holdout,5242,train,1871.3
contiguous_block_holdout,5243,train,1871.61
contiguous_block_holdout,5244,train,1871.91
contiguous_block_holdout,5245,train,1872.22
contiguous_block_holdout,5246,train,1872.53
contiguous_block_holdout,5247,train,1872.84
contiguous_block_holdout,5248,train,1873.15
contiguous_block_holdout,5249,train,1873.45
contiguous_block_holdout,5250,train,1873.74
contiguous_block_holdout,5251,train,1874.05
contiguous_block_holdout,5252,train,1874.35
contiguous_block_holdout,5253,train,1874.66
contiguous_block_holdout,5254,train,1874.97
contiguous_block_holdout,5255,train,1875.12
contiguous_block_holdout,5256,train,1875.74
contiguous_block_holdout,5257,train,1876.04
contiguous_block_holdout,5258,train,1876.35
contiguous_block_holdout,5259,train,1876.66
contiguous_block_holdout,5260,train,1876.97
contiguous_block_holdout,5261,train,1877.28
contiguous_block_holdout,5262,train,1877.58
contiguous_block_holdout,5263,train,1877.89
contiguous_block_holdout,5264,train,1878.2
contiguous_block_holdout,5265,train,1878.51
contiguous_block_holdout,5266,train,1878.81
contiguous_block_holdout,5267,train,1879.12
contiguous_block_holdout,5268,train,1879.43
contiguous_block_holdout,5269,train,1879.74
contiguous_block_holdout,5270,train,1880.05
contiguous_block_holdout,5271,train,1880.36
contiguous_block_holdout,5272,train,1880.66
contiguous_block_holdout,5273,train,1880.97
contiguous_block_holdout,5274,train,1881.28
contiguous_block_holdout,5275,train,1881.59
contiguous_block_holdout,5276,train,1881.9
contiguous_block_holdout,5277,train,1882.2
contiguous_block_holdout,5278,train,1882.51
contiguous_block_holdout,5279,train,1882.82
contiguous_block_holdout,5280,train,1883.13
contiguous_block_holdout,5281,train,1883.43
contiguous_block_holdout,5282,train,1883.74
contiguous_block_holdout,5283,train,1884.05
contiguous_block_holdout,5284,train,1884.36
contiguous_block_holdout,5285,train,1884.67
contiguous_block_holdout,5286,train,1884.97
contiguous_block_holdout,5287,train,1885.28
contiguous_block_holdout,5288,train,1885.59
contiguous_block_holdout,5289,train,1885.9
contiguous_block_holdout,5290,train,1886.21
contiguous_block_holdout,5291,train,1886.51
contiguous_block_holdout,5292,train,1886.82
contiguous_block_holdout,5293,train,1887.13
contiguous_block_holdout,5294,train,1887.44
contiguous_block_holdout,5295,train,1887.75
contiguous_block_holdout,5296,train,1888.06
contiguous_block_holdout,5297,train,1888.36
contiguous_block_holdout,5298,train,1888.67
contiguous_block_holdout,5299,train,1888.98
contiguous_block_holdout,5300,train,1889.29
contiguous_block_holdout,5301,train,1889.6
contiguous_block_holdout,5302,train,1889.91
contiguous_block_holdout,5303,train,1890.21
contiguous_block_holdout,5304,train,1890.52
contiguous_block_holdout,5305,train,1890.83
contiguous_block_holdout,5306,train,1891.13
contiguous_block_holdout,5307,train,1891.44
contiguous_block_holdout,5308,train,1891.76
contiguous_block_holdout,5309,train,1892.07
contiguous_block_holdout,5310,train,1892.37
contiguous_block_holdout,5311,train,1892.68
contiguous_block_holdout,5312,train,1892.99
contiguous_block_holdout,5313,train,1893.29
contiguous_block_holdout,5314,train,1893.6
contiguous_block_holdout,5315,train,1893.91
contiguous_block_holdout,5316,train,1894.22
contiguous_block_holdout,5317,train,1894.53
contiguous_block_holdout,5318,train,1894.83
contiguous_block_holdout,5319,train,1895.15
contiguous_block_holdout,5320,train,1895.46
contiguous_block_holdout,5321,train,1895.76
contiguous_block_holdout,5322,train,1896.07
contiguous_block_holdout,5323,train,1896.38
contiguous_block_holdout,5324,train,1896.69
contiguous_block_holdout,5325,train,1896.99
contiguous_block_holdout,5326,train,1897.3
contiguous_block_holdout,5327,train,1897.61
contiguous_block_holdout,5328,train,1897.92
contiguous_block_holdout,5329,train,1898.23
contiguous_block_holdout,5330,train,1898.54
contiguous_block_holdout,5331,train,1898.84
contiguous_block_holdout,5332,train,1899.15
contiguous_block_holdout,5333,train,1899.46
contiguous_block_holdout,5334,train,1899.77
contiguous_block_holdout,5335,train,1900.08
contiguous_block_holdout,5336,train,1900.38
contiguous_block_holdout,5337,train,1900.69
contiguous_block_holdout,5338,train,1901.0
contiguous_block_holdout,5339,train,1901.31
contiguous_block_holdout,5340,train,1901.62
contiguous_block_holdout,5341,train,1901.93
contiguous_block_holdout,5342,train,1902.23
contiguous_block_holdout,5343,train,1902.54
contiguous_block_holdout,5344,train,1902.85
contiguous_block_holdout,5345,train,1903.15
contiguous_block_holdout,5346,train,1903.46
contiguous_block_holdout,5347,train,1903.77
contiguous_block_holdout,5348,train,1904.08
contiguous_block_holdout,5349,train,1904.39
contiguous_block_holdout,5350,train,1904.7
contiguous_block_holdout,5351,train,1905.0
contiguous_block_holdout,5352,train,1905.31
contiguous_block_holdout,5353,train,1905.62
contiguous_block_holdout,5354,train,1905.93
contiguous_block_holdout,5355,train,1906.25
contiguous_block_holdout,5356,train,1906.55
contiguous_block_holdout,5357,train,1906.86
contiguous_block_holdout,5358,train,1907.17
contiguous_block_holdout,5359,train,1907.48
contiguous_block_holdout,5360,train,1907.78
contiguous_block_holdout,5361,train,1908.09
contiguous_block_holdout,5362,train,1908.4
contiguous_block_holdout,5363,train,1908.71
contiguous_block_holdout,5364,train,1909.02
contiguous_block_holdout,5365,train,1909.33
contiguous_block_holdout,5366,train,1909.63
contiguous_block_holdout,5367,train,1909.94
contiguous_block_holdout,5368,train,1910.26
contiguous_block_holdout,5369,train,1910.56
contiguous_block_holdout,5370,train,1910.87
contiguous_block_holdout,5371,train,1911.18
contiguous_block_holdout,5372,train,1911.49
contiguous_block_holdout,5373,train,1911.8
contiguous_block_holdout,5374,train,1912.1
contiguous_block_holdout,5375,train,1912.41
contiguous_block_holdout,5376,train,1912.72
contiguous_block_holdout,5377,train,1913.03
contiguous_block_holdout,5378,train,1913.33
contiguous_block_holdout,5379,train,1913.64
contiguous_block_holdout,5380,train,1913.95
contiguous_block_holdout,5381,train,1914.26
contiguous_block_holdout,5382,train,1914.57
contiguous_block_holdout,5383,train,1914.87
contiguous_block_holdout,5384,train,1915.18
contiguous_block_holdout,5385,train,1915.49
contiguous_block_holdout,5386,train,1915.8
contiguous_block_holdout,5387,train,1916.1
contiguous_block_holdout,5388,train,1916.41
contiguous_block_holdout,5389,train,1916.72
contiguous_block_holdout,5390,train,1917.03
contiguous_block_holdout,5391,train,1917.34
contiguous_block_holdout,5392,train,1917.64
contiguous_block_holdout,5393,train,1917.95
contiguous_block_holdout,5394,train,1918.26
contiguous_block_holdout,5395,train,1918.57
contiguous_block_holdout,5396,train,1918.88
contiguous_block_holdout,5397,train,1919.18
contiguous_block_holdout,5398,train,1919.49
contiguous_block_holdout,5399,train,1919.8
contiguous_block_holdout,5400,train,1920.11
contiguous_block_holdout,5401,train,1920.41
contiguous_block_holdout,5402,train,1920.72
contiguous_block_holdout,5403,train,1921.03
contiguous_block_holdout,5404,train,1921.34
contiguous_block_holdout,5405,train,1921.65
contiguous_block_holdout,5406,train,1921.95
contiguous_block_holdout,5407,train,1922.26
contiguous_block_holdout,5408,train,1922.57
contiguous_block_holdout,5409,train,1922.88
contiguous_block_holdout,5410,train,1923.19
contiguous_block_holdout,5411,train,1923.49
contiguous_block_holdout,5412,train,1923.8
contiguous_block_holdout,5413,train,1924.11
contiguous_block_holdout,5414,train,1924.42
contiguous_block_holdout,5415,train,1924.73
contiguous_block_holdout,5416,train,1925.04
contiguous_block_holdout,5417,train,1925.34
contiguous_block_holdout,5418,train,1925.65
contiguous_block_holdout,5419,train,1925.96
contiguous_block_holdout,5420,train,1926.27
contiguous_block_holdout,5421,train,1926.57
contiguous_block_holdout,5422,train,1926.88
contiguous_block_holdout,5423,train,1927.19
contiguous_block_holdout,5424,train,1927.5
contiguous_block_holdout,5425,train,1927.81
contiguous_block_holdout,5426,train,1928.11
contiguous_block_holdout,5427,train,1928.42
contiguous_block_holdout,5428,train,1928.73
contiguous_block_holdout,5429,train,1929.04
contiguous_block_holdout,5430,train,1929.34
contiguous_block_holdout,5431,train,1929.65
contiguous_block_holdout,5432,train,1929.96
contiguous_block_holdout,5433,train,1930.27
contiguous_block_holdout,5434,train,1930.58
contiguous_block_holdout,5435,train,1930.89
contiguous_block_holdout,5436,train,1931.2
contiguous_block_holdout,5437,train,1931.51
contiguous_block_holdout,5438,train,1931.81
contiguous_block_holdout,5439,train,1932.12
contiguous_block_holdout,5440,train,1932.43
contiguous_block_holdout,5441,train,1932.74
contiguous_block_holdout,5442,train,1933.04
contiguous_block_holdout,5443,train,1933.35
contiguous_block_holdout,5444,train,1933.66
contiguous_block_holdout,5445,train,1933.97
contiguous_block_holdout,5446,train,1934.28
contiguous_block_holdout,5447,train,1934.58
contiguous_block_holdout,5448,train,1934.89
contiguous_block_holdout,5449,train,1935.2
contiguous_block_holdout,5450,train,1935.51
contiguous_block_holdout,5451,train,1935.82
contiguous_block_holdout,5452,train,1936.12
contiguous_block_holdout,5453,train,1936.43
contiguous_block_holdout,5454,train,1936.74
contiguous_block_holdout,5455,train,1937.04
contiguous_block_holdout,5456,train,1937.35
contiguous_block_holdout,5457,train,1937.66
contiguous_block_holdout,5458,train,1937.97
contiguous_block_holdout,5459,train,1938.27
contiguous_block_holdout,5460,train,1938.58
contiguous_block_holdout,5461,train,1938.89
contiguous_block_holdout,5462,train,1939.2
contiguous_block_holdout,5463,train,1939.51
contiguous_block_holdout,5464,train,1939.81
contiguous_block_holdout,5465,train,1940.12
contiguous_block_holdout,5466,train,1940.43
contiguous_block_holdout,5467,train,1940.74
contiguous_block_holdout,5468,train,1941.05
contiguous_block_holdout,5469,train,1941.36
contiguous_block_holdout,5470,train,1941.66
contiguous_block_holdout,5471,train,1941.97
contiguous_block_holdout,5472,train,1942.28
contiguous_block_holdout,5473,train,1942.59
contiguous_block_holdout,5474,train,1942.9
contiguous_block_holdout,5475,train,1943.21
contiguous_block_holdout,5476,train,1943.52
contiguous_block_holdout,5477,train,1943.83
contiguous_block_holdout,5478,train,1944.14
contiguous_block_holdout,5479,train,1944.44
contiguous_block_holdout,5480,train,1944.76
contiguous_block_holdout,5481,train,1945.07
contiguous_block_holdout,5482,train,1945.37
contiguous_block_holdout,5483,train,1945.68
contiguous_block_holdout,5484,train,1945.99
contiguous_block_holdout,5485,train,1946.3
contiguous_block_holdout,5486,train,1946.6
contiguous_block_holdout,5487,train,1946.91
contiguous_block_holdout,5488,train,1947.22
contiguous_block_holdout,5489,train,1947.53
contiguous_block_holdout,5490,train,1947.84
contiguous_block_holdout,5491,train,1948.14
contiguous_block_holdout,5492,train,1948.45
contiguous_block_holdout,5493,train,1948.76
contiguous_block_holdout,5494,train,1949.07
contiguous_block_holdout,5495,train,1949.38
contiguous_block_holdout,5496,train,1949.69
contiguous_block_holdout,5497,train,1950.0
contiguous_block_holdout,5498,train,1950.31
contiguous_block_holdout,5499,train,1950.62
contiguous_block_holdout,5500,train,1950.93
contiguous_block_holdout,5501,train,1951.24
contiguous_block_holdout,5502,train,1951.55
contiguous_block_holdout,5503,train,1951.85
contiguous_block_holdout,5504,train,1952.16
contiguous_block_holdout,5505,train,1952.47
contiguous_block_holdout,5506,train,1952.78
contiguous_block_holdout,5507,train,1953.08
contiguous_block_holdout,5508,train,1953.39
contiguous_block_holdout,5509,train,1953.7
contiguous_block_holdout,5510,train,1954.01
contiguous_block_holdout,5511,train,1954.33
contiguous_block_holdout,5512,train,1954.64
contiguous_block_holdout,5513,train,1954.95
contiguous_block_holdout,5514,train,1955.26
contiguous_block_holdout,5515,train,1955.57
contiguous_block_holdout,5516,train,1955.87
contiguous_block_holdout,5517,train,1956.18
contiguous_block_holdout,5518,train,1956.49
contiguous_block_holdout,5519,train,1956.8
contiguous_block_holdout,5520,train,1957.1
contiguous_block_holdout,5521,train,1957.41
contiguous_block_holdout,5522,train,1957.72
contiguous_block_holdout,5523,train,1958.03
contiguous_block_holdout,5524,train,1958.34
contiguous_block_holdout,5525,train,1958.65
contiguous_block_holdout,5526,train,1958.96
contiguous_block_holdout,5527,train,1959.27
contiguous_block_holdout,5528,train,1959.58
contiguous_block_holdout,5529,train,1959.89
contiguous_block_holdout,5530,train,1960.2
contiguous_block_holdout,5531,train,1960.5
contiguous_block_holdout,5532,train,1960.81
contiguous_block_holdout,5533,train,1961.12
contiguous_block_holdout,5534,train,1961.43
contiguous_block_holdout,5535,train,1961.73
contiguous_block_holdout,5536,train,1962.04
contiguous_block_holdout,5537,train,1962.35
contiguous_block_holdout,5538,train,1962.66
contiguous_block_holdout,5539,train,1962.97
contiguous_block_holdout,5540,train,1963.27
contiguous_block_holdout,5541,train,1963.58
contiguous_block_holdout,5542,train,1963.89
contiguous_block_holdout,5543,train,1964.19
contiguous_block_holdout,5544,train,1964.5
contiguous_block_holdout,5545,train,1964.81
contiguous_block_holdout,5546,train,1965.12
contiguous_block_holdout,5547,train,1965.43
contiguous_block_holdout,5548,train,1965.74
contiguous_block_holdout,5549,train,1966.04
contiguous_block_holdout,5550,train,1966.35
contiguous_block_holdout,5551,train,1966.66
contiguous_block_holdout,5552,train,1966.96
contiguous_block_holdout,5553,train,1967.27
contiguous_block_holdout,5554,train,1967.58
contiguous_block_holdout,5555,train,1967.89
contiguous_block_holdout,5556,train,1968.2
contiguous_block_holdout,5557,train,1968.51
contiguous_block_holdout,5558,train,1968.81
contiguous_block_holdout,5559,train,1969.12
contiguous_block_holdout,5560,train,1969.43
contiguous_block_holdout,5561,train,1969.74
contiguous_block_holdout,5562,train,1970.05
contiguous_block_holdout,5563,train,1970.35
contiguous_block_holdout,5564,train,1970.66
contiguous_block_holdout,5565,train,1970.97
contiguous_block_holdout,5566,train,1971.28
contiguous_block_holdout,5567,train,1971.58
contiguous_block_holdout,5568,train,1971.89
contiguous_block_holdout,5569,train,1972.2
contiguous_block_holdout,5570,train,1972.51
contiguous_block_holdout,5571,train,1972.82
contiguous_block_holdout,5572,train,1973.12
contiguous_block_holdout,5573,train,1973.43
contiguous_block_holdout,5574,train,1973.74
contiguous_block_holdout,5575,train,1974.05
contiguous_block_holdout,5576,train,1974.36
contiguous_block_holdout,5577,train,1974.66
contiguous_block_holdout,5578,train,1974.97
contiguous_block_holdout,5579,train,1975.28
contiguous_block_holdout,5580,train,1975.59
contiguous_block_holdout,5581,train,1975.89
contiguous_block_holdout,5582,train,1976.2
contiguous_block_holdout,5583,train,1976.51
contiguous_block_holdout,5584,train,1976.82
contiguous_block_holdout,5585,train,1977.13
contiguous_block_holdout,5586,train,1977.43
contiguous_block_holdout,5587,train,1977.74
contiguous_block_holdout,5588,train,1978.05
contiguous_block_holdout,5589,train,1978.36
contiguous_block_holdout,5590,train,1978.67
contiguous_block_holdout,5591,train,1978.97
contiguous_block_holdout,5592,train,1979.28
contiguous_block_holdout,5593,train,1979.59
contiguous_block_holdout,5594,train,1979.9
contiguous_block_holdout,5595,train,1980.21
contiguous_block_holdout,5596,train,1980.52
contiguous_block_holdout,5597,train,1980.83
contiguous_block_holdout,5598,train,1981.13
contiguous_block_holdout,5599,train,1981.44
contiguous_block_holdout,5600,train,1981.75
contiguous_block_holdout,5601,train,1982.06
contiguous_block_holdout,5602,train,1982.37
contiguous_block_holdout,5603,train,1982.68
contiguous_block_holdout,5604,train,1983.0
contiguous_block_holdout,5605,train,1983.3
contiguous_block_holdout,5606,train,1983.61
contiguous_block_holdout,5607,train,1983.92
contiguous_block_holdout,5608,train,1984.23
contiguous_block_holdout,5609,train,1984.54
contiguous_block_holdout,5610,train,1984.84
contiguous_block_holdout,5611,train,1985.15
contiguous_block_holdout,5612,train,1985.46
contiguous_block_holdout,5613,train,1985.77
contiguous_block_holdout,5614,train,1986.07
contiguous_block_holdout,5615,train,1986.38
contiguous_block_holdout,5616,train,1986.69
contiguous_block_holdout,5617,train,1987.0
contiguous_block_holdout,5618,train,1987.31
contiguous_block_holdout,5619,train,1987.62
contiguous_block_holdout,5620,train,1987.92
contiguous_block_holdout,5621,train,1988.24
contiguous_block_holdout,5622,train,1988.54
contiguous_block_holdout,5623,train,1988.85
contiguous_block_holdout,5624,train,1989.16
contiguous_block_holdout,5625,train,1989.47
contiguous_block_holdout,5626,train,1989.77
contiguous_block_holdout,5627,train,1990.08
contiguous_block_holdout,5628,train,1990.39
contiguous_block_holdout,5629,train,1990.7
contiguous_block_holdout,5630,train,1991.01
contiguous_block_holdout,5631,train,1991.32
contiguous_block_holdout,5632,train,1991.62
contiguous_block_holdout,5633,train,1991.93
contiguous_block_holdout,5634,train,1992.24
contiguous_block_holdout,5635,train,1992.55
contiguous_block_holdout,5636,train,1992.86
contiguous_block_holdout,5637,train,1993.17
contiguous_block_holdout,5638,train,1993.48
contiguous_block_holdout,5639,train,1993.79
contiguous_block_holdout,5640,train,1994.09
contiguous_block_holdout,5641,train,1994.4
contiguous_block_holdout,5642,train,1994.71
contiguous_block_holdout,5643,train,1995.02
contiguous_block_holdout,5644,train,1995.32
contiguous_block_holdout,5645,train,1995.63
contiguous_block_holdout,5646,train,1995.94
contiguous_block_holdout,5647,train,1996.25
contiguous_block_holdout,5648,train,1996.56
contiguous_block_holdout,5649,train,1996.86
contiguous_block_holdout,5650,train,1997.17
contiguous_block_holdout,5651,train,1997.48
contiguous_block_holdout,5652,train,1997.79
contiguous_block_holdout,5653,train,1998.1
contiguous_block_holdout,5654,train,1998.41
contiguous_block_holdout,5655,train,1998.71
contiguous_block_holdout,5656,train,1999.02
contiguous_block_holdout,5657,train,1999.33
contiguous_block_holdout,5658,train,1999.64
contiguous_block_holdout,5659,train,1999.95
contiguous_block_holdout,5660,train,2000.25
contiguous_block_holdout,5661,train,2000.56
contiguous_block_holdout,5662,train,2000.87
contiguous_block_holdout,5663,train,2001.18
contiguous_block_holdout,5664,train,2001.48
contiguous_block_holdout,5665,train,2001.79
contiguous_block_holdout,5666,train,2002.1
contiguous_block_holdout,5667,train,2002.41
contiguous_block_holdout,5668,train,2002.72
contiguous_block_holdout,5669,train,2003.02
contiguous_block_holdout,5670,train,2003.33
contiguous_block_holdout,5671,train,2003.64
contiguous_block_holdout,5672,train,2003.95
contiguous_block_holdout,5673,train,2004.26
contiguous_block_holdout,5674,train,2004.57
contiguous_block_holdout,5675,train,2004.88
contiguous_block_holdout,5676,train,2005.18
contiguous_block_holdout,5677,train,2005.49
contiguous_block_holdout,5678,train,2005.8
contiguous_block_holdout,5679,train,2006.11
contiguous_block_holdout,5680,train,2006.42
contiguous_block_holdout,5681,train,2006.73
contiguous_block_holdout,5682,train,2007.04
contiguous_block_holdout,5683,train,2007.35
contiguous_block_holdout,5684,train,2007.65
contiguous_block_holdout,5685,train,2007.96
contiguous_block_holdout,5686,train,2008.27
contiguous_block_holdout,5687,train,2008.58
contiguous_block_holdout,5688,train,2008.89
contiguous_block_holdout,5689,train,2009.2
contiguous_block_holdout,5690,train,2009.5
contiguous_block_holdout,5691,train,2009.81
contiguous_block_holdout,5692,train,2010.12
contiguous_block_holdout,5693,train,2010.43
contiguous_block_holdout,5694,train,2010.73
contiguous_block_holdout,5695,train,2011.04
contiguous_block_holdout,5696,train,2011.35
contiguous_block_holdout,5697,train,2011.65
contiguous_block_holdout,5698,train,2011.96
contiguous_block_holdout,5699,train,2012.27
contiguous_block_holdout,5700,train,2012.58
contiguous_block_holdout,5701,train,2012.89
contiguous_block_holdout,5702,train,2013.19
contiguous_block_holdout,5703,train,2013.5
contiguous_block_holdout,5704,train,2013.81
contiguous_block_holdout,5705,train,2014.12
contiguous_block_holdout,5706,train,2014.43
contiguous_block_holdout,5707,train,2014.73
contiguous_block_holdout,5708,train,2015.04
contiguous_block_holdout,5709,train,2015.35
contiguous_block_holdout,5710,train,2015.66
contiguous_block_holdout,5711,train,2015.96
contiguous_block_holdout,5712,train,2016.27
contiguous_block_holdout,5713,train,2016.58
contiguous_block_holdout,5714,train,2016.89
contiguous_block_holdout,5715,train,2017.19
contiguous_block_holdout,5716,train,2017.5
contiguous_block_holdout,5717,train,2017.81
contiguous_block_holdout,5718,train,2018.12
contiguous_block_holdout,5719,train,2018.43
contiguous_block_holdout,5720,train,2018.74
contiguous_block_holdout,5721,train,2019.04
contiguous_block_holdout,5722,train,2019.35
contiguous_block_holdout,5723,train,2019.66
contiguous_block_holdout,5724,train,2019.97
contiguous_block_holdout,5725,train,2020.27
contiguous_block_holdout,5726,train,2020.58
contiguous_block_holdout,5727,train,2020.89
contiguous_block_holdout,5728,train,2021.2
contiguous_block_holdout,5729,train,2021.51
contiguous_block_holdout,5730,train,2021.81
contiguous_block_holdout,5731,train,2022.12
contiguous_block_holdout,5732,train,2022.43
contiguous_block_holdout,5733,train,2022.74
contiguous_block_holdout,5734,train,2023.04
contiguous_block_holdout,5735,train,2023.35
contiguous_block_holdout,5736,train,2023.66
contiguous_block_holdout,5737,train,2023.97
contiguous_block_holdout,5738,train,2024.28
contiguous_block_holdout,5739,train,2024.58
contiguous_block_holdout,5740,train,2024.89
contiguous_block_holdout,5741,train,2025.2
contiguous_block_holdout,5742,train,2025.51
contiguous_block_holdout,5743,train,2025.82
contiguous_block_holdout,5744,train,2026.12
contiguous_block_holdout,5745,train,2026.43
contiguous_block_holdout,5746,train,2026.74
contiguous_block_holdout,5747,train,2027.05
contiguous_block_holdout,5748,train,2027.35
contiguous_block_holdout,5749,train,2027.66
contiguous_block_holdout,5750,train,2027.97
contiguous_block_holdout,5751,train,2028.28
contiguous_block_holdout,5752,train,2028.59
contiguous_block_holdout,5753,train,2028.89
contiguous_block_holdout,5754,train,2029.2
contiguous_block_holdout,5755,train,2029.51
contiguous_block_holdout,5756,train,2029.81
contiguous_block_holdout,5757,train,2030.12
contiguous_block_holdout,5758,train,2030.43
contiguous_block_holdout,5759,train,2030.74
contiguous_block_holdout,5760,train,2031.05
contiguous_block_holdout,5761,train,2031.35
contiguous_block_holdout,5762,train,2031.66
contiguous_block_holdout,5763,train,2031.97
contiguous_block_holdout,5764,train,2032.28
contiguous_block_holdout,5765,train,2032.58
contiguous_block_holdout,5766,train,2032.89
contiguous_block_holdout,5767,train,2033.2
contiguous_block_holdout,5768,train,2033.51
contiguous_block_holdout,5769,train,2033.82
contiguous_block_holdout,5770,train,2034.12
contiguous_block_holdout,5771,train,2034.43
contiguous_block_holdout,5772,train,2034.74
contiguous_block_holdout,5773,train,2035.05
contiguous_block_holdout,5774,train,2035.36
contiguous_block_holdout,5775,train,2035.66
contiguous_block_holdout,5776,train,2035.97
contiguous_block_holdout,5777,train,2036.28
contiguous_block_holdout,5778,train,2036.59
contiguous_block_holdout,5779,train,2036.89
contiguous_block_holdout,5780,train,2037.2
contiguous_block_holdout,5781,train,2037.51
contiguous_block_holdout,5782,train,2037.82
contiguous_block_holdout,5783,train,2038.13
contiguous_block_holdout,5784,train,2038.43
contiguous_block_holdout,5785,train,2038.74
contiguous_block_holdout,5786,train,2039.05
contiguous_block_holdout,5787,train,2039.36
contiguous_block_holdout,5788,train,2039.66
contiguous_block_holdout,5789,train,2039.97
contiguous_block_holdout,5790,train,2040.28
contiguous_block_holdout,5791,train,2040.59
contiguous_block_holdout,5792,train,2040.9
contiguous_block_holdout,5793,train,2041.2
contiguous_block_holdout,5794,train,2041.51
contiguous_block_holdout,5795,train,2041.82
contiguous_block_holdout,5796,train,2042.12
contiguous_block_holdout,5797,train,2042.43
contiguous_block_holdout,5798,train,2042.74
contiguous_block_holdout,5799,train,2043.05
contiguous_block_holdout,5800,train,2043.36
contiguous_block_holdout,5801,train,2043.66
contiguous_block_holdout,5802,train,2043.97
contiguous_block_holdout,5803,train,2044.28
contiguous_block_holdout,5804,train,2044.59
contiguous_block_holdout,5805,train,2044.89
contiguous_block_holdout,5806,train,2045.2
contiguous_block_holdout,5807,train,2045.52
contiguous_block_holdout,5808,train,2045.84
contiguous_block_holdout,5809,train,2046.15
contiguous_block_holdout,5810,train,2046.46
contiguous_block_holdout,5811,train,2046.76
contiguous_block_holdout,5812,train,2047.07
contiguous_block_holdout,5813,train,2047.38
contiguous_block_holdout,5814,train,2047.69
contiguous_block_holdout,5815,train,2047.99
contiguous_block_holdout,5816,train,2048.3
contiguous_block_holdout,5817,train,2048.61
contiguous_block_holdout,5818,train,2048.91
contiguous_block_holdout,5819,train,2049.22
contiguous_block_holdout,5820,train,2049.53
contiguous_block_holdout,5821,train,2049.84
contiguous_block_holdout,5822,train,2050.15
contiguous_block_holdout,5823,train,2050.45
contiguous_block_holdout,5824,train,2050.76
contiguous_block_holdout,5825,train,2051.07
contiguous_block_holdout,5826,train,2051.38
contiguous_block_holdout,5827,train,2051.69
contiguous_block_holdout,5828,train,2051.99
contiguous_block_holdout,5829,train,2052.3
contiguous_block_holdout,5830,train,2052.61
contiguous_block_holdout,5831,train,2052.92
contiguous_block_holdout,5832,train,2053.22
contiguous_block_holdout,5833,train,2053.53
contiguous_block_holdout,5834,train,2053.84
contiguous_block_holdout,5835,train,2054.15
contiguous_block_holdout,5836,train,2054.45
contiguous_block_holdout,5837,train,2054.76
contiguous_block_holdout,5838,train,2055.07
contiguous_block_holdout,5839,train,2055.38
contiguous_block_holdout,5840,train,2055.68
contiguous_block_holdout,5841,train,2055.99
contiguous_block_holdout,5842,train,2056.3
contiguous_block_holdout,5843,train,2056.6
contiguous_block_holdout,5844,train,2056.91
contiguous_block_holdout,5845,train,2057.22
contiguous_block_holdout,5846,train,2057.53
contiguous_block_holdout,5847,train,2057.84
contiguous_block_holdout,5848,train,2058.14
contiguous_block_holdout,5849,train,2058.45
contiguous_block_holdout,5850,train,2058.76
contiguous_block_holdout,5851,train,2059.07
contiguous_block_holdout,5852,train,2059.38
contiguous_block_holdout,5853,train,2059.68
contiguous_block_holdout,5854,train,2059.99
contiguous_block_holdout,5855,train,2060.3
contiguous_block_holdout,5856,train,2060.6
contiguous_block_holdout,5857,train,2060.91
contiguous_block_holdout,5858,train,2061.22
contiguous_block_holdout,5859,train,2061.53
contiguous_block_holdout,5860,train,2061.83
contiguous_block_holdout,5861,train,2062.14
contiguous_block_holdout,5862,train,2062.45
contiguous_block_holdout,5863,train,2062.76
contiguous_block_holdout,5864,train,2063.07
contiguous_block_holdout,5865,train,2063.37
contiguous_block_holdout,5866,train,2063.68
contiguous_block_holdout,5867,train,2063.99
contiguous_block_holdout,5868,train,2064.3
contiguous_block_holdout,5869,train,2064.6
contiguous_block_holdout,5870,train,2064.91
contiguous_block_holdout,5871,train,2065.22
contiguous_block_holdout,5872,train,2065.53
contiguous_block_holdout,5873,train,2065.83
contiguous_block_holdout,5874,train,2066.14
contiguous_block_holdout,5875,train,2066.45
contiguous_block_holdout,5876,train,2066.76
contiguous_block_holdout,5877,train,2067.06
contiguous_block_holdout,5878,train,2067.37
contiguous_block_holdout,5879,train,2067.68
contiguous_block_holdout,5880,train,2067.99
contiguous_block_holdout,5881,train,2068.3
contiguous_block_holdout,5882,train,2068.6
contiguous_block_holdout,5883,train,2068.91
contiguous_block_holdout,5884,train,2069.22
contiguous_block_holdout,5885,train,2069.52
contiguous_block_holdout,5886,train,2069.83
contiguous_block_holdout,5887,train,2070.14
contiguous_block_holdout,5888,train,2070.45
contiguous_block_holdout,5889,train,2070.76
contiguous_block_holdout,5890,train,2071.06
contiguous_block_holdout,5891,train,2071.37
contiguous_block_holdout,5892,train,2071.68
contiguous_block_holdout,5893,train,2071.99
contiguous_block_holdout,5894,train,2072.54
contiguous_block_holdout,5895,train,2072.61
contiguous_block_holdout,5896,train,2072.92
contiguous_block_holdout,5897,train,2073.22
contiguous_block_holdout,5898,train,2073.53
contiguous_block_holdout,5899,train,2073.84
contiguous_block_holdout,5900,train,2074.15
contiguous_block_holdout,5901,train,2074.46
contiguous_block_holdout,5902,train,2074.76
contiguous_block_holdout,5903,train,2075.07
contiguous_block_holdout,5904,train,2075.38
contiguous_block_holdout,5905,train,2075.69
contiguous_block_holdout,5906,train,2076.0
contiguous_block_holdout,5907,train,2076.31
contiguous_block_holdout,5908,train,2076.62
contiguous_block_holdout,5909,train,2076.93
contiguous_block_holdout,5910,train,2077.24
contiguous_block_holdout,5911,train,2077.54
contiguous_block_holdout,5912,train,2077.85
contiguous_block_holdout,5913,train,2078.16
contiguous_block_holdout,5914,train,2078.47
contiguous_block_holdout,5915,train,2078.77
contiguous_block_holdout,5916,train,2079.08
contiguous_block_holdout,5917,train,2079.39
contiguous_block_holdout,5918,train,2082.52
contiguous_block_holdout,5919,train,2082.83
contiguous_block_holdout,5920,train,2083.13
contiguous_block_holdout,5921,train,2083.44
contiguous_block_holdout,5922,train,2083.75
contiguous_block_holdout,5923,train,2084.06
contiguous_block_holdout,5924,train,2084.36
contiguous_block_holdout,5925,train,2084.67
contiguous_block_holdout,5926,train,2084.98
contiguous_block_holdout,5927,train,2085.29
contiguous_block_holdout,5928,train,2085.6
contiguous_block_holdout,5929,train,2085.9
contiguous_block_holdout,5930,train,2086.21
contiguous_block_holdout,5931,train,2086.52
contiguous_block_holdout,5932,train,2086.82
contiguous_block_holdout,5933,train,2087.13
contiguous_block_holdout,5934,train,2087.44
contiguous_block_holdout,5935,train,2087.75
contiguous_block_holdout,5936,train,2088.06
contiguous_block_holdout,5937,train,2088.36
contiguous_block_holdout,5938,train,2088.67
contiguous_block_holdout,5939,train,2088.98
contiguous_block_holdout,5940,train,2089.29
contiguous_block_holdout,5941,train,2089.59
contiguous_block_holdout,5942,train,2089.9
contiguous_block_holdout,5943,train,2090.21
contiguous_block_holdout,5944,train,2090.52
contiguous_block_holdout,5945,train,2090.83
contiguous_block_holdout,5946,train,2091.13
contiguous_block_holdout,5947,train,2091.44
contiguous_block_holdout,5948,train,2091.75
contiguous_block_holdout,5949,train,2092.06
contiguous_block_holdout,5950,train,2092.36
contiguous_block_holdout,5951,train,2092.67
contiguous_block_holdout,5952,train,2092.98
contiguous_block_holdout,5953,train,2093.29
contiguous_block_holdout,5954,train,2093.59
contiguous_block_holdout,5955,train,2096.99
contiguous_block_holdout,5956,train,2097.3
contiguous_block_holdout,5957,train,2097.6
contiguous_block_holdout,5958,train,2097.91
contiguous_block_holdout,5959,train,2098.22
contiguous_block_holdout,5960,train,2098.52
contiguous_block_holdout,5961,train,2098.83
contiguous_block_holdout,5962,train,2099.14
contiguous_block_holdout,5963,train,2099.45
contiguous_block_holdout,5964,train,2099.76
contiguous_block_holdout,5965,train,2100.06
contiguous_block_holdout,5966,train,2100.37
contiguous_block_holdout,5967,train,2100.68
contiguous_block_holdout,5968,train,2100.99
contiguous_block_holdout,5969,train,2101.3
contiguous_block_holdout,5970,train,2101.6
contiguous_block_holdout,5971,train,2101.91
contiguous_block_holdout,5972,train,2102.22
contiguous_block_holdout,5973,train,2102.53
contiguous_block_holdout,5974,train,2102.83
contiguous_block_holdout,5975,train,2103.14
contiguous_block_holdout,5976,train,2103.84
contiguous_block_holdout,5977,train,2107.56
contiguous_block_holdout,5978,train,2107.87
contiguous_block_holdout,5979,train,2108.17
contiguous_block_holdout,5980,train,2108.48
contiguous_block_holdout,5981,train,2108.79
contiguous_block_holdout,5982,train,2109.1
contiguous_block_holdout,5983,train,2109.41
contiguous_block_holdout,5984,train,2109.71
contiguous_block_holdout,5985,train,2110.02
contiguous_block_holdout,5986,train,2110.33
contiguous_block_holdout,5987,train,2110.64
contiguous_block_holdout,5988,train,2110.94
contiguous_block_holdout,5989,train,2111.25
contiguous_block_holdout,5990,train,2111.56
contiguous_block_holdout,5991,train,2111.87
contiguous_block_holdout,5992,train,2112.17
contiguous_block_holdout,5993,train,2112.48
contiguous_block_holdout,5994,train,2112.79
contiguous_block_holdout,5995,train,2113.1
contiguous_block_holdout,5996,train,2113.4
contiguous_block_holdout,5997,train,2113.71
contiguous_block_holdout,5998,train,2114.02
contiguous_block_holdout,5999,train,2114.33
contiguous_block_holdout,6000,train,2114.64
contiguous_block_holdout,6001,train,2114.94
contiguous_block_holdout,6002,train,2115.25
contiguous_block_holdout,6003,train,2115.56
contiguous_block_holdout,6004,train,2119.3
contiguous_block_holdout,6005,train,2119.6
contiguous_block_holdout,6006,train,2119.91
contiguous_block_holdout,6007,train,2120.22
contiguous_block_holdout,6008,train,2120.53
contiguous_block_holdout,6009,train,2120.84
contiguous_block_holdout,6010,train,2121.14
contiguous_block_holdout,6011,train,2121.45
contiguous_block_holdout,6012,train,2121.76
contiguous_block_holdout,6013,train,2122.07
contiguous_block_holdout,6014,train,2122.38
contiguous_block_holdout,6015,train,2122.69
contiguous_block_holdout,6016,train,2122.99
contiguous_block_holdout,6017,train,2123.3
contiguous_block_holdout,6018,train,2123.3
contiguous_block_holdout,6019,train,2123.61
contiguous_block_holdout,6020,train,2123.92
contiguous_block_holdout,6021,train,2124.23
contiguous_block_holdout,6022,train,2124.54
contiguous_block_holdout,6023,train,2124.84
contiguous_block_holdout,6024,train,2125.15
contiguous_block_holdout,6025,train,2125.46
contiguous_block_holdout,6026,train,2125.77
contiguous_block_holdout,6027,train,2126.07
contiguous_block_holdout,6028,train,2126.38
contiguous_block_holdout,6029,train,2126.69
contiguous_block_holdout,6030,train,2127.0
contiguous_block_holdout,6031,train,2127.31
contiguous_block_holdout,6032,train,2127.61
contiguous_block_holdout,6033,train,2127.92
contiguous_block_holdout,6034,train,2128.23
contiguous_block_holdout,6035,train,2128.53
contiguous_block_holdout,6036,train,2128.84
contiguous_block_holdout,6037,train,2129.15
contiguous_block_holdout,6038,train,2129.46
contiguous_block_holdout,6039,train,2129.77
contiguous_block_holdout,6040,train,2130.07
contiguous_block_holdout,6041,train,2130.38
contiguous_block_holdout,6042,train,2130.69
contiguous_block_holdout,6043,train,2131.0
contiguous_block_holdout,6044,train,2131.3
contiguous_block_holdout,6045,train,2131.61
contiguous_block_holdout,6046,train,2131.92
contiguous_block_holdout,6047,train,2132.23
contiguous_block_holdout,6048,train,2132.54
contiguous_block_holdout,6049,train,2132.84
contiguous_block_holdout,6050,train,2133.15
contiguous_block_holdout,6051,train,2133.46
contiguous_block_holdout,6052,train,2133.77
contiguous_block_holdout,6053,train,2134.07
contiguous_block_holdout,6054,train,2134.38
contiguous_block_holdout,6055,train,2134.69
contiguous_block_holdout,6056,train,2135.0
contiguous_block_holdout,6057,train,2135.31
contiguous_block_holdout,6058,train,2135.61
contiguous_block_holdout,6059,train,2135.92
contiguous_block_holdout,6060,train,2136.23
contiguous_block_holdout,6061,train,2136.54
contiguous_block_holdout,6062,train,2136.84
contiguous_block_holdout,6063,train,2137.15
contiguous_block_holdout,6064,train,2137.46
contiguous_block_holdout,6065,train,2137.77
contiguous_block_holdout,6066,train,2138.07
contiguous_block_holdout,6067,train,2138.38
contiguous_block_holdout,6068,train,2138.69
contiguous_block_holdout,6069,train,2139.0
contiguous_block_holdout,6070,train,2139.0
contiguous_block_holdout,6071,train,2139.31
contiguous_block_holdout,6072,train,2139.61
contiguous_block_holdout,6073,train,2139.92
contiguous_block_holdout,6074,train,2140.23
contiguous_block_holdout,6075,train,2140.54
contiguous_block_holdout,6076,train,2140.84
contiguous_block_holdout,6077,train,2141.15
contiguous_block_holdout,6078,train,2141.46
contiguous_block_holdout,6079,train,2141.77
contiguous_block_holdout,6080,train,2142.08
contiguous_block_holdout,6081,train,2142.38
contiguous_block_holdout,6082,train,2142.69
contiguous_block_holdout,6083,train,2143.0
contiguous_block_holdout,6084,train,2143.3
contiguous_block_holdout,6085,train,2143.61
contiguous_block_holdout,6086,train,2143.92
contiguous_block_holdout,6087,train,2144.23
contiguous_block_holdout,6088,train,2144.54
contiguous_block_holdout,6089,train,2144.84
contiguous_block_holdout,6090,train,2145.36
contiguous_block_holdout,6091,train,2145.67
contiguous_block_holdout,6092,train,2145.98
contiguous_block_holdout,6093,train,2146.28
contiguous_block_holdout,6094,train,2146.59
contiguous_block_holdout,6095,train,2146.9
contiguous_block_holdout,6096,train,2147.21
contiguous_block_holdout,6097,train,2147.52
contiguous_block_holdout,6098,train,2147.83
contiguous_block_holdout,6099,train,2148.14
contiguous_block_holdout,6100,train,2148.45
contiguous_block_holdout,6101,train,2148.75
contiguous_block_holdout,6102,train,2149.06
contiguous_block_holdout,6103,train,2149.37
contiguous_block_holdout,6104,train,2149.68
contiguous_block_holdout,6105,train,2149.98
contiguous_block_holdout,6106,train,2150.29
contiguous_block_holdout,6107,train,2150.6
contiguous_block_holdout,6108,train,2150.91
contiguous_block_holdout,6109,train,2151.22
contiguous_block_holdout,6110,train,2151.52
contiguous_block_holdout,6111,train,2151.83
contiguous_block_holdout,6112,train,2152.14
contiguous_block_holdout,6113,train,2152.44
contiguous_block_holdout,6114,train,2152.75
contiguous_block_holdout,6115,train,2153.06
contiguous_block_holdout,6116,train,2153.37
contiguous_block_holdout,6117,train,2153.68
contiguous_block_holdout,6118,train,2153.98
contiguous_block_holdout,6119,train,2154.29
contiguous_block_holdout,6120,train,2154.6
contiguous_block_holdout,6121,train,2154.91
contiguous_block_holdout,6122,train,2155.21
contiguous_block_holdout,6123,train,2155.52
contiguous_block_holdout,6124,train,2155.83
contiguous_block_holdout,6125,train,2156.14
contiguous_block_holdout,6126,train,2156.45
contiguous_block_holdout,6127,train,2156.75
contiguous_block_holdout,6128,train,2157.06
contiguous_block_holdout,6129,train,2157.37
contiguous_block_holdout,6130,train,2157.68
contiguous_block_holdout,6131,train,2157.99
contiguous_block_holdout,6132,train,2158.29
contiguous_block_holdout,6133,train,2158.6
contiguous_block_holdout,6134,train,2158.91
contiguous_block_holdout,6135,train,2159.22
contiguous_block_holdout,6136,train,2159.52
contiguous_block_holdout,6137,train,2159.83
contiguous_block_holdout,6138,train,2160.14
contiguous_block_holdout,6139,train,2160.45
contiguous_block_holdout,6140,train,2160.76
contiguous_block_holdout,6141,train,2161.07
contiguous_block_holdout,6142,train,2161.37
contiguous_block_holdout,6143,train,2161.69
contiguous_block_holdout,6144,train,2162.0
contiguous_block_holdout,6145,train,2162.31
contiguous_block_holdout,6146,train,2162.62
contiguous_block_holdout,6147,train,2162.92
contiguous_block_holdout,6148,train,2163.23
contiguous_block_holdout,6149,train,2163.54
contiguous_block_holdout,6150,train,2163.84
contiguous_block_holdout,6151,train,2164.15
contiguous_block_holdout,6152,train,2164.46
contiguous_block_holdout,6153,train,2164.77
contiguous_block_holdout,6154,train,2165.07
contiguous_block_holdout,6155,train,2165.38
contiguous_block_holdout,6156,train,2165.69
contiguous_block_holdout,6157,train,2166.0
contiguous_block_holdout,6158,train,2166.31
contiguous_block_holdout,6159,train,2166.62
contiguous_block_holdout,6160,train,2166.93
contiguous_block_holdout,6161,train,2167.24
contiguous_block_holdout,6162,train,2167.54
contiguous_block_holdout,6163,train,2167.85
contiguous_block_holdout,6164,train,2168.16
contiguous_block_holdout,6165,train,2168.48
contiguous_block_holdout,6166,train,2168.8
contiguous_block_holdout,6167,train,2169.11
contiguous_block_holdout,6168,train,2169.42
contiguous_block_holdout,6169,train,2169.73
contiguous_block_holdout,6170,train,2170.04
contiguous_block_holdout,6171,train,2170.34
contiguous_block_holdout,6172,train,2170.65
contiguous_block_holdout,6173,train,2170.96
contiguous_block_holdout,6174,train,2171.26
contiguous_block_holdout,6175,train,2171.57
contiguous_block_holdout,6176,train,2171.88
contiguous_block_holdout,6177,train,2172.19
contiguous_block_holdout,6178,train,2172.5
contiguous_block_holdout,6179,train,2172.8
contiguous_block_holdout,6180,train,2173.11
contiguous_block_holdout,6181,train,2173.42
contiguous_block_holdout,6182,train,2173.73
contiguous_block_holdout,6183,train,2174.04
contiguous_block_holdout,6184,train,2174.34
contiguous_block_holdout,6185,train,2174.65
contiguous_block_holdout,6186,train,2174.96
contiguous_block_holdout,6187,train,2175.27
contiguous_block_holdout,6188,train,2175.57
contiguous_block_holdout,6189,train,2175.88
contiguous_block_holdout,6190,train,2176.19
contiguous_block_holdout,6191,train,2176.5
contiguous_block_holdout,6192,train,2176.81
contiguous_block_holdout,6193,train,2177.11
contiguous_block_holdout,6194,train,2177.42
contiguous_block_holdout,6195,train,2177.73
contiguous_block_holdout,6196,train,2178.04
contiguous_block_holdout,6197,train,2178.35
contiguous_block_holdout,6198,train,2178.65
contiguous_block_holdout,6199,train,2178.96
contiguous_block_holdout,6200,train,2179.27
contiguous_block_holdout,6201,train,2179.57
contiguous_block_holdout,6202,train,2179.57
contiguous_block_holdout,6203,train,2179.88
contiguous_block_holdout,6204,train,2180.19
contiguous_block_holdout,6205,train,2180.5
contiguous_block_holdout,6206,train,2180.8
contiguous_block_holdout,6207,train,2181.11
contiguous_block_holdout,6208,train,2181.42
contiguous_block_holdout,6209,train,2181.73
contiguous_block_holdout,6210,train,2182.04
contiguous_block_holdout,6211,train,2182.34
contiguous_block_holdout,6212,train,2182.65
contiguous_block_holdout,6213,train,2182.96
contiguous_block_holdout,6214,train,2183.27
contiguous_block_holdout,6215,train,2183.58
contiguous_block_holdout,6216,train,2183.88
contiguous_block_holdout,6217,train,2184.2
contiguous_block_holdout,6218,train,2184.5
contiguous_block_holdout,6219,train,2184.81
contiguous_block_holdout,6220,train,2185.12
contiguous_block_holdout,6221,train,2185.43
contiguous_block_holdout,6222,train,2185.74
contiguous_block_holdout,6223,train,2186.04
contiguous_block_holdout,6224,train,2186.35
contiguous_block_holdout,6225,train,2186.66
contiguous_block_holdout,6226,train,2186.97
contiguous_block_holdout,6227,train,2187.28
contiguous_block_holdout,6228,train,2187.58
contiguous_block_holdout,6229,train,2187.89
contiguous_block_holdout,6230,train,2188.2
contiguous_block_holdout,6231,train,2188.5
contiguous_block_holdout,6232,train,2188.81
contiguous_block_holdout,6233,train,2189.12
contiguous_block_holdout,6234,train,2189.43
contiguous_block_holdout,6235,train,2189.73
contiguous_block_holdout,6236,train,2190.05
contiguous_block_holdout,6237,train,2190.35
contiguous_block_holdout,6238,train,2190.66
contiguous_block_holdout,6239,train,2190.97
contiguous_block_holdout,6240,train,2191.28
contiguous_block_holdout,6241,train,2191.59
contiguous_block_holdout,6242,train,2191.9
contiguous_block_holdout,6243,train,2192.21
contiguous_block_holdout,6244,train,2192.51
contiguous_block_holdout,6245,train,2192.82
contiguous_block_holdout,6246,train,2193.13
contiguous_block_holdout,6247,train,2193.44
contiguous_block_holdout,6248,train,2193.75
contiguous_block_holdout,6249,train,2194.05
contiguous_block_holdout,6250,train,2194.45
contiguous_block_holdout,6251,train,2194.98
contiguous_block_holdout,6252,train,2195.29
contiguous_block_holdout,6253,train,2195.6
contiguous_block_holdout,6254,train,2195.9
contiguous_block_holdout,6255,train,2196.21
contiguous_block_holdout,6256,train,2196.52
contiguous_block_holdout,6257,train,2196.83
contiguous_block_holdout,6258,train,2197.14
contiguous_block_holdout,6259,train,2197.45
contiguous_block_holdout,6260,train,2197.75
contiguous_block_holdout,6261,train,2198.06
contiguous_block_holdout,6262,train,2198.37
contiguous_block_holdout,6263,train,2198.68
contiguous_block_holdout,6264,train,2198.99
contiguous_block_holdout,6265,train,2199.29
contiguous_block_holdout,6266,train,2199.6
contiguous_block_holdout,6267,train,2199.91
contiguous_block_holdout,6268,train,2200.22
contiguous_block_holdout,6269,train,2200.52
contiguous_block_holdout,6270,train,2200.83
contiguous_block_holdout,6271,train,2201.14
contiguous_block_holdout,6272,train,2201.45
contiguous_block_holdout,6273,train,2201.76
contiguous_block_holdout,6274,train,2202.06
contiguous_block_holdout,6275,train,2202.37
contiguous_block_holdout,6276,train,2202.68
contiguous_block_holdout,6277,train,2202.99
contiguous_block_holdout,6278,train,2203.29
contiguous_block_holdout,6279,train,2203.6
contiguous_block_holdout,6280,train,2203.91
contiguous_block_holdout,6281,train,2204.22
contiguous_block_holdout,6282,train,2204.53
contiguous_block_holdout,6283,train,2204.84
contiguous_block_holdout,6284,train,2205.15
contiguous_block_holdout,6285,train,2205.46
contiguous_block_holdout,6286,train,2205.76
contiguous_block_holdout,6287,train,2206.07
contiguous_block_holdout,6288,train,2206.38
contiguous_block_holdout,6289,train,2206.69
contiguous_block_holdout,6290,train,2206.99
contiguous_block_holdout,6291,train,2207.3
contiguous_block_holdout,6292,train,2207.61
contiguous_block_holdout,6293,train,2207.92
contiguous_block_holdout,6294,train,2208.23
contiguous_block_holdout,6295,train,2208.53
contiguous_block_holdout,6296,train,2208.84
contiguous_block_holdout,6297,train,2209.15
contiguous_block_holdout,6298,train,2209.46
contiguous_block_holdout,6299,train,2209.77
contiguous_block_holdout,6300,train,2210.07
contiguous_block_holdout,6301,train,2210.38
contiguous_block_holdout,6302,train,2210.69
contiguous_block_holdout,6303,train,2211.0
contiguous_block_holdout,6304,train,2211.3
contiguous_block_holdout,6305,train,2211.61
contiguous_block_holdout,6306,train,2211.92
contiguous_block_holdout,6307,train,2212.23
contiguous_block_holdout,6308,train,2212.54
contiguous_block_holdout,6309,train,2212.84
contiguous_block_holdout,6310,train,2213.15
contiguous_block_holdout,6311,train,2213.46
contiguous_block_holdout,6312,train,2213.77
contiguous_block_holdout,6313,train,2214.07
contiguous_block_holdout,6314,train,2214.38
contiguous_block_holdout,6315,train,2214.69
contiguous_block_holdout,6316,train,2215.0
contiguous_block_holdout,6317,train,2215.31
contiguous_block_holdout,6318,train,2215.61
contiguous_block_holdout,6319,train,2215.92
contiguous_block_holdout,6320,train,2216.23
contiguous_block_holdout,6321,train,2216.53
contiguous_block_holdout,6322,train,2216.84
contiguous_block_holdout,6323,train,2217.15
contiguous_block_holdout,6324,train,2217.46
contiguous_block_holdout,6325,train,2217.77
contiguous_block_holdout,6326,train,2218.07
contiguous_block_holdout,6327,train,2218.38
contiguous_block_holdout,6328,train,2218.69
contiguous_block_holdout,6329,train,2219.0
contiguous_block_holdout,6330,train,2219.31
contiguous_block_holdout,6331,train,2219.61
contiguous_block_holdout,6332,train,2219.92
contiguous_block_holdout,6333,train,2220.23
contiguous_block_holdout,6334,train,2220.54
contiguous_block_holdout,6335,train,2220.84
contiguous_block_holdout,6336,train,2221.15
contiguous_block_holdout,6337,train,2221.46
contiguous_block_holdout,6338,train,2221.77
contiguous_block_holdout,6339,train,2222.08
contiguous_block_holdout,6340,train,2222.38
contiguous_block_holdout,6341,train,2222.69
contiguous_block_holdout,6342,train,2223.0
contiguous_block_holdout,6343,train,2223.31
contiguous_block_holdout,6344,train,2223.61
contiguous_block_holdout,6345,train,2223.92
contiguous_block_holdout,6346,train,2224.23
contiguous_block_holdout,6347,train,2224.54
contiguous_block_holdout,6348,train,2224.85
contiguous_block_holdout,6349,train,2225.15
contiguous_block_holdout,6350,train,2225.46
contiguous_block_holdout,6351,train,2225.77
contiguous_block_holdout,6352,train,2226.07
contiguous_block_holdout,6353,train,2226.38
contiguous_block_holdout,6354,train,2226.69
contiguous_block_holdout,6355,train,2227.0
contiguous_block_holdout,6356,train,2227.31
contiguous_block_holdout,6357,train,2227.61
contiguous_block_holdout,6358,train,2227.92
contiguous_block_holdout,6359,train,2228.23
contiguous_block_holdout,6360,train,2228.54
contiguous_block_holdout,6361,train,2228.85
contiguous_block_holdout,6362,train,2229.16
contiguous_block_holdout,6363,train,2229.47
contiguous_block_holdout,6364,train,2229.77
contiguous_block_holdout,6365,train,2230.09
contiguous_block_holdout,6366,train,2230.4
contiguous_block_holdout,6367,train,2230.71
contiguous_block_holdout,6368,train,2231.01
contiguous_block_holdout,6369,train,2231.33
contiguous_block_holdout,6370,train,2231.63
contiguous_block_holdout,6371,train,2231.94
contiguous_block_holdout,6372,train,2232.25
contiguous_block_holdout,6373,train,2232.56
contiguous_block_holdout,6374,train,2232.86
contiguous_block_holdout,6375,train,2233.17
contiguous_block_holdout,6376,train,2233.49
contiguous_block_holdout,6377,train,2233.82
contiguous_block_holdout,6378,train,2234.14
contiguous_block_holdout,6379,train,2234.44
contiguous_block_holdout,6380,train,2234.75
contiguous_block_holdout,6381,train,2235.06
contiguous_block_holdout,6382,train,2235.37
contiguous_block_holdout,6383,train,2235.68
contiguous_block_holdout,6384,train,2235.99
contiguous_block_holdout,6385,train,2236.29
contiguous_block_holdout,6386,train,2236.6
contiguous_block_holdout,6387,train,2236.91
contiguous_block_holdout,6388,train,2237.22
contiguous_block_holdout,6389,train,2237.53
contiguous_block_holdout,6390,train,2237.83
contiguous_block_holdout,6391,train,2238.14
contiguous_block_holdout,6392,train,2238.45
contiguous_block_holdout,6393,train,2238.76
contiguous_block_holdout,6394,train,2239.06
contiguous_block_holdout,6395,train,2239.37
contiguous_block_holdout,6396,train,2239.68
contiguous_block_holdout,6397,train,2239.99
contiguous_block_holdout,6398,train,2240.3
contiguous_block_holdout,6399,train,2240.6
contiguous_block_holdout,6400,train,2240.91
contiguous_block_holdout,6401,train,2241.22
contiguous_block_holdout,6402,train,2241.53
contiguous_block_holdout,6403,train,2241.83
contiguous_block_holdout,6404,train,2242.14
contiguous_block_holdout,6405,train,2242.45
contiguous_block_holdout,6406,train,2242.76
contiguous_block_holdout,6407,train,2243.07
contiguous_block_holdout,6408,train,2243.37
contiguous_block_holdout,6409,train,2243.68
contiguous_block_holdout,6410,train,2243.99
contiguous_block_holdout,6411,train,2244.29
contiguous_block_holdout,6412,train,2244.6
contiguous_block_holdout,6413,train,2244.91
contiguous_block_holdout,6414,train,2245.22
contiguous_block_holdout,6415,train,2245.53
contiguous_block_holdout,6416,train,2245.83
contiguous_block_holdout,6417,train,2246.14
contiguous_block_holdout,6418,train,2246.45
contiguous_block_holdout,6419,train,2246.76
contiguous_block_holdout,6420,train,2247.06
contiguous_block_holdout,6421,train,2247.37
contiguous_block_holdout,6422,train,2247.68
contiguous_block_holdout,6423,train,2247.99
contiguous_block_holdout,6424,train,2248.3
contiguous_block_holdout,6425,train,2248.6
contiguous_block_holdout,6426,train,2248.91
contiguous_block_holdout,6427,train,2249.22
contiguous_block_holdout,6428,train,2249.53
contiguous_block_holdout,6429,train,2249.84
contiguous_block_holdout,6430,train,2250.14
contiguous_block_holdout,6431,train,2250.45
contiguous_block_holdout,6432,train,2250.76
contiguous_block_holdout,6433,train,2251.06
contiguous_block_holdout,6434,train,2251.37
contiguous_block_holdout,6435,train,2251.68
contiguous_block_holdout,6436,train,2251.99
contiguous_block_holdout,6437,train,2252.3
contiguous_block_holdout,6438,train,2252.6
contiguous_block_holdout,6439,train,2252.91
contiguous_block_holdout,6440,train,2253.22
contiguous_block_holdout,6441,train,2253.52
contiguous_block_holdout,6442,train,2253.83
contiguous_block_holdout,6443,train,2254.14
contiguous_block_holdout,6444,train,2254.45
contiguous_block_holdout,6445,train,2254.75
contiguous_block_holdout,6446,train,2255.06
contiguous_block_holdout,6447,train,2255.37
contiguous_block_holdout,6448,train,2255.68
contiguous_block_holdout,6449,train,2255.99
contiguous_block_holdout,6450,train,2256.29
contiguous_block_holdout,6451,train,2256.6
contiguous_block_holdout,6452,train,2256.91
contiguous_block_holdout,6453,train,2257.22
contiguous_block_holdout,6454,train,2257.53
contiguous_block_holdout,6455,train,2257.83
contiguous_block_holdout,6456,train,2258.14
contiguous_block_holdout,6457,train,2258.45
contiguous_block_holdout,6458,train,2258.76
contiguous_block_holdout,6459,train,2259.06
contiguous_block_holdout,6460,train,2259.37
contiguous_block_holdout,6461,train,2259.68
contiguous_block_holdout,6462,train,2259.99
contiguous_block_holdout,6463,train,2260.3
contiguous_block_holdout,6464,train,2260.6
contiguous_block_holdout,6465,train,2260.91
contiguous_block_holdout,6466,train,2261.22
contiguous_block_holdout,6467,train,2261.53
contiguous_block_holdout,6468,train,2261.83
contiguous_block_holdout,6469,train,2262.14
contiguous_block_holdout,6470,train,2262.45
contiguous_block_holdout,6471,train,2262.76
contiguous_block_holdout,6472,train,2263.07
contiguous_block_holdout,6473,train,2263.37
contiguous_block_holdout,6474,train,2263.68
contiguous_block_holdout,6475,train,2263.99
contiguous_block_holdout,6476,train,2264.29
contiguous_block_holdout,6477,train,2264.6
contiguous_block_holdout,6478,train,2264.91
contiguous_block_holdout,6479,train,2265.22
contiguous_block_holdout,6480,train,2265.53
contiguous_block_holdout,6481,train,2265.84
contiguous_block_holdout,6482,train,2266.14
contiguous_block_holdout,6483,train,2266.45
contiguous_block_holdout,6484,train,2266.76
contiguous_block_holdout,6485,train,2267.06
contiguous_block_holdout,6486,train,2267.37
contiguous_block_holdout,6487,train,2267.68
contiguous_block_holdout,6488,train,2267.85
contiguous_block_holdout,6489,train,2267.99
contiguous_block_holdout,6490,train,2268.3
contiguous_block_holdout,6491,train,2268.6
contiguous_block_holdout,6492,train,2268.91
contiguous_block_holdout,6493,train,2269.22
contiguous_block_holdout,6494,train,2269.53
contiguous_block_holdout,6495,train,2269.84
contiguous_block_holdout,6496,train,2270.14
contiguous_block_holdout,6497,train,2270.45
contiguous_block_holdout,6498,train,2270.76
contiguous_block_holdout,6499,train,2271.07
contiguous_block_holdout,6500,train,2271.38
contiguous_block_holdout,6501,train,2271.68
contiguous_block_holdout,6502,train,2271.99
contiguous_block_holdout,6503,train,2272.3
contiguous_block_holdout,6504,train,2272.61
contiguous_block_holdout,6505,train,2272.92
contiguous_block_holdout,6506,train,2273.22
contiguous_block_holdout,6507,train,2273.53
contiguous_block_holdout,6508,train,2273.84
contiguous_block_holdout,6509,train,2274.15
contiguous_block_holdout,6510,train,2274.46
contiguous_block_holdout,6511,train,2274.76
contiguous_block_holdout,6512,train,2275.07
contiguous_block_holdout,6513,train,2275.38
contiguous_block_holdout,6514,train,2275.69
contiguous_block_holdout,6515,train,2276.0
contiguous_block_holdout,6516,train,2276.3
contiguous_block_holdout,6517,train,2276.61
contiguous_block_holdout,6518,train,2276.92
contiguous_block_holdout,6519,train,2277.22
contiguous_block_holdout,6520,train,2277.53
contiguous_block_holdout,6521,train,2277.84
contiguous_block_holdout,6522,train,2278.15
contiguous_block_holdout,6523,train,2278.45
contiguous_block_holdout,6524,train,2278.76
contiguous_block_holdout,6525,train,2279.07
contiguous_block_holdout,6526,train,2279.38
contiguous_block_holdout,6527,train,2279.69
contiguous_block_holdout,6528,train,2280.0
contiguous_block_holdout,6529,train,2280.3
contiguous_block_holdout,6530,train,2280.61
contiguous_block_holdout,6531,train,2280.92
contiguous_block_holdout,6532,train,2281.23
contiguous_block_holdout,6533,train,2281.54
contiguous_block_holdout,6534,train,2281.84
contiguous_block_holdout,6535,train,2282.15
contiguous_block_holdout,6536,train,2282.46
contiguous_block_holdout,6537,train,2282.77
contiguous_block_holdout,6538,train,2283.08
contiguous_block_holdout,6539,train,2283.38
contiguous_block_holdout,6540,train,2283.69
contiguous_block_holdout,6541,train,2284.0
contiguous_block_holdout,6542,train,2284.31
contiguous_block_holdout,6543,train,2284.61
contiguous_block_holdout,6544,train,2284.92
contiguous_block_holdout,6545,train,2285.23
contiguous_block_holdout,6546,train,2285.54
contiguous_block_holdout,6547,train,2285.85
contiguous_block_holdout,6548,train,2286.15
contiguous_block_holdout,6549,train,2286.46
contiguous_block_holdout,6550,train,2286.77
contiguous_block_holdout,6551,train,2287.08
contiguous_block_holdout,6552,train,2287.38
contiguous_block_holdout,6553,train,2287.69
contiguous_block_holdout,6554,train,2288.0
contiguous_block_holdout,6555,train,2288.31
contiguous_block_holdout,6556,train,2288.62
contiguous_block_holdout,6557,train,2288.92
contiguous_block_holdout,6558,train,2289.23
contiguous_block_holdout,6559,train,2289.54
contiguous_block_holdout,6560,train,2289.85
contiguous_block_holdout,6561,train,2290.16
contiguous_block_holdout,6562,train,2290.47
contiguous_block_holdout,6563,train,2290.78
contiguous_block_holdout,6564,train,2291.09
contiguous_block_holdout,6565,train,2291.39
contiguous_block_holdout,6566,train,2291.7
contiguous_block_holdout,6567,train,2292.01
contiguous_block_holdout,6568,train,2292.32
contiguous_block_holdout,6569,train,2292.62
contiguous_block_holdout,6570,train,2292.93
contiguous_block_holdout,6571,train,2293.24
contiguous_block_holdout,6572,train,2293.55
contiguous_block_holdout,6573,train,2293.85
contiguous_block_holdout,6574,train,2294.16
contiguous_block_holdout,6575,train,2294.47
contiguous_block_holdout,6576,train,2294.78
contiguous_block_holdout,6577,train,2295.09
contiguous_block_holdout,6578,train,2295.4
contiguous_block_holdout,6579,train,2295.71
contiguous_block_holdout,6580,train,2296.01
contiguous_block_holdout,6581,train,2296.32
contiguous_block_holdout,6582,train,2296.63
contiguous_block_holdout,6583,train,2296.94
